HS 1988/92 Product Code,HS 1988/92 Product Description,BEC Product Code,BEC Product Description
711810,Coin (other than gold coin) not being legal ten,7,Goods not elsewhere specified
871000,"Tanks and other armoured fighting vehicles, mot",7,Goods not elsewhere specified
880400,Parachutes and parts and accessories thereof,7,Goods not elsewhere specified
880510,Aircraft launching and deck-arrestor gear and p,7,Goods not elsewhere specified
880520,Flight simulators and parts thereof,7,Goods not elsewhere specified
890600,"Warships, lifeboats, hospital ships and vessels",7,Goods not elsewhere specified
930100,"Military weapons,oth than revolvers,pistols and",7,Goods not elsewhere specified
930200,"Revolvers and pistols, other than those of head",7,Goods not elsewhere specified
930510,Parts and accessories of revolvers or pistols o,7,Goods not elsewhere specified
930590,Parts and accessories nes of heading Nos 93.01,7,Goods not elsewhere specified
930610,Cartridges for riveting or sim tools or for cap,7,Goods not elsewhere specified
930621,"Cartridges, shotgun",7,Goods not elsewhere specified
930629,Air gun pellets and parts of shotgun cartridges,7,Goods not elsewhere specified
930630,Cartridges nes and parts thereof,7,Goods not elsewhere specified
930690,Munitions of war&pts thereof and oth ammunition,7,Goods not elsewhere specified
930700,"Swords,cutlasses,bayonets,lances&sim arms&parts",7,Goods not elsewhere specified
050100,"Human hair and waste, unworked",21,Primary
050210,"Pigs', hogs', or boars' bristles or hair",21,Primary
050290,Badger and other brush making hair,21,Primary
050300,Horsehair and waste,21,Primary
050400,"Guts, bladders and stomachs of animals (excl. f",21,Primary
050510,Raw feathers for stuffing; down,21,Primary
050590,Skins and parts of birds (excl. feathers for st,21,Primary
050610,Ossein and bones treated with acid,21,Primary
050690,Bones and horn-cores (excl. ossein...),21,Primary
050710,"Ivory, its powder and waste, unworked",21,Primary
050790,"Tortoise-shell, whalebone and whalebone-hair, e",21,Primary
050800,"Coral; shells of molluscs, crustaceans, unworke",21,Primary
050900,Natural sponges of animal origin,21,Primary
051000,"Ambergris, castoreum, civet and musk; cantharid",21,Primary
051110,Bovine semen,21,Primary
051191,"Products of fish, etc; dead animals of Chapter",21,Primary
051199,"Animal products, nes; dead animals of Chapter 1",21,Primary
060110,"Dormant bulbs, tubers... rhizomes",21,Primary
060120,"Bulbs, tubers... rhizomes in growth or flower;",21,Primary
060210,Unrooted cuttings and slips,21,Primary
060220,"Trees,shrubs,bushes,grafted or not,of kinds whi",21,Primary
060230,Rhododendrons and azaleas,21,Primary
060240,Roses,21,Primary
060291,Mushroom spawn,21,Primary
060299,"Other live plants, nes",21,Primary
100400,Oats,21,Primary
100510,Maize seed,21,Primary
100590,Maize (excl. seed),21,Primary
120400,Linseed,21,Primary
120730,Castor oil seeds,21,Primary
120760,Safflower seeds,21,Primary
120791,Poppy seeds,21,Primary
120792,Shea nuts (karite nuts),21,Primary
120799,"Other oil seeds and oleaginous fruits, nes",21,Primary
120911,"Sugar beet seed, of a kind used for sowing",21,Primary
120919,"Beet seed, of a kind used for sowing, (excl. su",21,Primary
120921,"Lucerne (alfalfa) seed, of a kind used for sowi",21,Primary
120922,"Clover seed, of a kind used for sowing",21,Primary
120923,"Fescue seed, of a kind used for sowing",21,Primary
120924,"Kentucky blue grass seed, of a kind used for so",21,Primary
120925,"Rye grass seed, of a kind used for sowing",21,Primary
120926,"Timothy grass seed, of a kind used for sowing",21,Primary
120929,"Other seeds of forage plants, of a kind used fo",21,Primary
120930,"Seeds of herbaceous plants, of a kind used for",21,Primary
120991,"Vegetable seed, of a kind used for sowing",21,Primary
120999,"Other seeds, fruit and spores, of a kind used f",21,Primary
121110,"Liquorice roots, of a kind used in perfumery, p",21,Primary
121120,"Ginseng roots, of a kind used in perfumery, pha",21,Primary
121190,"Other plants or parts, of a kind used in perfum",21,Primary
121220,Seaweeds and other algae used for human consump,21,Primary
121300,Cereal straw and husks,21,Primary
121410,Lucerne (alfalfa) meal and pellets,21,Primary
121490,"Other forage products, nes",21,Primary
130110,Lac,21,Primary
130120,Natural Gum Arabic,21,Primary
130190,"Natural gums, resins, gum-resins and balsams (e",21,Primary
130211,Opium,21,Primary
130212,Liquorice sap and extract,21,Primary
130213,Hop extract,21,Primary
130214,Sap and extract of pryrethrum and roots of plan,21,Primary
130219,"Other vegetable saps and extracts, nes",21,Primary
130220,"Pectic substances, pectinates and pectates",21,Primary
140110,Bamboos,21,Primary
140120,Rattans,21,Primary
140190,"Vegetable materials for plaiting, (excl. bamboo",21,Primary
140210,Kapok,21,Primary
140291,Vegetable hair,21,Primary
140299,"Vegetable materials for stuffing or padding, ne",21,Primary
140310,Broomcorn,21,Primary
140390,Vegetable materials primarily for brooms or bru,21,Primary
140410,Raw vegetable materials primarily for dyeing or,21,Primary
140420,Cotton linters,21,Primary
140490,"Vegetable products, nes",21,Primary
152200,Degras; residues of fatty substances or animal,21,Primary
230810,"Acorns and horse-chestnuts, for animal feeding",21,Primary
230890,"Other vegetable materials, waste, residues, etc",21,Primary
240110,"Tobacco, not stemmed/stripped",21,Primary
240120,"Tobacco, partly or wholly stemmed/stripped",21,Primary
240130,Tobacco refuse,21,Primary
250100,Salt and pure sodium chloride; sea water,21,Primary
250200,Unroasted iron pyrites,21,Primary
250310,Crude or unrefined sulphur,21,Primary
250390,"Other sulphur (excl. crude, sublimed, precipita",21,Primary
250410,Natural graphite in powder or in flakes,21,Primary
250490,Other natural graphite (excl. in powder or in f,21,Primary
250510,Silica sands and quartz sands,21,Primary
250590,"Natural sands, (excl. metal-bearing sands of Ch",21,Primary
250610,Quartz,21,Primary
250621,Crude or roughly trimmed quartzite,21,Primary
250629,Quartzite cut into rectangular blocks or slabs,21,Primary
250700,"Kaolin and other kaolinic clays, whether or not",21,Primary
250810,Bentonite,21,Primary
250820,Decolourizing earths and fuller's earth,21,Primary
250830,Fire-clay,21,Primary
250840,"Other clays, nes",21,Primary
250850,"Andalusite, kyanite and sillimanite",21,Primary
250860,Mullite,21,Primary
250870,Chamotte or dinas earths,21,Primary
250900,Chalk,21,Primary
251010,"Unground natural calcium phosphates, aluminium",21,Primary
251020,"Ground natural calcium phosphates, aluminium ca",21,Primary
251110,Natural barium sulphate (barytes),21,Primary
251120,Natural barium carbonate (whitherite),21,Primary
251200,"Siliceous fossil meals (kieselguhr, tripolite,",21,Primary
251311,"Pumice stone, crude or in irregular pieces, (in",21,Primary
251319,"Other pumice stone, nes",21,Primary
251321,"Emery... and other natural abrasives, crude or",21,Primary
251329,"Emery... and other natural abrasives, nes",21,Primary
251400,"Slate, crude, roughly trimmed or merely cut",21,Primary
251511,Marble and travertine crude or roughly trimmed,21,Primary
251512,Marble and travertine merely cut into a square,21,Primary
251520,Ecaussine and other calcarcous building stone;,21,Primary
251611,"Granite, crude or roughly trimmed",21,Primary
251612,"Granite, merely cut into a square or rectangula",21,Primary
251621,"Sandstone, crude or roughly trimmed",21,Primary
251622,"Sandstone, merely cut into a square or rectangu",21,Primary
251690,"Porphyry, sylnite, etc, merely cut into a squar",21,Primary
251710,"Pebbles, gravel, shingle and flint",21,Primary
251720,"Macadam of slag, dross or similar industrial wa",21,Primary
251730,Tarred macadam,21,Primary
251741,"Marble granules, chippings and powder",21,Primary
251749,"Granules, chippings and powder of stones (excl.",21,Primary
251810,Dolomite not calcined,21,Primary
251820,Calcined dolomite,21,Primary
251830,Agglomerated dolomite (incl. tarred dolomite),21,Primary
251910,Natural magnesium carbonate (magnesite),21,Primary
251990,Magnesia and other magnesium oxide,21,Primary
252010,Gypsum; anhydrite,21,Primary
252100,Limestone flux; limestone and other calcareous,21,Primary
252400,Asbestos,21,Primary
252510,Crude mica and mica rifted into sheets or split,21,Primary
252520,Mica powder,21,Primary
252530,Mica waste,21,Primary
252610,"Natural steatite, talc, not crushed or powdered",21,Primary
252620,"Natural steatite, talc, crushed or powdered",21,Primary
252700,Natural cryolite; natural chiolite,21,Primary
252810,Natural sodium borates and concentrates thereof,21,Primary
252890,Natural borates (excl. sodium) and concentrates,21,Primary
252910,Felspar,21,Primary
252921,Fluorspar containing by weight <=97% of calcium,21,Primary
252922,Fluorspar containing by weight >97% of calcium,21,Primary
252930,Leucite nepheline and nepheline syenite,21,Primary
253010,"Vermiculite, perlite and chlorites (unexpanded)",21,Primary
253020,"Kieserite, epsomite (natural magnesium sulphate",21,Primary
253030,Earth colours,21,Primary
253040,Natural micaceous iron oxides,21,Primary
253090,"Other mineral substances, nes",21,Primary
260111,Non-agglomerated iron ores and concentrates,21,Primary
260112,Agglomerated iron ores and concentrates,21,Primary
260120,Roasted iron pyrites,21,Primary
260200,"Manganese ores and concentrates, with a mangane",21,Primary
260300,Copper ores and concentrates,21,Primary
260400,Nickel ores and concentrates,21,Primary
260500,Cobalt ores and concentrates,21,Primary
260600,Aluminium ores and concentrates,21,Primary
260700,Lead ores and concentrates,21,Primary
260800,Zinc ores and concentrates,21,Primary
260900,Tin ores and concentrates,21,Primary
261000,Chromium ores and concentrates,21,Primary
261100,Tungsten ores and concentrates,21,Primary
261210,Uranium ores and concentrates,21,Primary
261220,Thorium ores and concentrates,21,Primary
261310,Roasted molybdenum ores and concentrates,21,Primary
261390,Molybdenum ores and concentrates (excl. roasted,21,Primary
261400,Titanium ores and concentrates,21,Primary
261510,Zirconium ores and concentrates,21,Primary
261590,"Niobium, tantalum and vanadium ores and concent",21,Primary
261610,Silver ores and concentrates,21,Primary
261690,Precious metal ores and concentrates (excl. sil,21,Primary
261710,Antimony ores and concentrates,21,Primary
261790,"Other ores and concentrates, nes",21,Primary
261800,Granulated slag (slag sand) from the manufactur,21,Primary
261900,"Slag, dross, etc, from the manufacture of iron",21,Primary
262011,Hard zinc spelter,21,Primary
262019,Ash and residues containing mainly zinc (excl.,21,Primary
262020,Ash and residues containing mainly lead,21,Primary
262030,Ash and residues containing mainly copper,21,Primary
262040,Ash and residues containing mainly aluminium,21,Primary
262050,Ash and residues containing mainly vanadium,21,Primary
262090,Ash and residues containing other metals or met,21,Primary
262100,"Other slag and ash, including seaweed ash (kelp",21,Primary
271410,Bituminous or oil shale and tar sands,21,Primary
271490,Bitumen and asphalt; natural asphaltites and as,21,Primary
310100,Animal or vegetable fertilizers,21,Primary
310250,Sodium nitrate,21,Primary
310410,"Carnallite, sylvite and other Crude natural pot",21,Primary
400110,"Natural rubber latex, in primary forms or in pl",21,Primary
400121,Smoked sheets of natural rubber,21,Primary
400122,"Technically specified natural rubber, in primar",21,Primary
400129,"Other natural rubber, in primary forms or in pl",21,Primary
400130,"Balata, gutta-percha... and similar gums, in pr",21,Primary
400300,"Reclaimed rubber in primary forms or in plates,",21,Primary
400400,"Waste, parings and scrap of rubber (excl. hard",21,Primary
410110,"Whole hides and skins of bovine animals, =<8kg",21,Primary
410121,"Whole hides and skins of bovine animals, nes, f",21,Primary
410122,"Butts and bends of bovine animal hide, fresh or",21,Primary
410129,"Hides and skins of bovine animals, fresh or wet",21,Primary
410130,Hides and skins of bovine animals preserved but,21,Primary
410140,"Hides and skins of equine animal (fresh, or sal",21,Primary
410210,"Raw skins of sheep or lambs, with wool on",21,Primary
410221,"Pickled skins of sheep or lambs, without wool,",21,Primary
410229,"Skins of sheep or lambs, without wool, not pick",21,Primary
410310,"Hides and skins of goats or kids, fresh or pres",21,Primary
410320,"Hides and skins of reptiles, fresh or preserved",21,Primary
410390,"Other hides and skins, fresh or preserved, not",21,Primary
411000,Waste... of leather or of composition leather;,21,Primary
430110,"Raw furskins of mink, whole",21,Primary
430120,"Raw furskins of rabbit or hare, whole",21,Primary
430130,"Raw furskins of specified types of lamb, whole",21,Primary
430140,"Raw furskins of beaver, whole",21,Primary
430150,"Raw furskins of muskrat, whole",21,Primary
430160,"Raw furskins of fox, whole",21,Primary
430170,"Raw furskins of seal, whole",21,Primary
430180,"Raw furskins, nes",21,Primary
430190,"Heads, tails, paws and other pieces of raw furs",21,Primary
440121,Coniferous wood in chips or particles,21,Primary
440122,Non-coniferous wood in chips or particles,21,Primary
440130,"Sawdust, wood waste and scrap (incl. agglomerat",21,Primary
440310,"Wood in the rough..., treated with paint, stain",21,Primary
440320,Untreated coniferous wood in the rough...,21,Primary
440331,"Dark Red Meranti, Light Red Meranti and Meranti",21,Primary
440332,"White Lauan, White Meranti, White Seraya, Yello",21,Primary
440333,"Keruing, Ramin, Kapur, Teak, Jongkong, Merbau,",21,Primary
440334,"Okoume, Obeche, Sapeli, Sipo, Acajou d'Afrique,",21,Primary
440335,"Tiama, Mansonia, Ilomba, Dibetou, Limba and Azo",21,Primary
440391,"Oak (Quercus spp.) wood in the rough, (excl. tr",21,Primary
440392,"Beech (Fagus spp.) wood in the rough, (excl. tr",21,Primary
440399,"Wood, nes in the rough..., (excl. treated)",21,Primary
440410,"Coniferous hoopwood; split poles, etc; wooden s",21,Primary
440420,"Non-coniferous hoopwood; split poles, etc; wood",21,Primary
441111,"Fibreboard of a density >0.8g/cm3, not worked o",21,Primary
441119,"Fibreboard of a density >0.8g/cm3, nes",21,Primary
441121,Fibreboard of a density >0.5g/cm3 but =<0.8g/cm,21,Primary
441129,Fibreboard of a density >0.5g/cm3 but =<0.8g/cm,21,Primary
441131,Fibreboard of a density >0.35g/cm3 but =<0.5g/c,21,Primary
441139,Fibreboard of a density >0.35g/cm3 but =<0.5g/c,21,Primary
441191,"Fibreboard of a density =<0.35g/cm3, not worked",21,Primary
441199,"Fibreboard of a density =<0.35g/cm3, nes",21,Primary
450110,"Natural cork, raw or simply prepared",21,Primary
450190,"Waste cork; crushed, granulated or ground cork",21,Primary
450200,"Natural cork, debacked or roughly squared..., e",21,Primary
470710,"Waste and scrap of unbleached kraft paper, pape",21,Primary
470720,Waste and scrap of other paper or paperboard of,21,Primary
470730,Waste and scrap of paper or paperboard made mai,21,Primary
470790,"Waste and scrap of paper or paperboard, nes",21,Primary
500100,Silk-worm cocoons suitable for reeling,21,Primary
500310,"Silk waste, not carded or combed",21,Primary
500390,"Silk waste, carded or combed",21,Primary
510111,"Greasy shorn wool, not carded or combed",21,Primary
510119,"Greasy wool (excl. shorn), not carded or combed",21,Primary
510121,"Degreased shorn wool, not carbonised, not carde",21,Primary
510129,"Degreased wool (excl. shorn), not carbonised, n",21,Primary
510130,"Carbonised wool, not carded or combed",21,Primary
510210,"Fine animal hair, not carded or combed",21,Primary
510220,"Coarse animal hair, not carded or combed",21,Primary
510310,"Noils of wool or of fine animal hair, not garne",21,Primary
510320,"Other waste of wool or of fine animal hair, not",21,Primary
510330,Waste of coarse animal hair,21,Primary
510400,Garnetted stock of wool or of fine or coarse an,21,Primary
520100,"Cotton, not carded or combed",21,Primary
520210,Yarn waste of cotton,21,Primary
520291,Garnetted stock of cotton,21,Primary
520299,"Cotton waste, nes",21,Primary
530110,"Flax, raw or retted",21,Primary
530130,Flax tow and waste (incl. yarn waste and garnet,21,Primary
530210,"True hemp, raw or retted",21,Primary
530290,"True hemp (excl. raw), not spun; tow and waste",21,Primary
530310,"Jute, etc (excl. flax, true hemp and ramie), ra",21,Primary
530390,"Jute, etc (excl. flax, true hemp and ramie), ne",21,Primary
530410,Sisal and other textile fibres of the genus Aga,21,Primary
530490,"Sisal, etc (excl. raw), not spun; tow and waste",21,Primary
530511,Raw coconut fibres,21,Primary
530519,"Processed coconut fibres; tow, noils and waste",21,Primary
530521,Raw albaca fibres,21,Primary
530529,"Processed abaca fibres; tow, noils and waste of",21,Primary
530591,"Raw ramie and other vegetable textile fibres, n",21,Primary
530599,"Processed ramie, etc, nes; tow, noils and waste",21,Primary
550510,"Waste of synthetic fibre, (incl. noils, yarn wa",21,Primary
550520,"Waste of artificial fibre, (incl. noils, yarn w",21,Primary
630900,Worn clothing and other worn articles,21,Primary
631010,"Used or new rags, worn out scrap twine, cordage",21,Primary
631090,"Used or new rags, worn out scrap twine, cordage",21,Primary
710110,Pearls natural whether or not worked or graded,21,Primary
710121,Pearls cultured unworked,21,Primary
710122,Pearls cultured worked,21,Primary
710210,Diamonds unsorted whether or not worked,21,Primary
710221,"Diamonds industrial unworked or simply sawn, cl",21,Primary
710229,Diamonds industrial nes excluding mounted or se,21,Primary
710231,Diamonds non-industrial unworked or simply sawn,21,Primary
710310,Prec or semi-prec stones (o/t diamonds) unwkd o,21,Primary
710510,Diamond dust or powder,21,Primary
710590,Natural or synthetic precious or semi-precious,21,Primary
711210,"Waste&scrap of gold,incl mtl clad w gold,excl s",21,Primary
711220,"Waste&scrap of platinum,incl mtl clad w plat ex",21,Primary
711290,Waste&scrap of precious metal or of metal clad,21,Primary
720410,"Waste and scrap, cast iron",21,Primary
720421,"Waste and scrap, stainless steel",21,Primary
720429,"Waste and scrap, of alloy steel, other than sta",21,Primary
720430,"Waste and scrap, of tinned iron or steel",21,Primary
720441,"Ferrous waste and scrap,i or s,from the mechani",21,Primary
720449,"Ferrous waste and scrap, iron or steel, nes",21,Primary
720450,"Remelting scrap ingots, of iron or steel",21,Primary
740400,"Waste and scrap, copper or copper alloy",21,Primary
750300,"Waste and scrap, nickel",21,Primary
760200,"Waste and scrap, aluminium",21,Primary
780200,Lead waste and scrap,21,Primary
790200,Zinc waste and scrap,21,Primary
800200,Tin waste and scrap,21,Primary
810420,Magnesium waste and scrap,21,Primary
890800,Vessels and other floating structures for break,21,Primary
110811,Wheat starch,22,Processed
110812,Maize (corn) starch,22,Processed
110813,Potato starch,22,Processed
110814,Manioc (cassava) starch,22,Processed
110819,"Other starches, nes",22,Processed
110820,Inulin,22,Processed
130231,Agar-agar,22,Processed
130232,"Mucilages and thickeners of locust beans, bean",22,Processed
130239,"Mucilages and thickeners, derived from vegetabl",22,Processed
150100,"Lard, other pig fat and poultry fat, rendered",22,Processed
150200,"Fats of bovine animals, sheep or goats, raw or",22,Processed
150300,"Lard stearin, lardoil, oleostearin, oleo-oil an",22,Processed
150410,Fish-liver oils and their fractions,22,Processed
150510,Crude wool grease,22,Processed
150590,Fatty substances of crude wool grease (incl. la,22,Processed
150600,Other animal fats and oils and their fractions,22,Processed
151110,Crude palm oil,22,Processed
151211,Crude sunflower-seed and safflower oil and frac,22,Processed
151219,Sunflower-seed and safflower oil (excl. crude),22,Processed
151311,Crude coconut (copra) oil and fractions thereof,22,Processed
151321,Crude palm kernel or babassu oil and fractions,22,Processed
151410,"Crude rape, colza or mustard oil and fractions",22,Processed
151511,Crude linseed oil,22,Processed
151519,Linseed oil (excl. crude) and fractions,22,Processed
151521,Crude maize (corn) oil,22,Processed
151530,Castor oil and its fractions,22,Processed
151540,Tung oil and its fractions,22,Processed
151560,Jojoba oil and fractions,22,Processed
151590,"Other fixed vegetable fats and fractions, nes",22,Processed
151800,Animal or vegetable fats and oils... chemically,22,Processed
151911,Indus.monocarboxylic fatty acids;acid oils from,22,Processed
151912,Indus.monocarboxylic fatty acids;acid oils from,22,Processed
151913,Indus.monocarbox.fatty acids;acid oils from ref,22,Processed
151919,Industrial monocarboxylic fatty acids;acid oils,22,Processed
151920,Industrial fatty alcohols,22,Processed
152010,"Glycerol (glycerine), crude, glycerol waters an",22,Processed
152090,"Glycerol (excl. crude), including synthetic",22,Processed
152110,Vegetable waxes (excl. triglycerides),22,Processed
152190,"Beeswax, other insect waxes and spermaceti",22,Processed
220710,"Undenatured ethyl alcohol, of alcoholic strengt",22,Processed
220720,Ethyl alcohol and other denatured spirits of an,22,Processed
230110,"Flours, meats and pellets, of meat unfit for hu",22,Processed
230120,"Flours, meals and pellets of fish, etc, unfit f",22,Processed
230400,"Oil-cake and other solid residues, of soya-bean",22,Processed
230500,"Oil-cake and other solid residues, of ground-nu",22,Processed
230610,Oil-cake and other solid residues of cotton see,22,Processed
230620,Oil-cake and other solid residues of linseed,22,Processed
230630,Oil-cake and other solid residues of sunflower,22,Processed
230640,Oil-cake and other solid residues of rape or co,22,Processed
230650,Oil-cake and other solid residues of coconut or,22,Processed
230660,Oil-cake and other solid residues of palm nuts,22,Processed
230690,"Oil-cake and residues, of other vegetable fats",22,Processed
230910,"Dog or cat food, put up for retail sale",22,Processed
230990,Other preparations of a kind used in animal fee,22,Processed
252020,Plasters,22,Processed
252210,Quicklime,22,Processed
252220,Slaked lime,22,Processed
252230,Hydraulic lime,22,Processed
252310,Cement clinkers,22,Processed
252321,White portland cement,22,Processed
252329,Portland cement (excl. white),22,Processed
252330,Aluminous cement,22,Processed
252390,"Other hydraulic cements, etc",22,Processed
270600,"Tar distilled from coal, lignite or peat, and o",22,Processed
270710,Benzole,22,Processed
270720,Toluole,22,Processed
270730,Xylole,22,Processed
270740,Naphthalene,22,Processed
270750,Aromatic hydrocarbon mixtures which >=65% disti,22,Processed
270760,Phenols,22,Processed
270791,Creosote oils,22,Processed
270799,"Other oils and oil products, nes",22,Processed
270810,Pitch obtained from coal tar or from other mine,22,Processed
270820,Pitch coke obtained from coal tar or from other,22,Processed
271210,Petroleum jelly,22,Processed
271220,"Paraffin wax, containing <0.75% oil",22,Processed
271290,"Other paraffin wax... and similar products, nes",22,Processed
271311,"Petroleum coke, not calcined",22,Processed
271312,Calcined petroleum coke,22,Processed
271320,Petroleum bitumen,22,Processed
271390,"Other residues of petroleum oils , etc",22,Processed
271500,"Bituminous mixtures based on natural asphalt, b",22,Processed
280110,Chlorine,22,Processed
280120,Iodine,22,Processed
280130,Fluorine; bromine,22,Processed
280200,"Sulphur, sublimed or precipitated; colloidal su",22,Processed
280300,Carbon (carbon blacks and other forms of carbon,22,Processed
280410,Hydrogen,22,Processed
280421,Argon,22,Processed
280429,Rare gases (excl. argon),22,Processed
280430,Nitrogen,22,Processed
280440,Oxygen,22,Processed
280450,Boron; tellurium,22,Processed
280461,Silicon containing by weight >=99.99% silicon,22,Processed
280469,Silicon containing by weight <99.99% silicon,22,Processed
280470,Phosphorus,22,Processed
280480,Arsenic,22,Processed
280490,Selenium,22,Processed
280511,Sodium,22,Processed
280519,Alkali metals (excl. sodium),22,Processed
280521,Calcium,22,Processed
280522,Strontium and barium,22,Processed
280530,"Rare-earth metals, scandium and yttrium",22,Processed
280540,Mercury,22,Processed
280610,Hydrogen chloride (hydrochloric acid),22,Processed
280620,Chlorosulphuric acid,22,Processed
280700,Sulphuric acid; oleum,22,Processed
280800,Nitric acid; sulphonitric acids,22,Processed
280910,Diphosphorus pentaoxide,22,Processed
280920,Phosphoric acid and polyphosphoric acids,22,Processed
281000,Oxides of boron; boric acids,22,Processed
281111,Hydrogen fluoride (hydrofluoric acid),22,Processed
281119,"Other inorganic acids, nes",22,Processed
281121,Carbon dioxide,22,Processed
281122,Silicon dioxide,22,Processed
281123,Sulphur dioxide,22,Processed
281129,"Other inorganic oxygen compounds of non-metals,",22,Processed
281210,Chlorides and chlorides oxides of non-metals,22,Processed
281290,"Halides and halide oxides of non-metals, nes",22,Processed
281310,Carbon disulphide,22,Processed
281390,Sulphides of non-metals (excl. carbon)commercia,22,Processed
281410,Anhydrous ammonia,22,Processed
281420,Ammonia in aqueous solution,22,Processed
281511,"Sodium hydroxide (caustic soda), solid",22,Processed
281512,Sodium hydroxide in aqueous solution (soda lye,22,Processed
281520,Potassium hydroxide (caustic potash),22,Processed
281530,Peroxides of sodium or potassium,22,Processed
281610,Hydroxide and peroxide of magnesium,22,Processed
281620,"Oxide, hydroxide and peroxide of strontium",22,Processed
281630,"Oxide, hydroxide and peroxide of barium",22,Processed
281700,Zinc oxide; zinc peroxide,22,Processed
281810,"Artificial corundum, whether or not chemically",22,Processed
281820,"Aluminium oxide, other than artificial corundum",22,Processed
281830,Aluminium hydroxide,22,Processed
281910,Chromium trioxide,22,Processed
281990,Chromium oxides and hydroxides (excl. chromium,22,Processed
282010,Manganese dioxide,22,Processed
282090,Manganese oxides (excl. manganese dioxide),22,Processed
282110,Iron oxides and hydroxides,22,Processed
282120,Earth colours containing >=70% iron(III)oxide,22,Processed
282200,Cobalt oxides and hydroxides; commercial cobalt,22,Processed
282300,Titanium oxides,22,Processed
282410,"Lead monoxide (litharge, massicot)",22,Processed
282420,Red lead and orange lead,22,Processed
282490,"Lead oxides, nes",22,Processed
282510,Hydrazine and hydroxylamine and their inorganic,22,Processed
282520,Lithium oxide and hydroxide,22,Processed
282530,Vanadium oxides and hydroxides,22,Processed
282540,Nickel oxides and hydroxides,22,Processed
282550,Copper oxides and hydroxides,22,Processed
282560,Germanium oxides and zirconium dioxides,22,Processed
282570,Molybdenum oxides and hydroxides,22,Processed
282580,Antimony oxides,22,Processed
282590,"Other inorganic bases; other metal oxides, hydr",22,Processed
282611,Fluorides of ammonium or of sodium,22,Processed
282612,Fluorides of aluminium,22,Processed
282619,"Fluorides, nes",22,Processed
282620,Fluorosilicates of sodium or of potassium,22,Processed
282630,Sodium hexafloroaluminate (synthetic cryolite),22,Processed
282690,Fluoroaluminates and other complex fluorine sal,22,Processed
282710,Ammonium chloride,22,Processed
282720,Calcium chloride,22,Processed
282731,Magnesium chloride,22,Processed
282732,Aluminium chloride,22,Processed
282733,Iron chloride,22,Processed
282734,Cobalt chloride,22,Processed
282735,Nickel chloride,22,Processed
282736,Zinc chloride,22,Processed
282737,Tin chloride,22,Processed
282738,Barium chloride,22,Processed
282739,"Chlorides, nes",22,Processed
282741,Chloride oxides and chloride hydroxides of copp,22,Processed
282749,Chloride oxides and chloride hydroxides (excl.,22,Processed
282751,Bromides of sodium or of potassium,22,Processed
282759,Bromides and bromide oxides (excl. of sodium an,22,Processed
282760,Iodides and iodide oxides,22,Processed
282810,Commercial calcium hypochlorite and other calci,22,Processed
282890,Hypochlorites (excl. of calcium) and chlorites;,22,Processed
282911,Chlorates of sodium,22,Processed
282919,Chlorates (excl. of sodium),22,Processed
282990,Perchlorates; bromates and perbromates; iodates,22,Processed
283010,Sodium sulphides,22,Processed
283020,Zinc sulphide,22,Processed
283030,Cadmium sulphide,22,Processed
283090,Other sulphides and polysulphides,22,Processed
283110,Dithionites and sulphoxylates of sodium,22,Processed
283190,Dithionites and sulphoxylates (excl. of sodium),22,Processed
283210,Sodium sulphites,22,Processed
283220,Sulphites (excl. sodium),22,Processed
283230,Thiosulphates,22,Processed
283311,Disodium sulphate,22,Processed
283319,Sodium sulphates (excl. disodium sulphate),22,Processed
283321,Sulphates of magnesium,22,Processed
283322,Sulphates of aluminium,22,Processed
283323,Sulphates of chromium,22,Processed
283324,Sulphates of nickel,22,Processed
283325,Sulphates of copper,22,Processed
283326,Sulphates of zinc,22,Processed
283327,Sulphates of barium,22,Processed
283329,"Other sulphates, nes",22,Processed
283330,Alums,22,Processed
283340,Peroxosulphates (persulphates),22,Processed
283410,Nitrites,22,Processed
283421,Nitrates of potassium,22,Processed
283422,Nitrates of bismuth,22,Processed
283429,Nitrates of barium; of beryllium; of cadmium; o,22,Processed
283510,Phosphinates and phosphonates,22,Processed
283521,Phosphates of triammonium,22,Processed
283522,Phosphates of mono or disodium,22,Processed
283523,Phosphates of trisodium,22,Processed
283524,Phosphates of potassium,22,Processed
283525,Calcium hydrogenorthophosphate (dicalcium phosp,22,Processed
283526,"Phosphates of calcium, nes",22,Processed
283529,Phosphates (excl. polyphosphates),22,Processed
283531,Sodium triphosphate (sodium tripolyphosphates),22,Processed
283539,"Polyphosphates, nes",22,Processed
283610,Commercial ammonium carbonate and other ammoniu,22,Processed
283620,Disodium carbonate,22,Processed
283630,Sodium hydrogencarbonate (sodium bicarbonate),22,Processed
283640,Potassium carbonates,22,Processed
283650,Calcium carbonate,22,Processed
283660,Barium carbonate,22,Processed
283670,Lead carbonate,22,Processed
283691,Lithium carbonates,22,Processed
283692,Strontium carbonate,22,Processed
283693,Bismuth carbonate,22,Processed
283699,Other carbonates; peroxocarbonates,22,Processed
283711,Cyanides and cyanide oxides of sodium,22,Processed
283719,"Cyanides, cyanide oxides (excl. sodium)",22,Processed
283720,Complex cyanides,22,Processed
283800,Fulminates; cyanates and thiocyanates,22,Processed
283911,Sodium metasilicates,22,Processed
283919,Silicates of sodium (excl. metasilicates),22,Processed
283920,Silicates of potassium,22,Processed
283990,Other silicates (excl. of sodium and potassium),22,Processed
284011,Anhydrous disodium tetraborate (refined borax),22,Processed
284019,"Disodium tetraborate, not anhydrous",22,Processed
284020,"Other borates, nes",22,Processed
284030,Peroxoborates,22,Processed
284110,Aluminates,22,Processed
284120,Chromates of zinc or of lead,22,Processed
284130,Sodium dichromate,22,Processed
284140,Potassium dichromate,22,Processed
284150,"Other chromates and dichromates, nes; peroxochr",22,Processed
284160,"Manganites, manganates and permanganates",22,Processed
284170,Molybdates,22,Processed
284180,Tungstates (wolframates),22,Processed
284190,Other salts of oxometallic and peroxometallic a,22,Processed
284210,Double or complex silicates,22,Processed
284290,Other salts of inorganic acids or peroxoacids (,22,Processed
284310,Colloidal precious metals,22,Processed
284321,Silver nitrate,22,Processed
284329,Silver compounds (excl. silver nitrate),22,Processed
284330,Gold compounds,22,Processed
284390,"Other compounds, nes, and amalgams of precious",22,Processed
284410,"Natural uranium and its compounds, etc",22,Processed
284420,Enriched uranium and plutonium and their compou,22,Processed
284430,Depleted uranium and thorium and their compound,22,Processed
284440,Radioactive elements/isotopes and their compoun,22,Processed
284450,Spent (irradiated) fuel elements (cartridges) o,22,Processed
284510,Heavy water (deuterium oxide),22,Processed
284590,Other isotopes and their inorganic or organic c,22,Processed
284610,Cerium compounds,22,Processed
284690,"Compounds, inorganic or organic, of rare-earth",22,Processed
284700,Hydrogen peroxide,22,Processed
284810,"Phosphides of copper (phosphor copper), contain",22,Processed
284890,"Phosphides of other metals, nes, or of non-meta",22,Processed
284910,Carbides of calcium,22,Processed
284920,Carbides of silicon,22,Processed
284990,Other carbides (excl. of calcium and silicon),22,Processed
285000,"Hydrides, nitrides, azides, silicides and borid",22,Processed
285100,Other inorganic compounds; liquid air; compress,22,Processed
290110,"Acyclic hydrocarbons, saturated",22,Processed
290121,Ethylene,22,Processed
290122,Propene (propylene),22,Processed
290123,Butene (butylene) and isomers thereof,22,Processed
290124,"Buta-1,3-diene and isoprene",22,Processed
290129,"Unsaturated acyclic hydrocarbons, nes",22,Processed
290211,Cyclohexane,22,Processed
290219,"Cyclanes, cyclenes and cycloterpenes",22,Processed
290220,Benzene,22,Processed
290230,Toluene,22,Processed
290241,o-Xylene,22,Processed
290242,m-Xylene,22,Processed
290243,p-Xylene,22,Processed
290244,Mixed xylene isomers,22,Processed
290250,Styrene,22,Processed
290260,Ethylbenzene,22,Processed
290270,Cumene,22,Processed
290290,"Other cyclic hydrocarbons, nes",22,Processed
290311,Chloromethane (methyl chloride) and chloroethan,22,Processed
290312,Dichloromethane (methylene chloride),22,Processed
290313,Chloroform (trichloromethane),22,Processed
290314,Carbon tetrachloride,22,Processed
290315,"1,2-Dichloroethane (ethylene dichloride)",22,Processed
290316,"1,2-Dichloropropane (propylene dichloride) and",22,Processed
290319,Saturated chlorinated derivatives of acyclic hy,22,Processed
290321,Vinyl chloride (chloroethylene),22,Processed
290322,Trichloroethylene,22,Processed
290323,Tetrachloroethylene (perchloroethylene),22,Processed
290329,Unsaturated chlorinated derivatives of acyclic,22,Processed
290330,"Fluorinated, brominated or iodinated derivitive",22,Processed
290340,Halogenated derivatives of acyclic hydrocarbons,22,Processed
290351,"1,2,3,4,5,6-Hexachlorocyclohexane",22,Processed
290359,Halogenated derivatives of cyclanic... cycloter,22,Processed
290361,"Chlorobenzene, o-dichlorobenzene and p-dichloro",22,Processed
290362,"Hexachlorobenzene and DDT(1,1,1-trichloro-2,2-b",22,Processed
290369,Halogenated derivatives of aromatic hydrocarbon,22,Processed
290410,Hydrocarbon derivatives containing only sulpho,22,Processed
290420,Hydrocarbon derivatives containing only nitro/n,22,Processed
290490,"Sulphonated, nitrated or nitrosated derivatives",22,Processed
290511,Methanol (methyl alcohol),22,Processed
290512,Propan-1-ol (propyl alcohol) and propan-2-ol (i,22,Processed
290513,Butan-1-ol (n-butyl alcohol),22,Processed
290514,"Other butanols, nes",22,Processed
290515,Pentanol (amyl alcohol) and isomers thereof,22,Processed
290516,Octanol (octyl alcohol) and isomers thereof,22,Processed
290517,"Dodecan-1-ol, hexadecan-1-ol and octadecan-1-ol",22,Processed
290519,"Saturated monohydric alcohols, nes",22,Processed
290521,Allyl alcohol,22,Processed
290522,Acyclic terpene alcohols,22,Processed
290529,"Unsaturated monohydric alcohols, nes",22,Processed
290531,Ethylene glycol (ethanediol),22,Processed
290532,"Propylene glycol (propane-1,2-diol)",22,Processed
290539,"Other diols, nes",22,Processed
290541,"2-Ethyl-2-(hydroxymethyl)propane-1,3-diol (trim",22,Processed
290542,Pentaerythritol,22,Processed
290543,Mannitol,22,Processed
290544,D-glucitol (sorbitol),22,Processed
290549,"Other polyhydric alcohols, nes",22,Processed
290550,Halogenated... or nitrosated derivatives of acy,22,Processed
290611,Menthol,22,Processed
290612,"Cyclohexanol, methylcyclohexanols and dimethylc",22,Processed
290613,Sterols and inositols,22,Processed
290614,Terpineols,22,Processed
290619,"Cyclanic, cyclenic or cycloterpenic alcohols an",22,Processed
290621,Benzyl alcohol,22,Processed
290629,"Aromatic alcohols and their derivatives, nes",22,Processed
290711,Phenol (hydroxybenzene) and its salts,22,Processed
290712,Cresols and their salts,22,Processed
290713,"Octylphenol, nonylphenol and their isomers; sal",22,Processed
290714,Xylenols and their salts,22,Processed
290715,Naphthols and their salts,22,Processed
290719,"Other monophenols, nes",22,Processed
290721,Resorcinol and its salts,22,Processed
290722,Hydroquinone (quinol) and its salts,22,Processed
290723,"4,4-Isopropylidenediphenol (bisphenol A, diphen",22,Processed
290729,"Other polyphenols, nes",22,Processed
290730,Phenol-alcohols,22,Processed
290810,Phenol or phenol-alcohol derivatives containing,22,Processed
290820,Phenol or phenol-alcohol derivatives containing,22,Processed
290890,Other halogenated... or nitrosated derivatives,22,Processed
290911,Diethyl ether,22,Processed
290919,Other acyclic ethers and their halogenated... d,22,Processed
290920,"Cyclanic, cyclenic... ethers and their halogena",22,Processed
290930,Aromatic ethers and their halogenated... deriva,22,Processed
290941,"2,2-Oxydiethanol (diethylene glycol, digol)",22,Processed
290942,Monomethyl ethers of ethylene glycol or of diet,22,Processed
290943,Monobutyl ethers of ethylene glycol or of dieth,22,Processed
290944,Other monoalkylethers of ethylene glycol or of,22,Processed
290949,Other acyclic ether-alcohols and their halogena,22,Processed
290950,"Ether-phenols, ether-alcohol-phenols and haloge",22,Processed
290960,"Alcohol, ether and ketone peroxides and their..",22,Processed
291010,Oxirane (ethylene oxide),22,Processed
291020,Methyloxirane (propylene oxide),22,Processed
291030,"1-Chloro-2,3-epoxypropane (epichlorohydrin)",22,Processed
291090,Epoxides... with a three-membered ring and deri,22,Processed
291100,Acetals and hemiacetals and their halogenated..,22,Processed
291211,Methanal (formaldehyde),22,Processed
291212,Ethanal (acetaldehyde),22,Processed
291213,"Butanal (butyaldehyde, normal isomer)",22,Processed
291219,"Other acyclic aldehydes, without oxygen functio",22,Processed
291221,Benzaldehyde,22,Processed
291229,"Other cyclic aldehydes, without oxygen function",22,Processed
291230,Aldehyde-alcohols,22,Processed
291241,Vanillin (4-hydroxy-3-methoxybenzaldehyde),22,Processed
291242,Ethylvanillin (3-ethoxy-4-methoxybenzaldehyde),22,Processed
291249,"Aldehyde-ethers, aldehyde-phenols, aldehydes, w",22,Processed
291250,Cyclic polymers of aldehydes,22,Processed
291260,Paraformaldehyde,22,Processed
291300,"Halogenated, sulphonated, nitrated or nitrosate",22,Processed
291411,Acetone,22,Processed
291412,Butanone (methyl ethyl ketone),22,Processed
291413,4-Methylpentan-2-one (methyl isobutyl ketone),22,Processed
291419,"Other acyclic ketones, without oxygen function,",22,Processed
291421,Camphor,22,Processed
291422,Cyclohexanone and methylcyclohexanones,22,Processed
291423,Ionones and methylionones,22,Processed
291429,"Cyclanic, cyclenic or cycloterpenic ketones wit",22,Processed
291430,Aromatic ketones without oxygen function,22,Processed
291441,4-Hydroxy-4-methylpentan-2-one (diacetone alcoh,22,Processed
291449,Ketone-alcohols and ketone-aldehydes (excl. dia,22,Processed
291450,Ketone-phenols and ketones with oxygen function,22,Processed
291461,Anthraquinone,22,Processed
291469,Quinones (excl. anthraquinone),22,Processed
291470,Halogenated... or nitrosated derivatives of ket,22,Processed
291511,Formic acid,22,Processed
291512,Salts of formic acid,22,Processed
291513,Esters of formic acid,22,Processed
291521,Acetic acid,22,Processed
291522,Sodium acetate,22,Processed
291523,Cobalt acetates,22,Processed
291524,Acetic anhydride,22,Processed
291529,Salts of acetic acid (excl. of sodium and cobal,22,Processed
291531,Ethyl acetate,22,Processed
291532,Vinyl acetate,22,Processed
291533,n-Butyl acetate,22,Processed
291534,Isobutyl acetate,22,Processed
291535,2-Ethoxyethyl acetate,22,Processed
291539,"Other esters of acetic acids, nes",22,Processed
291540,"Mono-, di- or trichloroacetic acids, their salt",22,Processed
291550,"Propionic acid, its salts and esters",22,Processed
291560,"Butyric acids, valeric acids, their salts and e",22,Processed
291570,"Palmitic acid, stearic acid, their salts and es",22,Processed
291590,Saturated acyclic monocarboxylic acids and thei,22,Processed
291611,Acrylic acid and its salts,22,Processed
291612,Esters of acrylic acid,22,Processed
291613,Methacrylic acid and its salts,22,Processed
291614,Esters of methacrylic acid,22,Processed
291615,"Oleic, linoleic or linolenic acids, their salts",22,Processed
291619,Unsaturated acyclic monocarboxylic acids and th,22,Processed
291620,"Cyclanic...cycloterpenic monocarboxylic acids,",22,Processed
291631,"Benzoic acid, its salts and esters",22,Processed
291632,Benzoyl peroxide and benzoyl chloride,22,Processed
291633,"Phenylacetic acid, its salts and esters",22,Processed
291639,"Aromatic monocarboxylic acids, etc, their... de",22,Processed
291711,"Oxalic acid, its salts and esters",22,Processed
291712,"Adipic acid, its salts and esters",22,Processed
291713,"Azelaic acid, sebacic acid, their salts and est",22,Processed
291714,Maleic anhydride,22,Processed
291719,"Acyclic polycarboxylic acids, etc, their... der",22,Processed
291720,"Cyclanic... cycloterpenic polycarboxylic acids,",22,Processed
291731,Dibutyl orthophthalates,22,Processed
291732,Dioctyl orthophthalates,22,Processed
291733,Dinonyl or didecyl orthophthalates,22,Processed
291734,"Other esters of orthophthalic acid, nes",22,Processed
291735,Phthalic anhydride,22,Processed
291736,Terephthalic acid and its salts,22,Processed
291737,Dimethyl terephthalate,22,Processed
291739,"Aromatic polycarboxylic acids, etc, their... de",22,Processed
291811,"Lactic acid, its salts and esters",22,Processed
291812,Tartaric acid,22,Processed
291813,Salts and esters of tartaric acid,22,Processed
291814,Citric acid,22,Processed
291815,Salts and esters of citric acid,22,Processed
291816,"Gluconic acid, its salts and esters",22,Processed
291817,"Phenylglycolic acid (mandelic acid), its salts",22,Processed
291819,"Carboxylic acids with alcohol function, without",22,Processed
291821,Salicylic acid and its salts,22,Processed
291822,"O-Acetylsalicylic acid, its salts and esters",22,Processed
291823,Other esters of salicylic acid and their salts,22,Processed
291829,"Carboxylic acids with phenol function, without",22,Processed
291830,"Carboxylic acids with aldehyde, ketone but with",22,Processed
291890,"Carboxylic acids with oxygen function, etc, the",22,Processed
291900,"Phosphoric esters, etc (incl. lactophosphates);",22,Processed
292010,Triophosphoric esters (phosphorothioates) their,22,Processed
292090,Esters of other inorganic acids (excl. of hydro,22,Processed
292111,"Methylamine, di- or trimethylamine and their sa",22,Processed
292112,Diethylamine and its salts,22,Processed
292119,"Acylic monoamines and their derivatives, nes; s",22,Processed
292121,Ethylenediamine and its salts,22,Processed
292122,Hexamethylenediamine and its salts,22,Processed
292129,"Acyclic polyamines and their derivatives, nes;",22,Processed
292130,Cyclanic...or cycloterpenic mono- or polyamines,22,Processed
292141,Aniline and its salts,22,Processed
292142,Aniline derivatives and their salts,22,Processed
292143,Toluidines and derivatives; salts thereof,22,Processed
292144,Diphenylamine and its derivatives; salts thereo,22,Processed
292145,"1-Naphthylamine, 2-naphthylamine and their deri",22,Processed
292149,"Aromatic monoamines and their derivatives, nes;",22,Processed
292151,"o-, m-, p-Phenylenediamine, diaminotoluenes, et",22,Processed
292159,"Aromatic polyamines and their derivatives, nes;",22,Processed
292211,Monoethanolamine and its salts,22,Processed
292212,Diethanolamine and its salts,22,Processed
292213,Triethanolamine and its salts,22,Processed
292219,"Amino-alcohols, their ethers and esters with on",22,Processed
292221,Aminohydroxynaphthalenesulphonic acids and thei,22,Processed
292222,"Anisidines, dianisidines, phenetidines, and the",22,Processed
292229,"Amino-naphthols and -phenols, etc... one oxygen",22,Processed
292230,"Amino-aldehydes, ketones quinones, not >1 oxyge",22,Processed
292241,Lysine and its esters; salts thereof,22,Processed
292242,Glutamic acid and its salts,22,Processed
292249,"Amino-acids and their esters, not >1 oxygen fun",22,Processed
292250,Amino-alcohol/acid-phenols; amino-compounds wit,22,Processed
292310,Choline and its salts,22,Processed
292320,Lecithins and other phosphoaminolipids,22,Processed
292390,"Quaternary ammonium salts and hydroxides, nes",22,Processed
292410,Acyclic amides (incl. acyclic carbamates) and d,22,Processed
292421,Ureines and their derivatives; salts thereof,22,Processed
292429,Cyclic amides (incl. carbamates) and derivative,22,Processed
292511,Saccharin and its salts,22,Processed
292519,Imides and their derivatives; salts thereof (ex,22,Processed
292520,Imines and their derivatives; salts thereof,22,Processed
292610,Acrylonitrile,22,Processed
292620,1-Cyanoguanidine (dicyanidiamide),22,Processed
292690,"Nitrile-function compounds, nes",22,Processed
292700,"Diazo-, azo- or azoxy-compounds",22,Processed
292800,Organic derivatives of hydrazine or of hydroxyi,22,Processed
292910,Isocyanates,22,Processed
292990,"Compounds with other nitrogen function, nes",22,Processed
293010,Dithiocarbonates (xanthates),22,Processed
293020,Thiocarbamates and dithiocarbamates,22,Processed
293030,"Thiuram mono-, di- or tetrasulphides",22,Processed
293040,Methionine,22,Processed
293090,"Other organo-sulphur compounds, nes",22,Processed
293100,Other organo-inorganic compounds,22,Processed
293211,Tetrahydrofuran,22,Processed
293212,2-Furaldehyde (furfuraldehyde),22,Processed
293213,Furfuryl alcohol and tetrahydrofurfuryl alcohol,22,Processed
293219,Compounds containing an unfused furan ring in t,22,Processed
293221,"Coumarin, methylcoumarins and ethylcoumarins",22,Processed
293229,"Lactones, nes",22,Processed
293290,Heterocyclic compounds with oxygen hetero-atom(,22,Processed
293311,Phenazone (antipyrin) and its derivatives,22,Processed
293319,Compounds containing an unfused pyrazole ring i,22,Processed
293321,Hydantoin and its derivatives,22,Processed
293329,Compounds containing an unfused imidazole ring,22,Processed
293331,Pyridine and its salts,22,Processed
293339,Compounds containing an unfused pyridine ring i,22,Processed
293340,Compounds with quinoline or isoquinoline ring-s,22,Processed
293351,Malonylurea (barbituric acid) and its derivativ,22,Processed
293359,Compounds with pyrimidine or piperazine ring; n,22,Processed
293361,Melamine,22,Processed
293369,Compounds containing an unfused triazine ring i,22,Processed
293371,6-Hexanelactam (epsilon-caprolactam),22,Processed
293379,Lactams (excl. epsilon-caprolactam),22,Processed
293390,Heterocyclic compounds with nitrogen hetero-ato,22,Processed
293410,Compounds containing an unfused thiazole ring i,22,Processed
293420,Compounds containing a benzothiazole ring-syste,22,Processed
293430,Compounds containing a phenothiazine ring-syste,22,Processed
293490,"Other heterocyclic compounds, nes",22,Processed
293500,Sulphonamides,22,Processed
293610,"Provitamins, unmixed",22,Processed
293621,"Vitamins A and their derivatives, unmixed",22,Processed
293622,"Vitamin B1 and its derivatives, unmixed",22,Processed
293623,"Vitamin B2 and its derivatives, unmixed",22,Processed
293624,D- or DL- Pantothenic acid (Vitamin B3 or B5) a,22,Processed
293625,"Vitamin B6 and its derivatives, unmixed",22,Processed
293626,"Vitamin B12 and its derivatives, unmixed",22,Processed
293627,"Vitamin C and its derivatives, unmixed",22,Processed
293628,"Vitamin E and its derivatives, unmixed",22,Processed
293629,"Other vitamins and their derivatives, unmixed,",22,Processed
293690,"Other vitamines (incl. natural concentrates), n",22,Processed
293710,"Pituitary (anterior) or similar hormones, and t",22,Processed
293721,"Cortisone, hydrocortisone... and predisolone (d",22,Processed
293722,Halogenated derivatives of adrenal cortical hor,22,Processed
293729,Adrenal cortical hormones and their derivatives,22,Processed
293791,Insulin and its salts,22,Processed
293792,Oestrogens and progestogens,22,Processed
293799,"Other hormones and derivatives, nes; other ster",22,Processed
293810,Rutoside (rutin) and its derivatives,22,Processed
293890,"Glycosides and their salts, ethers, esters and",22,Processed
293910,Alkaloids of opium and their derivatives; salts,22,Processed
293921,Quinine and its salts,22,Processed
293929,Other alkaloids of cinchona and their derivativ,22,Processed
293930,Caffeine and its salts,22,Processed
293940,Ephedrines and their salts,22,Processed
293950,Theophylline and aminophylline and derivatives,22,Processed
293960,Alkaloids of rye ergot and their derivatives; s,22,Processed
293970,Nicotine and its salts,22,Processed
293990,"Other vegetable alkaloids and their salts, etc;",22,Processed
294000,"Sugars, pure (excl. glucose, etc); sugar ethers",22,Processed
294110,Penicillins and derivatives with a penicillanic,22,Processed
294120,Streptomycins and their derivatives; salts ther,22,Processed
294130,Tetracyclines and their derivatives; salts ther,22,Processed
294140,Chloramphenicol and its derivatives; salts ther,22,Processed
294150,Erythromycin and its derivatives; salts thereof,22,Processed
294190,"Other antibiotics, nes",22,Processed
294200,"Other organic compounds, nes",22,Processed
300110,"Glands and other organs, dried",22,Processed
300120,Extracts of glands or other organs or of their,22,Processed
300190,"Substances of human or animal origin, for proph",22,Processed
300210,Antisera and other blood fractions,22,Processed
300220,Vaccines for human medicine,22,Processed
300231,Vaccines against foot-and-mouth disease,22,Processed
300239,Other vaccines for veterinary medicine (excl. f,22,Processed
300290,Human and animal blood; microbial cultures; tox,22,Processed
300610,Materials for surgical sutures; laminaria ; abs,22,Processed
300620,Blood-grouping reagents,22,Processed
300630,Opacifying preparations for X-ray examinations;,22,Processed
300640,Dental cements and other dental fillings; bone,22,Processed
300650,First-aid boxes and kits,22,Processed
300660,Chemical contraceptive preparations based on ho,22,Processed
310210,Urea,22,Processed
310221,Ammonium sulphate,22,Processed
310229,Double salts and mixtures of ammonium sulphate,22,Processed
310230,Ammonium nitrate,22,Processed
310240,Mixtures of ammonium nitrate with inorganic non,22,Processed
310260,Double salts and mixtures of calcium nitrate an,22,Processed
310270,Calcium cyanamide,22,Processed
310280,Mixtures of urea and ammonium nitrate in aqueou,22,Processed
310290,"Mineral or chemical fertilizers, nitrogenous ,",22,Processed
310310,Superphosphates,22,Processed
310320,Basic slag,22,Processed
310390,"Mineral or chemical fertilizers, phosphatic, ne",22,Processed
310420,Potassium chloride,22,Processed
310430,Potassium sulphate,22,Processed
310490,"Mineral or chemical fertilizers, potassic, nes",22,Processed
310510,Fertilizers... in packages of a gross weight =<,22,Processed
310520,"Mineral or chemical fertilizers with nitrogen,",22,Processed
310530,Diammonium hydrogenorthophosphate (diammonium p,22,Processed
310540,Ammonium dihydrogenorthophosphate (monoammonium,22,Processed
310551,Mineral or chemical fertilizers containing nitr,22,Processed
310559,Mineral or chemical fertilizers with nitrogen a,22,Processed
310560,Mineral or chemical fertilizers with phosphorus,22,Processed
310590,"Other fertilizers, nes",22,Processed
320110,Quebracho extract,22,Processed
320120,Wattle extract,22,Processed
320130,Oak or chestnut extract,22,Processed
320190,Tanning extracts of vegetable origin; tannins a,22,Processed
320210,Synthetic organic tanning substances,22,Processed
320290,Inorganic tanning substances; tanning preparati,22,Processed
320300,"Colouring matter of vegetable or animal origin,",22,Processed
320411,Disperse dyes and preparations based thereon,22,Processed
320412,Acid dyes and preparations; mordant dyes and pr,22,Processed
320413,Basic dyes and preparations based thereon,22,Processed
320414,Direct dyes and preparations based thereon,22,Processed
320415,Vat dyes and preparations based thereon,22,Processed
320416,Reactive dyes and preparations based thereon,22,Processed
320417,Pigments and preparations based thereon,22,Processed
320419,Synthetic organic colouring matter and preparat,22,Processed
320420,Synthetic organic products used as fluorescent,22,Processed
320490,Synthetic organic products used as luminophores,22,Processed
320500,Colour lakes; preparations based on colour lake,22,Processed
320610,Pigments and preparations based on titanium dio,22,Processed
320620,Pigments and preparations based on chromium com,22,Processed
320630,Pigments and preparations based on cadminum com,22,Processed
320641,Ultramarine and preparations based thereon,22,Processed
320642,Lithopone and other pigments and preparations b,22,Processed
320643,Pigments and preparations based on hexacyanofer,22,Processed
320649,Other colouring matter; preparations as specifi,22,Processed
320650,Inorganic products of a kind used as luminophor,22,Processed
320710,"Prepared pigments, opacifiers and colours... fo",22,Processed
320720,"Vitrifiable enamels and glazes, englobes and si",22,Processed
320730,Liquid lustres and similar preparations,22,Processed
320740,Glass frit and other glass in the form of powde,22,Processed
320810,"Paints... based on polyesters, in a non-aqueous",22,Processed
320820,"Paints... based on acrylic or vinyl polymers, i",22,Processed
320890,"Paints and varnishes, in a non-aqueous medium,",22,Processed
320910,"Paints... based on acrylic or vinyl polymers, i",22,Processed
320990,"Paints and varnishes, in an aqueous medium, nes",22,Processed
321000,Other paints and varnishes (incl. enamels...)..,22,Processed
321100,Prepared driers,22,Processed
321210,Stamping foils,22,Processed
321290,"Pigments in non-aqueous media, nes, for retail",22,Processed
321410,Mastics and painters fillings,22,Processed
321490,"Glaziers putty, etc, non-refractory surfacing p",22,Processed
321511,"Black printing ink, whether or not concentrated",22,Processed
321519,"Printing ink, whether or not concentrated or so",22,Processed
321590,"Other ink, whether or not concentrated or solid",22,Processed
330111,Essential oils of bergamot (incl. concretes and,22,Processed
330112,Essential oils of orange (incl. concretes and a,22,Processed
330113,Essential oils of lemon (incl. concretes and ab,22,Processed
330114,Essential oils of lime (incl. concretes and abs,22,Processed
330119,Essential oils of citrus fruit (incl. concretes,22,Processed
330121,Essential oils of geranium (incl. concretes and,22,Processed
330122,Essential oils of jasmin (incl. concretes and a,22,Processed
330123,Essential oils of lavender or lavandin (incl. c,22,Processed
330124,Essential oils of peppermint (incl. concretes a,22,Processed
330125,Essential oils of mints (incl. concretes and ab,22,Processed
330126,Essential oils of vetiver (incl. concretes and,22,Processed
330129,"Essential oils (incl. concretes and absolutes),",22,Processed
330130,Resinoids,22,Processed
330190,Concentrates of essential oils in fats... aqueo,22,Processed
330210,"Mixtures of odoriferous substances, for the foo",22,Processed
330290,"Mixtures of odoriferous substances, as raw mate",22,Processed
340410,Artificial waxes of chemically modified lignite,22,Processed
340420,Artificial waxes of polyethylene glycol,22,Processed
340490,"Artificial waxes and prepared waxes, nes",22,Processed
340700,Modelling pastes; dental wax and impression com,22,Processed
350110,Casein,22,Processed
350190,Caseinates and other casein derivatives; casein,22,Processed
350290,"Albumins (excl. egg albumin), albuminates and o",22,Processed
350300,Gelatin and derivatives; isinglass; glues of an,22,Processed
350400,"Peptones/protein substances and derivatives, ne",22,Processed
350510,Dextrins and other modified starches,22,Processed
350520,"Glues based on starches, dextrins or other modi",22,Processed
350610,Products put up as glues or adhesives for retai,22,Processed
350691,Adhesives based on rubber or plastic (incl. art,22,Processed
350699,"Prepared glues and other prepared adhesives, ne",22,Processed
350710,Rennet and concentrates thereof,22,Processed
350790,Enzymes; prepared enzymes (not elsewhere specif,22,Processed
360100,Propellent powders,22,Processed
360200,"Prepared explosives, (excl. propellent powders)",22,Processed
360300,Safety fuses; detonating fuses; caps; igniters;,22,Processed
360410,Fireworks,22,Processed
360490,Signalling flares... and other pyrotechnic arti,22,Processed
370110,"Photographic plates... for X-ray, in the flat,",22,Processed
370120,"Instant print flat film, unexposed",22,Processed
370130,"Plates and film, in the flat with any side >255",22,Processed
370191,"Photographic plates..., in the flat for colour",22,Processed
370199,"Photographic plates and film, in the flat (excl",22,Processed
370210,"Photographic film in rolls, for X-ray, unexpose",22,Processed
370220,"Instant print film in rolls, unexposed",22,Processed
370231,"Polychrome film, in rolls, non-perforated, of w",22,Processed
370232,"Film, in rolls, non-perforated, with silver...",22,Processed
370239,"Film, in rolls, non-perforated, of width =<105m",22,Processed
370241,"Polychrome film, in rolls, non-perforated, widt",22,Processed
370242,"Film, in rolls, non-perforated, width >610mm le",22,Processed
370243,"Film, in rolls, non-perforated, width >610mm an",22,Processed
370244,"Film, in rolls, non-perforated, width >105mm bu",22,Processed
370251,"Polychrome film, in rolls, width =<16mm and len",22,Processed
370252,"Polychrome film, in rolls, width =<16mm and len",22,Processed
370253,"Polychrome slide film, in rolls, width >16mm bu",22,Processed
370254,"Polychrome film, in rolls, width >16mm but =<35",22,Processed
370255,"Polychrome film, in rolls, width >16mm but =<35",22,Processed
370256,"Polychrome film, in rolls, width >35mm",22,Processed
370291,"Film, in rolls, width =<16mm and length =<14m (",22,Processed
370292,"Film, in rolls, width =<16mm and length >14m (e",22,Processed
370293,"Film, in rolls, width >16mm but =<35mm and leng",22,Processed
370294,"Film, in rolls, width >16mm but =<35mm and leng",22,Processed
370295,"Film, in rolls, width >35mm (excl. colour)",22,Processed
370310,"Photographic paper, paperboard and textilles, i",22,Processed
370320,"Photographic paper, paperboard and textilles fo",22,Processed
370390,"Photographic paper, paperboard and textilles, n",22,Processed
370400,"Photographic plates, film, paper..., exposed bu",22,Processed
370510,"Photographic plates..., exposed and developed,",22,Processed
370520,"Microfilms, exposed and developed",22,Processed
370590,"Photographic plates..., exposed and developed,",22,Processed
370610,"Cinematographic film, exposed and developed, wi",22,Processed
370690,"Cinematographic film, exposed and developed, wi",22,Processed
370710,Sensitising emulsions for photographic uses,22,Processed
370790,"Chemical preparations for photograpic use, nes",22,Processed
380110,Artificial graphite,22,Processed
380120,Colloidal graphite or semi-colloidal graphite,22,Processed
380130,Carbonaceous pastes for electrodes and pastes f,22,Processed
380190,Preparations based on graphite or carbon in the,22,Processed
380210,Activated carbon,22,Processed
380290,Activated natural mineral products; animal blac,22,Processed
380300,"Tall oil, whether or not refined",22,Processed
380400,Residual lyes from the manufacture of wood pulp,22,Processed
380510,"Gum, wood or sulphate turpentine oils",22,Processed
380520,Pine oil containing alpha-terpined as the main,22,Processed
380590,"Other turpenic oils, nes; crude dipentene, etc",22,Processed
380610,Rosin and resin acids,22,Processed
380620,Salts of rosin or of resin acids,22,Processed
380630,Ester gums,22,Processed
380690,"Derivatives of rosin and resin acids, nes; rosi",22,Processed
380700,Wood tar; wood tar oils; wood creosote; wood na,22,Processed
380810,"Insecticides, put up for retail sale",22,Processed
380820,"Fungicides, put up for retail sale",22,Processed
380830,"Herbicides, anti-sprouting products and plant g",22,Processed
380840,"Disinfectants, put up for retail sale",22,Processed
380890,"Rodenticides and similar products, put up for r",22,Processed
380910,"Finishing agents, etc, with amylaceous basis",22,Processed
380991,"Finishing agents, etc, of a kind used in the te",22,Processed
380992,"Finishing agents, etc, of a kind used in the pa",22,Processed
380993,"Finishing agents, etc, of a kind used in the le",22,Processed
381010,Pickling preparations for metal surfaces; solde,22,Processed
381090,"Preparations such as fluxes for soldering..., e",22,Processed
381111,Anti-knock preparations based on lead compounds,22,Processed
381119,Anti-knock preparations (excl. based on lead),22,Processed
381121,Additives for lubricating oils with petroleum o,22,Processed
381129,Additives for lubricating oils (excl. with petr,22,Processed
381190,Other additives other than for lubricating oils,22,Processed
381210,Prepared rubber accelerators,22,Processed
381220,"Compound plasticisers for rubber or plastics, n",22,Processed
381230,Anti-oxidising preparations and stabilisers for,22,Processed
381300,Preparations for fire-extinguishers; charged fi,22,Processed
381400,"Organic composite solvents and thinners, nes; p",22,Processed
381511,Supported catalysts with nickel or its compound,22,Processed
381512,Supported catalysts with precious metal or its,22,Processed
381519,"Supported catalysts, nes",22,Processed
381590,"Reaction initiators, accelerators and catalytic",22,Processed
381600,"Refractory cements, mortars, concretes and simi",22,Processed
381710,"Mixed alkylbenzenes, nes",22,Processed
381720,"Mixed alkylnaphthalenes, nes",22,Processed
381800,"Chemical elements in disk form and compounds, d",22,Processed
381900,Hydraulic brake fluids and similar liquids with,22,Processed
382000,Anti-freezing preparations and prepared de-icin,22,Processed
382100,Prepared culture media for development of micro,22,Processed
382200,"Composite diagnostic or laboratory reagents, ne",22,Processed
382310,Prepared binders for foundry moulds or cores,22,Processed
382320,"Naphthenic acids, their water-insoluble salts a",22,Processed
382330,Non-agglomerated metal carbides mixed together,22,Processed
382340,"Prepared additives for cements, mortars or conc",22,Processed
382350,Non-refractory mortars and concretes,22,Processed
382360,Sorbitol (excl. that of 2905.44),22,Processed
382390,Chemical products and residual products of chem,22,Processed
390110,"Polyethylene having a specific gravity <0.94, i",22,Processed
390120,"Polyethylene having a specific gravity >=0.94,",22,Processed
390130,"Ethylene-vinyl acetate copolymers, in primary f",22,Processed
390190,"Other polymers of ethylene, in primary forms, n",22,Processed
390210,"Polypropylene, in primary forms",22,Processed
390220,"Polyisobutylene, in primary forms",22,Processed
390230,"Propylene copolymers, in primary forms",22,Processed
390290,"Other polymers of propylene or other olefins, i",22,Processed
390311,"Expansible polystyrene, in primary forms",22,Processed
390319,"Polystyrene (excl. expansible), in primary form",22,Processed
390320,"Styrene-acrylonitrile (SAN) copolymers, in prim",22,Processed
390330,Acrylonitrile-butadiene-styrene (ABS) copolymer,22,Processed
390390,"Polymers of styrene, in primary forms, nes",22,Processed
390410,"Polyvinyl chloride, not mixed with other substa",22,Processed
390421,"Non-plasticised polyvinyl chloride mixed, in pr",22,Processed
390422,"Plasticised polyvinyl chloride mixed, in primar",22,Processed
390430,"Vinyl chloride-vinyl acetate copolymers, in pri",22,Processed
390440,"Vinyl chloride copolymers (excl. acetate), in p",22,Processed
390450,"Vinylidene chloride polymers, in primary forms",22,Processed
390461,"Polytetrafluoroethylene, in primary forms",22,Processed
390469,Fluoro-polymers (excl. polytetrafluoroethylene),22,Processed
390490,"Polymers of halogenated olefins, in primary for",22,Processed
390511,"Polymers of vinyl acetate, in aqueous dispersio",22,Processed
390519,Polymers of vinyl acetate (excl. aqueous disper,22,Processed
390520,"Polyvinyl alcohols, in primary forms",22,Processed
390590,"Polymers of vinyl esters or vinyl polymers, nes",22,Processed
390610,"Polymethyl methacrylate, in primary forms",22,Processed
390690,"Acrylic polymers prepared,in primary forms, nes",22,Processed
390710,"Polyacetals, in primary forms",22,Processed
390720,"Other polyethers, in primary forms, nes",22,Processed
390730,"Epoxide resins, in primary forms",22,Processed
390740,"Polycarbonates, in primary forms",22,Processed
390750,"Alkyd resins, in primary forms",22,Processed
390760,"Polyethylene terephthalate, in primary forms",22,Processed
390791,"Unsaturated polyesters, in primary forms, nes",22,Processed
390799,"Polyesters, in primary forms, nes",22,Processed
390810,"Polyamide -6, -11, -12, -6,6, -6,9, -6,10 or -6",22,Processed
390890,"Other polymides, in primary forms, nes",22,Processed
390910,"Urea resins; thiourea resins, in primary forms",22,Processed
390920,"Melamine resins, in primary forms",22,Processed
390930,"Other amino resins, in primary forms, nes",22,Processed
390940,"Phenolic resins, in primary forms",22,Processed
390950,"Polyurethanes, in primary forms",22,Processed
391000,Silicones in primary forms,22,Processed
391110,Petroleum resins... other resins and polyterpen,22,Processed
391190,"Polysulphides, polysulphones and other products",22,Processed
391211,"Non-plasticised cellulose acetates, in primary",22,Processed
391212,"Plasticised cellulose acetates, in primary form",22,Processed
391220,"Cellulose nitrates (incl. collodions), in prima",22,Processed
391231,"Carboxymethylcellulose and its salts, in primar",22,Processed
391239,"Other cellulose ethers, in primary forms, nes",22,Processed
391290,"Cellulose and its chemical derivatives, in prim",22,Processed
391310,"Alginic acid, its salts and esters, in primary",22,Processed
391390,"Natural and modified natural polymers, in prima",22,Processed
391400,Ion-exchangers based on polymers of 39.01 to 39,22,Processed
391510,"Waste, parings and scrap, of polymers of ethyle",22,Processed
391520,"Waste, parings and scrap, of polymers of styren",22,Processed
391530,"Waste, parings and scrap, of polymers of vinyl",22,Processed
391590,"Waste, parings and scrap, of other plastics, ne",22,Processed
391610,"Monofilament >1mm, rods... and profile shapes,",22,Processed
391620,"Monofilament >1mm, rods..., etc, of polymers of",22,Processed
391690,"Monofilament >1mm, rods... and profile shapes,",22,Processed
391710,Artificial guts of hardened proteins or cellulo,22,Processed
391721,"Tubes, pipes and hoses, rigid, of polymers of e",22,Processed
391722,"Tubes, pipes and hoses, rigid, of polymers of p",22,Processed
391723,"Tubes, pipes and hoses, rigid, of polymers of v",22,Processed
391729,"Tubes, pipes and hoses, rigid, of other plastic",22,Processed
391731,"Flexible tubes, pipes and hoses, with a burst p",22,Processed
391732,"Tubes, pipes and hoses, not reinforced, without",22,Processed
391733,"Tubes, pipes and hoses, not reinforced, with fi",22,Processed
391739,"Other tubes, pipes and hoses, nes",22,Processed
391740,"Fittings, for tubes, pipes and hoses, of plasti",22,Processed
391810,Floor... coverings of polymers of vinyl chlorid,22,Processed
391890,"Floor, wall or ceiling coverings of plastics, n",22,Processed
391910,"Self-adhesive tape, plates, strip..., in rolls,",22,Processed
391990,"Other self-adhesive plates, tape, strip, foil..",22,Processed
392010,"Plates..., of polymers of ethylene, not reinfor",22,Processed
392020,"Plates..., of polymers of propylene, not reinfo",22,Processed
392030,"Plates..., of polymers of styrene, not reinforc",22,Processed
392041,"Plates..., of polymers of vinyl chloride, rigid",22,Processed
392042,"Plates..., of polymers of vinyl chloride, flexi",22,Processed
392051,"Plates..., of polymethyl methacrylate, not rein",22,Processed
392059,"Plates..., of other acrylic polymers, not reinf",22,Processed
392061,"Plates..., of polycarbonates, not reinforced, e",22,Processed
392062,"Plates..., of polyethylene terephthalate, not r",22,Processed
392063,"Plates..., of unsaturated polyesters, not reinf",22,Processed
392069,"Plates..., of other polyesters, not reinforced,",22,Processed
392071,"Plates..., of regenerated cellulose, not reinfo",22,Processed
392072,"Plates..., of vulcanised fibre, not reinforced,",22,Processed
392073,"Plates..., of cellulose acetate, not reinforced",22,Processed
392079,"Plates..., of other cellulose derivatives, not",22,Processed
392091,"Plates..., of polyvinyl butyral, not reinforced",22,Processed
392092,"Plates..., of polyamides, not reinforced, etc",22,Processed
392093,"Plates..., of amino-resins, not reinforced, etc",22,Processed
392094,"Plates..., of phenolic resins, not reinforced,",22,Processed
392099,"Plates..., of other plastics, not reinforced, e",22,Processed
392111,"Cellular plates, strips... of polymers of styre",22,Processed
392112,"Cellular plates, strips... of polymers of vinyl",22,Processed
392113,"Cellular plates, strips... of polymers of polyu",22,Processed
392114,"Cellular plates, strips... of polymers of regen",22,Processed
392119,"Cellular plates, strips... of other plastics, n",22,Processed
392190,"Other cellular plates, strips..., of plastics,",22,Processed
392310,"Boxes, cases, crates and similar articles of pl",22,Processed
392321,Sacks and bags (incl. cones) of polymers of eth,22,Processed
392329,Sacks and bags (incl. cones) of other plastics,22,Processed
392330,"Carboys, bottles, flasks and similar articles o",22,Processed
392340,"Spools, cops, bobbins and similar supports of p",22,Processed
392350,"Stoppers, lids, caps and other closures of plas",22,Processed
392390,"Articles for the packing of goods, of plastics,",22,Processed
392610,Office or school supplies of plastics,22,Processed
392630,"Fittings for furniture, coachwork or the like o",22,Processed
400211,Latex of styrene-butadiene or carboxylated styr,22,Processed
400219,Styrene-butadiene rubber; carboxylated styrene-,22,Processed
400220,"Butadiene rubber, in primary forms or in plates",22,Processed
400231,Isobutene-isoprene (butyl) rubber,22,Processed
400239,Halo-isobutene-isoprene rubber,22,Processed
400241,Latex of chloroprene (chlorobutadiene) rubber,22,Processed
400249,Chloroprene (chlorobutadiene) rubber (excl. lat,22,Processed
400251,Latex of acrylonitrile-butadiene rubber,22,Processed
400259,Acrylonitrile-butadiene rubber (excl. latex),22,Processed
400260,Isoprene rubber,22,Processed
400270,Ethylene-propylene-non-conjugated diene rubber,22,Processed
400280,Mixtures of any product of 40.01 with any produ,22,Processed
400291,"Latex of synthetic rubber, nes",22,Processed
400299,"Other synthetic rubber products (excl. latex),",22,Processed
400510,"Rubber compounded with carbon black or silica,",22,Processed
400520,"Rubber solutions; dispersions, unvulcanized, ne",22,Processed
400591,"Plates, sheets and strip of unvulcanized, compo",22,Processed
400599,"Compounded rubber, unvulcanized, in primary for",22,Processed
400610,Camel-back strips for retreading rubber tyres,22,Processed
400690,Other forms and articles of unvulcanized rubber,22,Processed
400700,Vulcanized rubber thread and cord,22,Processed
400811,"Plates, sheets and strip of cellular vulcanized",22,Processed
400819,Rods and profile shapes of cellular vulcanized,22,Processed
400821,"Plates, sheets and strip of non-cellular, vulca",22,Processed
400829,"Rods and profile shapes of non-cellular, vulcan",22,Processed
400910,"Tubes..., of vulcanized rubber, not reinforced,",22,Processed
400920,"Tubes..., of vulcanized rubber, reinforced with",22,Processed
400930,"Tubes..., of vulcanized rubber, reinforced with",22,Processed
400940,"Tubes..., of vulcanized rubber, reinforced with",22,Processed
400950,"Tubes, pipes and hoses, of vulcanized rubber wi",22,Processed
401410,Sheath contraceptives,22,Processed
401490,Hygienic or pharmaceutical articles of vulcaniz,22,Processed
401700,Hard rubber (eg. ebonite) in all forms; article,22,Processed
410410,"Whole bovine skin leather, of surface area =<2.",22,Processed
410421,"Bovine leather, vegetable pre-tanned (excl. fur",22,Processed
410422,"Bovine leather, non-vegetable pre-tanned (excl.",22,Processed
410429,"Other bovine and equine leather, tanned (excl.",22,Processed
410431,"Full-grains, splits of bovine and equine leathe",22,Processed
410439,"Bovine and equine leather, prepared after tanni",22,Processed
410511,"Sheep, lamb skin leather, vegetable pre-tanned",22,Processed
410512,"Sheep, lamb skin leather, non-veg. pre-tanned (",22,Processed
410519,"Sheep or lamb skin leather, (excl. further prep",22,Processed
410520,"Sheep or lamb skin leather, prepared after tann",22,Processed
410611,"Goat or kid skin leather, vegetable pre-tanned,",22,Processed
410612,"Goat or kid skin leather, pre-tanned, (excl. fu",22,Processed
410619,"Goat or kid skin leather, (excl. further prepar",22,Processed
410620,"Goat or kid skin leather, prepared after tannin",22,Processed
410710,"Leather of swine, without hair on",22,Processed
410721,"Leather of reptiles, vegetable pre-tanned",22,Processed
410729,"Leather of reptiles, nes",22,Processed
410790,"Leather of animals, nes",22,Processed
410800,Chamois (incl. combination chamois) leather,22,Processed
410900,Patent leather and patent laminated leather; me,22,Processed
411100,"Composition leather with a basis of leather...,",22,Processed
420610,Articles of catgut,22,Processed
420690,"Articles of gut (excl. silk-worm or cat-gut), o",22,Processed
430211,"Tanned or dressed whole skins of mink, not asse",22,Processed
430212,Tanned or dressed whole skins of rabbit or hare,22,Processed
430213,"Tanned or dressed whole skins of lamb, not asse",22,Processed
430219,"Tanned or dressed whole furskins, not assembled",22,Processed
430220,"Tanned or dressed heads, tails, paws and other",22,Processed
430230,Tanned or dressed whole furskins and other piec,22,Processed
440500,Wood wool; wood flour,22,Processed
440610,Railway or tramway sleepers (cross-ties) of woo,22,Processed
440690,Railway or tramway sleepers (cross-ties) of woo,22,Processed
440710,"Coniferous wood sawn or chipped lengthwise, sli",22,Processed
440721,"Specified tropical woods (Meranti, etc) sawn le",22,Processed
440722,"Specified tropical woods (OKoume..., etc) sawn",22,Processed
440723,"Baboen, Mahogany, Imbuia and Balsa wood, sawn l",22,Processed
440791,"Oak (Quercus spp.) wood,sawn/chipped lengthwise",22,Processed
440792,"Beech (Fagus spp.) wood,sawn/chipped lengthwise",22,Processed
440799,"Wood, nes sawn or chipped lengthwise, sliced or",22,Processed
440810,Coniferous veneer sheets and sheets for plywood,22,Processed
440820,Specified tropical wood veneer sheets and for p,22,Processed
440890,Veneer sheets and sheets for plywood and other,22,Processed
440910,"Coniferous wood, continuously shaped along any",22,Processed
440920,"Non-coniferous wood, continuously shaped along",22,Processed
441010,"Particle board and similar board of wood, unwor",22,Processed
441090,Particle board and similar board of ligneous ma,22,Processed
441211,"Plywood with >=1 outer ply of tropical wood, ea",22,Processed
441212,Plywood with >=1 outer ply of non-coniferous wo,22,Processed
441219,"Plywood, each ply =<6mm thick, nes",22,Processed
441221,"Plywood... >6mm non-coniferous outer ply, with",22,Processed
441229,"Plywood... >6mm non-coniferous outer ply, nes",22,Processed
441291,Plywood... containing at  least one layer of pa,22,Processed
441299,"Plywood, veneered panels and similar laminated",22,Processed
441300,"Densified wood, in blocks, plates, strips or pr",22,Processed
441510,"Cases, boxes, crates, drums and similar packing",22,Processed
441520,"Pallets, box pallets and other load boards of w",22,Processed
441600,"Casks, barrets, vats, tubs, etc, and parts ther",22,Processed
441700,"Tools..., broom or brush bodies... of wood; boo",22,Processed
441810,"Windows, French-windows and their frames, of wo",22,Processed
441820,"Doors and their frames and thresholds, of wood",22,Processed
441830,"Parquet panels, of wood",22,Processed
441840,"Shuttering for concrete constructional work, of",22,Processed
441850,"Shingles and shakes, of wood",22,Processed
441890,"Builders' joinery and carpentry, of wood, nes",22,Processed
442110,Clothes hangers of wood,22,Processed
442190,"Articles of wood, nes",22,Processed
450310,Corks and stoppers of natural cork,22,Processed
450390,"Articles of natural cork, nes",22,Processed
450410,"Blocks..., tiles of any shape, solid cylinders,",22,Processed
450490,Agglomerated cork; articles of agglomerated cor,22,Processed
470100,Mechanical wood pulp,22,Processed
470200,"Chemical wood pulp, dissolving grades",22,Processed
470311,"Unbleached coniferous chemical wood pulp, soda",22,Processed
470319,"Unbleached non-coniferous chemical wood pulp, s",22,Processed
470321,Semi-bleached or bleached coniferous chemical w,22,Processed
470329,Semi- or bleached non-coniferous chemical wood,22,Processed
470411,"Unbleached coniferous chemical wood pulp, sulph",22,Processed
470419,"Unbleached non-coniferous chemical wood pulp, s",22,Processed
470421,Semi-bleached or bleached coniferous chemical w,22,Processed
470429,Semi- or bleached non-coniferous chemical wood,22,Processed
470500,Semi-chemical wood pulp,22,Processed
470610,Cotton linters pulp,22,Processed
470691,Mechanical pulp of fibrous cellulosic material,22,Processed
470692,Chemical pulp of fibrous cellulosic material (e,22,Processed
470693,Semi-chemical pulp of fibrous cellulosic materi,22,Processed
480100,"Newsprint, in rolls or sheets",22,Processed
480210,Hand-made paper and paperboard,22,Processed
480220,Paper and paperboard as a base for photo-sensit,22,Processed
480230,"Carbonizing base paper, uncoated, in rolls or s",22,Processed
480240,"Wallpaper base, uncoated, in rolls or sheets",22,Processed
480251,"Paper... (excl. mechanical fibres), weighing <4",22,Processed
480252,"Paper... (excl. mechanical fibres), weighing >=",22,Processed
480253,"Paper... (excl. mechanical fibres), weighing >1",22,Processed
480260,"Paper... (>10% of mechanical fibres), uncoated,",22,Processed
480300,"Toilet... similar paper, in rolls or sheets",22,Processed
480411,"Unbleached kraftliner, uncoated, in rolls or sh",22,Processed
480419,"Kraftliner, uncoated (excl. unbleached), in rol",22,Processed
480421,"Unbleached sack kraft paper, uncoated, in rolls",22,Processed
480429,"Sack kraft paper (excl. unbleached), uncoated,",22,Processed
480431,"Unbleached kraft paper..., weighing =<150g/m2",22,Processed
480439,"Kraft paper... (excl. unbleached), weighing =<1",22,Processed
480441,"Unbleached kraft paper..., weighing >150g/m2 bu",22,Processed
480442,"Kraft paper..., weighing >150g/m2 but <225g/m2,",22,Processed
480449,"Kraft paper..., weighing >150g/m2 but <225g/m2,",22,Processed
480451,"Unbleached kraft paper..., weighing >=225g/m2",22,Processed
480452,"Kraft paper..., weighing >=225g/m2, bleached un",22,Processed
480459,"Kraft paper..., weighing >=225g/m2, nes",22,Processed
480510,Semi-chemical fluting paper (corrugated medium),22,Processed
480521,Multi-ply paper and paperboard with each layer,22,Processed
480522,Multi-ply paper... with only one outer layer bl,22,Processed
480523,"Multi-ply paper... two outer layers bleached, i",22,Processed
480529,"Multi-ply paper and paperboard, in rolls or she",22,Processed
480530,"Sulphite wrapping paper, in rolls or sheets",22,Processed
480540,"Filter paper and paperboard, in rolls or sheets",22,Processed
480550,"Felt paper and paperboard, in rolls or sheets",22,Processed
480560,"Paper and paperboard, in rolls or sheets, weigh",22,Processed
480570,"Paper..., in rolls or sheets, weighing >150g/m2",22,Processed
480580,"Paper and paperboard, in rolls or sheets, weigh",22,Processed
480610,"Vegetable parchment, in rolls or sheets",22,Processed
480620,"Greaseproof papers, in rolls or sheets",22,Processed
480630,"Tracing papers, in rolls or sheets",22,Processed
480640,Glassine and other glazed transparent or transl,22,Processed
480710,"Composite paper..., laminated with bitumen, etc",22,Processed
480791,"Straw paper and paperboard, in rolls or sheets",22,Processed
480799,"Composite paper and paperboard, in rolls or she",22,Processed
480810,"Corrugated paper and paperboard, in rolls or sh",22,Processed
480820,"Sack kraft paper, creped or crinkled, in rolls",22,Processed
480830,"Kraft paper, creped or crinkled, (excl. sack),",22,Processed
480890,"Paper and paperboard, corrugated, creped, etc,",22,Processed
480910,"Carbon or similar copying papers, in rolls or s",22,Processed
480920,"Self-copy paper, in rolls or sheets",22,Processed
480990,"Copying or transfer papers, nes, in rolls or sh",22,Processed
481011,"Paper..., coated with kaolin, etc, weighing =<1",22,Processed
481012,"Paper..., coated with kaolin, etc, weighing >15",22,Processed
481021,"Light-weight coated paper for writing, etc, >10",22,Processed
481029,"Paper... for writing, etc, >10% mechanical fibr",22,Processed
481031,"Kraft paper..., bleached, >95% chemical fibres,",22,Processed
481032,"Kraft paper..., bleached, >95% chemical fibres,",22,Processed
481039,"Kraft paper and paperboard, coated..., nes",22,Processed
481091,"Multi-ply paper and paperboard, coated...",22,Processed
481099,"Paper and paperboard, coated with kaolin, etc,",22,Processed
481110,"Tarred, bituminized or asphalted paper and pape",22,Processed
481121,Self-adhesive paper and paperboard,22,Processed
481129,Gummed paper and paperboard (excl. self-adhesiv,22,Processed
481131,"Paper..., coated... with plastics, bleached and",22,Processed
481139,"Paper and paperboard coated... with plastics, n",22,Processed
481140,"Paper and paperboard coated... with wax, paraff",22,Processed
481190,"Paper, paperboard, coated... surface-decorated",22,Processed
481200,"Filter blocks, slabs and plates, of paper pulp",22,Processed
481310,Cigarette paper in the form of booklets or tube,22,Processed
481320,Cigarette paper in rolls of a width =<5cm,22,Processed
481390,"Cigarette paper, nes",22,Processed
481410,Ingrain paper,22,Processed
481420,"Wallpaper, etc, of paper coated with a... layer",22,Processed
481430,"Wallpaper, etc, consisting of paper covered wit",22,Processed
481490,Wallpaper and other wall coverings; window tran,22,Processed
481610,Carbon or similar copying papers,22,Processed
481620,Self-copy paper,22,Processed
481630,Duplicator stencils of paper,22,Processed
481690,"Copying or transfer paper, nes; offset plates,",22,Processed
481910,"Cartons, boxes and cases, of corrugated paper o",22,Processed
481920,"Folding cartons, boxes and cases, of non-corrug",22,Processed
481930,"Sacks and bags, having a base of a width of >=4",22,Processed
481940,"Sacks and bags, including cones of paper, paper",22,Processed
481950,"Packing containers, including record sleeves, o",22,Processed
481960,"Box files, letter trays, storage boxes, etc, of",22,Processed
482010,"Registers, account books, order and receipt boo",22,Processed
482020,Exercise-books,22,Processed
482030,"Binders (other than book covers), folders and f",22,Processed
482040,Manifold business forms and interleaved carbon,22,Processed
482050,Albums for stamps or for collections of paper o,22,Processed
482090,"Blotting pads, book covers and other articles o",22,Processed
482110,Printed paper or paperboard labels of all kinds,22,Processed
482190,Paper or paperboard labels of all kinds (excl.,22,Processed
482210,"Bobbins, spools..., of paper or paperboard for",22,Processed
482290,"Bobbins, spools, cops and similar supports of p",22,Processed
482311,"Self-adhesive paper, in strips or rolls",22,Processed
482319,"Gummed or adhesive paper (excl. self-adhesive),",22,Processed
482320,"Filter paper and paperboard, cut to shape",22,Processed
482330,"Cards, not punched, for punch card machines",22,Processed
482340,"Rolls, sheets and dials, printed for self-recor",22,Processed
482351,"Printed, embossed or perforated paper or paperb",22,Processed
482359,"Paper and paperboard writing, printing, etc, cu",22,Processed
482370,Moulded or pressed articles of paper pulp,22,Processed
482390,"Paper and paperboard, cut to size and articles",22,Processed
490600,Plans... for architectural... purposes; handwit,22,Processed
490700,New stamps; stamp-impressed paper; banknotes; c,22,Processed
491110,"Trade advertising material, commercial catalogu",22,Processed
500200,Raw silk (not thrown),22,Processed
500400,"Silk yarn (excl. spun from silk waste), not put",22,Processed
500500,"Yarn spun from silk waste, not put up for retai",22,Processed
500710,Woven fabrics of noil silk,22,Processed
500720,"Woven fabrics of silk, containing >=85% silk or",22,Processed
500790,"Printed woven fabrics, containing <85% silk",22,Processed
510510,Carded wool,22,Processed
510521,Combed wool in fragments,22,Processed
510529,Wool tops and combed wool (excl. in fragments),22,Processed
510530,"Fine animal hair, carded or combed",22,Processed
510540,"Coarse animal hair, carded or combed",22,Processed
510610,"Yarn of carded wool, not put up for retail sale",22,Processed
510620,"Yarn of carded wool, not put up for retail sale",22,Processed
510710,"Yarn of combed wool, not put up for retail sale",22,Processed
510720,"Yarn of combed wool, not put up for retail sale",22,Processed
510810,"Carded yarn of fine animal hair, not put up for",22,Processed
510820,"Combed yarn of fine animal hair, not put up for",22,Processed
511000,Yarn of coarse animal hair or of horsehair (inc,22,Processed
511111,"Woven fabrics, with >=85% carded wool or fine a",22,Processed
511119,"Woven fabrics, with >=85% carded wool or fine a",22,Processed
511120,"Woven fabrics of carded wool, mixed with man-ma",22,Processed
511130,"Woven fabrics of carded wool, mixed with man-ma",22,Processed
511190,Other woven fabrics of carded wool or carded fi,22,Processed
511211,Woven fabrics with >=85% combed wool or fine an,22,Processed
511219,Woven fabrics with >=85% combed wool or animal,22,Processed
511220,"Woven fabrics of combed wool, mixed with man-ma",22,Processed
511230,"Woven fabrics of combed wool, mixed with man-ma",22,Processed
511290,Woven fabrics of combed wool or of combed fine,22,Processed
511300,Woven fabrics of coarse animal hair or of horse,22,Processed
520300,"Cotton, carded or combed",22,Processed
520411,"Cotton sewing thread, with >=85% cotton, not pu",22,Processed
520419,"Cotton sewing thread, with <85% cotton, not put",22,Processed
520511,"Uncombed single cotton yarn, with >=85% cotton,",22,Processed
520512,"Uncombed single cotton yarn, with >=85% cotton,",22,Processed
520513,"Uncombed single cotton yarn, with >=85% cotton,",22,Processed
520514,"Uncombed single cotton yarn, with >=85% cotton,",22,Processed
520515,"Uncombed single cotton yarn, with >=85% cotton,",22,Processed
520521,"Combed single cotton yarn, with >=85% cotton, n",22,Processed
520522,"Combed single cotton yarn, with >=85% cotton, n",22,Processed
520523,"Combed single cotton yarn, with >=85% cotton, n",22,Processed
520524,"Combed single cotton yarn, with >=85% cotton, n",22,Processed
520525,"Combed single cotton yarn, with >=85% cotton, n",22,Processed
520531,"Uncombed cabled cotton yarn, with >=85% cotton,",22,Processed
520532,"Uncombed cabled cotton yarn, with >=85% cotton,",22,Processed
520533,"Uncombed cabled cotton yarn, with >=85% cotton,",22,Processed
520534,"Uncombed cabled cotton yarn, with >=85% cotton,",22,Processed
520535,"Uncombed cabled cotton yarn, with >=85% cotton,",22,Processed
520541,"Combed cabled cotton yarn, with >=85% cotton, n",22,Processed
520542,"Combed cabled cotton yarn, with >=85% cotton, n",22,Processed
520543,"Combed cabled cotton yarn, with >=85% cotton, n",22,Processed
520544,"Combed cabled cotton yarn, with >=85% cotton, n",22,Processed
520545,"Combed cabled cotton yarn, with >=85% cotton, n",22,Processed
520611,"Uncombed single cotton yarn, with <85% cotton,",22,Processed
520612,"Uncombed single cotton yarn, with <85% cotton,",22,Processed
520613,"Uncombed single cotton yarn, with <85% cotton,",22,Processed
520614,"Uncombed single cotton yarn, with <85% cotton,",22,Processed
520615,"Uncombed single cotton yarn, with <85% cotton,",22,Processed
520621,"Combed single cotton yarn, with <85% cotton, np",22,Processed
520622,"Combed single cotton yarn, with <85% cotton, np",22,Processed
520623,"Combed single cotton yarn, with <85% cotton, np",22,Processed
520624,"Combed single cotton yarn, with <85% cotton, np",22,Processed
520625,"Combed single cotton yarn, with <85% cotton, np",22,Processed
520631,"Uncombed cabled cotton yarn, with <85% cotton,",22,Processed
520632,"Uncombed cabled cotton yarn, with <85% cotton,",22,Processed
520633,"Uncombed cabled cotton yarn, with <85% cotton,",22,Processed
520634,"Uncombed cabled cotton yarn, with <85% cotton,",22,Processed
520635,"Uncombed cabled cotton yarn, with <85% cotton,",22,Processed
520641,"Combed cabled cotton yarn, with <85% cotton, np",22,Processed
520642,"Combed cabled cotton yarn, with <85% cotton, np",22,Processed
520643,"Combed cabled cotton yarn, with <85% cotton, np",22,Processed
520644,"Combed cabled cotton yarn, with <85% cotton, np",22,Processed
520645,"Combed cabled cotton yarn, with <85% cotton, np",22,Processed
520811,"Unbleached plain cotton weave, with >=85% cotto",22,Processed
520812,"Unbleached plain cotton weave, with >=85% cotto",22,Processed
520813,"Unbleached 3 or 4-thread twill, with >=85% cott",22,Processed
520819,"Unbleached woven cotton fabrics, nes, with >=85",22,Processed
520821,"Bleached plain cotton weave, with >=85% cotton,",22,Processed
520822,"Bleached plain cotton weave, with >=85% cotton,",22,Processed
520823,Bleached 3 or 4-thread twill (incl. cross twill,22,Processed
520829,"Bleached woven cotton fabrics, nes, with >=85%",22,Processed
520831,"Dyed plain cotton weave, with >=85% cotton, =<1",22,Processed
520832,"Dyed plain cotton weave, with >=85% cotton, >10",22,Processed
520833,"Dyed 3 or 4-thread twill (incl. cross twill), w",22,Processed
520839,"Dyed woven cotton fabrics, with >=85% cotton, n",22,Processed
520841,"Coloured plain cotton weave, with >=85% cotton,",22,Processed
520842,"Coloured plain cotton weave, with >=85% cotton,",22,Processed
520843,Coloured 3 or 4-thread twill (incl. cross twill,22,Processed
520849,"Coloured woven cotton fabrics, with >=85% cotto",22,Processed
520851,"Printed plain cotton weave, with >=85% cotton,",22,Processed
520852,"Printed plain cotton weave, with >=85% cotton,",22,Processed
520853,Printed 3 or 4-thread twill (incl. cross twill),22,Processed
520859,"Printed woven cotton fabrics, with >=85% cotton",22,Processed
520911,"Unbleached plain cotton weave, with >=85% cotto",22,Processed
520912,Unbleached 3 or 4-thread twill (incl. cross twi,22,Processed
520919,"Unbleached cotton fabrics, with >=85% cotton, >",22,Processed
520921,"Bleached plain cotton weave, with >=85% cotton,",22,Processed
520922,"Bleached 3 or 4-thread twill, >=85% cotton, >20",22,Processed
520929,"Bleached woven cotton fabrics, with >=85% cotto",22,Processed
520931,"Dyed plain cotton weave, with >=85% cotton, >20",22,Processed
520932,"Dyed 3 or 4-thread twill (incl. cross twill), w",22,Processed
520939,"Dyed woven cotton fabrics, with >=85% cotton, >",22,Processed
520941,"Coloured plain cotton weave, with >=85% cotton,",22,Processed
520942,"Denim, with >=85% cotton, >200g/m2",22,Processed
520943,"Coloured 3 or 4-thread twill, with >=85% cotton",22,Processed
520949,"Coloured woven cotton fabrics, with >=85% cotto",22,Processed
520951,"Printed plain cotton weave, with >=85% cotton,",22,Processed
520952,"Printed 3 or 4-thread twill, with >=85% cotton,",22,Processed
520959,"Printed woven cotton fabrics, with >=85% cotton",22,Processed
521011,"Unbleached plain cotton weave, with <85% cotton",22,Processed
521012,"Unbleached 3 or 4-thread twill, with <85% cotto",22,Processed
521019,"Unbleached woven cotton fabrics, nes, with <85%",22,Processed
521021,"Bleached plain cotton weave, with <85% cotton,",22,Processed
521022,"Bleached 3 or 4-thread twill, with <85% cotton,",22,Processed
521029,"Bleached woven cotton fabrics, nes, with <85% c",22,Processed
521031,"Dyed plain cotton weave, with <85% cotton, =<20",22,Processed
521032,"Dyed 3 or 4-thread twill, with <85% cotton, =<2",22,Processed
521039,"Dyed woven cotton fabrics, nes, with <85% cotto",22,Processed
521041,"Coloured plain cotton weave, with <85% cotton,",22,Processed
521042,"Coloured 3 or 4-thread twill, with <85% cotton,",22,Processed
521049,"Coloured woven cotton fabrics, nes, with <85% c",22,Processed
521051,"Printed plain cotton weave, with <85% cotton, =",22,Processed
521052,"Printed 3 or 4-thread twill, with <85% cotton,",22,Processed
521059,"Printed woven cotton fabrics, nes, with <85% co",22,Processed
521111,"Unbleached plain cotton weave, with <85% cotton",22,Processed
521112,"Unbleached 3 or 4-thread twill, with <85% cotto",22,Processed
521119,"Unbleached woven cotton fabrics, nes, with <85%",22,Processed
521121,"Bleached plain cotton weave, with <85% cotton,",22,Processed
521122,"Bleached 3 or 4-thread twill, with <85% cotton,",22,Processed
521129,"Bleached woven cotton fibres, nes, with <85% co",22,Processed
521131,"Dyed plain cotton weave, with <85% cotton, >200",22,Processed
521132,"Dyed 3 or 4-thread twill, with <85% cotton, >20",22,Processed
521139,"Dyed woven cotton fabrics, nes, with <85% cotto",22,Processed
521141,"Coloured plain cotton weave, with <85% cotton,",22,Processed
521142,"Coloured denim, with <85% cotton, >200g/m2",22,Processed
521143,"Coloured fabrics of 3 or 4-thread twill, with <",22,Processed
521149,"Coloured woven cotton fabrics, nes, with <85% c",22,Processed
521151,"Printed plain cotton weave, with <85% cotton, >",22,Processed
521152,"Printed 3 or 4-thread twill, with <85% cotton,",22,Processed
521159,"Printed woven cotton fabrics, nes, with <85% co",22,Processed
521211,"Unbleached woven fabrics of cotton, =<200g/m2,",22,Processed
521212,"Bleached woven fabrics of cotton, =<200g/m2, ne",22,Processed
521213,"Dyed woven fabrics of cotton, =<200g/m2, nes",22,Processed
521214,"Coloured woven fabrics of cotton, =<200g/m2, ne",22,Processed
521215,"Printed woven fabrics of cotton, =<200g/m2, nes",22,Processed
521221,"Unbleached woven fabrics of cotton, >200g/m2, n",22,Processed
521222,"Bleached woven fabrics of cotton, >200g/m2, nes",22,Processed
521223,"Dyed woven fabrics of cotton, >200g/m2, nes",22,Processed
521224,"Coloured woven fabrics of cotton, >200g/m2, nes",22,Processed
521225,"Printed woven fabrics of cotton, >200g/m2, nes",22,Processed
530121,"Flax, broken or scutched, but not spun",22,Processed
530129,"Flax, hackled or otherwise processed, but not s",22,Processed
530610,Single flax yarn put up for retail sale,22,Processed
530620,Multiple or cabled flax yarn put up for retail,22,Processed
530710,Single yarn of jute or of other textile bast fi,22,Processed
530720,Multiple or cabled yarn of jute or of other tex,22,Processed
530810,Coir yarn,22,Processed
530820,True hemp yarn,22,Processed
530830,Paper yarn,22,Processed
530890,"Yarn of vegetable textile fibres, nes",22,Processed
530911,"Bleached or unbleached, woven fabrics of flax,",22,Processed
530919,"Woven fabrics of flax, with >=85% flax, printed",22,Processed
530921,"Bleached or unbleached, woven fabrics of flax,",22,Processed
530929,"Woven fabrics of flax, with <85% flax, printed,",22,Processed
531010,Unbleached woven fabrics of jute or of other te,22,Processed
531090,Woven fabrics of jute or other textile bast fib,22,Processed
531100,Woven fabrics of other vegetable textile fibres,22,Processed
540110,Sewing thread of synthetic filaments,22,Processed
540120,Sewing thread of artificial filaments,22,Processed
540210,High tenacity yarn of nylon or other polyamides,22,Processed
540220,"High tenacity yarn of polyesters, nprs",22,Processed
540231,"Textured yarn, of nylon or other polyamides, =<",22,Processed
540232,"Textured yarn, of nylon or other polyamides, >5",22,Processed
540233,"Textured yarn of polyesters, nprs",22,Processed
540239,"Textured yarn, nes, nprs",22,Processed
540241,"Single yarn of nylon or other polyamides, with",22,Processed
540242,"Single yarn of partially oriented polyesters, w",22,Processed
540243,"Single yarn of polyesters, nes, with =<50turns/",22,Processed
540249,"Single synthetic yarn, nes, with =<50turns/m, n",22,Processed
540251,"Single yarn of nylon or other polyamides, with",22,Processed
540252,"Single yarn of polyesters, with >50turns/m, npr",22,Processed
540259,"Single synthetic yarn, nes, with >50turns/m, np",22,Processed
540261,Multiple or cabled yarn of nylon or other polya,22,Processed
540262,"Multiple or cabled yarn of polyesters, nprs",22,Processed
540269,"Multiple or cabled yarn, nes, nprs",22,Processed
540310,"High tenacity yarn of viscose rayon, nprs",22,Processed
540320,"Artificial textured yarn, nprs",22,Processed
540331,"Single yarn of viscose rayon, with =<120turns/m",22,Processed
540332,"Single yarn of viscose rayon, with >120turns/m,",22,Processed
540333,"Single yarn of cellulose acetate, nprs",22,Processed
540339,"Single artificial yarn, nes, nprs",22,Processed
540341,"Multiple or cabled yarn of viscose rayon, nprs",22,Processed
540342,"Multiple or cabled yarn of cellulose acetate, n",22,Processed
540349,"Multiple or cabled artificial yarn, nes, nprs",22,Processed
540410,Synthetic monofilament of >=67decitex,22,Processed
540490,Strip and the like of synthetic textile materia,22,Processed
540500,Monofilament; strip and the like of artificial,22,Processed
540710,Woven fabrics of high tenacity yarn of nylon...,22,Processed
540720,Woven fabrics obtained from synthetic strip or,22,Processed
540730,Fabrics of synthetic filament yarn specified in,22,Processed
540741,"Unbleached or bleached woven fabrics, >=85% nyl",22,Processed
540742,"Dyed woven fabrics of synthetic filament yarn,",22,Processed
540743,Coloured woven fabrics of synthetic filament ya,22,Processed
540744,Printed woven fabrics of synthetic filament yar,22,Processed
540751,"Unbleached or bleached woven fabrics, >=85% tex",22,Processed
540752,"Dyed woven fabrics of synthetic filament yarn,",22,Processed
540753,"Coloured woven fabrics of synthetic yarn, >=85%",22,Processed
540754,"Printed woven fabrics of synthetic yarn, >=85%",22,Processed
540760,"Other woven fabrics of synthetic yarn, >=85% no",22,Processed
540771,"Unbleached or bleached woven fabrics, >=85% syn",22,Processed
540772,"Dyed woven fabrics, >=85% synthetic filaments,",22,Processed
540773,"Coloured woven fabrics, >=85% synthetic filamen",22,Processed
540774,"Printed woven fabrics, >=85% synthetic filament",22,Processed
540781,"Unbleached or bleached woven fabrics, <85% synt",22,Processed
540782,"Dyed woven fabrics, <85% synthetic filaments, m",22,Processed
540783,"Coloured woven fabrics, <85% synthetic filament",22,Processed
540784,"Printed woven fabrics, <85% synthetic filaments",22,Processed
540791,Unbleached or bleached woven fabrics of synthet,22,Processed
540792,"Dyed woven fabrics of synthetic filament yarn,",22,Processed
540793,Coloured woven fabrics of synthetic filament ya,22,Processed
540794,Printed woven fabrics of synthetic filament yar,22,Processed
540810,Woven fabrics of high tenacity synthetic filame,22,Processed
540821,"Unbleached or bleached woven fabrics, >=85% art",22,Processed
540822,"Dyed woven fabrics, >=85% artificial filaments",22,Processed
540823,"Coloured woven fabrics, >=85% artificial filame",22,Processed
540824,"Printed woven fabrics, >=85% artificial filamen",22,Processed
540831,Unbleached or bleached woven fabrics of artific,22,Processed
540832,"Dyed woven fabrics of artificial filament yarn,",22,Processed
540833,Coloured woven fabrics of artificial filament y,22,Processed
540834,Printed woven fabrics of artificial filament ya,22,Processed
550110,Synthetic filament tow of nylon or other polyam,22,Processed
550120,Synthetic filament tow of polyesters,22,Processed
550130,"Synthetic filament tow, acrylic or modacrylic",22,Processed
550190,"Synthetic filament tow, nes",22,Processed
550200,Artificial filament tow,22,Processed
550310,"Synthetic staple fibres, of nylon or other poly",22,Processed
550320,"Synthetic staple fibres, of polyesters, not car",22,Processed
550330,"Acrylic or modacrylic synthetic staple fibres,",22,Processed
550340,"Synthetic staple fibres, of polypropylene, not",22,Processed
550390,"Synthetic staple fibres, nes, not carded, etc",22,Processed
550410,"Artificial staple fibres, of viscose rayon, not",22,Processed
550490,"Artificial staple fibres, (excl. viscose), not",22,Processed
550610,"Synthetic staple fibres, of nylon or other poly",22,Processed
550620,"Synthetic staple fibres, of polyesters, carded,",22,Processed
550630,"Acrylic or modacrylic synthetic staple fibres,",22,Processed
550690,"Synthetic staple fibres, nes, carded, etc",22,Processed
550700,"Artificial staple fibres, carded, combed or pro",22,Processed
550810,Sewing thread of synthetic staple fibres,22,Processed
550820,Sewing thread of artificial staple fibres,22,Processed
550911,"Single yarn, with >=85% staple fibres of nylon",22,Processed
550912,"Multiple or cabled yarn, >=85% staple fibres of",22,Processed
550921,"Single yarn, with >=85% polyester staple fibres",22,Processed
550922,"Multiple or cabled yarn, with >=85% polyester s",22,Processed
550931,"Single yarn, with >=85% acrylic or modacrylic s",22,Processed
550932,"Multiple or cabled yarn, >=85% acrylic or modac",22,Processed
550941,"Single yarn, with >=85% synthetic staple fibres",22,Processed
550942,"Multiple or cabled yarn, with >=85% synthetic s",22,Processed
550951,"Yarn, <85% polyester staple fibres, with artifi",22,Processed
550952,"Yarn, <85% polyester staple fibres, with wool o",22,Processed
550953,"Yarn, <85% polyester staple fibres, mixed with",22,Processed
550959,"Yarn, <85% polyester staple fibres, nes, nprs",22,Processed
550961,"Yarn, <85% acrylic or modacrylic staple fibres,",22,Processed
550962,"Yarn, <85% acrylic or modacrylic staple fibres,",22,Processed
550969,"Yarn, <85% acrylic or modacrylic staple fibres,",22,Processed
550991,"Yarn, <85% synthetic staple fibres, nes, mixed",22,Processed
550992,"Yarn, <85% synthetic staple fibres, nes, mixed",22,Processed
550999,"Yarn, <85% synthetic staple fibres, nes, nprs",22,Processed
551011,"Single yarn, with >=85% artificial staple fibre",22,Processed
551012,"Multiple or cabled yarn, with >=85% artificial",22,Processed
551020,"Yarn, with <85% artificial staple fibres, mixed",22,Processed
551030,"Yarn, with <85% artificial staple fibres, mixed",22,Processed
551090,"Yarn, with <85% artificial staple fibres, nes,",22,Processed
551211,"Unbleached or bleached woven fabrics, >=85% pol",22,Processed
551219,"Printed, dyed or coloured woven fabrics, >=85%",22,Processed
551221,"Unbleached or bleached woven fabrics, >=85% acr",22,Processed
551229,"Printed, dyed or coloured woven fabrics, >=85%",22,Processed
551291,"Unbleached or bleached woven fabrics, >=85% syn",22,Processed
551299,"Printed, dyed, coloured woven fabrics, >=85% sy",22,Processed
551311,"Plain weave fabrics, <85% polyester fibres + co",22,Processed
551312,"3 or 4-thread twill, <85% polyester staple fibr",22,Processed
551313,"Woven fabrics, nes, <85% polyester staple fibre",22,Processed
551319,"Woven fabrics, <85% synthetic staple fibres + c",22,Processed
551321,"Dyed plain weave fabrics, <85% polyester fibres",22,Processed
551322,"Dyed 3 or 4-thread twill, <85% polyester fibres",22,Processed
551323,"Dyed woven fabrics, nes, <85% polyester fibres",22,Processed
551329,"Dyed woven fabrics, <85% synthetic fibres + cot",22,Processed
551331,"Coloured plain weave fabrics, <85% polyester fi",22,Processed
551332,"Coloured 3 or 4-thread twill, <85% polyester fi",22,Processed
551333,"Coloured woven fabrics, nes, <85% polyester fib",22,Processed
551339,"Coloured woven fabrics, <85% synthetic fibres +",22,Processed
551341,"Printed plain weave fabrics, <85% polyester fib",22,Processed
551342,"Printed 3 or 4-thread twill, <85% polyester fib",22,Processed
551343,"Printed woven fabrics, nes, <85% polyester fibr",22,Processed
551349,"Printed woven fabrics, <85% synthetic fibres +",22,Processed
551411,"Plain weave fabrics, <85% polyester staple fibr",22,Processed
551412,"3 or 4-thread twill, <85% polyester staple fibr",22,Processed
551413,"Woven fabrics, nes, <85% polyester staple fibre",22,Processed
551419,"Woven fabrics, <85% synthetic staple fibres + c",22,Processed
551421,"Dyed plain weave fabrics, <85% polyester fibres",22,Processed
551422,"Dyed 3 or 4-thread twill, <85% polyester fibres",22,Processed
551423,"Dyed woven fabrics, nes, <85% polyester fibres",22,Processed
551429,"Dyed woven fabrics, <85% synthetic fibres + cot",22,Processed
551431,"Coloured plain weave fabrics, <85% polyester fi",22,Processed
551432,"Coloured 3 or 4-thread twill, <85% polyester fi",22,Processed
551433,"Coloured woven fabrics, nes, <85% polyester fib",22,Processed
551439,"Coloured woven fabrics, <85% synthetic fibres +",22,Processed
551441,"Printed plain weave fabrics, <85% polyester fib",22,Processed
551442,"Printed 3 or 4-thread twill, <85% polyester fib",22,Processed
551443,"Printed woven fabrics, nes, <85% polyester fibr",22,Processed
551449,"Printed woven fabrics, <85% synthetic fibres +",22,Processed
551511,"Woven fabrics, <85% polyester staple fibres, wi",22,Processed
551512,"Woven fabrics of polyester staple fibres, mixed",22,Processed
551513,"Woven fabrics of polyester staple fibres, mixed",22,Processed
551519,"Woven fabrics of polyester staple fibres, nes",22,Processed
551521,"Woven fabrics of acrylic or modacrylic fibres,",22,Processed
551522,"Woven fabrics of acrylic or modacrylic fibres,",22,Processed
551529,Woven fabrics of acrylic or modacrylic staple f,22,Processed
551591,"Woven fabrics of synthetic staple fibres, nes,",22,Processed
551592,"Woven fabrics of synthetic staple fibres, nes,",22,Processed
551599,"Woven fabrics of synthetic staple fibres, nes",22,Processed
551611,"Unbleached or bleached woven fabrics, >=85% art",22,Processed
551612,"Dyed woven fabrics, >=85% artificial staple fib",22,Processed
551613,"Coloured woven fabrics, >=85% artificial staple",22,Processed
551614,"Printed woven fabrics, >=85% artificial staple",22,Processed
551621,"Woven fabrics, <85% artificial fibres, with man",22,Processed
551622,"Dyed woven fabrics, <85% artificial fibres, wit",22,Processed
551623,"Coloured woven fabrics, <85% artificial fibres,",22,Processed
551624,"Printed woven fabrics, <85% artificial fibres,",22,Processed
551631,"Woven fabrics, <85% artificial fibres, with woo",22,Processed
551632,"Dyed woven fabrics, <85% artificial fibres, wit",22,Processed
551633,"Coloured woven fabrics, <85% artificial staple",22,Processed
551634,"Printed woven fabrics, <85% artificial staple f",22,Processed
551641,"Woven fabrics, <85% artificial staple fibres, m",22,Processed
551642,"Dyed woven fabrics, <85% artificial staple fibr",22,Processed
551643,"Coloured woven fabrics, <85% artificial staple",22,Processed
551644,"Printed woven fabrics, <85% artificial staple f",22,Processed
551691,"Woven fabrics, artificial staple fibres, nes",22,Processed
551692,"Dyed woven fabrics, artificial staple fibres, n",22,Processed
551693,"Coloured woven fabrics, artificial staple fibre",22,Processed
551694,"Printed woven fabrics, artificial staple fibres",22,Processed
560110,"Sanitary towels and tampons, napkins, etc, of t",22,Processed
560121,Cotton wadding and articles thereof,22,Processed
560122,Wadding of man-made fibres and articles thereof,22,Processed
560129,"Wadding and articles of wadding, nes",22,Processed
560130,Textile flock and dust and mill neps,22,Processed
560210,Needleloom felt and stitch-bonded fibre fabrics,22,Processed
560221,Felt of wool or fine animal hair (excl. impregn,22,Processed
560229,"Felt of textile materials (excl. impregnated, c",22,Processed
560290,"Felt, nes",22,Processed
560300,Nonwovens,22,Processed
560410,"Rubber thread and cord, textile covered",22,Processed
560420,"High tenacity yarn of polyesters, of nylon... ,",22,Processed
560490,"Textile yarn and strip, etc, impregnated or coa",22,Processed
560500,"Metallized yarn, being textile yarn, or strip,",22,Processed
560600,Gimped yarn and strip; chenille yarn; loop wale,22,Processed
560710,"Twine, cordage, ropes and cables, of jute or ot",22,Processed
560721,"Binder or baler twine of sisal, etc, of the gen",22,Processed
560729,"Twine, cordage, ropes and cables, of sisal, etc",22,Processed
560730,"Twine, cordage, ropes and cables, of abaca or o",22,Processed
560741,Binder or baler twine of polyethylene or polypr,22,Processed
560749,"Twine, cordage, ropes and cables, of polyethyle",22,Processed
560750,"Twine, cordage, ropes and cables, of synthetic",22,Processed
560790,"Twine, cordage, ropes and cables, nes",22,Processed
560811,Made up fishing nets of man-made textile materi,22,Processed
560819,Knotted netting of man-made textile materials (,22,Processed
560890,"Knotted netting of twine, cordage or rope of te",22,Processed
560900,"Articles of yarn, strip, etc, twine, cordage, r",22,Processed
580110,Woven pile fabrics and chenille fabrics of wool,22,Processed
580121,Uncut weft pile fabrics of cotton,22,Processed
580122,Cut corduroy of cotton,22,Processed
580123,"Weft pile fabrics of cotton, nes",22,Processed
580124,"Warp pile fabrics, epingle (uncut), of cotton",22,Processed
580125,"Warp pile fabrics, cut, of cotton",22,Processed
580126,"Chenille fabrics, of cotton",22,Processed
580131,"Uncut weft pile fabrics of man-made fibres, nes",22,Processed
580132,"Cut corduroy of man-made fibres, nes",22,Processed
580133,"Weft pile fabrics of man-made fibres, nes",22,Processed
580134,"Warp pile fabrics, epingle (uncut), of man-made",22,Processed
580135,"Warp pile fabrics, cut, of man-made fibres, nes",22,Processed
580136,"Chenille fabrics of man-made fibres, nes",22,Processed
580190,Woven pile and chenille fabrics of other textil,22,Processed
580211,Unbleached terry towelling and similar woven te,22,Processed
580219,Terry towelling and similar woven terry fabrics,22,Processed
580220,Terry towelling and similar woven terry fabrics,22,Processed
580230,Tufted textile fabrics,22,Processed
580310,Cotton gauze (excl. narrow fabrics),22,Processed
580390,Gauze of other textiles (excl. narrow fabrics),22,Processed
580410,Tulles and other net fabrics,22,Processed
580421,"Lace of man-made fibres in piece, in strips or",22,Processed
580429,"Lace of other textiles in piece, in strips or i",22,Processed
580430,"Hand-made lace in pieces, in strips or in motif",22,Processed
580610,Narrow woven pile fabrics and chenille fabrics,22,Processed
580620,"Narrow woven fabrics, with >=5% elastomeric yar",22,Processed
580631,"Narrow woven fabrics of cotton, nes",22,Processed
580632,"Narrow woven fabrics of man-made fibres, nes",22,Processed
580639,"Narrow woven fabrics of other textiles, nes",22,Processed
580640,Fabrics with warp without weft assembled by an,22,Processed
580710,"Labels, badges... of textiles, woven, in piece.",22,Processed
580790,"Labels, badges... of textiles, unwoven, in piec",22,Processed
580810,"Braids, in the piece",22,Processed
580890,"Ornamental trimmings in the piece; tassels, pom",22,Processed
580900,Woven fabrics of metal thread and woven fabrics,22,Processed
581010,Embroidery without visible ground,22,Processed
581091,"Cotton embroidery, in the piece, in strips or i",22,Processed
581092,"Embroidery of man-made fibres, in the piece, in",22,Processed
581099,"Embroidery of other textiles, in the piece, in",22,Processed
581100,Quilted textile products in the piece (excl. em,22,Processed
590110,Textile fabrics coated with gum or amylaceous s,22,Processed
590190,Tracing cloth; prepared painting canvas; buckra,22,Processed
590210,Tyre cord fabric of high tenacity yarn of nylon,22,Processed
590220,Tyre cord fabric of high tenacity yarn of polye,22,Processed
590290,Tyre cord fabric of high tenacity yarn of visco,22,Processed
590310,Textile fabrics impregnated... with polyvinyl c,22,Processed
590320,Textile fabrics impregnated... with polyurethan,22,Processed
590390,"Textile fabrics impregnated... with plastics, n",22,Processed
590500,Textile wall coverings,22,Processed
590610,Adhesive tape of a width =<20cm,22,Processed
590691,Knitted or crocheted rubberized textile fabrics,22,Processed
590699,"Rubberized textile fabrics, nes",22,Processed
590700,Textile fabrics otherwise impregnated... ; pain,22,Processed
590800,Textile wicks for lamps...; incandescent gas ma,22,Processed
600110,"Long pile fabrics, knitted or crocheted",22,Processed
600121,"Looped pile fabrics of cotton, knitted or croch",22,Processed
600122,"Looped pile fabrics of man-made fibres, knitted",22,Processed
600129,"Looped pile fabrics of textile materials, knitt",22,Processed
600191,"Pile fabrics of cotton, nes, knitted or crochet",22,Processed
600192,"Pile fabrics of man-made fibres, nes, knitted o",22,Processed
600199,"Pile fabrics of textile materials, nes, knitted",22,Processed
600210,"Knitted or crocheted fabrics, =<30cm wide, >=5%",22,Processed
600220,"Knitted or crocheted fabrics, =<30cm wide, non-",22,Processed
600230,"Knitted or crocheted fabrics, >30cm wide, >=5%",22,Processed
600241,"Fabrics, warp knit, of wool or fine animal hair",22,Processed
600242,"Fabrics, warp knit, of cotton",22,Processed
600243,"Fabrics, warp knit, of man-made fibres",22,Processed
600249,"Fabrics, warp knit, nes",22,Processed
600291,Weft knits and crocheted fabrics of wool...,22,Processed
600292,Weft knits or crocheted fabrics of cotton,22,Processed
600293,Weft knits or crocheted fabrics of man-made fib,22,Processed
600299,"Weft knits or crocheted fabrics, nes",22,Processed
630510,"Sacks and bags, used for packing goods, of jute",22,Processed
630520,"Sacks and bags, used for packing goods, of cott",22,Processed
630531,"Sacks and bags, used for packing goods, of poly",22,Processed
630539,"Sacks and bags, used for packing goods, of man-",22,Processed
630590,"Sacks and bags, used for packing goods, of othe",22,Processed
650100,"Hat-forms, hat bodies and hoods of felt; platea",22,Processed
650200,"Hat-shapes, plaited or made by assembling strip",22,Processed
660310,Handles and knobs of articles of 66.01 or 66.02,22,Processed
660320,"Umbrella frames, including frames mounted on sh",22,Processed
660390,"Parts, trimmings and accessories of articles of",22,Processed
670100,"Prepared skins of birds with feathers or down,",22,Processed
670210,"Artificial flowers, foliage and fruit and artic",22,Processed
670290,"Artificial flowers, foliage, etc and articles t",22,Processed
670300,"Human hair, dressed, etc; animal hair and synth",22,Processed
680100,"Setts, curbstones and flagstones of natural sto",22,Processed
680210,Tiles etc rect or not >7 cm etc; arti coloured,22,Processed
680221,"Monumental/building stone,cut/sawn flat/even,ma",22,Processed
680222,"Monumental/building stone, cut/sawn flat or eve",22,Processed
680223,"Monumental/building stone, cut/sawn flat or eve",22,Processed
680229,"Monumental/building stone, cut/sawn flat or eve",22,Processed
680291,"Worked monumental/building stone nes, marble, t",22,Processed
680292,"Worked monumental/building stone nes, calcareou",22,Processed
680293,"Worked monumental/building stone nes, granite",22,Processed
680299,Worked monumental/building stone nes,22,Processed
680300,Worked slate and articles of slate or of agglom,22,Processed
680410,"Millstones and grindstones for milling, grindin",22,Processed
680421,"Millstones,grindstones etc of agglomerated synt",22,Processed
680422,"Millstones, grindstones etc of oth agglomerated",22,Processed
680423,"Millstones, grindstones etc of natural stone",22,Processed
680430,Hand sharpening or polishing stones,22,Processed
680510,Natural or artificial abrasive powder or grain,22,Processed
680520,Natural or artificial abrasive powder or grain,22,Processed
680530,Natural or artificial abrasive powder or grain,22,Processed
680610,"Slag wool, rock wool & similar mineral wools in",22,Processed
680620,"Exfoliated vermiculite,expanded clays,foamed sl",22,Processed
680690,"Art. of heat/sound insulating,etc,nes,mineral m",22,Processed
680710,"Asphalt or similar material articles, in rolls",22,Processed
680790,Asphalt or similar material articles nes,22,Processed
680800,"Panels,boards etc of veg fbr,straw etc agglomer",22,Processed
680911,Plaster boards etc not ornamental faced or rein,22,Processed
680919,Plaster boards etc not ornamental faced or rein,22,Processed
680990,Articles of plaster or compositions based on pl,22,Processed
681011,"Building blocks and bricks of cement, concrete",22,Processed
681019,"Tiles,flagstones and similar art. of cement/con",22,Processed
681020,Pipes of cement or concrete,22,Processed
681091,Prefabri structural components of buildings etc,22,Processed
681099,"Articles of cement, of concrete or of artificia",22,Processed
681110,"Corrugated sheets of asbestos-cement,of cellulo",22,Processed
681120,"Sheets nes,panels/tiles etc of asbestos-cement,",22,Processed
681130,"Tubes,pipes&tube or pipe fittings of asbestos-c",22,Processed
681190,"Articles nes, of asbestos-cement of cellulose f",22,Processed
681210,Asbestos fibres etc,22,Processed
681220,Asbestos yarn and thread,22,Processed
681230,"Asbestos cords and string, whether or not plait",22,Processed
681240,Asbestos woven or knitted fabric,22,Processed
681250,"Asbestos clothing, clothing accessories, footwe",22,Processed
681260,"Asbestos paper, millboard and felt",22,Processed
681270,"Compressed asbestos fibre jointing, in sheets o",22,Processed
681290,Asbestos fabricated products nes,22,Processed
681310,Asbestos brake linings and pads,22,Processed
681390,Asbestos friction material and articles nes,22,Processed
681410,"Mica plates,sheets and strips,agglomerated/reco",22,Processed
681490,Worked mica and articles of mica nes,22,Processed
681510,Non-electrical articles of graphite or other ca,22,Processed
681520,Articles of peat,22,Processed
681591,"Articles containing magnesite, dolomite or chro",22,Processed
681599,Articles of stone or of other mineral substance,22,Processed
690100,"Bricks, blocks etc&ceramic gds of siliceous fos",22,Processed
690210,"Refractory bricks etc >50% Mg, Ca or Cr express",22,Processed
690220,"Refractory bricks etc >50% alumina Al2O3, silic",22,Processed
690290,Refractory bricks etc nes,22,Processed
690310,"Refractory ceramic gds nes, >50% of graphite or",22,Processed
690320,"Refractory ceramic gds nes,>50% of Al2O3 or mx/",22,Processed
690390,Refractory ceramic goods nes,22,Processed
690410,Building bricks,22,Processed
690490,"Ceramic flooring blocks, support or filler tile",22,Processed
690510,"Roofing tiles, ceramic",22,Processed
690590,"Chimney-pots, cowls, chimney liners etc&oth cer",22,Processed
690600,"Ceramic pipes, conduits, guttering and pipe fit",22,Processed
690710,"Tiles, cubes and sim <7 cm rect or not etc, ung",22,Processed
690790,"Tiles, cubes and sim nes, unglazed ceramics",22,Processed
690810,"Tiles, cubes and sim <7 cm rect or not etc, gla",22,Processed
690890,"Tiles, cubes and sim nes, glazed ceramics",22,Processed
690911,"Ceramic wares laboratory,chemical/oth technical",22,Processed
690919,"Ceramic wares laboratory, chemical/other techni",22,Processed
690990,"Ceramic troughs, tubes etc used in agriculture,",22,Processed
691010,"Ceramic sinks,wash basins etc&similar sanitary",22,Processed
691090,"Ceramic sinks, wash basins etc & similar sanita",22,Processed
691410,Articles of porcelain or china nes,22,Processed
691490,Articles of ceramics nes,22,Processed
700100,Cullet and other waste and scrap of glass; glas,22,Processed
700210,"Balls, glass exc microspheres of No 70.18",22,Processed
700220,"Rods, glass",22,Processed
700231,Tubes of fused quartz or other fused silica,22,Processed
700232,Tubes of glass linear coef of exp =<5 X 10-6 pe,22,Processed
700239,Tubes of glass nes,22,Processed
700311,Cast gls sheets non-wired coloured etc having a,22,Processed
700319,Cast glass sheets non-wired nes,22,Processed
700320,Cast glass sheets wired,22,Processed
700330,Cast glass profiles,22,Processed
700410,"Drawn glass sheets, coloured etc having an abso",22,Processed
700490,Drawn glass in sheets nes,22,Processed
700510,"Float gls etc in sheets,non-wired having an abs",22,Processed
700521,"Float glass etc in sheets, non-wired coloured t",22,Processed
700529,"Float glass etc in sheets, non-wired nes",22,Processed
700530,"Float glass etc in sheets, wired",22,Processed
700600,"Glass of 70.03, 70.04, 70.05 bent, edge-worked",22,Processed
700711,"Safety gls toughened (tempered) for vehicles,ai",22,Processed
700719,Safety glass toughened (tempered) nes,22,Processed
700721,"Safety glass laminated for vehicles, aircraft,",22,Processed
700729,Safety glass laminated nes,22,Processed
700800,Multiple-walled insulating units of glass,22,Processed
700910,Rear-view mirrors for vehicles,22,Processed
700991,"Glass mirrors, unframed",22,Processed
700992,"Glass mirrors, framed",22,Processed
701010,Ampoules of glass conveyance or packing,22,Processed
701090,Carboys/bottles/flasks etc for conveyance of gd,22,Processed
701110,Glass envelopes (including bulbs/tubes) for ele,22,Processed
701120,Glass envelopes (including bulbs/tubes) for cat,22,Processed
701190,Glass envelopes (including bulbs/tubes) nes,22,Processed
701200,Glass inners for vacuum flasks or for other vac,22,Processed
701400,Signalling glsware&optical elements gls (o/t 70,22,Processed
701510,"Glasses for corrective spectacles, not opticall",22,Processed
701590,Clock or watch glasses etc curved/bent not opti,22,Processed
701610,Gls cubes&oth gls smallwares backed or not for,22,Processed
701690,"Paving blocks etc for building/const etc, leade",22,Processed
701710,"Laboratory,hygienic or pharmaceutical glsware e",22,Processed
701720,Laboratory glassware etc of other glass linear,22,Processed
701790,"Laboratory, hygienic or pharmaceutical glasswar",22,Processed
701810,"Glass beads, imitation pearls, imitation precio",22,Processed
701820,Glass microspheres not exceeding 1 mm in diamet,22,Processed
701890,"Articles of glass etc exc jewellery, glass eyes",22,Processed
701910,"Slivers, rovings, yarn and chopped strands of g",22,Processed
701920,"Woven fabrics, including narrow fabrics of glas",22,Processed
701931,Mats of glass fibres,22,Processed
701932,Thin sheets (voiles) of glass fibres,22,Processed
701939,"Webs, mattresses, boards and similar nonwoven p",22,Processed
701990,Glass fibres (including glass wool) and article,22,Processed
702000,Articles of glass nes,22,Processed
710239,Diamonds non-industrial nes excluding mounted o,22,Processed
710391,"Rubies, sapphires and emeralds further worked t",22,Processed
710399,Precious or semi-precious stones nes further wk,22,Processed
710410,Piezo-electric quartz whether or not worked or,22,Processed
710420,Syn or reconstr prec/semi-prec stones unwkd (si,22,Processed
710490,Syn or reconstr prec/semi-prec stones further w,22,Processed
710610,Silver powder,22,Processed
710691,Silver in unwrought forms,22,Processed
710692,Silver in oth semi-manufactured forms (silver p,22,Processed
710700,"Base metals clad with silver, not further worke",22,Processed
710811,Gold powder non-monetary,22,Processed
710812,Gold in unwrought forms non-monetary,22,Processed
710813,"Gold in oth semi-manufactured forms,non-monetar",22,Processed
710900,"Base metals or silver, clad with gold, not furt",22,Processed
711011,Platinum unwrought or in powder form,22,Processed
711019,Platinum in other semi-manufactured forms,22,Processed
711021,Palladium unwrought or in powder form,22,Processed
711029,Palladium in other semi-manufactured forms,22,Processed
711031,Rhodium unwrought or in powder form,22,Processed
711039,Rhodium in other semi-manufactured forms,22,Processed
711041,"Iridium, osmium and ruthenium unwrought or in p",22,Processed
711049,"Iridium, osmium and ruthenium in other semi-man",22,Processed
711100,"Base metals, silver or gold clad with platinum",22,Processed
720110,"Pig iron,non-alloy,containing by wt.=<0.5% of p",22,Processed
720120,"Pig iron,non-alloy,containing by wt. >0.5% of p",22,Processed
720130,"Pig iron, alloy in primary forms",22,Processed
720140,Spiegeleisen in primary forms,22,Processed
720211,"Ferro-manganese, containing by weight more than",22,Processed
720219,"Ferro-manganese, nes",22,Processed
720221,"Ferro-silicon, containing by weight more than 5",22,Processed
720229,"Ferro-silicon, nes",22,Processed
720230,Ferro-silico-manganese,22,Processed
720241,Ferro-chromium containing by weight more than 4,22,Processed
720249,"Ferro-chromium, nes",22,Processed
720250,Ferro-silico-chromium,22,Processed
720260,Ferro-nickel,22,Processed
720270,Ferro-molybdenum,22,Processed
720280,Ferro-tungsten and ferro-silico-tungsten,22,Processed
720291,Ferro-titanium and ferro-silico-titanium,22,Processed
720292,Ferro-vanadium,22,Processed
720293,Ferro-niobium,22,Processed
720299,"Ferro-alloys, nes",22,Processed
720310,Ferrous products obtained by direct reduction o,22,Processed
720390,"Spongy ferrous products, or iron having a minim",22,Processed
720510,Granules of pig iron or spiegeleisen,22,Processed
720521,"Powders, alloy steel",22,Processed
720529,"Powders, iron or steel, other than alloy",22,Processed
720610,"Ingots, iron or non-alloy steel, of a purity of",22,Processed
720690,"Primary forms, iron or non-alloy steel, nes, of",22,Processed
720711,"Semi-fin prod,i/nas,rect/sq cross-sect cntg by",22,Processed
720712,"Semi-fin prod,iron or n-al steel,rect/ sq cross",22,Processed
720719,"Semi-fin prod, iron or non-alloy steel, cntg by",22,Processed
720720,"Semi-fin prod, iron or non-alloy steel, w/ carb",22,Processed
720811,"Flat rlld prod, i/nas, in coil, hr,=>600mm w, >",22,Processed
720812,"Flat rlld prod, i/nas, in coil, hr,=>600mm w, 4",22,Processed
720813,"Flat rlld prod, i/nas, in coil, hr,=>600mm w, 3",22,Processed
720814,"Flat rolled prod, i/nas, in coil, hr, =>600mm w",22,Processed
720821,"Flat rolled prod, i/nas, in coil, hr, =>600mm w",22,Processed
720822,"Flat rlld prod, i/nas, in coil, hr,=>600mm w, 4",22,Processed
720823,"Flat rlld prod, i/nas, in coil, hr,=>600mm w, 3",22,Processed
720824,"Flat rlld prod, i/nas, in coil, hr,=>600mm w, l",22,Processed
720831,"Flat rolled prod, i/nas,nic,hr,=>600mm width, =",22,Processed
720832,"Flat rolled prod, i/nas, nic, hr =>600mm wide,",22,Processed
720833,"Flat rlld prod, i/nas, nic, hr=>600mm w, 4.75mm",22,Processed
720834,"Flat rolled prod, i/nas,nic,hr=>600mm wide, 3mm",22,Processed
720835,"Flat rolled prod, i/nas,nic,hr=>600mm wide, les",22,Processed
720841,"Flat rolled prod, i/nas, nic, hr 600mm =<width",22,Processed
720842,"Flat rolled prod, i/nas, not in coil, hr =>600m",22,Processed
720843,"Flat rlld prod, i/nas, not in coil, hr=>600mm w",22,Processed
720844,"Flat rolled prod, i/nas, not in coil, hr =>600m",22,Processed
720845,"Flat rolled prod, i/nas, not in coil, hr =>600m",22,Processed
720890,"Flat rolled prod, i/nas, not further worked tha",22,Processed
720911,"Flat rolled prod, i/nas, in coil, cr, =>600mm w",22,Processed
720912,"Flat rlld prod, i/nas, in coil, cr,=>600mm w, 1",22,Processed
720913,"Flat rlld prod,i/nas,in coil,cr,=>600mm w,0.5mm",22,Processed
720914,"Flat rlld prod, i/nas, in coil, cr,=>600mm w, <",22,Processed
720921,"Flat rolled prod, i/nas, in coil, cr, =>600mm w",22,Processed
720922,"Flat rolled prod, i/nas, in coil, cr, =>600mm w",22,Processed
720923,"Flat rlld prod, i/nas, in coil, cr,=>600mm w, 0",22,Processed
720924,"Flat rlld prod, i/nas, in coil, cr,=>600mm w, l",22,Processed
720931,"Flat rlld prod, i/nas, not in coil, cr=>600mm w",22,Processed
720932,"Flat rolled prod, i/nas, not in coil,cr=>600mm",22,Processed
720933,"Flat rlld prod,i/nas,not in coil,cr=>600mm w,0.",22,Processed
720934,"Flat rlld prod, i/nas, not in coil, cr=>600mm w",22,Processed
720941,"Flat rlld prod, i/nas, not in coil, cr=>600mm w",22,Processed
720942,"Flat rolled prod, i/nas, not in coil, cr =>600m",22,Processed
720943,"Flat rolled prod, i/nas, not in coil, cr =>600m",22,Processed
720944,"Flat rlld prod, i/nas, not in coil, cr=>600mm w",22,Processed
720990,"Flat rolled prod, i/nas, not in coil, cr =>600m",22,Processed
721011,"Flat rolled prod,i/nas, plated or coated with t",22,Processed
721012,"Flat rlld prod, i/nas, plated or coated with ti",22,Processed
721020,"Flat rlld prod,plated or coated with lead,=>600",22,Processed
721031,"Flat rolled prod,steel,electro pltd/w/ zinc,<3m",22,Processed
721039,"Flat rolled prod, i/nas, electro pltd or ctd w",22,Processed
721041,"Flat rolled prod, i/nas, pltd or ctd w zinc, co",22,Processed
721049,"Flat rolled prod, i/nas, plated or coated with",22,Processed
721050,"Flat rlld prod,i/nas,pltd or ctd w chrom oxides",22,Processed
721060,"Flat rolled prod, i/nas, plated or coated with",22,Processed
721070,"Flat rolled prod,i/nas,painted,varnish./coated",22,Processed
721090,"Flat rolled prod, i/nas, clad, plated or coated",22,Processed
721111,"Flat rlld prod,i/nas,hr,rlld on 4 face,150mm <w",22,Processed
721112,"Flat rolled prod, i/nas, hr, <600mm wide =>4.75",22,Processed
721119,"Flat rlld prod,i/nas,hr,<600mm wide <3mm thk my",22,Processed
721121,"Flat rlld prod,i/nas,hr,rlld on 4 faces,150mm <",22,Processed
721122,"Flat rolled prod, i/nas, hr, <600mm wide, =>4.7",22,Processed
721129,"Flat rolled prod, i/nas, hr, <600mm wide nes",22,Processed
721130,"Flat rlld prod,i/nas,cr,<600mm wide<3mm thk myp",22,Processed
721141,"Flat rlld prod,i/nas,cr,<600mm wide cntg by wt",22,Processed
721149,"Flat rolled prod, i/nas, cold rolled or cold re",22,Processed
721190,"Flat rolled prod, i/nas, <600mm wide, not clad,",22,Processed
721210,"Flat rolled prod, i/nas, <600mm wide, plated or",22,Processed
721221,"Flat rlld prod, steel, <600mm w, <3mm thk myp 2",22,Processed
721229,"Flat rolled prod, i/nas, <600mm wide, clad, pla",22,Processed
721230,"Flat rolled prod, i/nas, <600mm wide, o/w plate",22,Processed
721240,"Flat rolled prod,i/nas,<600mm wide,painted,varn",22,Processed
721250,"Flat rolled prod, i/nas, <600mm wide, plated or",22,Processed
721260,"Flat rolled prod, i/nas, <600mm wide, clad",22,Processed
721310,"Bars & rods, i/nas, hr,in irreg wound coils,cnt",22,Processed
721320,"Bars & rods, i/nas, hr, in irreg wound coils, o",22,Processed
721331,"Bars/rods,i/nas,hr,in irreg wnd coils of circ c",22,Processed
721339,"Bars & rods, i/nas, hr, containing by weight le",22,Processed
721341,"Bars&rods,i/nas,hr,of circ cross sect<14mm dia,",22,Processed
721349,"Bars & rods, i/nas, hr, containing by wght 0.25",22,Processed
721350,"Bars&rods,iron or non-alloy steel,hr containing",22,Processed
721410,"Bars & rods, iron or non-alloy steel forged",22,Processed
721420,"Bars&rods,i/nas,hr,hd or he,cntg indent,ribs,et",22,Processed
721430,"Bars&rods, i/nas, hot rlld drawn or extruded of",22,Processed
721440,"Bars&rods,i/nas,hot rlld,drawn/extruded,cntg by",22,Processed
721450,"Bars & rods, i/nas, hr, hd or he, cntg by wght",22,Processed
721460,"Bars & rods, i/nas, hr, hd or he, cntg by wght",22,Processed
721510,"Bars&rods,i/nas,nfw than cold formed or finishe",22,Processed
721520,"Bars & rods, i/nas, nfw than cold formed or fin",22,Processed
721530,"Bars&rods,i/nas,nfw than cold formed or finishe",22,Processed
721540,"Bars & rods, i/nas, nfw than cold formed or fin",22,Processed
721590,"Bars & rods, i/nas, nes",22,Processed
721610,"Sections, U,I or H,i/nas,nfw than hot rolled/dr",22,Processed
721621,"Sections,L,i/nas,nfw than hot rlld,drawn/extrud",22,Processed
721622,"Sections,T,i/nas,nfw than hot rlld,drawn/extrud",22,Processed
721631,"Sections,U,i/nas,nfw than hot rlld,drawn/extrud",22,Processed
721632,"Sections,I,i/nas,nfw than hot rlld,drawn/extrud",22,Processed
721633,"Sections,H,i/nas,nfw than hot rlld,drawn/extrud",22,Processed
721640,"Sections, L or T, i/nas, nfw than hot rlld, dra",22,Processed
721650,"Angles,shapes and sect,i/nas,nfw than hot rlld/",22,Processed
721660,"Angles, shapes and sections, i/nas, nfw than co",22,Processed
721690,"Angles, shapes and sections, iron or non-alloy",22,Processed
721711,"Wire,i/nas,polished or not,but not plated or co",22,Processed
721712,"Wire,i/nas,plated or coated with zinc,containin",22,Processed
721713,"Wire,i/nas,plated or coated with oth base mtls",22,Processed
721719,"Wire, i/nas, containing by weight less than 0.2",22,Processed
721721,"Wire, i/nas,polished or not,but not pltd or ctd",22,Processed
721722,"Wire, i/nas, plated or coated with zinc contnng",22,Processed
721723,"Wire,i/nas,pltd or ctd with oth base mtls nes,c",22,Processed
721729,"Wire, iron or non-alloy steel, nes containing b",22,Processed
721731,"Wire,i/nas,polished or not,but not pltd or ctd,",22,Processed
721732,"Wire,i/nas,plated or coated with zinc containin",22,Processed
721733,"Wire,i/nas,pltd or ctd with oth base mtls nes,c",22,Processed
721739,"Wire, iron or non-alloy steel, nes containing b",22,Processed
721810,"Ingots and other primary forms, stainless steel",22,Processed
721890,"Semi-finished products, stainless steel",22,Processed
721911,"Flat rlld prod,stainless steel,hr,in coil,=>600",22,Processed
721912,"Flat rlld prod, stainless steel, hr, in coil,=>",22,Processed
721913,"Flat rlld prod, stainless steel, hr in coil,=>6",22,Processed
721914,"Flat rlld prod, stainless steel, hr in coil,=>6",22,Processed
721921,"Flat rlld prod, stainless steel, hr, nic,=>600m",22,Processed
721922,"Flat rlld prod, stainless steel, hr, nic, >600m",22,Processed
721923,"Flat rlld prod, stainless steel, hr, nic, >600m",22,Processed
721924,"Flat rlld prod, stainless steel, hr, nic, >600m",22,Processed
721931,"Flat rolled prod, stainless steel, cr, >600mm w",22,Processed
721932,"Flat rolled prod, stainless steel, cr, >600mm w",22,Processed
721933,"Flat rolled prod, stainless steel, cr, 600mm wi",22,Processed
721934,"Flat rolled prod, stainless steel, cr, >600mm w",22,Processed
721935,"Flat rolled prod, stainless steel, cr, >600mm w",22,Processed
721990,"Flat rolled prod, stainless steel, 600mm or mor",22,Processed
722011,"Flat rolled prod, stainless steel, hr <600mm wi",22,Processed
722012,"Flat rolled prod, stainless steel, hr <600mm wi",22,Processed
722020,"Flat rolled prod, stainless steel, <600mm wide,",22,Processed
722090,"Flat rolled prod, stainless steel, cr <600mm wi",22,Processed
722100,"Bars & rods, stainless steel, hot rolled in irr",22,Processed
722210,"Bars & rods, stainless steel, nfw than hot roll",22,Processed
722220,"Bars & rods, stainless steel, nfw than cold for",22,Processed
722230,"Bars & rods, stainless steel, nes",22,Processed
722240,"Angles, shapes and sections, stainless steel",22,Processed
722300,Wire of stainless steel,22,Processed
722410,"Ingots & other primary forms of alloy steel, o/",22,Processed
722490,Semi-finished products of alloy steel o/t stain,22,Processed
722510,Flat rolled products of silicon-electrical stee,22,Processed
722520,Flat rolled products of high speed steel =>600m,22,Processed
722530,"Flat rlld prod, as, o/t stainless, in coils, nf",22,Processed
722540,"Flat rolled prod, as, o/t stainless, nic nfw th",22,Processed
722550,"Flat rlld prod, as, o/t stainless, nfw than col",22,Processed
722590,"Flat rolled prod, as, o/t stainless, =>600mm wi",22,Processed
722610,"Flat rolled prod, of silicon electrical steel,",22,Processed
722620,"Flat rolled prod, of high speed steel, <600mm w",22,Processed
722691,"Flat rlld prod, as, o/t stainless, nfw than hot",22,Processed
722692,"Flat rolled prod, as, o/t stainless, nfw than c",22,Processed
722699,"Flat rolled prod, as, o/t stainless, <600mm wid",22,Processed
722710,"Bars & rods, of high speed steel, hr, in irregu",22,Processed
722720,"Bars & rods, of silico-manganese steel, hr, in",22,Processed
722790,"Bars&rods,alloy steel,o/t stainless hr,in irreg",22,Processed
722810,"Bars and rods of high speed steel, nes",22,Processed
722820,Bars and rods of silico-manganese steel nes,22,Processed
722830,"Bars&rods,alloy steel,o/t stainless nfw than ho",22,Processed
722840,"Bars & rods, as, o/t stainless, not further wor",22,Processed
722850,"Bars&rods, as, o/t stainless, not further wkd t",22,Processed
722860,"Bars & rods, as, o/t stainless, nes",22,Processed
722870,"Angles, shapes and sections, as, o/t stainless,",22,Processed
722880,"Bars & rods, hollow drill, alloy or non-alloy s",22,Processed
722910,Wire of high speed steel,22,Processed
722920,Wire of silico-manganese steel,22,Processed
722990,"Wire of alloy steel, o/t stainless",22,Processed
730110,"Sheet piling,i or s whether or not drilled/punc",22,Processed
730120,"Angles, shapes and sections, welded, iron or st",22,Processed
730210,"Rails, iron or steel",22,Processed
730220,"Sleepers (cross-ties), iron or steel",22,Processed
730230,"Switch blades, crossing frogs, point rods & oth",22,Processed
730240,"Fish plates and sole plates, iron or steel",22,Processed
730290,Rail or tramway construction material of iron o,22,Processed
730300,"Tubes, pipes and hollow profiles of cast iron",22,Processed
730410,"Pipes, line, iron or steel, smls, of a kind use",22,Processed
730420,"Casings,tubing&drill pipe,i/st,smls,for use in",22,Processed
730431,"Tubes,pipe&hollow profiles,i or nas,smls,cd/cr,",22,Processed
730439,"Tubes, pipe & hollow profiles, i or nas, smls,",22,Processed
730441,"Tubes,pipe&hollow profiles,stain steel,smls,cd/",22,Processed
730449,"Tubes, pipe & hollow profiles, stainless steel,",22,Processed
730451,"Tubes,pipe&hollow profiles,as,(o/t stain) smls,",22,Processed
730459,"Tubes,pipe&hollow profiles,as,(o/t stainless) s",22,Processed
730490,"Tubes, pipe & hollow profiles, iron or steel, s",22,Processed
730511,"Pipe,line,i or s,longitudinally subm arc wld,in",22,Processed
730512,"Pipe,line,i or s,longitudinally wld w int/ext c",22,Processed
730519,"Pipe, line, i or s, int/ext circ cross sect, wl",22,Processed
730520,"Casings,i/s,int/ext circ c sect,wld ext dia >40",22,Processed
730531,"Tubes & pipe, i or s, longitudinally welded, ex",22,Processed
730539,"Tubes&pipe,i or s,welded,riveted or sim closed,",22,Processed
730590,"Tubes & pipe, i or s, riveted or sim closed, ex",22,Processed
730610,"Pipe,line,i or s,welded,riveted or sim closed,n",22,Processed
730620,"Casing/tubing,i or s,welded,riveted or sim clsd",22,Processed
730630,"Tubes,pipe&hollow profiles,iron or nas,welded,o",22,Processed
730640,"Tubes,pipe&hollow profiles,stainless steel,weld",22,Processed
730650,"Tubes, pipe & hollow profiles,al/s,(o/t stain)",22,Processed
730660,"Tubes, pipe & hollow profiles, i/s, welded, of",22,Processed
730690,"Tubes, pipe & hollow profiles, iron or steel, w",22,Processed
730711,"Fittings, pipe or tube, of non-malleable cast i",22,Processed
730719,"Fittings, pipe or tube, cast, of iron or steel,",22,Processed
730721,"Flanges, stainless steel",22,Processed
730722,"Threaded elbows, bends and sleeves of stainless",22,Processed
730723,"Fittings, butt welding, stainless steel",22,Processed
730729,"Fittings pipe or tube of stainless steel, nes",22,Processed
730791,"Flanges, iron or steel, nes",22,Processed
730792,"Threaded elbows, bend and sleeves, iron or stee",22,Processed
730793,"Fittings, but welding, iron or steel, nes",22,Processed
730799,"Fittings, pipe or tube, iron or steel, nes",22,Processed
730810,"Bridges and bridge sections, iron or steel",22,Processed
730820,"Towers and lattice masts, iron or steel",22,Processed
730830,"Doors, windows and their frames and thresholds",22,Processed
730840,"Equipment for scaffolding, shuttering, propping",22,Processed
730890,"Structures and parts of structures,i or s",22,Processed
731210,"Stranded wire,ropes and cables of iron or steel",22,Processed
731290,"Plaited bands, slings and the like of iron or s",22,Processed
731300,"Wire,barbed,twisted hoop,single flat or twisted",22,Processed
731411,"Woven products, stainless steel",22,Processed
731419,"Woven products, iron or steel, other than stain",22,Processed
731420,"Grill,netting,fencing,i or s,welded inter,cross",22,Processed
731430,"Grill, netting, fencing, iron or steel, welded",22,Processed
731441,"Grill, netting, fencing, iron or steel, plated",22,Processed
731442,"Grill, netting, fencing, iron or steel, coated",22,Processed
731449,"Grill, netting, fencing, iron or steel, nes",22,Processed
731450,"Expanded metal, iron or steel",22,Processed
731511,"Chain, roller, iron or steel",22,Processed
731512,"Chain, articulated link, iron or steel, nes",22,Processed
731519,"Chain parts, articulated link, iron or steel",22,Processed
731520,"Chain, skid, iron or steel",22,Processed
731581,"Chain, stud link, iron or steel",22,Processed
731582,"Chain, welded link, iron or steel, nes",22,Processed
731589,"Chain, iron or steel, nes",22,Processed
731590,"Chain parts, iron or steel, nes",22,Processed
731700,"Nails, staples & sim art, i or s,excl art of he",22,Processed
731811,"Screws, coach, iron or steel",22,Processed
731812,"Screws, wood, iron or steel, nes",22,Processed
731813,Screw hooks and screw rings of iron or steel,22,Processed
731814,"Screws, self-tapping, iron or steel",22,Processed
731815,"Bolts or screws nes, with or without their nuts",22,Processed
731816,"Nuts, iron or steel, nes",22,Processed
731819,"Threaded articles of iron or steel, nes",22,Processed
731821,"Washers, spring or lock, iron or steel",22,Processed
731822,"Washers, iron or steel, nes",22,Processed
731823,"Rivets, iron or steel",22,Processed
731824,"Cotters and cotter-pins, iron or steel",22,Processed
731829,"Non-threaded articles of iron or steel, nes",22,Processed
732010,"Springs, leaf and leaves therefor, iron or stee",22,Processed
732020,"Springs, helical, iron or steel",22,Processed
732090,"Springs, iron or steel, nes",22,Processed
732190,Appliance parts clearly identifiable as for hou,22,Processed
732410,"Sinks and wash basins, stainless steel",22,Processed
732421,"Baths, cast iron, enamelled or not",22,Processed
732429,"Baths, iron or steel, nes",22,Processed
732490,"Sanitary ware&parts thereof,i or s,nes,for exam",22,Processed
732510,Cast articles of non-malleable cast iron nes,22,Processed
732591,"Balls, grinding and similar articles of iron or",22,Processed
732599,"Articles of iron or steel, cast, nes",22,Processed
732611,"Balls,grinding and similar art. of i or s,forge",22,Processed
732619,"Articles of iron or steel, forged or stamped, b",22,Processed
732620,"Articles of wire, iron or steel, nes",22,Processed
732690,"Articles, iron or steel, nes",22,Processed
740110,Copper mattes,22,Processed
740120,Cement copper (precipitated copper),22,Processed
740200,"Copper unrefined, copper anodes for electrolyti",22,Processed
740311,Copper cathodes and sections of cathodes unwrou,22,Processed
740312,"Wire bars, copper, unwrought",22,Processed
740313,"Billets, copper, unwrought",22,Processed
740319,"Refined copper products, unwrought, nes",22,Processed
740321,"Copper-zinc base alloys, unwrought",22,Processed
740322,"Copper-tin base alloys, unwrought",22,Processed
740323,Copper-nickel base alloys or copper-nickel-zinc,22,Processed
740329,"Copper alloys, unwrought (other than master all",22,Processed
740500,Master alloys of copper,22,Processed
740610,"Powders, copper, of non-lamellar structure",22,Processed
740620,"Powders, copper, of lamellar structure and flak",22,Processed
740710,"Bars, rods and profiles of refined copper",22,Processed
740721,"Bars, rods and profiles of copper-zinc base all",22,Processed
740722,"Bars,rods and profiles of copper-nickel or copp",22,Processed
740729,"Bars, rods and profiles, copper alloy nes",22,Processed
740811,Wire of refined copper of which the max cross s,22,Processed
740819,Wire of refined copper of which the max cross s,22,Processed
740821,"Wire, copper-zinc base alloy",22,Processed
740822,"Wire, copper-nickel base alloy or copper-nickel",22,Processed
740829,"Wire, copper alloy, nes",22,Processed
740911,"Plate, sheet & strip of refined copper, in coil",22,Processed
740919,"Plate,sheet&strip of refined copper,not in coil",22,Processed
740921,"Plate,sheet&strip of copper-zinc base alloys,in",22,Processed
740929,"Plate,sheet&strip of copper-zinc base alloys,no",22,Processed
740931,"Plate, sheet & strip of copper-tin base alloys,",22,Processed
740939,"Plate,sheet&strip of copper-tin base alloys,not",22,Processed
740940,"Plate,sheet&strip of copper-nickel or cop-nick-",22,Processed
740990,"Plate, sheet & strip of copper alloy, nes",22,Processed
741011,"Foil of refined copper, not backed",22,Processed
741012,"Foil, copper alloy, not backed",22,Processed
741021,"Foil of refined copper, backed",22,Processed
741022,"Foil, copper alloy, backed",22,Processed
741110,"Pipes and tubes, refined copper",22,Processed
741121,"Pipes and tubes, copper-zinc base alloy",22,Processed
741122,"Pipes and tubes,copper-nickel base alloy or cop",22,Processed
741129,"Pipes and tubes, copper alloy, nes",22,Processed
741210,"Fittings, pipe or tube, of refined copper",22,Processed
741220,"Fittings, pipe or tube, copper alloy",22,Processed
741300,"Stranded wire,cable,plaited bands and like of c",22,Processed
741410,Endless bands of copper wire for machinery,22,Processed
741490,"Cloth, grill and netting of copper wire and exp",22,Processed
741510,"Nails, tacks, drawing pins,staples & sim art of",22,Processed
741521,"Washers, copper, including spring washers",22,Processed
741529,"Art. of copper,not threaded,nes,similar to thos",22,Processed
741531,"Screws, copper, for wood",22,Processed
741532,"Screws, bolts and nuts of copper excluding wood",22,Processed
741539,"Articles of copper threaded, nes similar to bol",22,Processed
741600,"Springs, copper",22,Processed
741820,Sanitary ware and parts thereof of copper,22,Processed
741910,Chain and parts thereof of copper,22,Processed
741991,"Articles of copper, not further wkd than cast,",22,Processed
741999,"Articles of copper, nes",22,Processed
750110,Nickel mattes,22,Processed
750120,Nickel oxide sinters and other intermediate pro,22,Processed
750210,"Nickel unwrought, not alloyed",22,Processed
750220,"Nickel unwrought, alloyed",22,Processed
750400,"Powders and flakes, nickel",22,Processed
750511,"Bars, rods and profiles, nickel, not alloyed",22,Processed
750512,"Bars, rods and profiles, nickel alloy",22,Processed
750521,"Wire, nickel, not alloyed",22,Processed
750522,"Wire, nickel alloy",22,Processed
750610,"Plates, sheet, strip and foil, nickel, not allo",22,Processed
750620,"Plates, sheet, strip and foil, nickel alloy",22,Processed
750711,"Tubes and pipe, nickel, not alloyed",22,Processed
750712,"Tubes and pipe, nickel alloy",22,Processed
750720,"Fittings, pipe and tube, nickel",22,Processed
750800,"Articles of nickel, nes",22,Processed
760110,"Aluminium unwrought, not alloyed",22,Processed
760120,"Aluminium unwrought, alloyed",22,Processed
760310,"Powders, aluminium, of non-lamellar structure",22,Processed
760320,"Powders, aluminium, of lamellar structure, incl",22,Processed
760410,"Bars, rods and profiles, aluminium, not alloyed",22,Processed
760421,"Profiles, hollow, aluminium, alloyed",22,Processed
760429,"Bars, rods and other profiles, aluminium alloye",22,Processed
760511,"Wire,aluminium,not alloyed,with a max cross sec",22,Processed
760519,"Wire,aluminium,not alloyed,with a max cross sec",22,Processed
760521,"Wire, aluminium alloy, with a maximum cross sec",22,Processed
760529,"Wire, aluminium alloy, with a maximum cross sec",22,Processed
760611,"Plate,sheet or strip,aluminium,not alloyed,rect",22,Processed
760612,"Plate, sheet or strip, aluminium alloy, rect or",22,Processed
760691,"Plate, sheet or strip, aluminium, not alloyed,",22,Processed
760692,"Plate, sheet or strip, aluminium alloy, exceedi",22,Processed
760711,"Foil, aluminium, not backed, rolled but not fur",22,Processed
760719,"Foil, aluminium, not backed and not exceeding 0",22,Processed
760720,"Foil, aluminium, backed, not exceeding 0.2mm th",22,Processed
760810,"Tubes and pipe, aluminium, not alloyed",22,Processed
760820,"Tubes and pipe, aluminium alloy",22,Processed
760900,"Fittings,pipe or tube,aluminium,for example cou",22,Processed
761010,"Doors, windows and their frames and thresholds",22,Processed
761090,"Structures&parts,alum,eg plate,rods etc,for str",22,Processed
761410,"Stranded wire,cables,plaited bands,etc,alum,ste",22,Processed
761490,"Stranded wire,cables,plaited bands and like or",22,Processed
761520,"Sanitary ware&parts thereof,aluminium for the k",22,Processed
761610,"Nails,tacks,staples,bolts,nuts&sim art,aluminiu",22,Processed
761690,"Articles of aluminium, nes, for example casting",22,Processed
780110,Lead refined unwrought,22,Processed
780191,Lead unwrought containing by wt. antimony as th,22,Processed
780199,Lead unwrought nes,22,Processed
780300,"Lead bars, rods, profiles and wire",22,Processed
780411,"Lead sheets, strip and foil of a thickness (exc",22,Processed
780419,"Lead plates, sheet, strip and foil nes",22,Processed
780420,Lead powders and flakes,22,Processed
780500,"Lead pipes or tubes and fittings (for example,c",22,Processed
780600,Articles of lead nes,22,Processed
790111,Zinc not alloyed unwrought containing by weight,22,Processed
790112,Zinc not alloyed unwrought containing by weight,22,Processed
790120,Zinc alloys unwrought,22,Processed
790310,Zinc dust,22,Processed
790390,Zinc powders and flakes,22,Processed
790400,"Zinc bars, rods, profiles and wire",22,Processed
790500,"Zinc plates, sheets, strip and foil",22,Processed
790600,Zinc pipes or tubes and fittings (e.g. coupling,22,Processed
790710,"Zinc fabricated building components(ex gutters,",22,Processed
790790,Articles of zinc nes,22,Processed
800110,Tin not alloyed unwrought,22,Processed
800120,Tin alloys unwrought,22,Processed
800300,"Tin bars, rods, profiles and wire",22,Processed
800400,"Tin plates, sheets and strip, of a thickness ex",22,Processed
800510,Tin foil (w/n printed or backed of a thickness,22,Processed
800520,Tin powders and flakes,22,Processed
800600,"Tin pipes or tubes and fittings (for example,co",22,Processed
810110,"Powders, tungsten (wolfram)",22,Processed
810191,"Tungsten (wolfram) unwrought,including bars&rod",22,Processed
810192,"Tungsten profiles,plate,sheet,strip and foil,in",22,Processed
810193,"Wire, tungsten (wolfram)",22,Processed
810199,Tungsten (wolfram) and articles thereof nes,22,Processed
810210,"Powders, molybdenum",22,Processed
810291,"Molybdenum,unwrought,including bars or rods sim",22,Processed
810292,"Molybdenum profiles,plate,sheet,strip or foil,i",22,Processed
810293,"Wire, molybdenum",22,Processed
810299,Molybdenum and articles thereof nes,22,Processed
810310,Tantalum unwrought including bars&rods simply s,22,Processed
810390,Tantalum and articles thereof nes,22,Processed
810411,Magnesium unwrought containing by weight at lea,22,Processed
810419,Magnesium unwrought nes,22,Processed
810430,"Magnesium raspings,turnings or granules graded",22,Processed
810490,Magnesium and articles thereof nes,22,Processed
810510,"Cobalt,unwrought,matte and oth intermediate pro",22,Processed
810590,"Cobalt and articles thereof, nes",22,Processed
810600,"Bismuth and articles thereof, including waste a",22,Processed
810710,"Cadmium, unwrought; waste and scrap; powders",22,Processed
810790,"Cadmium and articles thereof, nes",22,Processed
810810,Titanium unwrought; waste and scrap; powders,22,Processed
810890,"Titanium and articles thereof, nes",22,Processed
810910,Zirconium unwrought; waste and scrap; powders,22,Processed
810990,"Zirconium and articles thereof, nes",22,Processed
811000,"Antimony and articles thereof, including waste",22,Processed
811100,"Manganese and articles thereof, including waste",22,Processed
811211,Beryllium unwrought; waste and scrap; powders,22,Processed
811219,"Beryllium and articles thereof, nes",22,Processed
811220,"Chromium and articles thereof, including waste,",22,Processed
811230,"Germanium and articles thereof, including waste",22,Processed
811240,"Vanadium and articles thereof, including waste,",22,Processed
811291,"Gallium,hafnium,indium,niobium,rhenium or thall",22,Processed
811299,"Gallium,hafnium,indium,niobium,rhenium or thall",22,Processed
811300,"Cermets and articles thereof, including waste a",22,Processed
830110,Padlocks of base metal,22,Processed
830120,Locks of a kind used for motor vehicles of base,22,Processed
830130,Locks of a kind used for furniture of base meta,22,Processed
830140,"Locks of base metal, nes",22,Processed
830150,"Clasps and frames with clasps, incorporating lo",22,Processed
830160,"Lock parts,including parts of clasps or frames",22,Processed
830170,"Keys, including blanks for keys presented separ",22,Processed
830210,Hinges of base metal,22,Processed
830220,Castors of base metal,22,Processed
830241,"Mountings, fittings and similar articles of bas",22,Processed
830242,"Mountings, fittings and similar articles of bas",22,Processed
830249,"Mountings, fittings and similar articles of bas",22,Processed
830250,"Hat-racks, hat-pegs, brackets and similar fixtu",22,Processed
830260,"Door closures, automatic, of base metal",22,Processed
830510,Fitting for loose-leaf binders or files of base,22,Processed
830520,"Staples in strips,base mtl,nes (eg for offices,",22,Processed
830590,"Letter corners,letter or paper clips and simila",22,Processed
830610,"Bells, gongs and the like, of base metal",22,Processed
830710,"Tubing, flexible, with or without fittings of i",22,Processed
830790,"Tubing, flexible, with or without fittings, of",22,Processed
830810,"Hooks,eyes and eyelets of base mtl for clothing",22,Processed
830820,"Rivets,tubular or bifurcated,of base mtl for cl",22,Processed
830890,"Beads, spangles & other made up art nes,for clo",22,Processed
830910,"Corks, crown, of base metal",22,Processed
830990,"Stoppers,caps,lids,seals and oth packing access",22,Processed
831000,"Letters,numbers,sign plates&sim art of base mtl",22,Processed
831110,"Electrodes, coated, of base metal, for electric",22,Processed
831120,"Wire, cored, of base metal, for electric arc we",22,Processed
831130,Coated rods and cored wire of base mtl for sold,22,Processed
831190,"Electrodes&sim prod of base mtl/mtl carbd,nes,f",22,Processed
845230,Sewing machine needles,22,Processed
845240,"Furniture, bases and covers for sewing machines",22,Processed
845290,"Parts of sewing machines, nes",22,Processed
850690,Parts of primary cells and primary batteries,22,Processed
850790,"Parts of electric accumulators, including separ",22,Processed
850990,Parts of electro-mech dom appliances with self-,22,Processed
851090,"Parts of shavers and hair clippers, with self-c",22,Processed
851190,Parts of electrical ignition or starting equipm,22,Processed
851290,"Parts of electrical lighting, signalling and de",22,Processed
851310,Portable electric lamps designed to function by,22,Processed
851390,Parts of portable elect lamps designed to funct,22,Processed
851610,Electric instantaneous or storage water heaters,22,Processed
851680,Electric heating resistors,22,Processed
851690,Parts of electro-thermic apparatus of heading N,22,Processed
853931,"Fluorescent lamps, hot cathode",22,Processed
853939,"Discharge lamps, other than ultra-violet lamps,",22,Processed
853940,Ultra-violet or infra-red lamps; arc lamps,22,Processed
853990,"Parts of electric filament or discharge lamps,U",22,Processed
854411,Insulated (including enamelled or anodised) win,22,Processed
854419,Insulated (including enamelled or anodised) win,22,Processed
854420,Co-axial cable and other co-axial electric cond,22,Processed
854430,Ignition wiring sets&oth wiring sets of a kind,22,Processed
854441,"Electric conductors,for a voltage not exceeding",22,Processed
854449,"Electric conductors, for a voltage not exceedin",22,Processed
854451,"Electric conductors,for a voltage >80V but=<1,0",22,Processed
854459,"Electric conductors, for a voltage >80V but not",22,Processed
854460,"Electric conductors, for a voltage exceeding 1,",22,Processed
854470,"Optical fibre cables, made up of individually s",22,Processed
854690,"Electrical insulators, nes",22,Processed
854710,Insulating fittings of ceramics for elec machin,22,Processed
854720,Insulating fittings of plastics for elec machin,22,Processed
854790,Insulating fittings for electrical mach applian,22,Processed
900110,"Optical fbrs,optical fbr bundles&cables,oth tha",22,Processed
900120,Sheets and plates of polarising material,22,Processed
900130,Contact lenses,22,Processed
900140,Spectacle lenses of glass,22,Processed
900150,Spectacle lenses of other materials,22,Processed
900190,"Prisms, mirrors & other optical elements of any",22,Processed
900211,"Objective lenses for cameras,projectors or phot",22,Processed
900219,"Objective lenses, nes",22,Processed
900220,Optical filters,22,Processed
900290,"Lenses, prisms, mirrors and other optical eleme",22,Processed
900691,Parts and accessories for photographic cameras,22,Processed
900699,Parts and accessories for photographic flashlig,22,Processed
910811,"Watch movements, assembled, battery powered wit",22,Processed
910812,"Watch movements, assembled, battery powered, wi",22,Processed
910819,"Watch movements, assembled, battery powered, ne",22,Processed
910820,"Watch movements, complete and assembled, with a",22,Processed
910891,"Watch movements, complete and assembled, measur",22,Processed
910899,"Watch movements, complete and assembled, nes",22,Processed
910911,"Clock movements,complete and assembled,battery",22,Processed
910919,"Clock movements, complete and assembled, batter",22,Processed
910990,"Clock movements, complete and assembled, nes",22,Processed
911011,"Complete movements of watches, unassembled or p",22,Processed
911012,"Incomplete movements of watches, assembled",22,Processed
911019,Rough movements of watches,22,Processed
911090,"Clock movements, unassembled or partly assemble",22,Processed
911110,Watch cases of precious metal or of metal clad,22,Processed
911120,"Watch cases of base metal, whether or not gold-",22,Processed
911180,"Watch cases, nes",22,Processed
911190,Parts of watch cases,22,Processed
911210,"Clock cases and cases of a similar type, of met",22,Processed
911280,"Clock cases and cases of a similar type, for ot",22,Processed
911290,Parts of clock cases and cases of a similar typ,22,Processed
911410,"Clock or watch springs, including hair-springs",22,Processed
911420,Clock or watch jewels,22,Processed
911430,Clock or watch dials,22,Processed
911440,Clock or watch plates and bridges,22,Processed
911490,"Clock or watch parts, nes",22,Processed
920910,"Metronomes, tuning forks and pitch pipes",22,Processed
920920,Mechanisms for musical box,22,Processed
920930,"Strings, musical instrument",22,Processed
920991,Parts and accessories for pianos,22,Processed
920992,Parts and accessories for the musical instrumen,22,Processed
920993,Parts and accessories for the musical instrumen,22,Processed
920994,Parts and accessories for the musical instrumen,22,Processed
920999,Parts and accessories for the musical instrumen,22,Processed
940190,Parts of seats other than those of heading No 9,22,Processed
940510,Chandeliers & other electric ceiling or wall li,22,Processed
940520,"Electric table, desk, bedside or floor-standing",22,Processed
940540,"Electric lamps and lighting fittings, nes",22,Processed
940550,Non-electrical lamps and lighting fittings,22,Processed
940560,"Illuminated signs, illuminated name-plates and",22,Processed
940591,Lamps and lighting fittings parts of glass,22,Processed
940592,Lamps and lighting fittings parts of plastics,22,Processed
940599,"Lamps and lighting fittings, parts of nes",22,Processed
940600,Prefabricated buildings,22,Processed
960310,Brooms/brushes of twigs or oth veg mat bound to,22,Processed
960321,"Tooth brushes, including dental-plate brushes",22,Processed
960329,"Shaving, hair, nail, eyelash and oth toilet bru",22,Processed
960330,"Artists', writing and similar brushes for the a",22,Processed
960340,"Paint, distemper, varnish or similar brushes ne",22,Processed
960350,"Brushes nes, constituting parts of machines, ap",22,Processed
960390,Hand-operated mechanical floor sweepers; prepar,22,Processed
960400,Hand sieves and hand riddles,22,Processed
960610,"Press-fasteners, snap-fasteners and press-studs",22,Processed
960621,"Buttons of plastics, not covered with textile m",22,Processed
960622,"Buttons of base metal, not covered with textile",22,Processed
960629,"Buttons, nes",22,Processed
960630,Button moulds and other parts of button; button,22,Processed
960711,Slide fasteners fitted with chain scoops of bas,22,Processed
960719,"Slide fasteners, nes",22,Processed
960720,Parts of slide fasteners,22,Processed
961100,"Devices for printing or embossing labels, hand-",22,Processed
961210,"Typewriter or similar ribbons, prepared for giv",22,Processed
961220,"Ink-pads, whether or not inked, with or without",22,Processed
961390,"Parts of lighters, other than flints and wicks",22,Processed
961410,"Roughly shpd blocks of wood or root,for the man",22,Processed
270111,"Anthracite, not agglomerated",31,Primary
270112,"Bituminous coal, not agglomerated",31,Primary
270119,"Other coal, not agglomerated, nes",31,Primary
270210,"Lignite, not agglomerated",31,Primary
270300,Peat (incl. peat litter),31,Primary
270900,Petroleum oils and oils obtained from bituminou,31,Primary
271121,Natural gas in gaseous state,31,Primary
271129,Petroleum gases and other gaseous hydrocarbons,31,Primary
440110,"Fuel wood, in logs, in billets... or in similar",31,Primary
010210,Live pure-bred breeding bovine animals,41,Capital goods (except for transport equipment)
010310,Live pure-bred breeding swine,41,Capital goods (except for transport equipment)
711510,"Catalysts in the form of wire cloth or grill, o",41,Capital goods (except for transport equipment)
711590,Articles of precious metal or of metal clad wit,41,Capital goods (except for transport equipment)
730900,"Reservoirs, tanks, vats & sim ctnr, cap >300L,",41,Capital goods (except for transport equipment)
731010,"Tanks, casks, drums, cans, boxes&sim contr, i o",41,Capital goods (except for transport equipment)
731021,"Cans,iron or steel,cap<50 litres,to be closed b",41,Capital goods (except for transport equipment)
731029,"Cans, iron or steel, capacity <50 litres nes",41,Capital goods (except for transport equipment)
731100,Containers for compressed or liquefied gas of i,41,Capital goods (except for transport equipment)
732211,"Radiators and parts thereof, cast iron",41,Capital goods (except for transport equipment)
732219,"Radiators and parts thereof, iron or steel, oth",41,Capital goods (except for transport equipment)
732290,"Air heaters,hot air distributors,iron or steel&",41,Capital goods (except for transport equipment)
761100,"Reservoirs,vats&similar cont of aluminium,cap >",41,Capital goods (except for transport equipment)
761210,"Containers, collapsible tubular, aluminium",41,Capital goods (except for transport equipment)
761290,"Containers, alum, cap <300L, lined or heated, n",41,Capital goods (except for transport equipment)
761300,"Containers, aluminium, for compressed or liquef",41,Capital goods (except for transport equipment)
820110,Spades and shovels,41,Capital goods (except for transport equipment)
820120,Forks,41,Capital goods (except for transport equipment)
820130,"Mattocks, picks, hoes and rakes",41,Capital goods (except for transport equipment)
820140,"Aces, bill hooks and similar hewing tools",41,Capital goods (except for transport equipment)
820150,Secateurs and similar one-handed pruners and sh,41,Capital goods (except for transport equipment)
820160,"Hedge shears, two-handed pruning shears and sim",41,Capital goods (except for transport equipment)
820190,"Scythes, sickles and oth hand tools used in agr",41,Capital goods (except for transport equipment)
820210,Hand saws,41,Capital goods (except for transport equipment)
820310,"Files, rasps and similar tools",41,Capital goods (except for transport equipment)
820320,"Pliers (including cutting pliers), pincers, twe",41,Capital goods (except for transport equipment)
820330,"Metal cutting shears, tinmen's snips and oth me",41,Capital goods (except for transport equipment)
820340,"Pipe-cutters, bolt croppers, perforating punche",41,Capital goods (except for transport equipment)
820411,"Wrenches, hand-operated, with non-adjustable ja",41,Capital goods (except for transport equipment)
820412,"Wrenches, hand-operated, with adjustable jaws",41,Capital goods (except for transport equipment)
820420,Wrench sockets including ratchet handles extens,41,Capital goods (except for transport equipment)
820510,"Drilling, threading or tapping tools",41,Capital goods (except for transport equipment)
820520,Hammers and sledge hammers,41,Capital goods (except for transport equipment)
820530,"Planes, chisels, gouges and similar cutting too",41,Capital goods (except for transport equipment)
820540,Screwdrivers,41,Capital goods (except for transport equipment)
820551,"Curling irons, cork screws, nut-crackers and ot",41,Capital goods (except for transport equipment)
820559,"Tools for masons, watchmakers, miners and hand",41,Capital goods (except for transport equipment)
820560,Blow torches,41,Capital goods (except for transport equipment)
820570,"Vices, clamps and the like",41,Capital goods (except for transport equipment)
820580,"Anvils, portable forges and hand or pedal-opera",41,Capital goods (except for transport equipment)
820590,Sets of articles of two or more of the foregoin,41,Capital goods (except for transport equipment)
820600,Tools of two or more of the heading Nos 82.02 t,41,Capital goods (except for transport equipment)
830300,"Safes,safe deposit lockers,cash,deep or strong",41,Capital goods (except for transport equipment)
830400,"Office/desk equipment,base mtl eg filing cab,tr",41,Capital goods (except for transport equipment)
840110,Nuclear reactors,41,Capital goods (except for transport equipment)
840120,Machinery and apparatus for isotopic separation,41,Capital goods (except for transport equipment)
840130,"Fuel elements (cartridges), non-irradiated, for",41,Capital goods (except for transport equipment)
840211,Watertube boilers with a steam production excee,41,Capital goods (except for transport equipment)
840212,Watertube boilers with a steam production not e,41,Capital goods (except for transport equipment)
840219,"Vapour generating boilers nes, including hybrid",41,Capital goods (except for transport equipment)
840220,Super-heated water boilers,41,Capital goods (except for transport equipment)
840310,Central heating boilers nes,41,Capital goods (except for transport equipment)
840390,Parts of central heating boiler nes,41,Capital goods (except for transport equipment)
840410,Auxiliary plant for use with steam or vapour ge,41,Capital goods (except for transport equipment)
840420,Condensers for steam or vapour power units,41,Capital goods (except for transport equipment)
840510,Producer gas or water gas generators acetylene,41,Capital goods (except for transport equipment)
840611,Steam and vapour turbines for marine propulsion,41,Capital goods (except for transport equipment)
840619,Steam and vapour turbines nes,41,Capital goods (except for transport equipment)
840790,"Engines, spark-ignition type nes",41,Capital goods (except for transport equipment)
840890,"Engines, diesel nes",41,Capital goods (except for transport equipment)
841011,Hydraulic turbines & water wheels of a power no,41,Capital goods (except for transport equipment)
841012,Hyd turbines & water wheels of a power exc 1000,41,Capital goods (except for transport equipment)
841013,Hydraulic turbines and water wheels of a power,41,Capital goods (except for transport equipment)
841221,Hydraulic power engines & motors linear acting,41,Capital goods (except for transport equipment)
841229,Hydraulic power engines & motors nes,41,Capital goods (except for transport equipment)
841231,Pneumatic power engines & motors linear acting,41,Capital goods (except for transport equipment)
841239,Pneumatic power engines & motors nes,41,Capital goods (except for transport equipment)
841280,Engines and motors nes,41,Capital goods (except for transport equipment)
841311,Pumps with or w/o a meas device for disp fuel/l,41,Capital goods (except for transport equipment)
841319,Pumps fitted or designed to be fitted with a me,41,Capital goods (except for transport equipment)
841320,"Hand pumps nes, o/t those of subheading No 8413",41,Capital goods (except for transport equipment)
841330,"Fuel, lubricating or cooling medium pumps for i",41,Capital goods (except for transport equipment)
841340,Concrete pumps,41,Capital goods (except for transport equipment)
841350,Reciprocating positive displacement pumps nes,41,Capital goods (except for transport equipment)
841360,Rotary positive displacement pumps nes,41,Capital goods (except for transport equipment)
841370,Centrifugal pumps nes,41,Capital goods (except for transport equipment)
841381,Pumps nes,41,Capital goods (except for transport equipment)
841382,Liquid elevators,41,Capital goods (except for transport equipment)
841410,Vacuum pumps,41,Capital goods (except for transport equipment)
841420,Hand or foot-operated air pumps,41,Capital goods (except for transport equipment)
841430,Compressors of a kind used in refrigerating equ,41,Capital goods (except for transport equipment)
841440,Air compressors mounted on a wheeled chassis fo,41,Capital goods (except for transport equipment)
841459,Fans nes,41,Capital goods (except for transport equipment)
841480,"Air or gas compressors, hoods",41,Capital goods (except for transport equipment)
841510,"Air conditioning machines window or wall types,",41,Capital goods (except for transport equipment)
841581,Air cond mach nes inc a ref unit and a valve fo,41,Capital goods (except for transport equipment)
841582,"Air cond mach nes, inc a refrigerating unit",41,Capital goods (except for transport equipment)
841583,"Air cond mach nes, not incorporating refrigerat",41,Capital goods (except for transport equipment)
841610,Furnace burners for liquid fuel,41,Capital goods (except for transport equipment)
841620,"Furnace burners nes, including combination burn",41,Capital goods (except for transport equipment)
841630,"Mech.stokers, mech.grates, mech.ash dischargers",41,Capital goods (except for transport equipment)
841710,"Furnaces&ovens n-elec for the roast,melt or h-t",41,Capital goods (except for transport equipment)
841720,"Bakery ovens, including biscuit ovens, non-elec",41,Capital goods (except for transport equipment)
841780,"Industrial or lab furnaces & ovens, inc inciner",41,Capital goods (except for transport equipment)
841850,"Other refrigerating or freezing chests,cabinets",41,Capital goods (except for transport equipment)
841861,Compression type refrigrting or freez equip who,41,Capital goods (except for transport equipment)
841869,Refrigerating or freezing equipment nes,41,Capital goods (except for transport equipment)
841911,Instantaneous gas water heaters,41,Capital goods (except for transport equipment)
841919,"Instantaneous or storage water heaters, non-ele",41,Capital goods (except for transport equipment)
841920,"Medical, surgical or laboratory sterilizers",41,Capital goods (except for transport equipment)
841931,Dryers for agricultural products,41,Capital goods (except for transport equipment)
841932,"Dryers for wood, paper pulp, paper or paperboar",41,Capital goods (except for transport equipment)
841939,"Non-domestic, non-electric dryers nes",41,Capital goods (except for transport equipment)
841940,Distilling or rectifying plant,41,Capital goods (except for transport equipment)
841950,"Heat exchange units, non-domestic, non-electric",41,Capital goods (except for transport equipment)
841960,Machinery for liquefying air or other gases,41,Capital goods (except for transport equipment)
841981,Machinery for making hot drinks or for cooking,41,Capital goods (except for transport equipment)
841989,"Machinery, plant or laboratory equip for treat",41,Capital goods (except for transport equipment)
842010,"Calendering or rolling machines, excluding for",41,Capital goods (except for transport equipment)
842111,Cream separators,41,Capital goods (except for transport equipment)
842112,"Clothes-dryers, centrifugal",41,Capital goods (except for transport equipment)
842119,Centrifuges nes,41,Capital goods (except for transport equipment)
842121,Filtering or purifying machinery and apparatus,41,Capital goods (except for transport equipment)
842122,Filtering or purifying machinery and apparatus,41,Capital goods (except for transport equipment)
842123,Oil or petrol-filters for internal combustion e,41,Capital goods (except for transport equipment)
842129,Filtering or purifying machinery and apparatus,41,Capital goods (except for transport equipment)
842131,Intake air filters for internal combustion engi,41,Capital goods (except for transport equipment)
842139,Filtering or purifying machinery and apparatus,41,Capital goods (except for transport equipment)
842219,Dish washing machines nes,41,Capital goods (except for transport equipment)
842220,Machinery for cleaning or drying bottles or con,41,Capital goods (except for transport equipment)
842230,Mach for fil/clos/seal/etc.btle/can/box/bag/ctn,41,Capital goods (except for transport equipment)
842240,Packing or wrapping machinery nes,41,Capital goods (except for transport equipment)
842310,"Personal weighing machines, including baby scal",41,Capital goods (except for transport equipment)
842320,Scales for continuous weighing of goods on conv,41,Capital goods (except for transport equipment)
842330,"Constant weight scales, including hopper scales",41,Capital goods (except for transport equipment)
842381,Weighing machinery having a maximum weighing ca,41,Capital goods (except for transport equipment)
842382,Weighing machinery having a maximum weighing ca,41,Capital goods (except for transport equipment)
842389,"Weighing machinery, nes",41,Capital goods (except for transport equipment)
842410,"Fire extinguishers, whether or not charged",41,Capital goods (except for transport equipment)
842420,Spray guns and similar appliances,41,Capital goods (except for transport equipment)
842430,Steam or sand blasting machines and similar jet,41,Capital goods (except for transport equipment)
842481,Mech appl for proj/disp or spraying liquids or,41,Capital goods (except for transport equipment)
842489,Mech appl (whether or not hand-op) for proj/dis,41,Capital goods (except for transport equipment)
842511,Pulley tackle/hoists electric (exc skip hoists/,41,Capital goods (except for transport equipment)
842519,Pulley tackle/hoists nes (exc skip hoists or ho,41,Capital goods (except for transport equipment)
842520,Pit-head winding gear winches specially designe,41,Capital goods (except for transport equipment)
842531,Winches or capstans nes powered by electric mot,41,Capital goods (except for transport equipment)
842539,Winches or captsans nes,41,Capital goods (except for transport equipment)
842541,Built-in jacking systems of a type used in gara,41,Capital goods (except for transport equipment)
842542,Jacks & hoists nes hydraulic,41,Capital goods (except for transport equipment)
842549,Jacks & hoists nes,41,Capital goods (except for transport equipment)
842611,Gantry & overhead travelling cranes on fixed su,41,Capital goods (except for transport equipment)
842612,Mobile lifting frames on tyres and straddle car,41,Capital goods (except for transport equipment)
842619,Transporter or bridge cranes,41,Capital goods (except for transport equipment)
842620,Tower cranes,41,Capital goods (except for transport equipment)
842630,Portal or pedestal jib cranes,41,Capital goods (except for transport equipment)
842641,Derricks/cranes or works trucks fitted with a c,41,Capital goods (except for transport equipment)
842649,"Derricks, cranes or work trucks fitted with a c",41,Capital goods (except for transport equipment)
842691,Cranes designed for mounting on road vehicles,41,Capital goods (except for transport equipment)
842699,Cranes or derricks nes,41,Capital goods (except for transport equipment)
842710,Self-propelled works trucks powered by an elect,41,Capital goods (except for transport equipment)
842720,Self-propelled works trucks nes,41,Capital goods (except for transport equipment)
842790,Trucks fitted with lifting or handling equipmen,41,Capital goods (except for transport equipment)
842810,Lifts and skip hoists,41,Capital goods (except for transport equipment)
842820,Pneumatic elevators and conveyors,41,Capital goods (except for transport equipment)
842831,Cont-action elevators/conveyors for goods/mat s,41,Capital goods (except for transport equipment)
842832,"Cont-action elevators/conveyors for goods/mat,",41,Capital goods (except for transport equipment)
842833,"Cont-action elevators/conveyors for goods/mat,",41,Capital goods (except for transport equipment)
842839,Cont-action elevators/conveyors for goods/mat n,41,Capital goods (except for transport equipment)
842840,Escalators and moving walkways,41,Capital goods (except for transport equipment)
842850,Wagon handling equipment,41,Capital goods (except for transport equipment)
842860,"Teleferics,chair-lifts,ski-draglines; traction",41,Capital goods (except for transport equipment)
842890,"Lifting, handling, loading or unloading machine",41,Capital goods (except for transport equipment)
842911,"Bulldozers and angledozers, crawler type",41,Capital goods (except for transport equipment)
842919,"Bulldozers and angledozers, wheeled",41,Capital goods (except for transport equipment)
842920,"Graders and levellers, self-propelled",41,Capital goods (except for transport equipment)
842930,"Scrapers, self-propelled",41,Capital goods (except for transport equipment)
842940,"Tamping machines and road rollers, self-propell",41,Capital goods (except for transport equipment)
842951,Front end shovel loaders,41,Capital goods (except for transport equipment)
842952,Shovels and excavators with a 360 revolving sup,41,Capital goods (except for transport equipment)
842959,Self-propelled excavating machinery nes,41,Capital goods (except for transport equipment)
843010,Pile-drivers and pile-extractors,41,Capital goods (except for transport equipment)
843020,"Snow-ploughs and snow-blowers, not self-propell",41,Capital goods (except for transport equipment)
843031,"Coal or rock cutters, self-propelled",41,Capital goods (except for transport equipment)
843039,"Coal or rock cutters, not self-propelled",41,Capital goods (except for transport equipment)
843041,"Boring or sinking machinery nes, self-propelled",41,Capital goods (except for transport equipment)
843049,"Boring or sinking machinery nes, not self-prope",41,Capital goods (except for transport equipment)
843050,"Construction equipment, self-propelled nes",41,Capital goods (except for transport equipment)
843061,"Tamping or compacting machinery, not self-prope",41,Capital goods (except for transport equipment)
843062,"Scrapers, not self-propelled",41,Capital goods (except for transport equipment)
843069,"Construction equipment, not self-propelled nes",41,Capital goods (except for transport equipment)
843210,Ploughs,41,Capital goods (except for transport equipment)
843221,Disc harrows,41,Capital goods (except for transport equipment)
843229,"Scarifiers, cultivators, weeders and hoes",41,Capital goods (except for transport equipment)
843230,"Seeders, planters and transplanters",41,Capital goods (except for transport equipment)
843240,Manure spreaders and fertiliser distributors,41,Capital goods (except for transport equipment)
843280,"Rollers, stone-removers and oth soil preparatio",41,Capital goods (except for transport equipment)
843320,Mowers for hay etc including cutter bars for tr,41,Capital goods (except for transport equipment)
843330,Hay tedders and rakes and other haymaking machi,41,Capital goods (except for transport equipment)
843340,"Straw or fodder balers, including pick-up baler",41,Capital goods (except for transport equipment)
843351,Combine harvester-threshers,41,Capital goods (except for transport equipment)
843352,Threshing machinery nes,41,Capital goods (except for transport equipment)
843353,Root or tuber harvesting machines,41,Capital goods (except for transport equipment)
843359,Harvesting machinery nes,41,Capital goods (except for transport equipment)
843360,"Machines for cleaning, sorting or grading eggs,",41,Capital goods (except for transport equipment)
843410,Milking machines,41,Capital goods (except for transport equipment)
843420,Dairy machinery,41,Capital goods (except for transport equipment)
843510,"Presses, crushers &sim mach used in the mfg of",41,Capital goods (except for transport equipment)
843610,Machinery for preparing animal feeding stuffs,41,Capital goods (except for transport equipment)
843621,Poultry incubators and brooders,41,Capital goods (except for transport equipment)
843629,"Poultry-keeping machinery, nes",41,Capital goods (except for transport equipment)
843680,Agri/hortic/forestry bee-keeping mach nes inc g,41,Capital goods (except for transport equipment)
843710,"Machines for cleaning/sorting or grading seed,g",41,Capital goods (except for transport equipment)
843780,Mach for milling/working of cereals/ dried legu,41,Capital goods (except for transport equipment)
843810,"Bakery mach and machy for the mfg of macaroni,",41,Capital goods (except for transport equipment)
843820,"Machinery for the manufacture of confectionary,",41,Capital goods (except for transport equipment)
843830,Machinery for sugar manufacture,41,Capital goods (except for transport equipment)
843840,Brewery machinery,41,Capital goods (except for transport equipment)
843850,Machinery for the preparation of meat or poultr,41,Capital goods (except for transport equipment)
843860,"Machinery for the preparation of fruits, nuts o",41,Capital goods (except for transport equipment)
843880,Mach for the ind prep/mfr of food/ drink exc fo,41,Capital goods (except for transport equipment)
843910,Machinery for making pulp of fibrous cellulosic,41,Capital goods (except for transport equipment)
843920,Machinery for making paper or paperboard,41,Capital goods (except for transport equipment)
843930,Machinery for finishing paper or paperboard,41,Capital goods (except for transport equipment)
844010,"Book-binding machinery, including book-sewing m",41,Capital goods (except for transport equipment)
844110,"Cutting machines for paper pulp, paper or paper",41,Capital goods (except for transport equipment)
844120,"Machines for making bags, sacks or envelopes of",41,Capital goods (except for transport equipment)
844130,"Mach for making boxes or sim cont, of paper or",41,Capital goods (except for transport equipment)
844140,"Machines for moulding articles in paper pulp, p",41,Capital goods (except for transport equipment)
844180,"Machinery for making up paper pulp, paper or pa",41,Capital goods (except for transport equipment)
844210,Phototype-setting and composing machines,41,Capital goods (except for transport equipment)
844220,Mach app&equip for type-set or comp by oth proc,41,Capital goods (except for transport equipment)
844230,Mach app & equip for preparing or making printi,41,Capital goods (except for transport equipment)
844311,Reel fed offset printing machinery,41,Capital goods (except for transport equipment)
844312,"Sheet fed, office type (sheet size not exc-22x3",41,Capital goods (except for transport equipment)
844319,Offset printing machinery nes,41,Capital goods (except for transport equipment)
844321,Reel fed letterpress printing mach exc flexogra,41,Capital goods (except for transport equipment)
844329,Letterpress printing machinery nes exc flexogra,41,Capital goods (except for transport equipment)
844330,Flexographic printing machinery,41,Capital goods (except for transport equipment)
844340,Gravure printing machinery,41,Capital goods (except for transport equipment)
844350,Printing machinery nes,41,Capital goods (except for transport equipment)
844360,Machines for uses ancillary to printing,41,Capital goods (except for transport equipment)
844400,"Machines for extruding, drawing, text or cuttin",41,Capital goods (except for transport equipment)
844511,Textile carding machines,41,Capital goods (except for transport equipment)
844512,Textile combing machines,41,Capital goods (except for transport equipment)
844513,Textile drawing or roving machines,41,Capital goods (except for transport equipment)
844519,Textile preparing machines nes,41,Capital goods (except for transport equipment)
844520,Textile spinning machines,41,Capital goods (except for transport equipment)
844530,Textile doubling or twisting machines,41,Capital goods (except for transport equipment)
844540,Textile winding (including weft-winding) or ree,41,Capital goods (except for transport equipment)
844590,Machinery for producing or preparing textile ya,41,Capital goods (except for transport equipment)
844610,Machines for weaving fabrics of a width not exc,41,Capital goods (except for transport equipment)
844621,Machines for weaving fabrics of a width exc 30,41,Capital goods (except for transport equipment)
844629,Machines for weaving fabrics of a width exceedi,41,Capital goods (except for transport equipment)
844630,Machines for weaving fabrics of a width exceedi,41,Capital goods (except for transport equipment)
844711,Circular knitting machines with cylinder diamet,41,Capital goods (except for transport equipment)
844712,Circular knitting machines with cylinder diamet,41,Capital goods (except for transport equipment)
844720,Flat knitting machines; stitch-bonding machines,41,Capital goods (except for transport equipment)
844790,Mach for making gimped yarn/tulle/lace/embroide,41,Capital goods (except for transport equipment)
844900,Mach for the mfr or fin of felt or n-wov in the,41,Capital goods (except for transport equipment)
845020,Household or laundry-type washing mach of a dry,41,Capital goods (except for transport equipment)
845110,Dry-cleaning machines o/t hdg No 84.50,41,Capital goods (except for transport equipment)
845129,Drying machines (o/t No 84.50) nes,41,Capital goods (except for transport equipment)
845130,Ironing mach & presses (including fusing presse,41,Capital goods (except for transport equipment)
845140,"Washing, bleaching or dyeing machines (o/t mach",41,Capital goods (except for transport equipment)
845150,"Mach for reeling,unreeling,folding,cut or pink",41,Capital goods (except for transport equipment)
845180,Mach for wring/dress/finishing/coating or impre,41,Capital goods (except for transport equipment)
845221,"Automatic sewing machines, other than book-sewi",41,Capital goods (except for transport equipment)
845229,"Sewing machines, other than book-sewing machine",41,Capital goods (except for transport equipment)
845310,"Machinery for preparing,tanning or working hide",41,Capital goods (except for transport equipment)
845320,Machinery for making or repairing footwear,41,Capital goods (except for transport equipment)
845380,"Mach for making or repair art of hides,skins or",41,Capital goods (except for transport equipment)
845410,Converters used in metallurgy or metal foundrie,41,Capital goods (except for transport equipment)
845420,Ingot moulds & ladles used in metallurgy or met,41,Capital goods (except for transport equipment)
845430,Casting machines used in metallurgy or metal fo,41,Capital goods (except for transport equipment)
845510,"Tube mills, metal rolling",41,Capital goods (except for transport equipment)
845521,Hot or combination hot & cold metal rolling mil,41,Capital goods (except for transport equipment)
845522,Cold metal rolling mills,41,Capital goods (except for transport equipment)
845610,Mach-tls for work any mat by rem of mat optd by,41,Capital goods (except for transport equipment)
845620,Mach-tls for work any mat by rem of mat optd by,41,Capital goods (except for transport equipment)
845630,Mach-tls for work any mat by rem of mat optd by,41,Capital goods (except for transport equipment)
845690,Mach-tls for work any mat by rem of mat optd by,41,Capital goods (except for transport equipment)
845710,"Machining centres, for working metal",41,Capital goods (except for transport equipment)
845720,Unit construction machines (single sta) for wor,41,Capital goods (except for transport equipment)
845730,Multi-station transfer machines for working met,41,Capital goods (except for transport equipment)
845811,Horizontal lathes numerically controlled for re,41,Capital goods (except for transport equipment)
845819,Horizontal lathes nes for removing metal,41,Capital goods (except for transport equipment)
845891,Lathes nes numerically controlled for removing,41,Capital goods (except for transport equipment)
845899,Lathes nes for removing metal,41,Capital goods (except for transport equipment)
845910,Way-type unit head mches for removing metal,41,Capital goods (except for transport equipment)
845921,Drilling mches nes; numerically controlled for,41,Capital goods (except for transport equipment)
845929,"Drilling mches nes, for removing metal",41,Capital goods (except for transport equipment)
845931,"Boring-milling mches nes, numerically controlle",41,Capital goods (except for transport equipment)
845939,Boring-milling mches nes for removing metal,41,Capital goods (except for transport equipment)
845940,Boring machines nes for removing metal,41,Capital goods (except for transport equipment)
845951,"Milling mach, knee-type numerically controlled",41,Capital goods (except for transport equipment)
845959,"Milling mach, knee-type nes for removing metal",41,Capital goods (except for transport equipment)
845961,"Milling machines nes, numerically controlled fo",41,Capital goods (except for transport equipment)
845969,"Milling machines nes, for removing metal",41,Capital goods (except for transport equipment)
845970,Threading or tapping machines nes for removing,41,Capital goods (except for transport equipment)
846011,Fl-surf grinding mach where the pos of one axis,41,Capital goods (except for transport equipment)
846019,Fl-surf grinding mach where the pos of one axis,41,Capital goods (except for transport equipment)
846021,Grinding mach where pos of one axis to an acc t,41,Capital goods (except for transport equipment)
846029,Grinding mach where pos of one axis to an acc t,41,Capital goods (except for transport equipment)
846031,Sharpening (tool or cutter grinding) mach n/c f,41,Capital goods (except for transport equipment)
846039,Sharpening (tool or cutter grinding) mach nes f,41,Capital goods (except for transport equipment)
846040,Honing or lapping machines for removing metal,41,Capital goods (except for transport equipment)
846090,Mach-tools for deburring polishing etc for fin,41,Capital goods (except for transport equipment)
846110,Planing machines by removing metal,41,Capital goods (except for transport equipment)
846120,Shaping or slotting machines by removing metal,41,Capital goods (except for transport equipment)
846130,Broaching machines by removing metal,41,Capital goods (except for transport equipment)
846140,"Gear cutting, gear grinding or gear finishing m",41,Capital goods (except for transport equipment)
846150,Sawing or cutting-off machines by removing meta,41,Capital goods (except for transport equipment)
846190,Filing or engraving mach(o/t those of hdg 84.59,41,Capital goods (except for transport equipment)
846210,Forging or die-stamping mach (inc presses) and,41,Capital goods (except for transport equipment)
846221,Bending folding stgting or flattening mach (inc,41,Capital goods (except for transport equipment)
846229,Bending/folding/stgting or flattening mach (inc,41,Capital goods (except for transport equipment)
846231,Shearing mach (inc presses) o/t combined punch/,41,Capital goods (except for transport equipment)
846239,Shearing mach (inc presses) o/t combined pnnch/,41,Capital goods (except for transport equipment)
846241,Punching/notching mach including comb punch/she,41,Capital goods (except for transport equipment)
846249,Punching/notching mach including comb punch/she,41,Capital goods (except for transport equipment)
846291,Hydraulic presses for working metal,41,Capital goods (except for transport equipment)
846299,Presses nes for working metal,41,Capital goods (except for transport equipment)
846310,Draw-benches for bars/tubes/profiles wire or th,41,Capital goods (except for transport equipment)
846320,Thread rolling machines for working metal,41,Capital goods (except for transport equipment)
846330,Machines for working metal wire,41,Capital goods (except for transport equipment)
846390,Mach-tls for wrkg mtl/sntrd mtl carbd or cermet,41,Capital goods (except for transport equipment)
846410,Sawing mach for wrkg stone/ceram/concr/asb/ceme,41,Capital goods (except for transport equipment)
846420,Grindg/polish mach for wrkg ston/ceram/concr/as,41,Capital goods (except for transport equipment)
846490,Mach-tls for wrkg ston/ceram/concr/asb-cement e,41,Capital goods (except for transport equipment)
846510,Mach which can c/o diff typ of mach op w/o tl c,41,Capital goods (except for transport equipment)
846591,Sawing machines for working wood/cork/ bone/har,41,Capital goods (except for transport equipment)
846592,Planing/milling or moulding (by cutting) mach f,41,Capital goods (except for transport equipment)
846593,Grinding/sanding or polishing mach for working,41,Capital goods (except for transport equipment)
846594,Bending or assy mach for wrkg wood/cork/ bone/h,41,Capital goods (except for transport equipment)
846595,Drilling or morticing mach for wrkg wood /cork/,41,Capital goods (except for transport equipment)
846596,Splitting/slicing or paring mach for wrkg wood/,41,Capital goods (except for transport equipment)
846599,Mach-tls for working wod/crk/bne/hrd rubber/hrd,41,Capital goods (except for transport equipment)
846610,Tool holders and self-opening dieheads for use,41,Capital goods (except for transport equipment)
846620,Work holders for use with mach of hdg 84.56 to,41,Capital goods (except for transport equipment)
846630,Dividg heads & other spec attach for mch for us,41,Capital goods (except for transport equipment)
846711,"Tools for working in the hand, pneumatic rotary",41,Capital goods (except for transport equipment)
846719,"Tools for working in the hand, pneumatic type n",41,Capital goods (except for transport equipment)
846781,Chain saws,41,Capital goods (except for transport equipment)
846789,Tools for working in the hand with self-contain,41,Capital goods (except for transport equipment)
846810,"Torches, hand-held, for soldering, brazing or w",41,Capital goods (except for transport equipment)
846820,Gas-operated machinery for welding nes,41,Capital goods (except for transport equipment)
846880,Welding machinery not gas-operated,41,Capital goods (except for transport equipment)
846910,Automatic typewriters and word-processing machi,41,Capital goods (except for transport equipment)
846921,"Typewriters, electric, weighing not more than 1",41,Capital goods (except for transport equipment)
846929,"Typewriters, electric, nes",41,Capital goods (except for transport equipment)
846931,"Typewriters, non-electric, weighing not more th",41,Capital goods (except for transport equipment)
846939,"Typewriters, non-electric, nes",41,Capital goods (except for transport equipment)
847010,Electronic calculators capable of oper without,41,Capital goods (except for transport equipment)
847021,"Electronic calculating machines, incorporating",41,Capital goods (except for transport equipment)
847029,"Electronic calculating machines, nes",41,Capital goods (except for transport equipment)
847030,"Calculating machines, nes",41,Capital goods (except for transport equipment)
847040,Accounting machines,41,Capital goods (except for transport equipment)
847050,Cash registers,41,Capital goods (except for transport equipment)
847090,Postage franking mchy ticket-issuing mchy etc i,41,Capital goods (except for transport equipment)
847110,Analogue or hybrid automatic data processing ma,41,Capital goods (except for transport equipment)
847120,Digital auto data process mach cntg in the same,41,Capital goods (except for transport equipment)
847191,Digital process units whether or not presented,41,Capital goods (except for transport equipment)
847192,"Input or output units, whether or not presented",41,Capital goods (except for transport equipment)
847193,"Storage units, whether or not presented with th",41,Capital goods (except for transport equipment)
847199,Automatic data processing machines and units th,41,Capital goods (except for transport equipment)
847210,Office duplicating machines,41,Capital goods (except for transport equipment)
847220,Addressing machines and address plate embossing,41,Capital goods (except for transport equipment)
847230,Mchy for sorting or folding mail etc & mchy for,41,Capital goods (except for transport equipment)
847290,"Office machines, nes",41,Capital goods (except for transport equipment)
847410,Sorting/screening/separating or washing mach fo,41,Capital goods (except for transport equipment)
847420,Crushing/grinding machines for earth/ stone/ore,41,Capital goods (except for transport equipment)
847431,Concrete or mortar mixers,41,Capital goods (except for transport equipment)
847432,Machines for mixing mineral substances with bit,41,Capital goods (except for transport equipment)
847439,Mixing or kneading machines nes for earth or ot,41,Capital goods (except for transport equipment)
847480,"Mach for agglomerating minerals fuels,mach for",41,Capital goods (except for transport equipment)
847510,"Mach for assembling electric lamps, tubes, flas",41,Capital goods (except for transport equipment)
847520,Machines for manufacturing or hot working glass,41,Capital goods (except for transport equipment)
847611,Automatic gds-vending mach incorporating heatin,41,Capital goods (except for transport equipment)
847619,"Automatic goods-vending machines, nes",41,Capital goods (except for transport equipment)
847710,Injection-moulding machines for working rubber,41,Capital goods (except for transport equipment)
847720,Extruders for working rubber or plastics nes,41,Capital goods (except for transport equipment)
847730,Blow moulding machines for working rubber or pl,41,Capital goods (except for transport equipment)
847740,Vacuum mld mach & other thermoforming mach to w,41,Capital goods (except for transport equipment)
847751,Mach for moulding/retreading pneu tires or to m,41,Capital goods (except for transport equipment)
847759,Mach for moulding or otherwise forming rubber o,41,Capital goods (except for transport equipment)
847780,Mach for working rubber or plastics or for the,41,Capital goods (except for transport equipment)
847810,Machinery for preparing or making up tobacco ne,41,Capital goods (except for transport equipment)
847910,"Mach for public works,building or the like,nes",41,Capital goods (except for transport equipment)
847920,Mach for the extraction/prep of animal/ fixed f,41,Capital goods (except for transport equipment)
847930,Press for the mfr of part/fib board or for trea,41,Capital goods (except for transport equipment)
847940,"Rope or cable-making machines, nes having indiv",41,Capital goods (except for transport equipment)
847981,Mach for treating mtl inc electric wire coil-wi,41,Capital goods (except for transport equipment)
847982,Mach for mixing/kneading/crushing/grinding etc,41,Capital goods (except for transport equipment)
847989,Machines & mechanical appliances nes having ind,41,Capital goods (except for transport equipment)
848010,"Boxes, moulding, for metal foundry",41,Capital goods (except for transport equipment)
848020,"Bases, mould",41,Capital goods (except for transport equipment)
848030,"Patterns, moulding",41,Capital goods (except for transport equipment)
848041,"Moulds, injection or compression types, for met",41,Capital goods (except for transport equipment)
848049,"Moulds for metal or metal carbides, nes",41,Capital goods (except for transport equipment)
848050,Moulds for glass,41,Capital goods (except for transport equipment)
848060,Moulds for mineral materials,41,Capital goods (except for transport equipment)
848071,"Moulds, injection or compression types, for rub",41,Capital goods (except for transport equipment)
848079,"Moulds for rubber or plastics, nes",41,Capital goods (except for transport equipment)
850110,Electric motors of an output not exceeding 37.5,41,Capital goods (except for transport equipment)
850120,Universal AC/DC motors of an output exceeding 3,41,Capital goods (except for transport equipment)
850131,"DC motors, DC generators, of an output not exce",41,Capital goods (except for transport equipment)
850132,"DC motors,DC generators,of an output exceeding",41,Capital goods (except for transport equipment)
850133,"DC motors,DC generators,of an output exceeding",41,Capital goods (except for transport equipment)
850134,"DC motors, DC generators, of an output exceedin",41,Capital goods (except for transport equipment)
850140,"AC motors, single-phase, nes",41,Capital goods (except for transport equipment)
850151,"AC motors, multi-phase, of an output not exceed",41,Capital goods (except for transport equipment)
850152,"AC motors, multi-phase, of an output exceeding",41,Capital goods (except for transport equipment)
850153,"AC motors, multi-phase, of an output exceeding",41,Capital goods (except for transport equipment)
850161,"AC generators (alternators), of an output not e",41,Capital goods (except for transport equipment)
850162,"AC generators, of an output exceeding 75 KVA bu",41,Capital goods (except for transport equipment)
850163,"AC generators, of an output exceeding 375 KVA b",41,Capital goods (except for transport equipment)
850164,"AC generators, of an output exceeding 750 KVA",41,Capital goods (except for transport equipment)
850211,"Generating sets,diesel or semi-diesel engines,o",41,Capital goods (except for transport equipment)
850212,"Generating sets,diesel or semi-diesel exceeding",41,Capital goods (except for transport equipment)
850213,"Generating sets,diesel or semi-diesel engines,o",41,Capital goods (except for transport equipment)
850220,Generating sets with spark-ignition internal co,41,Capital goods (except for transport equipment)
850230,"Electric generating sets, nes",41,Capital goods (except for transport equipment)
850240,Electric rotary converters,41,Capital goods (except for transport equipment)
850410,Ballasts for discharge lamps or tubes,41,Capital goods (except for transport equipment)
850421,Liquid dielectric transformers having a power h,41,Capital goods (except for transport equipment)
850422,Liq dielectric transf having a power handling c,41,Capital goods (except for transport equipment)
850423,Liq dielectric transf having a power handling c,41,Capital goods (except for transport equipment)
850431,Transformers electric power handling capacity n,41,Capital goods (except for transport equipment)
850432,Transformers electric power handling capacity >,41,Capital goods (except for transport equipment)
850433,Transformers electric power handling capacity >,41,Capital goods (except for transport equipment)
850434,Transformers electric having a power handling c,41,Capital goods (except for transport equipment)
850440,"Static converters, nes",41,Capital goods (except for transport equipment)
850450,"Inductors, electric",41,Capital goods (except for transport equipment)
850511,Permanent magnets and art. intended to become p,41,Capital goods (except for transport equipment)
850519,Permanent magnets and articles intended to beco,41,Capital goods (except for transport equipment)
850520,"Electro-magnetic couplings, clutches and brakes",41,Capital goods (except for transport equipment)
850530,Electro-magnetic lifting heads,41,Capital goods (except for transport equipment)
850590,Electro-magnets nes and parts of heading No 85.,41,Capital goods (except for transport equipment)
850810,"Drills, hand-held, with self-contained electric",41,Capital goods (except for transport equipment)
850820,"Saws, hand-held, with self-contained electric m",41,Capital goods (except for transport equipment)
850880,"Tools, nes, hand-held, with self-contained elec",41,Capital goods (except for transport equipment)
851410,Industrial & laboratory electric resistance hea,41,Capital goods (except for transport equipment)
851420,Industrial&laboratory electric induction or die,41,Capital goods (except for transport equipment)
851430,Industrial & laboratory electric furnaces & ove,41,Capital goods (except for transport equipment)
851440,Industrial&laboratory electric induction or die,41,Capital goods (except for transport equipment)
851511,Electric soldering irons & guns,41,Capital goods (except for transport equipment)
851519,Electric brazing or soldering machines and appa,41,Capital goods (except for transport equipment)
851521,Electric mach/app for resistance welding of met,41,Capital goods (except for transport equipment)
851529,Electric mach/app for resistance welding of met,41,Capital goods (except for transport equipment)
851531,Elec mach&app for arc (inc plasma arc) welding,41,Capital goods (except for transport equipment)
851539,Electric mach/app for arc (inc plasma arc) weld,41,Capital goods (except for transport equipment)
851580,Electric/laser/ultrasonic mach for weld/cut nes,41,Capital goods (except for transport equipment)
851710,Telephone sets,41,Capital goods (except for transport equipment)
851720,Teleprinters,41,Capital goods (except for transport equipment)
851730,Telephonic or telegraphic switching apparatus,41,Capital goods (except for transport equipment)
851740,"Apparatus, for carrier-current line systems, ne",41,Capital goods (except for transport equipment)
851781,"Telephonic apparatus, nes",41,Capital goods (except for transport equipment)
851782,"Telegraphic apparatus, nes",41,Capital goods (except for transport equipment)
851810,Microphones and stands therefor,41,Capital goods (except for transport equipment)
851821,"Single loudspeakers, mounted in the same enclos",41,Capital goods (except for transport equipment)
851822,"Multiple loudspeakers, mounted in the same encl",41,Capital goods (except for transport equipment)
851829,"Loudspeakers, nes",41,Capital goods (except for transport equipment)
851830,"Headphones, earphones and combined microphone/s",41,Capital goods (except for transport equipment)
851840,Audio-frequency electric amplifiers,41,Capital goods (except for transport equipment)
851850,Electric sound amplifier sets,41,Capital goods (except for transport equipment)
851910,Coin or disc-operated record-players,41,Capital goods (except for transport equipment)
852010,Dictating mach not capable of operating without,41,Capital goods (except for transport equipment)
852020,Telephone answering machines,41,Capital goods (except for transport equipment)
852031,Magnetic tape rec incorporating sound reproduci,41,Capital goods (except for transport equipment)
852039,Magnetic tape recorders incorporating sound rep,41,Capital goods (except for transport equipment)
852090,Magnetic tape recorders and other sound recordi,41,Capital goods (except for transport equipment)
852110,Video recording or reproducing apparatus magnet,41,Capital goods (except for transport equipment)
852190,Video recording or reproducing apparatus nes,41,Capital goods (except for transport equipment)
852510,Transmission apparatus for radio-teleph radio-b,41,Capital goods (except for transport equipment)
852520,"Transmission apparatus, for radioteleph incorpo",41,Capital goods (except for transport equipment)
852530,Television cameras,41,Capital goods (except for transport equipment)
852610,Radar aparatus,41,Capital goods (except for transport equipment)
852691,Radio navigational aid apparatus,41,Capital goods (except for transport equipment)
852692,Radio remote control apparatus,41,Capital goods (except for transport equipment)
852790,Radio reception apparatus nes,41,Capital goods (except for transport equipment)
853010,"Electrical signalling,safety or traffic control",41,Capital goods (except for transport equipment)
853080,"Electrical signalling, safety or traffic contro",41,Capital goods (except for transport equipment)
853110,Burglar or fire alarms and similar apparatus,41,Capital goods (except for transport equipment)
853120,Indicator panels incorporating liquid crystal d,41,Capital goods (except for transport equipment)
853180,"Electric sound or visual signalling apparatus,",41,Capital goods (except for transport equipment)
853210,Fixed capacitors designed for use in 50/60 Hz c,41,Capital goods (except for transport equipment)
853221,"Electrical capacitors, fixed, tantalum, nes",41,Capital goods (except for transport equipment)
853222,"Electrical capacitors, fixed, aluminium electro",41,Capital goods (except for transport equipment)
853223,"Electrical capacitors, fixed, ceramic dielectri",41,Capital goods (except for transport equipment)
853224,"Electrical capacitors, fixed, ceramic dielectri",41,Capital goods (except for transport equipment)
853225,"Electrical capacitors, fixed, dielectric of pap",41,Capital goods (except for transport equipment)
853229,"Electrical capacitors, fixed, nes",41,Capital goods (except for transport equipment)
853230,"Electrical capacitors, variable or adjustable (",41,Capital goods (except for transport equipment)
854310,Particle accelerators,41,Capital goods (except for transport equipment)
854320,Signal generators,41,Capital goods (except for transport equipment)
854330,"Machines & apparatus for electroplating, electr",41,Capital goods (except for transport equipment)
854380,"Electrical machines and apparatus, having indiv",41,Capital goods (except for transport equipment)
860800,"Signalling devices for railways, waterways and",41,Capital goods (except for transport equipment)
870110,Pedestrian controlled tractors,41,Capital goods (except for transport equipment)
870130,Track-laying tractors (crawlers),41,Capital goods (except for transport equipment)
870190,Wheeled tractors nes,41,Capital goods (except for transport equipment)
870911,"Work trucks, electrically powered, for use in f",41,Capital goods (except for transport equipment)
870919,Work trucks not electrically powered,41,Capital goods (except for transport equipment)
890510,Dredgers,41,Capital goods (except for transport equipment)
890520,Floating or submersible drilling or production,41,Capital goods (except for transport equipment)
890590,Floating docks and vessels which perform specia,41,Capital goods (except for transport equipment)
890790,"Buoys, beacons, coffer-dams, pontoons and other",41,Capital goods (except for transport equipment)
900580,"Monoculars, oth optical telescopes, astronomica",41,Capital goods (except for transport equipment)
900711,Cinematographic cameras for film of < 16 mm wid,41,Capital goods (except for transport equipment)
900719,"Cinematographic cameras, nes",41,Capital goods (except for transport equipment)
900721,Cinematographic projectors for film of less tha,41,Capital goods (except for transport equipment)
900729,"Cinematographic projectors, nes",41,Capital goods (except for transport equipment)
900911,"Electrostatic photo-copying apparatus, direct p",41,Capital goods (except for transport equipment)
900912,"Electrostatic photo-copying apparatus, indirect",41,Capital goods (except for transport equipment)
900921,"Photo-copying apparatus, incorporating an optic",41,Capital goods (except for transport equipment)
900922,"Contact type photo-copying apparatus,nes",41,Capital goods (except for transport equipment)
900930,Thermo-copying apparatus,41,Capital goods (except for transport equipment)
901110,Stereoscopic microscopes,41,Capital goods (except for transport equipment)
901120,"Microscopes, for photomicrography, cinephotomic",41,Capital goods (except for transport equipment)
901210,Microscopes other than optical microscopes and,41,Capital goods (except for transport equipment)
901310,Telescopic sights for fitting to arms; periscop,41,Capital goods (except for transport equipment)
901320,"Lasers, other than laser diodes",41,Capital goods (except for transport equipment)
901380,"Optical devices, appliances and instruments, ne",41,Capital goods (except for transport equipment)
901410,Direction finding compasses,41,Capital goods (except for transport equipment)
901420,Instruments&appl for aeronautical or space navi,41,Capital goods (except for transport equipment)
901480,Navigational instruments and appliances nes,41,Capital goods (except for transport equipment)
901510,Rangefinders,41,Capital goods (except for transport equipment)
901520,Theodolites and tacheometers,41,Capital goods (except for transport equipment)
901530,Surveying levels,41,Capital goods (except for transport equipment)
901540,Photogrammetrical surveying instruments and app,41,Capital goods (except for transport equipment)
901580,"Surveying,hydrographic,oceanographic,meteorolog",41,Capital goods (except for transport equipment)
901600,Balances of a sensitivity of 5 cg or better wit,41,Capital goods (except for transport equipment)
901710,"Drafting tables and machines, whether or not au",41,Capital goods (except for transport equipment)
901720,"Drawing, marking-out or mathematical calculatin",41,Capital goods (except for transport equipment)
901730,"Micrometers, callipers and gauges",41,Capital goods (except for transport equipment)
901780,"Instruments for measuring length, for use in th",41,Capital goods (except for transport equipment)
901811,Electro-cardiographs,41,Capital goods (except for transport equipment)
901819,"Electro-diagnostic apparatus, nes",41,Capital goods (except for transport equipment)
901820,Ultra-violet or infra-red ray apparatus,41,Capital goods (except for transport equipment)
901831,"Syringes, with or without needles",41,Capital goods (except for transport equipment)
901832,Tubular metal needles and needles for sutures,41,Capital goods (except for transport equipment)
901839,"Needles, catheters, cannulae and the like, nes",41,Capital goods (except for transport equipment)
901841,"Dental drill engines,whether or not combi on a",41,Capital goods (except for transport equipment)
901849,"Instruments and appliances, used in dental scie",41,Capital goods (except for transport equipment)
901850,"Ophthalmic instruments and appliances, nes",41,Capital goods (except for transport equipment)
901890,Instruments and appliances used in medical or v,41,Capital goods (except for transport equipment)
901910,Mechano-therapy appl; massage app; psychologica,41,Capital goods (except for transport equipment)
901920,"Oxygen therapy, artificial respiration or oth t",41,Capital goods (except for transport equipment)
902000,"Breathing appliances and gas masks,exc protecti",41,Capital goods (except for transport equipment)
902211,Apparatus based on the use of X-rays for medica,41,Capital goods (except for transport equipment)
902219,Apparatus based on the use of X-rays for other,41,Capital goods (except for transport equipment)
902221,Apparatus based on the use of alpha beta or gam,41,Capital goods (except for transport equipment)
902229,Apparatus based on the use of alpha beta or gam,41,Capital goods (except for transport equipment)
902230,X-ray tubes,41,Capital goods (except for transport equipment)
902290,Parts and accessories for app based on the use,41,Capital goods (except for transport equipment)
902300,"Instruments, apparatus and models, designed for",41,Capital goods (except for transport equipment)
902410,Machines and appliances for testing the mechani,41,Capital goods (except for transport equipment)
902480,Machines and appliances for testing the mechani,41,Capital goods (except for transport equipment)
902511,"Thermometers&pyrometers,not combined with other",41,Capital goods (except for transport equipment)
902519,"Thermometers&pyrometers,not combined with other",41,Capital goods (except for transport equipment)
902520,"Barometers, not combined with other instruments",41,Capital goods (except for transport equipment)
902580,"Hydrometers, pyrometers, hygrometers and psychr",41,Capital goods (except for transport equipment)
902610,Instruments and apparatus for measure/checking,41,Capital goods (except for transport equipment)
902620,Instruments and apparatus for measuring or chec,41,Capital goods (except for transport equipment)
902680,Instruments & apparatus for measure/checking va,41,Capital goods (except for transport equipment)
902710,Gas or smoke analysis apparatus,41,Capital goods (except for transport equipment)
902720,Chromatographs and electrophoresis instruments,41,Capital goods (except for transport equipment)
902730,"Spectrometers,spectrophotometers and spectrogra",41,Capital goods (except for transport equipment)
902740,Exposure meters,41,Capital goods (except for transport equipment)
902750,Instruments and apparatus using optical radiati,41,Capital goods (except for transport equipment)
902780,Instruments and apparatus for physical or chemi,41,Capital goods (except for transport equipment)
902790,Microtomes; parts & access of inst and app for,41,Capital goods (except for transport equipment)
902810,"Gas supply, production and calibrating meters",41,Capital goods (except for transport equipment)
902820,"Liquid supply, production and calibrating meter",41,Capital goods (except for transport equipment)
902830,"Electricity supply, production and calibrating",41,Capital goods (except for transport equipment)
902910,"Revolution counters,production counters taximet",41,Capital goods (except for transport equipment)
902920,Speed indicators and tachometers; stroboscopes,41,Capital goods (except for transport equipment)
903010,Instruments and apparatus for measuring or dete,41,Capital goods (except for transport equipment)
903020,Cathode-ray oscilloscopes and cathode-ray oscil,41,Capital goods (except for transport equipment)
903031,Multimeters,41,Capital goods (except for transport equipment)
903039,"Inst&app,for measuring or checking voltage,curr",41,Capital goods (except for transport equipment)
903040,"Instruments and apparatus, specially designed f",41,Capital goods (except for transport equipment)
903081,"Inst&app for measuring or checking elec qty,wit",41,Capital goods (except for transport equipment)
903089,Instruments and apparatus for measuring or chec,41,Capital goods (except for transport equipment)
903110,"Machines for balancing mechanical parts, nes",41,Capital goods (except for transport equipment)
903120,Test benches for measuring or checking instrume,41,Capital goods (except for transport equipment)
903130,"Profile projectors, nes",41,Capital goods (except for transport equipment)
903140,"Optical instruments and appliances, nes",41,Capital goods (except for transport equipment)
903180,"Measuring or checking instruments, appliances a",41,Capital goods (except for transport equipment)
903210,Thermostats,41,Capital goods (except for transport equipment)
903220,Manostats,41,Capital goods (except for transport equipment)
903281,Hydraulic or pneumatic automatic regulating or,41,Capital goods (except for transport equipment)
903289,Automatic regulating or controlling instruments,41,Capital goods (except for transport equipment)
910610,Time-registers; time-recorders,41,Capital goods (except for transport equipment)
910620,Parking meters,41,Capital goods (except for transport equipment)
910690,"Time of day recording apparatus, nes",41,Capital goods (except for transport equipment)
910700,Time switches with clock or watch movement or w,41,Capital goods (except for transport equipment)
940210,"Dentists', barbers' or similar chairs and parts",41,Capital goods (except for transport equipment)
940290,"Medical, surgical, dental or veterinary furnitu",41,Capital goods (except for transport equipment)
950800,"Rndabts,swings,shoot galleries,fairgrnd amuseme",41,Capital goods (except for transport equipment)
961800,Tailors' dummies/lay figures; automata and oth,41,Capital goods (except for transport equipment)
401010,"Conveyor... belting, of vulcanized rubber of tr",42,Parts and accessories
401091,"Conveyor... belting, of vulcanized rubber of a",42,Parts and accessories
401099,"Conveyor... belting, of vulcanized rubber of a",42,Parts and accessories
420400,Articles of leather used in machinery or mechan,42,Parts and accessories
590900,"Textile... tubing, with or without lining, etc,",42,Parts and accessories
591000,"Transmission or conveyor belts or belting, of t",42,Parts and accessories
591110,"Textile fabrics...,coated,covered...with rubber",42,Parts and accessories
591120,Bolting cloth,42,Parts and accessories
591131,"Textile fabrics and felts, for paper-making mac",42,Parts and accessories
591132,"Textile fabrics and felts, for paper-making mac",42,Parts and accessories
591140,"Straining cloth of a kind used in oil presses,",42,Parts and accessories
591190,"Textile articles for technical uses, nes, speci",42,Parts and accessories
820220,Band saw blades,42,Parts and accessories
820231,Circular saw blades with working part of steel,42,Parts and accessories
820232,Circular saw blades with working part of other,42,Parts and accessories
820240,Chain saw blades,42,Parts and accessories
820291,"Straight saw blades, for working metal",42,Parts and accessories
820299,"Stone cutting saw blades, friction discs for cu",42,Parts and accessories
820711,Rock drilling or earth boring tools with workin,42,Parts and accessories
820712,Rock drilling or earth boring tools with workin,42,Parts and accessories
820720,Dies for drawing or extruding metal,42,Parts and accessories
820730,"Tools for pressing, stamping or punching",42,Parts and accessories
820740,Tools for taping or threading,42,Parts and accessories
820750,"Tools for drilling, other than for rock drillin",42,Parts and accessories
820760,Tools for boring or broaching,42,Parts and accessories
820770,Tools for milling,42,Parts and accessories
820780,Tools for turning,42,Parts and accessories
820790,"Screwdriver bits, lapping tools and other inter",42,Parts and accessories
820810,Knives and blades for machines or mechanical ap,42,Parts and accessories
820820,Knives and blades for machines or mechanical ap,42,Parts and accessories
820830,Knives and blades for kitchen appliances or foo,42,Parts and accessories
820840,"Knives and blades for agricultural, horticultur",42,Parts and accessories
820890,"Knives and blades for leather, paper, tobacco m",42,Parts and accessories
820900,"Plates, tips and the like for tools of sintered",42,Parts and accessories
840140,Parts of nuclear reactors,42,Parts and accessories
840290,Parts of steam or vapour generating boilers nes,42,Parts and accessories
840490,Parts for auxiliary plant & condenser for steam,42,Parts and accessories
840590,"Parts of prod gas or wat gas gen,acetylene gas",42,Parts and accessories
840690,Parts of steam and vapour turbines,42,Parts and accessories
841090,Parts of hydraulic turbines & water wheels incl,42,Parts and accessories
841290,Parts of hydraulic & pneumatic & other power en,42,Parts and accessories
841391,Parts of pumps for liquid whether or not fitted,42,Parts and accessories
841392,Parts of liquid elevators,42,Parts and accessories
841490,"Parts of vacuum pumps, compressors, fans, blowe",42,Parts and accessories
841590,Parts of air conditioning machines,42,Parts and accessories
841690,"Parts of furnace burners,mech stokers grates,as",42,Parts and accessories
841790,Parts of industrial or lab furnaces & ovens inc,42,Parts and accessories
841891,Furniture designed to receive refrigerating or,42,Parts and accessories
841899,"Parts of refrigerating or freezing equipment, n",42,Parts and accessories
841990,"Parts of machinery, plant and equipment of head",42,Parts and accessories
842091,"Cylinders for calendering or rolling mach, excl",42,Parts and accessories
842099,"Parts of calendering or rolling mach nes, exclu",42,Parts and accessories
842191,"Parts of centrifuges, including centrifugal dry",42,Parts and accessories
842199,Parts for filtering or purifying mchy & apparat,42,Parts and accessories
842290,"Pts of dish washing,cleaning or drying containe",42,Parts and accessories
842390,Weighing machine weights of all kinds; parts of,42,Parts and accessories
842490,Pts of mech app (hand-op or not) for proj/disp,42,Parts and accessories
843110,Parts of machinery of heading No 84.25,42,Parts and accessories
843120,Parts of fork-lift and other works trucks fitte,42,Parts and accessories
843131,"Parts of lifts, skip hoist or escalators",42,Parts and accessories
843139,"Parts of lifting, handling, loading or unloadin",42,Parts and accessories
843141,"Buckets, shovels, grabs and grips of excavating",42,Parts and accessories
843142,Bulldozer and angledozer blades,42,Parts and accessories
843143,"Parts of boring or sinking machinery, whether o",42,Parts and accessories
843149,"Parts of cranes, work-trucks, shovels, and othe",42,Parts and accessories
843290,Parts for rollers and other soil preparation or,42,Parts and accessories
843390,"Parts of harvesting, threshing and oth agricult",42,Parts and accessories
843490,Parts of milking machines and dairy machinery,42,Parts and accessories
843590,"Parts of presses, crushers & sim mach used in t",42,Parts and accessories
843691,Parts of poultry-keeping machinery,42,Parts and accessories
843699,Parts of agr/hort/forestry/bee-keeping mach nes,42,Parts and accessories
843790,"Pts of clean/sort mach etc for seed/grn, mill/w",42,Parts and accessories
843890,Pts of mach for the ind prep/mfr of food etc ex,42,Parts and accessories
843991,Parts of mach for making pulp of fibrous cellul,42,Parts and accessories
843999,Parts of mach for making or finishing paper or,42,Parts and accessories
844090,Parts of book-binding machinery including book-,42,Parts and accessories
844190,"Pts of mach for making up paper pulp,paper or p",42,Parts and accessories
844240,Pts of mach/app&equip for type-set or type-foun,42,Parts and accessories
844250,"Printing type,blocks,plates,cylinders&oth print",42,Parts and accessories
844390,Parts of printing machinery & machines for uses,42,Parts and accessories
844811,"Dobbies,Jacquards,card reducing, for use with m",42,Parts and accessories
844819,Auxiliary machinery nes for machines of heading,42,Parts and accessories
844820,Pts & access of mach of hdg No 84.44 or of thei,42,Parts and accessories
844831,Card clothing for hdg No 84.45,42,Parts and accessories
844832,"Pts&access of mach for prep text fib,(exc card",42,Parts and accessories
844833,"Spindles,spindle flyers,spinning rings&ring tra",42,Parts and accessories
844839,Pts & access of mach of heading No 84.45 or of,42,Parts and accessories
844841,Shuttles for weaving machines (looms),42,Parts and accessories
844842,"Reeds for looms, healds & heald-frames for weav",42,Parts and accessories
844849,Parts and accessories of weaving mches or of th,42,Parts and accessories
844851,"Sinkers,needles&oth art. used in form stitches",42,Parts and accessories
844859,Parts&access of machines of hdg No 84.47 or of,42,Parts and accessories
845090,Parts of household or laundry-type washing mach,42,Parts and accessories
845190,Pts of washing/cleaning/drying/ironing/ dyeing,42,Parts and accessories
845390,Pts of mach for prep etc hides skin leather or,42,Parts and accessories
845490,Pts of converters/ladles/ingot moulds&casting m,42,Parts and accessories
845530,Rolls for metal rolling mills,42,Parts and accessories
845590,Parts of metal rolling mills & rolls,42,Parts and accessories
846691,Parts and accessories nes for use on machines o,42,Parts and accessories
846692,Parts and accessories nes for use on machines o,42,Parts and accessories
846693,Parts and accessories nes for use on machines o,42,Parts and accessories
846694,Parts and accessories nes for use on machines o,42,Parts and accessories
846791,Chain saw parts,42,Parts and accessories
846792,Pneumatic hand tool parts,42,Parts and accessories
846799,"Hand tools nes, parts of",42,Parts and accessories
846890,Welding machinery parts,42,Parts and accessories
847310,Parts and accessories of typewriters and word-p,42,Parts and accessories
847321,Parts and accessories of electronic calculating,42,Parts and accessories
847329,Parts and accessories of calculating & accounti,42,Parts and accessories
847330,Parts and accessories of automatic data process,42,Parts and accessories
847340,"Parts and accessories of other office machines,",42,Parts and accessories
847490,Pts of sorting/screening/mixing/crushing/grindi,42,Parts and accessories
847590,Parts of glass working machines,42,Parts and accessories
847690,Parts of automatic goods-vending machine,42,Parts and accessories
847790,Pts of mach for wrkg rubber or plas or for the,42,Parts and accessories
847890,Parts of machinery for preparing or making up t,42,Parts and accessories
847990,Parts of machines & mechanical appliances nes h,42,Parts and accessories
848110,"Valves, pressure reducing",42,Parts and accessories
848120,Valves for oleohydraulic or pneumatic transmiss,42,Parts and accessories
848130,"Valves, check",42,Parts and accessories
848140,"Valves, safety or relief",42,Parts and accessories
848180,"Taps, cocks, valves and similar appliances, nes",42,Parts and accessories
848190,"Parts of taps, cocks, valves or similar applian",42,Parts and accessories
848210,"Bearings, ball",42,Parts and accessories
848220,"Bearings, tapered roller, including cone and ta",42,Parts and accessories
848230,"Bearings, spherical roller",42,Parts and accessories
848240,"Bearings, needle roller",42,Parts and accessories
848250,"Bearings, cylindrical roller, nes",42,Parts and accessories
848280,"Bearings, ball or roller, nes, including combin",42,Parts and accessories
848291,"Balls, needles and rollers for bearings",42,Parts and accessories
848299,"Bearing parts, nes",42,Parts and accessories
848310,"Transmission shafts and cranks, including cam s",42,Parts and accessories
848320,"Bearing housings, incorporating ball or roller",42,Parts and accessories
848330,"Bearing housings,not incorporating ball/roller",42,Parts and accessories
848340,"Gears and gearing,ball screws,gear boxes,speed",42,Parts and accessories
848350,"Flywheels and pulleys, including pulley blocks",42,Parts and accessories
848360,Clutches and shaft couplings (including univers,42,Parts and accessories
848390,Parts of power transmission equipment or oth gd,42,Parts and accessories
848410,Gaskets of metal sheeting combined with other m,42,Parts and accessories
848490,Gasket sets consisting of gaskets of different,42,Parts and accessories
848510,Ships' or boats propellers and blades therefor,42,Parts and accessories
848590,"Machinery parts, non-electrical, nes",42,Parts and accessories
850300,"Parts of electric motors,generators,generating",42,Parts and accessories
850490,"Parts of electrical transformers, static conver",42,Parts and accessories
850890,Parts of hand tools with self-contained electri,42,Parts and accessories
851490,Parts of industrial or laboratory electric furn,42,Parts and accessories
851590,Pts of electric/laser/ultrasonic mach for weld/,42,Parts and accessories
851790,Parts of electrical apparatus for line telephon,42,Parts and accessories
851890,"Parts of microphones,loudspeakers,headphones,ea",42,Parts and accessories
852210,Pick-up cartridges,42,Parts and accessories
852290,Parts and accessories of apparatus of heading N,42,Parts and accessories
852910,Aerials and aerial reflectors of all kinds; par,42,Parts and accessories
852990,Parts suitable for use solely or princ with the,42,Parts and accessories
853090,"Parts of electrical signalling, safety or traff",42,Parts and accessories
853190,Parts of electric sound or visual signalling ap,42,Parts and accessories
853290,Parts of electrical capacitors,42,Parts and accessories
853310,"Electrical resistors, fixed carbon, composition",42,Parts and accessories
853321,Electrical resistors fixed for a power handling,42,Parts and accessories
853329,"Electrical resistors, fixed, other than heating",42,Parts and accessories
853331,"Wirewound variable resistors, including rheosta",42,Parts and accessories
853339,"Wirewound variable resistors, including rheosta",42,Parts and accessories
853340,"Variable resistors, including rheostats and pot",42,Parts and accessories
853390,"Parts of electrical resistors, rheostats and po",42,Parts and accessories
853400,Printed circuits,42,Parts and accessories
853510,"Electrical fuses, for a voltage exceeding 1,000",42,Parts and accessories
853521,Automatic circuit breakers for a voltage exceed,42,Parts and accessories
853529,"Automatic circuit breakers, for a voltage excee",42,Parts and accessories
853530,"Isolating switches and make-and-break switches,",42,Parts and accessories
853540,"Lightning arresters, voltage limiters and surge",42,Parts and accessories
853590,Electrical app for switching or protec elec cir,42,Parts and accessories
853610,"Electrical fuses, for a voltage not exceeding 1",42,Parts and accessories
853620,Automatic circuit breakers for a voltage not ex,42,Parts and accessories
853630,Electrical app for protecting electric circuits,42,Parts and accessories
853641,Electrical relays for a voltage not exceeding 6,42,Parts and accessories
853649,Electrical relays for a voltage exceed 60 V but,42,Parts and accessories
853650,Electrical switches for a voltage not exceeding,42,Parts and accessories
853661,"Electrical lamp-holders, for a voltage not exce",42,Parts and accessories
853669,"Electrical plugs and sockets, for a voltage not",42,Parts and accessories
853690,Electrical app for switching or protec elec cir,42,Parts and accessories
853710,"Boards, panels, including numerical control pan",42,Parts and accessories
853720,"Boards, panels, including numerical control pan",42,Parts and accessories
853810,"Boards,panels,etc for gds of heading 85.37, not",42,Parts and accessories
853890,Parts for use with the apparatus of heading no.,42,Parts and accessories
854011,"Cathode-ray television picture tubes,including",42,Parts and accessories
854012,Cathode-ray TV picture tubes incl video monitor,42,Parts and accessories
854020,"Television camera tubes, image converter and ot",42,Parts and accessories
854030,"Cathode-ray tubes, nes",42,Parts and accessories
854041,Magnetron tubes,42,Parts and accessories
854042,Klystron tubes,42,Parts and accessories
854049,"Microwave tubes, nes",42,Parts and accessories
854081,Receiver or amplifier valves and tubes,42,Parts and accessories
854089,"Valve and tubes, nes",42,Parts and accessories
854091,Parts of cathode-ray tubes,42,Parts and accessories
854099,"Parts of valve and tubes, nes",42,Parts and accessories
854110,"Diodes, other than photosensitive or light emit",42,Parts and accessories
854121,"Transistors,oth than photosensitive,with a diss",42,Parts and accessories
854129,"Transistors, other than photosensitive transist",42,Parts and accessories
854130,"Thyristors, diacs and triacs, other than photos",42,Parts and accessories
854140,"Photosensitive semiconductor devices,photovolta",42,Parts and accessories
854150,"Semiconductor devices, nes",42,Parts and accessories
854160,Mounted piezo-electric crystals,42,Parts and accessories
854190,Parts of mounted piezo-electric crystals and se,42,Parts and accessories
854211,"Monolithic integrated circuits, digital",42,Parts and accessories
854219,"Monolithic integrated circuits, nes",42,Parts and accessories
854220,Hybrid integrated circuits,42,Parts and accessories
854280,Electronic integrated circuits and microassembl,42,Parts and accessories
854290,Parts of electronic integrated circuits and mic,42,Parts and accessories
854390,Parts of electrical machines & apparatus having,42,Parts and accessories
854511,"Carbon or graphite electrodes, of a kind used f",42,Parts and accessories
854519,"Carbon or graphite electrodes,of a kind used fo",42,Parts and accessories
854520,Carbon or graphite brushes,42,Parts and accessories
854590,"Art. of carbon or graphite,of a kind used for e",42,Parts and accessories
854610,Electrical insulators of glass,42,Parts and accessories
854620,Electrical insulators of ceramics,42,Parts and accessories
854800,"Electrical parts of machinery or apparatus, nes",42,Parts and accessories
870990,Work truck parts,42,Parts and accessories
900590,"Parts and accessories (including mountings), of",42,Parts and accessories
900791,Parts and accessories for cinematographic camer,42,Parts and accessories
900792,Parts and accessories for cinematographic proje,42,Parts and accessories
900990,Parts and accessories for photo-copying apparat,42,Parts and accessories
901180,"Microscopes, optical, nes",42,Parts and accessories
901190,Parts and accessories for optical microscopes,42,Parts and accessories
901290,Parts and accessories for microscopes other tha,42,Parts and accessories
901390,Parts and accessories of optical appliances and,42,Parts and accessories
901490,Parts & access for direction finding compasses,42,Parts and accessories
901590,Parts and accessories for use with the apparatu,42,Parts and accessories
901790,Parts and accessories for use with the apparatu,42,Parts and accessories
902490,Parts and accessories of mach.and appl for test,42,Parts and accessories
902590,Parts and accessories for use with the apparatu,42,Parts and accessories
902690,Parts of inst and app for measure/checking vari,42,Parts and accessories
902890,"Parts and accessories for gas, liquid or electr",42,Parts and accessories
902990,"Parts and access of revolution counters, produc",42,Parts and accessories
903090,Parts & access for inst & app for meas or check,42,Parts and accessories
903190,Parts and accessories for measuring or checking,42,Parts and accessories
903290,Parts & access for automatic regulating or cont,42,Parts and accessories
903300,"Parts & access nes for machines, appliances, in",42,Parts and accessories
870310,"Snowmobiles, golf cars and similar vehicles",51,Passenger motor cars
870321,Automobiles with reciprocating piston engine di,51,Passenger motor cars
870322,Automobiles with reciprocating piston engine di,51,Passenger motor cars
870323,Automobiles with reciprocating piston engine di,51,Passenger motor cars
870324,Automobiles with reciprocating piston engine di,51,Passenger motor cars
870331,Automobiles with diesel engine displacing not m,51,Passenger motor cars
870332,Automobiles with diesel engine displacing more,51,Passenger motor cars
870333,Automobiles with diesel engine displacing more,51,Passenger motor cars
870390,Automobiles nes including gas turbine powered,51,Passenger motor cars
401110,"New pneumatic tyres, of rubber of a kind used o",53,Parts and accessories
401120,"New pneumatic tyres, of rubber of a kind used o",53,Parts and accessories
401130,"New pneumatic tyres, of rubber for aircraft",53,Parts and accessories
401140,"New pneumatic tyres, of rubber of a kind used o",53,Parts and accessories
401150,"New pneumatic tyres, of rubber of a kind used o",53,Parts and accessories
401191,"New pneumatic tyres, of rubber, nes, of herring",53,Parts and accessories
401199,"New pneumatic tyres, of rubber, nes (excl. of h",53,Parts and accessories
401210,Retreaded tyres of rubber,53,Parts and accessories
401220,Used pneumatic tyres of rubber,53,Parts and accessories
401290,"Solid... tyres, interchangeable tyre treads and",53,Parts and accessories
401310,"Inner tubes, of rubber of a kind used on motor",53,Parts and accessories
401320,"Inner tubes, of rubber of a kind used on bicycl",53,Parts and accessories
401390,"Inner tubes, of rubber, nes",53,Parts and accessories
731600,"Anchors, grapnels and parts thereof of iron or",53,Parts and accessories
830230,"Mountings,fittings and similar art. of base mtl",53,Parts and accessories
840710,"Aircraft engines, spark-ignition reciprocating",53,Parts and accessories
840729,Marine engines nes of the spark-ignition recipr,53,Parts and accessories
840731,"Engines, spark-ignition reciprocating, displaci",53,Parts and accessories
840732,"Engines, spark-ignition reciprocating, displaci",53,Parts and accessories
840733,"Engines, spark-ignition reciprocating displacin",53,Parts and accessories
840734,"Engines, spark-ignition reciprocating displacin",53,Parts and accessories
840810,"Marine propulsion engines, diesel",53,Parts and accessories
840820,"Engines, diesel, for the vehicles of Chapter 87",53,Parts and accessories
840910,Parts for spark-ignition type aircraft engines,53,Parts and accessories
840991,Parts for spark-ignition type engines nes,53,Parts and accessories
840999,Parts for diesel and semi-diesel engines,53,Parts and accessories
841111,Turbo-jets of a thrust not exceeding 25 KN,53,Parts and accessories
841112,Turbo-jets of a thrust exceeding 25 KN,53,Parts and accessories
841121,Turbo-propellers of a power not exceeding 1100,53,Parts and accessories
841122,Turbo-propellers of a power exceeding 1100 KW,53,Parts and accessories
841181,Gas turbines nes of a power not exceeding 5000,53,Parts and accessories
841182,Gas turbines nes of a power exceeding 5000 KW,53,Parts and accessories
841191,Parts of turbo-jets or turbo-propellers,53,Parts and accessories
841199,Parts of gas turbines nes,53,Parts and accessories
841210,Reaction engines nes other than turbo jets,53,Parts and accessories
850710,Lead-acid electric accumulators of a kind used,53,Parts and accessories
850720,Lead-acid electric accumulators nes,53,Parts and accessories
850730,Nickel-cadmium electric accumulators,53,Parts and accessories
850740,Nickel-iron electric accumultors,53,Parts and accessories
850780,"Electric accumulators, nes",53,Parts and accessories
851110,Spark plugs,53,Parts and accessories
851120,"Ignition magnetos, magneto-generators and magne",53,Parts and accessories
851130,Distributors and ignition coils,53,Parts and accessories
851140,Starter motors,53,Parts and accessories
851150,Generators and alternators,53,Parts and accessories
851180,Glow plugs and other ignition or starting equip,53,Parts and accessories
851210,Lighting or signalling equipment of a kind used,53,Parts and accessories
851220,Lighting or visual signalling equipment nes,53,Parts and accessories
851230,Sound signalling equipment,53,Parts and accessories
851240,"Windscreen wipes, defrosters and demisters",53,Parts and accessories
853910,Sealed beam lamp units,53,Parts and accessories
860711,Driving bogies and bissel-bogies,53,Parts and accessories
860712,Bogies and bissel-bogies nes,53,Parts and accessories
860719,Axles and wheels and parts,53,Parts and accessories
860721,Air brakes and parts for railway rolling stock,53,Parts and accessories
860729,Brakes nes and parts thereof for railway rollin,53,Parts and accessories
860730,Coupling devices and parts for railway rolling,53,Parts and accessories
860791,Locomotive parts nes,53,Parts and accessories
860799,Railway rolling stock parts nes,53,Parts and accessories
870600,Chassis fitted with engines for the vehicles of,53,Parts and accessories
870710,Bodies for passenger carrying vehicles,53,Parts and accessories
870790,"Bodies for tractors, buses, trucks and special",53,Parts and accessories
870810,Bumpers and parts for motor vehicles,53,Parts and accessories
870821,Safety seat belts for motor vehicles,53,Parts and accessories
870829,Parts and accessories of bodies nes for motor v,53,Parts and accessories
870831,Mounted brake linings for motor vehicles,53,Parts and accessories
870839,Brake system parts nes for motor vehicles,53,Parts and accessories
870840,Tansmissions for motor vehicles,53,Parts and accessories
870850,Drive axles with differential for motor vehicle,53,Parts and accessories
870860,Non-driving axles and parts for motor vehicles,53,Parts and accessories
870870,Wheels including parts and accessories for moto,53,Parts and accessories
870880,Shock absorbers for motor vehicles,53,Parts and accessories
870891,Radiators for motor vehicles,53,Parts and accessories
870892,Mufflers and exhaust pipes for motor vehicles,53,Parts and accessories
870893,Clutches and parts for motor vehicles,53,Parts and accessories
870894,"Steering wheels, steering columns and steering",53,Parts and accessories
870899,Motor vehicle parts nes,53,Parts and accessories
871411,Motorcycle saddles,53,Parts and accessories
871419,Motorcycle parts nes,53,Parts and accessories
871420,Wheelchair parts nes,53,Parts and accessories
871491,"Bicycle frames and forks, and parts thereof",53,Parts and accessories
871492,Bicycle wheel rims and spokes,53,Parts and accessories
871493,Bicycle hubs and free-wheel sprocket wheels,53,Parts and accessories
871494,"Bicycle brakes, including coaster braking hubs,",53,Parts and accessories
871495,Bicycle saddles,53,Parts and accessories
871496,Bicycle pedals and crank-gear and parts thereof,53,Parts and accessories
871499,Bicycle parts nes,53,Parts and accessories
871690,Trailer and other vehicle parts nes,53,Parts and accessories
880310,Aircraft propellers and rotors and parts thereo,53,Parts and accessories
880320,Aircraft under-carriages and parts thereof,53,Parts and accessories
880330,Aircraft parts nes,53,Parts and accessories
880390,"Parts of balloons, dirigibles, and spacecraft n",53,Parts and accessories
910400,Instrument panel clocks and clocks of a similar,53,Parts and accessories
940110,"Seats, aircraft",53,Parts and accessories
940120,"Seats, motor vehicles",53,Parts and accessories
481500,Floor coverings on a base of paper or of paperb,61,Durable
570110,"Carpets and other textile floor coverings, of w",61,Durable
570190,"Carpets and other textile floor coverings, of o",61,Durable
570210,"Kelem, Schumacks, Karamanie and other similar h",61,Durable
570220,Floor coverings of coconut fibres (coir),61,Durable
570231,"Pile floor coverings of wool..., woven, not mad",61,Durable
570232,"Pile floor coverings of man-made textiles, wove",61,Durable
570239,"Pile floor coveringsof other textiles, woven, n",61,Durable
570241,"Pile floor coverings of wool..., woven, made up",61,Durable
570242,"Pile floor coverings of man-made textiles, wove",61,Durable
570249,"Pile floor coverings of other textiles, woven,",61,Durable
570251,"Non-pile floor coverings of wool...woven, not m",61,Durable
570252,"Non-pile floor coverings of man-made textiles,",61,Durable
570259,"Non-pile floor coverings of other textiles, wov",61,Durable
570291,"Non-pile floor coverings of wool..., woven, mad",61,Durable
570292,"Non-pile floor coverings of man-made textiles,",61,Durable
570299,"Non-pile floor coverings of textile materials,",61,Durable
570310,Tufted floor coverings of wool or of fine anima,61,Durable
570320,Tufted floor coverings of nylon or other polyam,61,Durable
570330,Tufted floor coverings of man-made textile mate,61,Durable
570390,"Tufted floor coverings of other textiles, nes",61,Durable
570410,"Carpet tiles =<0.3m2, of felt, not tufted or fl",61,Durable
570490,"Floor coverings of felt, nes, not tufted or flo",61,Durable
570500,"Other carpets and other textile floor coveings,",61,Durable
590410,Linoleum,61,Durable
590491,Floor coverings with coating... on a felt backi,61,Durable
590492,Floor coverings with coating... on a textile ba,61,Durable
711311,Art. of jewellery and pts thereof of silver w/n,61,Durable
711319,Art. of jewellery and pts thereof of/o prec mtl,61,Durable
711320,Art. of jewellery and pts thereof of base mtl c,61,Durable
711411,Art. of gold or silversmiths&parts of silver w/,61,Durable
711419,Art. of gold or silversmiths&parts of prec mtl,61,Durable
711420,Articles of gold or silversmiths & parts of bas,61,Durable
711610,Articles of natural or cultured pearls,61,Durable
711620,"Art. of precious or semi-precious stones,natura",61,Durable
732111,Cooking appliances&plate warmers for gas fuel o,61,Durable
732112,Cooking appliances & plate warmers for liquid f,61,Durable
732113,Cooking appliances & plate warmers for solid fu,61,Durable
732181,"Household or camping appliances,i/s,for htg or",61,Durable
732182,"Household or camping appliances,i/s,for htg or",61,Durable
732183,"Household or camping appliances,i/s,for htg or",61,Durable
741700,"Cooking or heating apparatus, domestic, non-ele",61,Durable
821000,"Hand-operated mechanical appliances,weighing 10",61,Durable
841451,"Fans: table,roof etc with a self-cont elec mtr",61,Durable
841460,Hoods having a maximum horizontal side not exce,61,Durable
841810,"Combined refrigerator-freezers, fitted with sep",61,Durable
841821,"Refrigerators, household type, compression-type",61,Durable
841822,"Refrigerators, household type, absorption-type,",61,Durable
841829,"Refrigerators, household type, nes",61,Durable
841830,"Freezers of the chest type, not exceeding 800 l",61,Durable
841840,"Freezers of the upright type, not exceeding 900",61,Durable
842211,Dish washing machines of the HH type,61,Durable
843311,"Mowers, powered, lawn, with horizontal cutting",61,Durable
843319,"Mowers, powered, lawn, nes",61,Durable
845011,"Automatic washing machines, of a dry linen capa",61,Durable
845012,Washing machines of a dry linen capacity =<10kg,61,Durable
845019,Household or laundry-type washing mach of a dry,61,Durable
845121,Drying machines (o/t hdg No 84.50) each of a dr,61,Durable
845210,Household type sewing machines,61,Durable
850910,Domestic vacuum cleaners,61,Durable
850920,Domestic floor polishers,61,Durable
850930,Domestic kitchen waste disposers,61,Durable
850940,Domestic food grinders and mixers; fruit or veg,61,Durable
850980,"Electro-mechanical domestic appliances,with sel",61,Durable
851010,"Shavers, with self-contained electric motor",61,Durable
851621,"Electric space heating apparatus, having storag",61,Durable
851629,Electric space heating apparatus and electric s,61,Durable
851631,Electro-thermic hair dryers,61,Durable
851632,"Electro-thermic hair-dressing apparatus, nes",61,Durable
851633,Electro-thermic hand-drying apparatus,61,Durable
851640,Electric smoothing irons,61,Durable
851650,Microwave ovens,61,Durable
851660,"Ovens; cookers,cooking plates,boiling rings,gri",61,Durable
851671,"Electro-thermic coffee or tea makers, domestic,",61,Durable
851672,"Electro-thermic toasters, domestic",61,Durable
851679,"Electro-thermic appliances, domestic, nes",61,Durable
851921,"Record-players without loudspeaker, nes",61,Durable
851929,"Record-players, nes",61,Durable
851931,Turntables with automatic record changing mecha,61,Durable
851939,"Turntables, nes",61,Durable
851940,Transcribing machines,61,Durable
851991,"Sound reproducing apparatus,cassette type,not i",61,Durable
851999,"Sound reproducing apparatus, not incorporating",61,Durable
852711,Radio broad rece capable of op w/o an external,61,Durable
852719,Radio broad rece capable of op w/o an external,61,Durable
852721,Radio rece not capable of op w/o ext source of,61,Durable
852729,Radio rece not capable of op w/o ext source of,61,Durable
852731,Radio broad rece combined with sound record/rep,61,Durable
852732,Radio broad rece not combi with sound recording,61,Durable
852739,Radio-broadcast receivers nes,61,Durable
852810,Television receivers including video monitors a,61,Durable
852820,Television receivers an including video monitor,61,Durable
871500,Baby carriages and parts thereof,61,Durable
900510,Binoculars,61,Durable
900610,Cameras of a kind used for preparing printing p,61,Durable
900620,Cameras of a kind used for recording doc on mic,61,Durable
900630,"Cameras designed for special use, underwater, a",61,Durable
900640,Instant print cameras,61,Durable
900651,"Cameras, single lens reflex, for roll film of a",61,Durable
900652,Cameras for roll film of a width less than 35 m,61,Durable
900653,"Cameras for roll film of a width of 35 mm, nes",61,Durable
900659,"Photographic, other than cinematographic camera",61,Durable
900661,Photographic discharge lamp (electronic) flashl,61,Durable
900669,"Photographic flashlight apparatus, nes",61,Durable
900810,Slide projectors,61,Durable
900820,"Microfilm, microfiche or other microform reader",61,Durable
900830,"Image projectors, nes",61,Durable
900840,"Photographic enlargers and reducers, other than",61,Durable
900890,"Parts and access of image projectors,enlargers&",61,Durable
901010,Apparatus and equip for automatically developin,61,Durable
901020,Apparatus and equipment for photographic (incl,61,Durable
901030,Projection screens,61,Durable
901090,Parts and accessories for apparatus and equipme,61,Durable
902111,Artificial joints,61,Durable
902119,"Orthopaedic or fracture appliances, nes",61,Durable
902121,Artificial teeth,61,Durable
902129,"Dental fittings, nes",61,Durable
902130,"Artificial parts of the body, nes",61,Durable
902140,"Hearing aids, excluding parts and accessories",61,Durable
902150,"Pacemakers for stimulating heart muscles, exclu",61,Durable
902190,"Orthopedic and oth appliances,worn,carried or i",61,Durable
910111,"Wrist-watches with mech display,battery powered",61,Durable
910112,Wrist-watches with opto-electronic disp batt po,61,Durable
910119,"Wrist-watches, battery powered and with case of",61,Durable
910121,"Wrist-watches,with automatic winding and with c",61,Durable
910129,"Wrist-watches, with a case of precious metal, n",61,Durable
910191,Pocket-watches&oth watches battery powered&with,61,Durable
910199,Pocket-watches & other watches with case of pre,61,Durable
910211,"Wrist-watches,battery or accumulator powered wi",61,Durable
910212,"Wrist-watches,battery or accum powered with opt",61,Durable
910219,"Wrist-watches, battery or accumulator powered,",61,Durable
910221,Wrist-watches with automatic winding nes,61,Durable
910229,"Wrist-watches, nes",61,Durable
910291,Pocket-watches and other watches battery or acc,61,Durable
910299,"Pocket-watches and other watches, nes",61,Durable
910310,"Clocks with watch movements,battery or accumula",61,Durable
910390,"Clocks with watch movements, nes excluding cloc",61,Durable
910511,"Alarm clocks, battery, accumulator or mains pow",61,Durable
910519,"Alarm clocks, nes",61,Durable
910521,"Wall clocks, battery, accumulator or mains powe",61,Durable
910529,"Wall clocks, nes",61,Durable
910591,"Clocks, nes, battery, accumulator or mains powe",61,Durable
910599,"Clocks, nes",61,Durable
920110,"Upright pianos, including automatic",61,Durable
920120,"Grand pianos, including automatic",61,Durable
920190,Harpsichords and other keyboard stringed instru,61,Durable
920210,String musical instruments played with a bow,61,Durable
920290,String musical instruments nes,61,Durable
920300,Harmoniums&sim keyboard inst with free mtl reed,61,Durable
920410,Accordions and similar instruments,61,Durable
920420,Mouth organs (harmonicas),61,Durable
920510,Brass-wind instruments,61,Durable
920590,Wind musical instruments nes,61,Durable
920600,Percussion musical instruments,61,Durable
920710,"Keyboard instruments,exc accordions,sound gener",61,Durable
920790,"Musical instruments nes, sound generated or amp",61,Durable
920810,Musical boxes nes,61,Durable
920890,"Decoy calls,musical inst nes&mouth blown sound",61,Durable
930310,Muzzle-loading firearms,61,Durable
930320,Shotguns incl combination shotgun-rifles sporti,61,Durable
930330,"Rifles, sporting, hunting or target-shooting, n",61,Durable
930390,Firearms&similar devices operated by the firing,61,Durable
930400,"Arms nes, excluding those of heading No 93.07",61,Durable
930521,Shotgun barrels of heading No 93.03,61,Durable
930529,"Parts and accessories of shotguns or rifles, ne",61,Durable
940130,Swivel seats and variable height adjustment oth,61,Durable
940140,Seats excluding garden seats or camping equipme,61,Durable
940161,"Seats with wooden frames,upholstered nes",61,Durable
940169,"Seats with wooden frames, nes",61,Durable
940171,"Seats with mtl frames,upholstered nes,oth than",61,Durable
940179,"Seats with metal frames, nes, other than those",61,Durable
940180,"Seats nes, other than those of heading No 94.02",61,Durable
940310,"Office furniture, metal, nes",61,Durable
940320,"Furniture, metal, nes",61,Durable
940330,"Office furniture, wooden, nes",61,Durable
940340,"Kitchen furniture, wooden, nes",61,Durable
940350,"Bedroom furniture, wooden, nes",61,Durable
940360,"Furniture, wooden, nes",61,Durable
940370,"Furniture, plastic, nes",61,Durable
940380,"Furniture of oth materials,including cane,osier",61,Durable
940390,Furniture parts nes,61,Durable
970110,"Paintings,drawings and pastels executed by hand",61,Durable
970200,"Original engravings, prints and lithographs",61,Durable
970300,"Original sculptures and statuary, in any materi",61,Durable
970400,Used postage or revenue stamps and like or unus,61,Durable
970500,"Coll & coll pce of zoo,bot,mineral,hist,anatom,",61,Durable
970600,Antiques of an age exceeding one hundred years,61,Durable
392210,"Baths, shower-baths and wash-basins, of plastic",62,Semi-durable
392220,Lavatory seats and covers of plastics,62,Semi-durable
392290,"Bidets, lavatory pans... and other sanitary war",62,Semi-durable
392410,Tableware and kitchenware of plastics,62,Semi-durable
392490,"Household and toilet articles of plastics, nes",62,Semi-durable
392510,"Reservoirs... and similar containers, capacity",62,Semi-durable
392520,"Doors, windows and their frames and thresholds",62,Semi-durable
392530,"Shutters, blinds and similar articles and parts",62,Semi-durable
392590,"Builders' ware of plastics, nes",62,Semi-durable
392640,Statuettes and other ornamental articles of pla,62,Semi-durable
392690,"Other articles of plastics, nes",62,Semi-durable
420100,"Saddlery and harness for any animal, of any mat",62,Semi-durable
420211,"Trunks, suit-cases..., etc, with outer surface",62,Semi-durable
420212,"Trunks, suit-cases..., etc, with outer surface",62,Semi-durable
420219,"Trunks, suit-cases..., etc, nes",62,Semi-durable
420221,"Handbags with outer surface of leather, or comp",62,Semi-durable
420222,Handbags with outer surface of plastic sheeting,62,Semi-durable
420229,"Handbags, nes",62,Semi-durable
420231,"Articles normally carried in pocket or handbag,",62,Semi-durable
420232,"Articles normally carried in pocket or handbag,",62,Semi-durable
420239,"Articles normally carried in pocket or handbag,",62,Semi-durable
420291,"Cases and containers, nes, with outer surface o",62,Semi-durable
420292,"Cases and containers, nes, with outer surface o",62,Semi-durable
420299,"Cases and containers, nes, with outer surface o",62,Semi-durable
420310,Articles of apparel of leather,62,Semi-durable
420321,"Gloves, mittens and mitts for use in sports, of",62,Semi-durable
420329,"Protective gloves, mittens and mitts for trades",62,Semi-durable
420330,Belts and bandoliers of leather or composition,62,Semi-durable
420340,Clothing accessories of leather or composition,62,Semi-durable
420500,"Articles of leather or of composition leather,",62,Semi-durable
430310,Articles of apparel and clothing accessories of,62,Semi-durable
430390,"Articles of furskin, nes",62,Semi-durable
430400,Artificial fur and articles thereof,62,Semi-durable
441400,"Wooden frames for paintings, photographs, mirro",62,Semi-durable
441900,"Tableware and kitchenware, of wood",62,Semi-durable
442010,"Statuettes and other ornaments, of wood",62,Semi-durable
442090,"Wood marquetry, inlaid wood; caskets... of wood",62,Semi-durable
460110,Plaits and similar products of plaiting materia,62,Semi-durable
460120,"Mats, matting and screens of vegetable material",62,Semi-durable
460191,Vegetable plaiting material... in sheet form,62,Semi-durable
460199,"Plaiting materials (excl. vegetable), in sheet",62,Semi-durable
460210,"Articles of vegetable plaiting materials, artic",62,Semi-durable
460290,Articles of plaiting materials (excl. of vegeta,62,Semi-durable
490400,"Music, printed or in manuscript",62,Semi-durable
580500,"Hand-woven tapestries of the type Gobelins, Fla",62,Semi-durable
610110,"Men's or boys' coats, etc, of wool..., knitted",62,Semi-durable
610120,"Men's or boys' coats, etc, of cotton, knitted o",62,Semi-durable
610130,"Men's or boys' coats, etc, of man-made fibres,",62,Semi-durable
610190,"Men's or boys' coats, etc, of other textiles, k",62,Semi-durable
610210,"Woman's or girls' coats, etc, of wool..., knitt",62,Semi-durable
610220,"Woman's or girls' coats, etc, of cotton, knitte",62,Semi-durable
610230,"Woman's or girls' coats, etc, of man-made fibre",62,Semi-durable
610290,"Woman's or girls' coats, etc, of other textiles",62,Semi-durable
610311,Men's or boys' suits of wool or fine animal hai,62,Semi-durable
610312,"Men's or boys' suits of synthetic fibres, knitt",62,Semi-durable
610319,"Men's or boys' suits of other textiles, nes, kn",62,Semi-durable
610321,"Men's or boys' ensembles of wool or fine hair,",62,Semi-durable
610322,"Men's or boys' ensembles of cotton, knitted or",62,Semi-durable
610323,"Men's or boys' ensembles of synthetic fibres, k",62,Semi-durable
610329,"Men's or boys' ensembles of other textiles, nes",62,Semi-durable
610331,"Men's or boys' jackets and blazers of wool...,",62,Semi-durable
610332,"Men's or boys' jackets and blazers of cotton, k",62,Semi-durable
610333,"Men's or boys' jackets... of synthetic fibres,",62,Semi-durable
610339,"Men's or boys' jackets... of other textiles, ne",62,Semi-durable
610341,"Men's or boys' trousers, etc, of wool..., knitt",62,Semi-durable
610342,"Men's or boys' trousers, etc, of cotton, knitte",62,Semi-durable
610343,"Men's or boys' trousers, etc, of synthetic fibr",62,Semi-durable
610349,"Men's or boys' trousers, etc, of other textiles",62,Semi-durable
610411,"Women's or girls' suits of wool or fine hair, k",62,Semi-durable
610412,"Women's or girls' suits of cotton, knitted or c",62,Semi-durable
610413,"Women's or girls' suits of synthetic fibres, kn",62,Semi-durable
610419,"Women's or girls' suits of other textiles, nes,",62,Semi-durable
610421,"Women's or girls' ensembles, of wool..., knitte",62,Semi-durable
610422,"Women's or girls' ensembles, of cotton, knitted",62,Semi-durable
610423,"Women's or girls' ensembles, of synthetic fibre",62,Semi-durable
610429,"Women's or girls' ensembles, of other textiles,",62,Semi-durable
610431,"Women's or girls' jackets, of wool..., knitted",62,Semi-durable
610432,"Women's or girls' jackets, of cotton, knitted o",62,Semi-durable
610433,"Women's or girls' jackets, of synthetic fibres,",62,Semi-durable
610439,"Woman's or girls' jackets, of other textiles, k",62,Semi-durable
610441,"Dresses of wool or fine animal hair, knitted or",62,Semi-durable
610442,"Dresses of cotton, knitted or crocheted",62,Semi-durable
610443,"Dresses of synthetic fibres, knitted or crochet",62,Semi-durable
610444,"Dresses of artificial fibres, knitted or croche",62,Semi-durable
610449,"Dresses of other textile material, nes, knitted",62,Semi-durable
610451,"Skirts and divided skirts of wool or fine hair,",62,Semi-durable
610452,"Skirts and divided skirts of cotton, knitted or",62,Semi-durable
610453,"Skirts and divided skirts of synthetic fibres,",62,Semi-durable
610459,"Skirts and divided skirts of other textiles, ne",62,Semi-durable
610461,"Women's or girls' trousers, etc, of wool..., kn",62,Semi-durable
610462,"Women's or girls' trousers, etc, of cotton, kni",62,Semi-durable
610463,"Women's or girls' trousers, etc, of synthetic,",62,Semi-durable
610469,"Women's or girls' trousers, etc, of other texti",62,Semi-durable
610610,"Women's or girls' blouses, etc, of cotton, knit",62,Semi-durable
610620,"Women's or girls' blouses, etc, of man-made fib",62,Semi-durable
610690,"Women's or girls' blouses, etc, of other textil",62,Semi-durable
610791,"Men's or boys' dressing gowns, etc, of cotton,",62,Semi-durable
610792,"Men's or boys' dressing gowns, of man-made fibr",62,Semi-durable
610799,"Men's or boys' dressing gowns, of other textile",62,Semi-durable
611010,"Jerseys, pullovers, etc, of wool..., knitted or",62,Semi-durable
611020,"Jerseys, pullovers, etc, of cotton, knitted or",62,Semi-durable
611030,"Jerseys, pullovers, etc, of man-made fibres, kn",62,Semi-durable
611090,"Jerseys, pullovers, etc, of other textiles, kni",62,Semi-durable
611110,"Babies' garments, etc, of wool or fine animal h",62,Semi-durable
611120,"Babies' garments, etc, of cotton, knitted or cr",62,Semi-durable
611130,"Babies' garments, etc, of synthetic fibres, kni",62,Semi-durable
611190,"Babies' garments, etc, of other textiles, knitt",62,Semi-durable
611211,"Track-suits of cotton, knitted or crocheted",62,Semi-durable
611212,"Track-suits of synthetic fibres, knitted or cro",62,Semi-durable
611219,"Track-suits of other textiles, knitted or croch",62,Semi-durable
611220,"Ski-suits, knitted or crocheted",62,Semi-durable
611231,"Men's or boys' swimwear of synthetic fibres, kn",62,Semi-durable
611239,"Men's or boys' swimwear of other textiles, knit",62,Semi-durable
611241,"Women's or girls' swimwear of synthetic fibres,",62,Semi-durable
611249,"Women's or girls' swimwear of other textiles, k",62,Semi-durable
611300,Garments made up of knitted or crocheted fabric,62,Semi-durable
611410,"Garments of wool or fine animal hair, knitted o",62,Semi-durable
611420,"Garments of cotton, knitted or crocheted, nes",62,Semi-durable
611430,"Garments of man-made fibres, knitted or crochet",62,Semi-durable
611490,"Garments of other textiles, knitted or crochete",62,Semi-durable
611710,"Shawls, scarves, mufflers, mantillas, veils, et",62,Semi-durable
611720,"Ties, bow ties and cravats, knitted or crochete",62,Semi-durable
620111,"Men's or boys' overcoats, etc, of wool or fine",62,Semi-durable
620112,"Men's or boys' overcoats, etc, of cotton",62,Semi-durable
620113,"Men's or boys' overcoats, etc, of man-made fibr",62,Semi-durable
620119,"Men's or boys' overcoats, etc, of other textile",62,Semi-durable
620191,"Men's or boys' anoraks, wind-cheaters, etc, of",62,Semi-durable
620192,"Men's or boys' anoraks, wind-cheaters, etc, of",62,Semi-durable
620193,"Men's or boys' anoraks, wind-cheaters, etc, of",62,Semi-durable
620199,"Men's or boys' anoraks, wind-cheaters, etc, of",62,Semi-durable
620211,"Woman's or girls' overcoats, etc, of wool or fi",62,Semi-durable
620212,"Woman's or girls' overcoats, etc, of cotton",62,Semi-durable
620213,"Woman's or girls' overcoats, etc, of man-made f",62,Semi-durable
620219,"Woman's or girls' overcoats, etc, of other text",62,Semi-durable
620291,"Woman's or girls' anoraks, wind-cheaters, etc,",62,Semi-durable
620292,"Woman's or girls' anoraks, wind-cheaters, etc,",62,Semi-durable
620293,"Woman's or girls' anoraks, wind-cheaters, etc,",62,Semi-durable
620299,"Woman's or girls' anoraks, wind-cheaters, etc,",62,Semi-durable
620311,Men's or boys' suits of wool or fine animal hai,62,Semi-durable
620312,Men's or boys' suits of synthetic fibres,62,Semi-durable
620319,"Men's or boys' suits of other textiles, nes",62,Semi-durable
620321,Men's or boys' ensembles of wool or fine animal,62,Semi-durable
620322,Men's or boys' ensembles of cotton,62,Semi-durable
620323,Men's or boys' ensembles of synthetic fibres,62,Semi-durable
620329,"Men's or boys' ensembles of other textiles, nes",62,Semi-durable
620331,Men's or boys' jackets and blazers of wool or f,62,Semi-durable
620332,Men's or boys' jackets and blazers of cotton,62,Semi-durable
620333,Men's or boys' jackets and blazers of synthetic,62,Semi-durable
620339,Men's or boys' jackets and blazers of other tex,62,Semi-durable
620341,"Men's or boys' trousers, breeches, etc, of wool",62,Semi-durable
620342,"Men's or boys' trousers, breeches, etc, of cott",62,Semi-durable
620343,"Men's or boys' trousers, breeches of synthetic",62,Semi-durable
620349,"Men's or boys' trousers, breeches of other text",62,Semi-durable
620411,Women's or girls' suits of wool or fine animal,62,Semi-durable
620412,Women's or girls' suits of cotton,62,Semi-durable
620413,Women's or girls' suits of synthetic fibres,62,Semi-durable
620419,"Women's or girls' suits of other textiles, nes",62,Semi-durable
620421,Women's or girls' ensembles of wool or fine ani,62,Semi-durable
620422,Women's or girls' ensembles of cotton,62,Semi-durable
620423,Women's or girls' ensembles of synthetic fibres,62,Semi-durable
620429,"Women's or girls' ensembles of other textiles,",62,Semi-durable
620431,Women's or girls' jackets and blazers of wool o,62,Semi-durable
620432,Women's or girls' jackets and blazers of cotton,62,Semi-durable
620433,Women's or girls' jackets and blazers of synthe,62,Semi-durable
620439,Women's or girls' jackets and blazers of other,62,Semi-durable
620441,Dresses of wool or fine animal hair,62,Semi-durable
620442,Dresses of cotton,62,Semi-durable
620443,Dresses of synthetic fibres,62,Semi-durable
620444,Dresses of artificial fibres,62,Semi-durable
620449,"Dresses of other textiles, nes",62,Semi-durable
620451,Skirts and divided skirts of wool or fine anima,62,Semi-durable
620452,Skirts and divided skirts of cotton,62,Semi-durable
620453,Skirts and divided skirts of synthetic fibres,62,Semi-durable
620459,"Skirts and divided skirts of other textiles, ne",62,Semi-durable
620461,"Women's or girls' trousers, breeches, etc, of w",62,Semi-durable
620462,"Women's or girls' trousers, breeches, etc, of c",62,Semi-durable
620463,"Women's or girls' trousers, breeches, etc, of s",62,Semi-durable
620469,"Women's or girls' trousers, breeches, etc, of o",62,Semi-durable
620610,"Women's or girls' blouses, shirts, etc, of silk",62,Semi-durable
620620,"Women's or girls' blouses, shirts, etc, of wool",62,Semi-durable
620630,"Women's or girls' blouses, shirts, etc, of cott",62,Semi-durable
620640,"Women's or girls' blouses, shirts, etc, of man-",62,Semi-durable
620690,"Women's or girls' blouses, shirts, etc, of othe",62,Semi-durable
620910,Bables' garments and clothing accessories of wo,62,Semi-durable
620920,Bables' garments and clothing accessories of co,62,Semi-durable
620930,Bables' garments and clothing accessories of sy,62,Semi-durable
620990,Bables' garments and clothing accessories of ot,62,Semi-durable
621010,"Garments, made up of fabrics of 56.02 or 56.03",62,Semi-durable
621020,"Garments of 6201.11 to 19, made up of fabrics o",62,Semi-durable
621030,"Garments of 6202.11 to 19, made up of fabrics o",62,Semi-durable
621040,Men's or boys' garments made up of fabrics of 5,62,Semi-durable
621050,Women's or girls' garments made up of fabrics o,62,Semi-durable
621111,Men's or boys' swimwear,62,Semi-durable
621112,Women's or girls' swimwear,62,Semi-durable
621120,Ski suits,62,Semi-durable
621131,Men's or boys' garments of wool or fine animal,62,Semi-durable
621132,"Men's or boys' garments of cotton, nes",62,Semi-durable
621133,"Men's or boys' garments of man-made fibres, nes",62,Semi-durable
621139,"Men's or boys' garments of other textiles, nes",62,Semi-durable
621141,Women's or girls' garments of wool or fine anim,62,Semi-durable
621142,"Women's or girls' garments of cotton, nes",62,Semi-durable
621143,"Women's or girls' garments of man-made fibres,",62,Semi-durable
621149,"Women's or girls' garments of other textiles, n",62,Semi-durable
630110,Electric blankets,62,Semi-durable
630120,Blankets (excl. electric blankets) and travelli,62,Semi-durable
630130,Blankets (excl. electric blankets) and travelli,62,Semi-durable
630140,"Blankets (excl. electric blankets), etc, of syn",62,Semi-durable
630190,"Other blankets and travelling rugs, nes",62,Semi-durable
630210,"Bed linen, knitted or crocheted",62,Semi-durable
630221,Printed bed-linen of cotton (excl. knitted or c,62,Semi-durable
630222,Printed bed-linen of man-made fibres (excl. kni,62,Semi-durable
630229,Printed bed-linen of other textiles (excl. knit,62,Semi-durable
630231,"Bed linen of cotton (excl. printed, knitted or",62,Semi-durable
630232,"Bed linen of man-made fibres (excl. printed, kn",62,Semi-durable
630239,"Bad linen of other textiles (excl. printed, kni",62,Semi-durable
630240,"Table linen, knitted or crocheted",62,Semi-durable
630251,Table linen of cotton (excl. knitted or crochet,62,Semi-durable
630252,Table linen of flax (excl. knitted or crocheted,62,Semi-durable
630253,Table linen of man-made fibres (excl. knitted o,62,Semi-durable
630259,"Table linen of other textiles, nes (excl. knitt",62,Semi-durable
630260,"Toilet linen and kitchen linen, of terry fabric",62,Semi-durable
630291,"Toilet linen and kitchen linen of cotton, nes",62,Semi-durable
630292,"Toilet linen and kitchen linen of flax, nes",62,Semi-durable
630293,Toilet linen and kitchen linen of man-made fibr,62,Semi-durable
630299,Toilet linen and kitchen linen of other textile,62,Semi-durable
630311,Curtains and interior blinds; valances of cotto,62,Semi-durable
630312,"Curtains, etc; valances of synthetic fibres, kn",62,Semi-durable
630319,"Curtains, etc; valances of textile materials, k",62,Semi-durable
630391,Curtains and interior blinds; curtain or bed va,62,Semi-durable
630392,Curtains and interior blinds; curtain/bed valan,62,Semi-durable
630399,Curtains and interior blinds; curtain/bed valan,62,Semi-durable
630411,Knitted or crocheted bedspreads,62,Semi-durable
630419,Bedspreads (excl. knitted or crocheted),62,Semi-durable
630491,"Knitted or crocheted furnishing articles, nes",62,Semi-durable
630492,"Furnishing articles, nes, of cotton (excl. knit",62,Semi-durable
630493,Furnishing articles of synthetic fibres (excl.,62,Semi-durable
630499,Furnishing articles of other textiles (excl. kn,62,Semi-durable
630611,"Tarpaulins, awnings and sunblinds, of cotton",62,Semi-durable
630612,"Tarpaulins, awnings and sunblinds, of synthetic",62,Semi-durable
630619,"Tarpaulins, awnings and sunblinds, of other tex",62,Semi-durable
630621,Tents of cotton,62,Semi-durable
630622,Tents of synthetic fibres,62,Semi-durable
630629,"Tents of other textiles, nes",62,Semi-durable
630631,Sails of synthetic fibres,62,Semi-durable
630639,Sails of other textiles (excl. synthetic fibres,62,Semi-durable
630641,"Pneumatic mattresses, of cotton",62,Semi-durable
630649,"Pneumatic mattresses, of other textiles (excl.",62,Semi-durable
630691,"Camping goods, of cotton (excl. tents)",62,Semi-durable
630699,Camping goods of other textiles (excl. cotton a,62,Semi-durable
630710,"Floor-cloths, dish-cloths, dusters and similar",62,Semi-durable
630720,Life-jackets and life-belts,62,Semi-durable
630790,"Made up articles (incl. dress patterns), nes",62,Semi-durable
630800,"Sets of woven fabric and yarn, for making up in",62,Semi-durable
640110,Waterproof footwear incorporating a protective,62,Semi-durable
640191,Waterproof footwear covering the knee...,62,Semi-durable
640192,Waterproof footwear covering the ankle but not,62,Semi-durable
640199,Waterproof footwear (not covering the ankle),62,Semi-durable
640211,Ski-boots and cross-country ski footwear of rub,62,Semi-durable
640219,"Sport footwear, nes, of rubber or plastics",62,Semi-durable
640220,"Footwear with thongs plugged into soles, of rub",62,Semi-durable
640230,"Footwear, with metal toe-cap, of rubber or plas",62,Semi-durable
640291,"Footwear, nes, covering the ankle of rubber or",62,Semi-durable
640299,"Footwear, nes, not covering the ankle, of rubbe",62,Semi-durable
640311,"Ski-boots, etc, with rubber, plastics, leather.",62,Semi-durable
640319,"Sports footwear, with rubber, plastics, leather",62,Semi-durable
640320,"Sandles, with leather soles and straps (over in",62,Semi-durable
640330,"Footwear with a wood base, no inner soles or ca",62,Semi-durable
640340,"Footwear, with a metal toe-cap, leather uppers",62,Semi-durable
640351,"Footwear with leather soles and uppers, coverin",62,Semi-durable
640359,"Footwear with leather soles and uppers, not cov",62,Semi-durable
640391,Footwear with rubber... soles and leather upper,62,Semi-durable
640399,"Footwear with rubber... soles, leather uppers,",62,Semi-durable
640411,"Sports footwear,with rubber or plastic soles an",62,Semi-durable
640419,"Other footwear,with rubber or plastic soles and",62,Semi-durable
640420,Footwear with leather or composition leather so,62,Semi-durable
640510,"Footwear, nes, with leather or composition leat",62,Semi-durable
640520,"Footwear, nes, with textile uppers",62,Semi-durable
640590,"Footwear, nes",62,Semi-durable
640610,Uppers and parts thereof (excl. stiffeners),62,Semi-durable
640620,Outer soles and heels of rubber or plastics,62,Semi-durable
640691,"Wooden parts of footwear (excl. uppers, outer s",62,Semi-durable
640699,"Non-wood parts of footwear (excl. uppers, outer",62,Semi-durable
650300,"Felt hats and other felt headgear, made from th",62,Semi-durable
650400,"Hats and other headgear, plaited or assembled b",62,Semi-durable
650510,Hair-nets of any material,62,Semi-durable
650590,"Hats and other headgear, knitted or crocheted,",62,Semi-durable
650610,Safety headgear,62,Semi-durable
650691,"Hats and other headgear, of rubber or plastics",62,Semi-durable
650692,"Hats and other headgear, of furskin",62,Semi-durable
650699,"Hats and other headgear, nes",62,Semi-durable
650700,"Head-bands, linings, covers, hat foundations, e",62,Semi-durable
660110,Garden or similar umbrellas,62,Semi-durable
660191,"Umbrellas and sun umbrellas, having a telescopi",62,Semi-durable
660199,"Umbrellas and sun umbrellas, nes",62,Semi-durable
660200,"Walking-sticks, seat-sticks, whips, riding-crop",62,Semi-durable
670411,Complete wigs of synthetic textile materials,62,Semi-durable
670419,"False beards, eyebrows and eyelashes, etc, of s",62,Semi-durable
670420,"Wigs, false beards, eyebrows, etc and articles,",62,Semi-durable
670490,"Wigs, false beards, eyebrows, etc, nes",62,Semi-durable
691110,Tableware and kitchenware of porcelain or china,62,Semi-durable
691190,Household articles nes & toilet articles of por,62,Semi-durable
691200,"Ceramic tableware, kitchenware, other household",62,Semi-durable
691310,Statuettes and other ornamental articles of por,62,Semi-durable
691390,Statuettes and other ornamental articles of cer,62,Semi-durable
701310,"Glassware of a kind used for table kitchen, etc",62,Semi-durable
701321,"Drinking glasses other than glass-ceramics, of",62,Semi-durable
701329,Drinking glasses other than glass-ceramics nes,62,Semi-durable
701331,Table/kitchenware (exc drinking gls) o/t gls-ce,62,Semi-durable
701332,Table/kitchenware (exc drinking gls) o/t gls ce,62,Semi-durable
701339,Table/kitchenware (exc drinking glasses) other,62,Semi-durable
701391,Glassware nes of lead crystal (other than that,62,Semi-durable
701399,Glassware nes (other than that of 70.10 or 70.1,62,Semi-durable
711711,Imitation jewellery cuff-links &studs of base m,62,Semi-durable
711719,Imitation jewellery nes of base mtl whether or,62,Semi-durable
711790,Imitation jewellery nes,62,Semi-durable
732310,"Iron or steel wool,incl pot scourers,polishing",62,Semi-durable
732391,"Table,kitchen or oth household art&parts thereo",62,Semi-durable
732392,"Table, kitchen or other household art & parts,",62,Semi-durable
732393,"Table, kitchen or oth household art&parts there",62,Semi-durable
732394,"Table, kitchen or other household art & parts t",62,Semi-durable
732399,"Table,kitchen or oth household art&parts thereo",62,Semi-durable
741810,"Table, kitchen or other household articles and",62,Semi-durable
761510,"Table,kitchen&household art,alum&parts,nes,eg p",62,Semi-durable
800700,Tin articles nes,62,Semi-durable
821110,Sets of different knives or sets of different a,62,Semi-durable
821191,Table knives having fixed blades,62,Semi-durable
821192,"Butcher's knives, hunting knives and other kniv",62,Semi-durable
821193,Pocket and pen knives and other knives with fol,62,Semi-durable
821194,Blades for knives of hd 8211.10 to 8211.94,62,Semi-durable
821300,"Scissors, tailors' shears and similar shears, a",62,Semi-durable
821410,"Paper knives,letter openers,erasing knives,penc",62,Semi-durable
821420,Manicure or pedicure sets and instruments (incl,62,Semi-durable
821490,"Kitchen chopper, cleavers and mincing knives an",62,Semi-durable
821510,Tableware sets containing at least one article,62,Semi-durable
821520,Tableware sets not containing articles plated w,62,Semi-durable
821591,Tableware articles not in sets plated with prec,62,Semi-durable
821599,Tableware articles not in sets and not plated w,62,Semi-durable
830621,Statuettes and other ornaments plated with prec,62,Semi-durable
830629,"Statuettes and other ornaments, nes",62,Semi-durable
830630,"Photograph, picture, or similar frames and mirr",62,Semi-durable
851020,"Hair clippers, with self-contained electric mot",62,Semi-durable
852311,"Unrecorded magnetic tapes, of a width not excee",62,Semi-durable
852312,"Unrecorded magnetic tapes,of a width exceeding",62,Semi-durable
852313,"Unrecorded magnetic tapes, of a width exceeding",62,Semi-durable
852320,Unrecorded magnetic discs,62,Semi-durable
852390,Prepared unrecorded media for sound recording o,62,Semi-durable
852410,Recorded gramophone records,62,Semi-durable
852421,"Recorded magnetic tapes, of a width not exceedi",62,Semi-durable
852422,"Recorded magnetic tapes,of a width exceeding 4m",62,Semi-durable
852423,"Recorded magnetic tapes, of a width exceeding 6",62,Semi-durable
852490,Recorded media for sound or other similarly rec,62,Semi-durable
900311,"Frames and mountings for spectacles, goggles or",62,Semi-durable
900319,"Frames and mountings for spectacles,goggles or",62,Semi-durable
900390,"Parts for frames and mountings for spectacles,",62,Semi-durable
900410,Sunglasses,62,Semi-durable
900490,"Spectacles, goggles and the like, corrective, p",62,Semi-durable
911310,"Watch straps&pts thereof,of precious mtl or of",62,Semi-durable
911320,Watch straps&pts thereof of base mtl whether or,62,Semi-durable
911390,"Watch straps, watch bands and watch bracelets,",62,Semi-durable
940150,"Seats of cane, osier, bamboo or similar materia",62,Semi-durable
940410,Mattress supports,62,Semi-durable
940421,"Mattresses of cellular rubber or plastics, whet",62,Semi-durable
940429,Mattresses fitted with springs or stuffed or in,62,Semi-durable
940430,Sleeping bags,62,Semi-durable
940490,"Articles of bedding/furnishing, nes, stuffed or",62,Semi-durable
950100,Wheeled toys designed to be ridden by children,62,Semi-durable
950210,"Dolls, whether or not dressed, representing onl",62,Semi-durable
950291,Garments and access therefor footwear&headgear,62,Semi-durable
950299,"Parts and accessories nes, for dolls representi",62,Semi-durable
950310,"Electric trains, incl tracks, signals and other",62,Semi-durable
950320,"Reduced-size (scale) model assembly kits, exclu",62,Semi-durable
950330,"Construction sets and constructional toys, nes",62,Semi-durable
950341,Stuffed toys representing animals or non-human,62,Semi-durable
950349,Toys nes representing animals or non-human crea,62,Semi-durable
950350,Toy musical instruments and apparatus,62,Semi-durable
950360,Puzzles,62,Semi-durable
950370,"Toys, put up in sets or outfits",62,Semi-durable
950380,"Toys and models, incorporating a motor",62,Semi-durable
950390,Toys nes,62,Semi-durable
950410,Video games of a kind used with a television re,62,Semi-durable
950420,Articles and accessories for billiards,62,Semi-durable
950430,"Games, coin or disc-operated, other than bowlin",62,Semi-durable
950440,Playing cards,62,Semi-durable
950490,"Art.funfair,games tab/parlour,pintab,sp tab cas",62,Semi-durable
950611,Snow-skis,62,Semi-durable
950612,Snow-ski-fastenings (ski-bindings),62,Semi-durable
950619,Snow-ski equipment nes,62,Semi-durable
950621,Sailboards,62,Semi-durable
950629,"Water-skis, surf-boards and other water-sport e",62,Semi-durable
950631,"Golf clubs, complete",62,Semi-durable
950632,Golf balls,62,Semi-durable
950639,Golf equipment nes,62,Semi-durable
950640,Articles and equipment for table-tennis,62,Semi-durable
950651,"Lawn-tennis rackets, whether or not strung",62,Semi-durable
950659,"Badminton or similar rackets, whether or not st",62,Semi-durable
950661,Lawn-tennis balls,62,Semi-durable
950662,Inflatable balls,62,Semi-durable
950669,Balls nes,62,Semi-durable
950670,"Ice skates and roller skates,including skating",62,Semi-durable
950691,Articles and equipment for general physical exe,62,Semi-durable
950699,Art.&equip for sports&outdoor games nes&swimmin,62,Semi-durable
950710,Fishing rods,62,Semi-durable
950720,"Fish-hooks, whether or not snelled",62,Semi-durable
950730,Fishing reels,62,Semi-durable
950790,"Line fish tackle nes,f/landing,b/f&sim nets,dec",62,Semi-durable
960110,Worked ivory and articles of ivory,62,Semi-durable
960190,"Animal carving material (o/t ivory), and articl",62,Semi-durable
960200,"Wkd veg/mineral carving mat&art, carved art nes",62,Semi-durable
960500,"Travel sets for personal toilet, sewing or shoe",62,Semi-durable
961000,"Slates and boards,with writing or drawing surfa",62,Semi-durable
961310,"Pocket lighters, gas-fuelled, non-refillable",62,Semi-durable
961320,"Pocket lighters, gas-fuelled, refillable",62,Semi-durable
961330,Table lighters,62,Semi-durable
961380,"Lighters, nes",62,Semi-durable
961420,Smoking pipes and pipe bowls,62,Semi-durable
961490,"Cigar or cigarette holders and parts thereof, a",62,Semi-durable
961511,"Combs, hair-slides and the like of hard rubber",62,Semi-durable
961519,"Combs, hair-slides and the like of other materi",62,Semi-durable
961590,"Hairpins, curling pins, hair-curlers and the li",62,Semi-durable
961610,"Scent sprays and similar toilet sprays, and mou",62,Semi-durable
961700,Vacuum flasks/vacuum vessels complete w/cases;,62,Semi-durable
060310,Fresh cut flowers and buds,63,Non-durable
060390,"Dried, dyed, bleached or otherwise prepared cut",63,Non-durable
060410,"Moses and lichens for ornamental purposes, fres",63,Non-durable
060491,"Fresh parts of plants, without flowers or buds,",63,Non-durable
060499,"Parts of plants, without flowers or buds, for o",63,Non-durable
240210,"Cigars, cheroots and cigarillos containing toba",63,Non-durable
240220,Cigarettes containing tobacco,63,Non-durable
240290,"Cigars, cigarillos, cigarettes, etc, not contai",63,Non-durable
240310,Smoking tobacco with or without tobacco substit,63,Non-durable
240391,Homogenized or reconstituted tobacco,63,Non-durable
240399,"Other manufactured tobacco, nes",63,Non-durable
300310,Medicaments of penicillins... or streptomycins.,63,Non-durable
300320,"Medicaments of other antibiotics, not for retai",63,Non-durable
300331,"Medicaments of insulin, not for retail sale",63,Non-durable
300339,"Medicaments of other hormones, not for retail s",63,Non-durable
300340,Medicaments of alkaloids or derivatives thereof,63,Non-durable
300390,"Other medicaments with >=2 constituents, not fo",63,Non-durable
300410,Medicaments of penicillins... or streptomycins.,63,Non-durable
300420,"Medicaments of other antibiotics, for retail sa",63,Non-durable
300431,"Medicaments of insulin, for retail sale",63,Non-durable
300432,"Medicaments of adrenal cortical hormones, for r",63,Non-durable
300439,"Medicaments of other hormones, for retail sale,",63,Non-durable
300440,Medicaments of alkaloids or derivatives thereof,63,Non-durable
300450,Other medicaments of vitamins or other products,63,Non-durable
300490,"Other medicaments of mixed or unmixed products,",63,Non-durable
300510,"Adhesive dressings..., for medical... purposes",63,Non-durable
300590,"Wadding, gauze, etc with pharmaceutical substan",63,Non-durable
321310,Colours in sets,63,Non-durable
321390,"Artists', students' or signboard painters' colo",63,Non-durable
330300,Perfumes and toilet waters,63,Non-durable
330410,Lip make-up preparations,63,Non-durable
330420,Eye make-up preparations,63,Non-durable
330430,Manicure or pedicure preparations,63,Non-durable
330491,"Powders, whether or not compressed, for cosmeti",63,Non-durable
330499,"Beauty, make-up, skin-care (incl. suntan), nes",63,Non-durable
330510,Shampoos,63,Non-durable
330520,Preparations for permanent waving or straighten,63,Non-durable
330530,Hair lacquers,63,Non-durable
330590,"Preparations for use on the hair, nes",63,Non-durable
330610,Dentifrices,63,Non-durable
330690,Preparations for oral or dental hygiene (incl.,63,Non-durable
330710,"Pre-shave, shaving or after-shave preparations",63,Non-durable
330720,Personal deodorants and antiperspirants,63,Non-durable
330730,Perfumed bath salts and other bath preparations,63,Non-durable
330741,Agarbatti and other odiferous preparations whic,63,Non-durable
330749,"Preparations for deodorizing rooms, nes",63,Non-durable
330790,"Other perfumery, cosmetic or toilet preparation",63,Non-durable
340111,Soap and organic surface-active products in bar,63,Non-durable
340119,Soap and organic surface-active products in bar,63,Non-durable
340120,"Soap in other forms, nes",63,Non-durable
340211,"Anionic surface-active agents, (excl. soap)",63,Non-durable
340212,"Cationic surface-active agents, (excl. soap)",63,Non-durable
340213,"Non-ionic surface-active agents, (excl. soap)",63,Non-durable
340219,"Organic surface-active agents, (excl. soap), ne",63,Non-durable
340220,"Washing and cleaning preparations, put up for r",63,Non-durable
340290,"Washing and cleaning preparations, not put up f",63,Non-durable
340510,"Polishes, creams and similar preparations for f",63,Non-durable
340520,"Polishes, creams and similar preparations for m",63,Non-durable
340530,Polishes and similar preparations for coachwork,63,Non-durable
340540,Scouring pastes and powders and other scouring,63,Non-durable
340590,"Other polishes, creams and similar preparations",63,Non-durable
340600,"Candles, tapers and the like",63,Non-durable
360500,Matches (excl. pyrotechnic articles of 36.04),63,Non-durable
360610,"Liquid or liquefied-gas fuels in containers, fo",63,Non-durable
360690,"Ferro-cerium, pyrophoric alloys; articles of co",63,Non-durable
392620,Articles of apparel and clothing accessories of,63,Non-durable
401511,Surgical gloves,63,Non-durable
401519,Gloves of vulcanized rubber (excl. surgical glo,63,Non-durable
401590,Articles of apparel and clothing accessories of,63,Non-durable
401610,Articles of vulcanized rubber of cellular rubbe,63,Non-durable
401691,"Floor coverings and mats of vulcanized rubber,",63,Non-durable
401692,"Erasers, of vulcanized rubber",63,Non-durable
401693,"Gaskets, washers and other seals, of vulcanized",63,Non-durable
401694,"Boat or dock fenders, of vulcanized rubber",63,Non-durable
401695,"Inflatable articles, of vulcanized rubber, nes",63,Non-durable
401699,"Articles of vulcanized rubber, nes",63,Non-durable
481710,Envelopes of paper or paperboard,63,Non-durable
481720,"Letter cards, plain postcards and correspondanc",63,Non-durable
481730,"Boxes, etc, of paper or paperboard containing p",63,Non-durable
481810,Toilet paper,63,Non-durable
481820,Handkerchiefs and cleansing or facial tissues o,63,Non-durable
481830,Tablecloths and serviettes of paper,63,Non-durable
481840,"Sanitary towels and tampons, napkins and napkin",63,Non-durable
481850,"Articles of apparel and clothing of paper, cell",63,Non-durable
481890,"Household, sanitary or hospital articles of pap",63,Non-durable
482360,"Trays, dishes, plates and cups, etc, of paper o",63,Non-durable
490110,"Printed books, brochures, leaflets, etc, in sin",63,Non-durable
490191,"Dictionaries and encyclopaedias, and serial ins",63,Non-durable
490199,"Printed books, brochures, leaflets and similar",63,Non-durable
490210,"Newspapers, journals and periodicals, appearing",63,Non-durable
490290,"Newspapers, journals and periodicals, appearing",63,Non-durable
490300,"Children's picture, drawing or colouring books",63,Non-durable
490510,Globes,63,Non-durable
490591,"Maps and hydrographic or similar charts, in boo",63,Non-durable
490599,"Maps and hydrographic or similar charts, printe",63,Non-durable
490810,"Transfers (decalcomanias), vitrifiable",63,Non-durable
490890,Transfers (decalcomanias) (excl. vitrifiable),63,Non-durable
490900,Printed or illustrated postcards; printed cards,63,Non-durable
491000,"Calendars of any kind, printed, including calen",63,Non-durable
491191,"Pictures, designs and photographs",63,Non-durable
491199,"Other printed matter, nes",63,Non-durable
500600,"Silk yarn, put up for retail sale; silk-worm gu",63,Non-durable
510910,"Yarn, with >=85% wool or of fine animal hair, p",63,Non-durable
510990,"Yarn, with <85% wool or of fine animal hair, pu",63,Non-durable
520420,"Cotton sewing thread, put up for retail sale",63,Non-durable
520710,"Cotton yarn (excl. sewing), put up for retail s",63,Non-durable
520790,"Cotton yarn (excl. sewing), put up for retail s",63,Non-durable
540610,"Synthetic filament yarn (excl. sewing thread),",63,Non-durable
540620,"Artificial filament yarn (excl. sewing thread),",63,Non-durable
551110,"Yarn, with >=85% synthetic staple fibres, put u",63,Non-durable
551120,"Yarn, <85% synthetic staple fibres, put up for",63,Non-durable
551130,"Yarn of artificial staple fibres, put up for re",63,Non-durable
610510,"Men's or boys' shirts of cotton, knitted or cro",63,Non-durable
610520,"Men's or boys' shirts of man-made fibres, knitt",63,Non-durable
610590,"Men's or boys' shirts of other textiles, nes, k",63,Non-durable
610711,"Men's or boys' underpants and briefs of cotton,",63,Non-durable
610712,"Men's or boys' underpants, etc, of man-made fib",63,Non-durable
610719,"Men's or boys' underpants, etc, of other textil",63,Non-durable
610721,"Men's or boys' pyjamas of cotton, knitted or cr",63,Non-durable
610722,"Men's or boys' pyjamas of man-made fibres, knit",63,Non-durable
610729,"Men's or boys' pyjamas of other textiles, nes,",63,Non-durable
610811,"Women's or girls' slips, etc, of man-made fibre",63,Non-durable
610819,"Women's or girls' slips, etc, of other textiles",63,Non-durable
610821,"Women's or girls' briefs and panties of cotton,",63,Non-durable
610822,"Women's or girls' briefs, etc, of man-made fibr",63,Non-durable
610829,"Women's or girls' briefs, etc, of other textile",63,Non-durable
610831,"Women's or girls' nighties..., etc, of cotton,",63,Non-durable
610832,"Women's or girls' pyjamas, etc, of man-made fib",63,Non-durable
610839,"Women's or girls' nighties, etc, of other texti",63,Non-durable
610891,"Women's or girls' dressing gowns..., of cotton,",63,Non-durable
610892,Women's or girls' dressing gowns of man-made fi,63,Non-durable
610899,Women's or girls' dressing gowns of other texti,63,Non-durable
610910,"T-shirts, singlets and other vests, of cotton,",63,Non-durable
610990,"T-shirts, singlets, etc, of other textiles, nes",63,Non-durable
611511,"Panty hose, etc, of synthetic fibres, <67decite",63,Non-durable
611512,"Panty hose, etc, of synthetic fibres, >=67decit",63,Non-durable
611519,"Panty hose and tights of other textiles, nes, k",63,Non-durable
611520,"Women's hosiery of synthetic fibres, <67decitex",63,Non-durable
611591,"Hosiery and footwear, of wool..., knitted or cr",63,Non-durable
611592,"Hosiery and footwear, of cotton, knitted or cro",63,Non-durable
611593,"Hosiery and footwear, of synthetic fibres, knit",63,Non-durable
611599,"Hosiery and footwear, of other textiles, knitte",63,Non-durable
611610,"Gloves, impregnated... with plastics or rubber,",63,Non-durable
611691,"Gloves, mittens and mitts, of wool..., knitted",63,Non-durable
611692,"Gloves, mittens and mitts, of cotton, knitted o",63,Non-durable
611693,"Gloves, mittens and mitts, of synthetic fibres,",63,Non-durable
611699,"Gloves, mittens and mitts, of other textiles, k",63,Non-durable
611780,"Other clothing accessories, knitted or crochete",63,Non-durable
611790,"Parts of garments or clothing accessories, knit",63,Non-durable
620510,Men's or boys' shirts of wool or fine animal ha,63,Non-durable
620520,Men's or boys' shirts of cotton,63,Non-durable
620530,Men's or boys' shirts of man-made fibres,63,Non-durable
620590,"Men's or boys' shirts of other textiles, nes",63,Non-durable
620711,Men's or boys' underpants and briefs of cotton,63,Non-durable
620719,Men's or boys' underpants and briefs of textile,63,Non-durable
620721,Men's or boys' nightshirts and pyjamas of cotto,63,Non-durable
620722,Men's or boys' nightshirts and pyjamas of man-m,63,Non-durable
620729,Men's or boys' nightshirts and pyjamas of texti,63,Non-durable
620791,"Men's or boys' singlets... dressing gowns, etc,",63,Non-durable
620792,"Men's or boys' singlets... dressing gowns, etc,",63,Non-durable
620799,"Men's or boys' singlets... dressing gowns, etc,",63,Non-durable
620811,Slips and petticoats of man-made fibres,63,Non-durable
620819,"Slips and petticoats of other textiles, nes",63,Non-durable
620821,Women's or girls' nightdresses and pyjamas of c,63,Non-durable
620822,Women's or girls' nightdresses and pyjamas of m,63,Non-durable
620829,Women's or girls' nightdresses and pyjamas of t,63,Non-durable
620891,"Women's or girls' dressing gowns, panties, etc,",63,Non-durable
620892,"Women's or girls' dressing gowns, panties, etc,",63,Non-durable
620899,"Women's or girls' dressing gowns, panties, etc,",63,Non-durable
621210,Brassieres,63,Non-durable
621220,Girdles and panty-girdles,63,Non-durable
621230,Corselettes,63,Non-durable
621290,"Corsets, braces, garters, suspenders and simila",63,Non-durable
621310,Handkerchiefs of silk or silk waste,63,Non-durable
621320,Handkerchiefs of cotton,63,Non-durable
621390,"Handkerchiefs of other textiles, nes",63,Non-durable
621410,"Shawls, scarves, mufflers, mantillas, veils, et",63,Non-durable
621420,"Shawls, scarves, mufflers, mantillas, veils, et",63,Non-durable
621430,"Shawls, scarves, mufflers, mantillas, veils, et",63,Non-durable
621440,"Shawls, scarves, mufflers, mantillas, veils, et",63,Non-durable
621490,"Shawls, scarves, mufflers, mantillas, veils, et",63,Non-durable
621510,"Ties, bow ties and cravats of silk or silk wast",63,Non-durable
621520,"Ties, bow ties and cravats of man-made fibres",63,Non-durable
621590,"Ties, bow ties and cravats of other textiles, n",63,Non-durable
621600,"Gloves, mittens and mitts",63,Non-durable
621710,"Clothing accessories, nes",63,Non-durable
621790,"Parts of garments or clothing accessories, nes",63,Non-durable
731910,"Needles, sewing, darning or embroidery, iron or",63,Non-durable
731920,"Pins, safety, iron or steel",63,Non-durable
731930,"Pins, iron or steel, nes",63,Non-durable
731990,"Articles for use in the hand, i or s, similar t",63,Non-durable
821210,Razors including safety razors and open blade t,63,Non-durable
821220,"Safety razor blades, including razor blade blan",63,Non-durable
821290,Parts of non-electric razors,63,Non-durable
850611,Manganese dioxide primary cells&batt of an exte,63,Non-durable
850612,Mercuric oxide primary cells & batteries of an,63,Non-durable
850613,Silver oxide primary cells&batteries of an exte,63,Non-durable
850619,Primary cells and primary batteries of an exter,63,Non-durable
850620,Primary cells and primary batteries of an exter,63,Non-durable
853921,"Filament lamps, tungsten halogen",63,Non-durable
853922,"Filament lamps,of a power not exceed 200 W and",63,Non-durable
853929,"Filament lamps, excluding ultraviolet or infra-",63,Non-durable
900662,"Flashbulbs, flashcubes and the like",63,Non-durable
940530,Lighting sets of a kind used for Christmas tree,63,Non-durable
950510,Articles for Christmas festivities,63,Non-durable
950590,"Festive,carnival or oth entertainment art incl",63,Non-durable
960810,Ball point pens,63,Non-durable
960820,Felt tipped and other porous-tipped pens and ma,63,Non-durable
960831,Indian ink drawing pens,63,Non-durable
960839,"Fountain pens, stylograph pens and oth pens, o/",63,Non-durable
960840,Propelling or sliding pencils,63,Non-durable
960850,Sets of art. from 2 or >of foregoing subheading,63,Non-durable
960860,"Refills for ball point pens, comprising the bal",63,Non-durable
960891,Pen nibs and nib points,63,Non-durable
960899,Duplicating stylos; pen/pencil holders; parts o,63,Non-durable
960910,"Pencils and crayons, with leads encased in a ri",63,Non-durable
960920,"Pencil leads, black or coloured",63,Non-durable
960990,"Pastels, drawing charcoals, writing or drawing",63,Non-durable
961620,Powder-puffs and pads for the application of co,63,Non-durable
970190,Collages and similar decorative plaques,63,Non-durable
010111,Live pure bred breeding horses,111,Mainly for industry
010119,"Live horses, other than for pure-bred breeding",111,Mainly for industry
010120,Live asses mules and hinnies,111,Mainly for industry
010290,"Live bovine animals, other than pure-bred breed",111,Mainly for industry
010391,Live swine weighing <50kg (excl. pure-bred bree,111,Mainly for industry
010392,Live swine weighing >=50kg (excl. pure-bred bre,111,Mainly for industry
010410,Live sheep,111,Mainly for industry
010420,Live goats,111,Mainly for industry
010511,"Live fowls of species Gallus domesticus, weighi",111,Mainly for industry
010519,"Live ducks, geese, turkeys and guinea fowls, we",111,Mainly for industry
010591,Live fowls of species Gallus domesticus (chicke,111,Mainly for industry
010599,"Live ducks, geese, turkeys and guinea fowls, we",111,Mainly for industry
010600,"Other live animals, nes",111,Mainly for industry
071410,"Manioc, fresh or dried",111,Mainly for industry
071420,"Sweet potatoes, fresh or dried",111,Mainly for industry
071490,"Roots and tubers with high starch content, fres",111,Mainly for industry
080110,"Coconuts, fresh or dried",111,Mainly for industry
081210,"Cherries, provisionally preserved, not for imme",111,Mainly for industry
081220,"Strawberries, provisionally preserved, not for",111,Mainly for industry
081290,"Fruit and nuts, provisionally preserved, not fo",111,Mainly for industry
081400,"Peel of citrus fruit or melons, fresh, frozen,",111,Mainly for industry
090111,"Coffee, not roasted or decaffeinated",111,Mainly for industry
090112,"Decaffeinated coffee, not roasted",111,Mainly for industry
090130,Coffee husks and skins,111,Mainly for industry
100110,Durum wheat,111,Mainly for industry
100190,"Spelt, common wheat and meslin",111,Mainly for industry
100200,Rye,111,Mainly for industry
100300,Barley,111,Mainly for industry
100610,Rice in the husk (paddy or rough),111,Mainly for industry
100620,Husked (brown) rice,111,Mainly for industry
100700,Grain sorghum,111,Mainly for industry
100810,Buckwheat,111,Mainly for industry
100820,Millet,111,Mainly for industry
100830,Canary seed,111,Mainly for industry
100890,"Other cereal, nes",111,Mainly for industry
120100,Soya beans,111,Mainly for industry
120210,"Ground-nuts in shell, not roasted or otherwise",111,Mainly for industry
120220,"Shelled ground-nuts, not roasted or otherwise c",111,Mainly for industry
120300,Copra,111,Mainly for industry
120500,Rape or colza seeds,111,Mainly for industry
120600,Sunflower seeds,111,Mainly for industry
120710,Palm nuts and kernels,111,Mainly for industry
120720,Cotton seeds,111,Mainly for industry
120740,Sesamum seeds,111,Mainly for industry
120750,Mustard seeds,111,Mainly for industry
121010,"Hop cones (excl. ground, powdered or pellets),",111,Mainly for industry
121020,"Hop cones, ground, powdered or in pellets; lupu",111,Mainly for industry
121210,"Locust beans (incl. locust bean seeds), fresh o",111,Mainly for industry
121230,"Apricot, peach or plum stones and kernels used",111,Mainly for industry
121291,"Sugar beet, fresh or dried",111,Mainly for industry
121292,"Sugar cane, fresh or dried",111,Mainly for industry
121299,Vegetable products used primarily for human con,111,Mainly for industry
180100,"Cocoa beans, whole or broken, raw or roasted",111,Mainly for industry
350210,Egg albumin,111,Mainly for industry
030110,Live ornamental fish,112,Mainly for household consumption
030191,Live trout,112,Mainly for household consumption
030192,Live eels,112,Mainly for household consumption
030193,Live carp,112,Mainly for household consumption
030199,Other live fish,112,Mainly for household consumption
030211,Fresh or chilled trout,112,Mainly for household consumption
030212,"Fresh or chilled Pacific, Atlantic and Danube s",112,Mainly for household consumption
030219,Fresh or chilled salmonidae (excl. 0302.11 and,112,Mainly for household consumption
030221,Fresh or chilled halibut,112,Mainly for household consumption
030222,Fresh or chilled plaice,112,Mainly for household consumption
030223,Fresh or chilled sole,112,Mainly for household consumption
030229,"Fresh or chilled flat fish (excl. halibut, plai",112,Mainly for household consumption
030231,Fresh or chilled albacore or longfinned tunas,112,Mainly for household consumption
030232,Fresh or chilled yellowfin tunas,112,Mainly for household consumption
030233,Fresh or chilled skipjack or stripe-bellied bon,112,Mainly for household consumption
030239,"Fresh or chilled tunas, nes",112,Mainly for household consumption
030240,Fresh or chilled herrings (excl. livers and roe,112,Mainly for household consumption
030250,Fresh or chilled cod (excl. livers and roes),112,Mainly for household consumption
030261,"Fresh or chilled sardines, brisling or sparts",112,Mainly for household consumption
030262,Fresh or chilled haddock,112,Mainly for household consumption
030263,Fresh or chilled coalfish,112,Mainly for household consumption
030264,Fresh or chilled mackerel,112,Mainly for household consumption
030265,Fresh or chilled dogfish and other sharks,112,Mainly for household consumption
030266,Fresh or chilled eels,112,Mainly for household consumption
030269,"Fresh or chilled fish, nes",112,Mainly for household consumption
030270,Fresh or chilled fish livers and roes,112,Mainly for household consumption
030530,"Fish fillets, dried, salted or in brine, but no",112,Mainly for household consumption
030551,"Dried cod, not smoked",112,Mainly for household consumption
030559,"Dried fish, not smoked (excl. cod)",112,Mainly for household consumption
030561,Herrings salted or in brine but not dried or sm,112,Mainly for household consumption
030562,Cod salted or in brine but not dried or smoked,112,Mainly for household consumption
030563,Anchovies salted or in brine but not dried or s,112,Mainly for household consumption
030569,Other fish salted or in brine but not dried or,112,Mainly for household consumption
030611,Frozen rock lobster and other sea crawfish,112,Mainly for household consumption
030612,Frozen lobsters,112,Mainly for household consumption
030613,Frozen shrimps and prawns,112,Mainly for household consumption
030614,Frozen crabs,112,Mainly for household consumption
030619,"Frozen crustaceans,nes,including flours,meals &",112,Mainly for household consumption
030710,Oysters,112,Mainly for household consumption
030721,"Scallops, live, fresh or chilled",112,Mainly for household consumption
030729,"Scallops (excl. live, fresh or chilled)",112,Mainly for household consumption
030731,"Mussels, live, fresh or chilled",112,Mainly for household consumption
030739,"Mussels (excl. live, fresh or chilled)",112,Mainly for household consumption
030741,"Cuttle fish and squid, live, fresh or chilled",112,Mainly for household consumption
030749,"Cuttle fish and squid (excl. live, fresh or chi",112,Mainly for household consumption
030751,"Octopus live, fresh or chilled",112,Mainly for household consumption
030759,"Octopus (excl. live, fresh or chilled)",112,Mainly for household consumption
030791,"Aquatic invertebrates, nes, live, fresh or chil",112,Mainly for household consumption
030799,"Aquatic invertebrates,nes,includ.flours,meals,p",112,Mainly for household consumption
040110,"Milk and cream of =<1% fat, not concentrated or",112,Mainly for household consumption
040120,"Milk and cream of >1% but =<6% fat, not concent",112,Mainly for household consumption
040130,"Milk and cream of >6% fat, not concentrated or",112,Mainly for household consumption
040310,Yogurt,112,Mainly for household consumption
040390,"Buttermilk, curdled milk and cream, etc (excl.",112,Mainly for household consumption
040700,"Birds' eggs, in shell, fresh, preserved or cook",112,Mainly for household consumption
040900,Natural honey,112,Mainly for household consumption
070110,Seed potatoes,112,Mainly for household consumption
070190,"Other potatoes, fresh or chilled",112,Mainly for household consumption
070200,"Tomatoes, fresh or chilled",112,Mainly for household consumption
070310,"Onions and shallots, fresh or chilled",112,Mainly for household consumption
070320,"Garlic, fresh or chilled",112,Mainly for household consumption
070390,"Leeks and other alliaceous vegetables, nes",112,Mainly for household consumption
070410,"Cauliflowers and headed broccoli, fresh or chil",112,Mainly for household consumption
070420,"Brussels sprouts, fresh or chilled",112,Mainly for household consumption
070490,"White and red cabbages, kohlrabi, kale...etc, f",112,Mainly for household consumption
070511,"Cabbage lettuce, fresh or chilled",112,Mainly for household consumption
070519,"Lettuce, fresh or chilled, (excl. cabbage lettu",112,Mainly for household consumption
070521,"Witloof chicory, fresh or chilled",112,Mainly for household consumption
070529,"Chicory, fresh or chilled, (excl. witloof)",112,Mainly for household consumption
070610,"Carrots and turnips, fresh or chilled",112,Mainly for household consumption
070690,Beetroot...radishes and other similar edible ro,112,Mainly for household consumption
070700,"Cucumbers and gherkins, fresh or chilled",112,Mainly for household consumption
070810,"Peas, fresh or chilled",112,Mainly for household consumption
070820,"Beans, fresh or chilled",112,Mainly for household consumption
070890,"Leguminous vegetables, fresh or chilled, nes",112,Mainly for household consumption
070910,"Globe artichokes, fresh or chilled",112,Mainly for household consumption
070920,"Asparagus, fresh or chilled",112,Mainly for household consumption
070930,"Aubergines, fresh or chilled",112,Mainly for household consumption
070940,"Celery, fresh or chilled",112,Mainly for household consumption
070951,"Mushrooms, fresh or chilled",112,Mainly for household consumption
070952,"Truffles, fresh or chilled",112,Mainly for household consumption
070960,"Fruits of genus Capiscum or Pimenta, fresh or c",112,Mainly for household consumption
070970,"Spinach, fresh or chilled",112,Mainly for household consumption
070990,"Other vegetables, fresh or chilled, nes",112,Mainly for household consumption
071010,"Potatoes, frozen",112,Mainly for household consumption
071021,"Shelled or unshelled peas, frozen",112,Mainly for household consumption
071022,"Shelled or unshelled beans, frozen",112,Mainly for household consumption
071029,"Leguminous vegetables, shelled or unshelled, fr",112,Mainly for household consumption
071030,"Spinach, frozen",112,Mainly for household consumption
071040,"Sweet corn, frozen",112,Mainly for household consumption
071080,"Vegetables, frozen, nes",112,Mainly for household consumption
071090,"Mixtures of vegetables, frozen",112,Mainly for household consumption
071310,"Dried peas, shelled",112,Mainly for household consumption
071320,"Dried chickpeas, shelled",112,Mainly for household consumption
071331,"Dried beans, shelled",112,Mainly for household consumption
071332,"Dried adzuki beans, shelled",112,Mainly for household consumption
071333,"Dried kidney beans, incl. white pea beans, shel",112,Mainly for household consumption
071339,"Dried beans, shelled, nes",112,Mainly for household consumption
071340,"Dried lentils, shelled",112,Mainly for household consumption
071350,"Dried broad beans and horse beans, shelled",112,Mainly for household consumption
071390,"Dried leguminous vegetables, shelled, nes",112,Mainly for household consumption
080120,"Brazil nuts, fresh or dried",112,Mainly for household consumption
080130,"Cashew nuts, fresh or dried",112,Mainly for household consumption
080211,"Almonds in shell, fresh or dried",112,Mainly for household consumption
080212,"Almonds without shells, fresh or dried",112,Mainly for household consumption
080221,"Hazlenuts in shell, fresh or dried",112,Mainly for household consumption
080222,"Hazlenuts without shells, fresh or dried",112,Mainly for household consumption
080231,"Walnuts in shell, fresh or dried",112,Mainly for household consumption
080232,"Walnuts without shells, fresh or dried",112,Mainly for household consumption
080240,"Chestnuts, fresh or dried",112,Mainly for household consumption
080250,"Pistachio, fresh or dried",112,Mainly for household consumption
080290,"Other nuts, fresh or dried, nes",112,Mainly for household consumption
080300,"Bananas, including plantains, fresh or dried",112,Mainly for household consumption
080410,"Dates, fresh or dried",112,Mainly for household consumption
080420,"Figs, fresh or dried",112,Mainly for household consumption
080430,"Pineapples, fresh or dried",112,Mainly for household consumption
080440,"Avocados, fresh or dried",112,Mainly for household consumption
080450,"Guavas, mangoes and mangosteens, fresh or dried",112,Mainly for household consumption
080510,"Oranges, fresh or dried",112,Mainly for household consumption
080520,"Mandarins, clementines, wilkings...etc, fresh o",112,Mainly for household consumption
080530,"Lemons and limes, fresh or dried",112,Mainly for household consumption
080540,"Grapefruit, fresh or dried",112,Mainly for household consumption
080590,"Citrus fruit, fresh or dried, nes",112,Mainly for household consumption
080610,Fresh grapes,112,Mainly for household consumption
080620,Dried grapes,112,Mainly for household consumption
080710,"Melons and watermelons, fresh",112,Mainly for household consumption
080720,"Papaws (papayas), fresh",112,Mainly for household consumption
080810,"Apples, fresh",112,Mainly for household consumption
080820,"Pears and quinces, fresh",112,Mainly for household consumption
080910,"Apricots, fresh",112,Mainly for household consumption
080920,"Cherries, fresh",112,Mainly for household consumption
080930,"Peaches, including nectarines, fresh",112,Mainly for household consumption
080940,"Plums and sloes, fresh",112,Mainly for household consumption
081010,"Strawberries, fresh",112,Mainly for household consumption
081020,"Raspberries, blackberries, mulberries and logan",112,Mainly for household consumption
081030,"Black, white or red currants and gooseberries,",112,Mainly for household consumption
081040,"Cranberries, milberries...etc, fresh",112,Mainly for household consumption
081090,"Other fruit, fresh, nes",112,Mainly for household consumption
081310,Dried apricots,112,Mainly for household consumption
081320,Dried prunes,112,Mainly for household consumption
081330,Dried apples,112,Mainly for household consumption
081340,"Other dried fruit, nes",112,Mainly for household consumption
081350,"Mixtures of dried fruit and nuts, nes",112,Mainly for household consumption
090210,Green tea in immediate packings,112,Mainly for household consumption
090220,"Green tea, nes",112,Mainly for household consumption
090230,Black tea (fermented) and partly fermented tea,112,Mainly for household consumption
090240,"Black tea (fermented) and partly fermented tea,",112,Mainly for household consumption
090300,Mate,112,Mainly for household consumption
090411,Dried pepper (excl. crushed or ground),112,Mainly for household consumption
090412,"Pepper, crushed or ground",112,Mainly for household consumption
090420,"Fruits of genus Capiscum or Pimenta, dried, cru",112,Mainly for household consumption
090500,Vanilla,112,Mainly for household consumption
090610,"Cinnamon and cinnamon-tree flowers, neither cru",112,Mainly for household consumption
090620,"Cinnamon and cinnamon-tree flowers, crushed or",112,Mainly for household consumption
090700,"Cloves (whole fruit, cloves and stems)",112,Mainly for household consumption
090810,Nutmeg,112,Mainly for household consumption
090820,Mace,112,Mainly for household consumption
090830,Cardamoms,112,Mainly for household consumption
090910,Seeds of anise or badian,112,Mainly for household consumption
090920,Seeds of coriander,112,Mainly for household consumption
090930,Seeds of cumin,112,Mainly for household consumption
090940,Seeds of caraway,112,Mainly for household consumption
090950,Seeds of fennel; juniper berries,112,Mainly for household consumption
091010,Ginger,112,Mainly for household consumption
091020,Saffron,112,Mainly for household consumption
091030,Turmeric (curcuma),112,Mainly for household consumption
091040,"Thyme, bay leaves",112,Mainly for household consumption
091050,Curry,112,Mainly for household consumption
091091,Spice mixtures,112,Mainly for household consumption
091099,"Other spices, nes",112,Mainly for household consumption
210120,"Extracts, essences, concentrates and preparatio",112,Mainly for household consumption
020900,"Pig and poultry fat, fresh, chilled, frozen, sa",121,Mainly for industry
030510,"Flours, meals and pellets of fish, fit for huma",121,Mainly for industry
040210,Milk and cream in solid forms of =<1.5% fat,121,Mainly for industry
040410,"Whey & modified whey, concentrated or not, or c",121,Mainly for industry
040811,Dried egg yolks,121,Mainly for industry
040819,Egg yolks (excl. dried),121,Mainly for industry
040891,"Dried birds' eggs, not in shell",121,Mainly for industry
040899,"Birds' eggs, not in shell (excl. dried)",121,Mainly for industry
081110,"Strawberries, frozen",121,Mainly for industry
081120,"Raspberries, blackberries...etc, frozen",121,Mainly for industry
081190,"Other fruit and nuts, frozen, nes",121,Mainly for industry
110100,Wheat or meslin flour,121,Mainly for industry
110210,Rye flour,121,Mainly for industry
110220,Maize (corn) flour,121,Mainly for industry
110230,Rice flour,121,Mainly for industry
110290,"Other cereal flour, nes",121,Mainly for industry
110311,Groats and meal of wheat,121,Mainly for industry
110312,Groats and meal of oats,121,Mainly for industry
110313,Groats and meal of maize (corn),121,Mainly for industry
110314,Groats and meal of rice,121,Mainly for industry
110319,"Groats and meal of other cereals, nes",121,Mainly for industry
110321,Wheat pellets,121,Mainly for industry
110329,Pellets of other cereals (excl. wheat),121,Mainly for industry
110510,Potato flour and meal,121,Mainly for industry
110520,"Potato flakes, granules and pellets",121,Mainly for industry
110610,Flour and meal of the dried leguminous vegetabl,121,Mainly for industry
110620,"Flour and meal of sago, roots or tubers of 0714",121,Mainly for industry
110630,"Flour, meal and powder of products of Chapter 8",121,Mainly for industry
110710,Malt not roasted,121,Mainly for industry
110720,Roasted malt,121,Mainly for industry
110900,Wheat gluten,121,Mainly for industry
120810,Soya bean flour and meal,121,Mainly for industry
120890,Other flours and meal of oil seeds or oleaginou,121,Mainly for industry
150420,"Fish fats, oils and fractions (excl. fish liver",121,Mainly for industry
150430,"Marine mammal fats, oils and their liquid fract",121,Mainly for industry
150710,Crude soya-bean oil,121,Mainly for industry
150790,Soya-bean oil (excl. crude) and fractions,121,Mainly for industry
150810,Crude ground-nut oil,121,Mainly for industry
150890,Ground-nut oil (excl. crude) and fractions,121,Mainly for industry
151000,"Other oils and their fractions, obtained solely",121,Mainly for industry
151190,Palm oil (excl. crude) and liquid fractions,121,Mainly for industry
151221,"Crude cotton-seed oil, whether or not gossypol",121,Mainly for industry
151229,Cotton-seed oil (excl. crude) and fractions the,121,Mainly for industry
151319,Coconut copra oil (excl. crude) and fractions t,121,Mainly for industry
151329,Palm kernel or babassu oil (excl. crude) and fr,121,Mainly for industry
151490,"Rape, colza or mustard oil (excl. crude) and fr",121,Mainly for industry
151529,Maize (corn) oil (excl. crude) and fractions,121,Mainly for industry
151550,Sesame oil and fractions,121,Mainly for industry
151610,"Animal fats and oils and fractions, hydrogenate",121,Mainly for industry
151620,"Vegetable fats and oils and their fractions, hy",121,Mainly for industry
160300,"Extracts and juices of meat, fish and aquatic i",121,Mainly for industry
170111,"Raw cane sugar, in solid form",121,Mainly for industry
170112,"Raw beet sugar, in solid form",121,Mainly for industry
170191,"Cane or beet sugar, containing added flavouring",121,Mainly for industry
170210,Lactose and lactose syrup,121,Mainly for industry
170220,Maple sugar and maple syrup,121,Mainly for industry
170230,"Glucose and glucose syrup, containing <20% fruc",121,Mainly for industry
170240,"Glucose and glucose syrup, containing >=20% but",121,Mainly for industry
170250,Chemically pure fructose,121,Mainly for industry
170260,"Other fructose and fructose syrup, containing >",121,Mainly for industry
170290,"Artificial honey, caramel and other sugars (inc",121,Mainly for industry
170310,Cane molasses resulting from the extraction or,121,Mainly for industry
170390,Molasses resulting from the extraction or refin,121,Mainly for industry
180200,"Cocoa shells, husks, skins and other cocoa wast",121,Mainly for industry
180310,"Cocoa paste, not defatted",121,Mainly for industry
180320,"Cocoa paste, wholly or partly defatted",121,Mainly for industry
180400,"Cocoa butter, fat and oil",121,Mainly for industry
180500,"Cocoa powder, not containing added sugar or oth",121,Mainly for industry
190300,Tapioca and substitutes prepared from starch in,121,Mainly for industry
210210,Active yeasts,121,Mainly for industry
210220,Inactive yeasts; other single-cell micro-organi,121,Mainly for industry
210230,Prepared baking powders,121,Mainly for industry
220430,"Other grape must, nes",121,Mainly for industry
230210,"Brans, sharps and other residues of maize",121,Mainly for industry
230220,"Brans, sharps and other residues of rice",121,Mainly for industry
230230,"Brans, sharps and other residues of wheat",121,Mainly for industry
230240,"Brans, sharps and other residues of other cerea",121,Mainly for industry
230250,"Brans, sharps and other residues of leguminous",121,Mainly for industry
230310,Residues from manufacture of starch and similar,121,Mainly for industry
230320,"Beet pulp, bagasse and other waste of sugar man",121,Mainly for industry
230330,Brewing or distilling dregs and waste,121,Mainly for industry
230700,Wine lees; argol,121,Mainly for industry
020110,Fresh or chilled bovine carcasses and half carc,122,Mainly for household consumption
020120,Fresh or chilled unboned bovine meat (excl. car,122,Mainly for household consumption
020130,Fresh or chilled boneless bovine meat,122,Mainly for household consumption
020210,Frozen bovine carcasses and half carcasses,122,Mainly for household consumption
020220,Frozen unboned bovine meat (excl. carcasses),122,Mainly for household consumption
020230,Frozen boneless bovine meat,122,Mainly for household consumption
020311,Fresh or chilled swine carcasses and half carca,122,Mainly for household consumption
020312,"Fresh or chilled unboned hams, shoulders and cu",122,Mainly for household consumption
020319,"Fresh or chilled swine meat, nes (unboned)",122,Mainly for household consumption
020321,Frozen swine carcasses and half carcasses,122,Mainly for household consumption
020322,"Frozen unboned hams, shoulders and cuts thereof",122,Mainly for household consumption
020329,"Frozen swine meat, nes",122,Mainly for household consumption
020410,Fresh or chilled lamb carcasses and half carcas,122,Mainly for household consumption
020421,Fresh or chilled sheep carcasses and half carca,122,Mainly for household consumption
020422,Fresh or chilled unboned meat of sheep,122,Mainly for household consumption
020423,Fresh or chilled boneless meat of sheep,122,Mainly for household consumption
020430,Frozen lamb carcasses and half carcasses,122,Mainly for household consumption
020441,Frozen sheep carcasses and half carcasses (excl,122,Mainly for household consumption
020442,Frozen unboned meat of sheep,122,Mainly for household consumption
020443,Frozen boned meat of sheep,122,Mainly for household consumption
020450,"Fresh, chilled or frozen goat meat",122,Mainly for household consumption
020500,"Meat of horses, asses, mules or hinnies, fresh,",122,Mainly for household consumption
020610,Fresh or chilled edible bovine offal,122,Mainly for household consumption
020621,Frozen bovine tongues,122,Mainly for household consumption
020622,Frozen bovine livers,122,Mainly for household consumption
020629,Frozen edible bovine offal (excl. tongues and l,122,Mainly for household consumption
020630,Fresh or chilled edible swine offal,122,Mainly for household consumption
020641,Frozen swine livers,122,Mainly for household consumption
020649,Frozen edible swine offal (excl. livers),122,Mainly for household consumption
020680,"Fresh or chilled edible offal of sheep, goats,",122,Mainly for household consumption
020690,"Frozen edible offal of sheep, goats, horses...",122,Mainly for household consumption
020710,Fresh or chilled whole poultry,122,Mainly for household consumption
020721,Frozen whole chickens,122,Mainly for household consumption
020722,Frozen whole turkeys,122,Mainly for household consumption
020723,"Frozen whole ducks, geese and guinea fowls",122,Mainly for household consumption
020731,Fresh or chilled fatty livers of geese or ducks,122,Mainly for household consumption
020739,Fresh or chilled poultry cuts and offal (excl.,122,Mainly for household consumption
020741,Frozen cuts and offal of chicken (excl. livers),122,Mainly for household consumption
020742,Frozen cuts and offal of turkey (excl. livers),122,Mainly for household consumption
020743,"Frozen cuts and offal of geese, ducks and guine",122,Mainly for household consumption
020750,Frozen poultry livers,122,Mainly for household consumption
020810,"Fresh, chilled or frozen meat and edible offal",122,Mainly for household consumption
020820,"Fresh, chilled or frozen frogs' legs",122,Mainly for household consumption
020890,"Fresh, chilled or frozen meat and edible offal,",122,Mainly for household consumption
021011,"Unboned swine hams, shoulders and cuts thereof,",122,Mainly for household consumption
021012,"Bellies and cuts thereof of swine, salted... or",122,Mainly for household consumption
021019,"Meat of swine, salted... or smoked, nes",122,Mainly for household consumption
021020,"Meat of bovine animals, salted... or smoked",122,Mainly for household consumption
021090,"Other meat, nes, salted... or smoked; flours an",122,Mainly for household consumption
030310,Frozen Pacific salmon,122,Mainly for household consumption
030321,Frozen trout,122,Mainly for household consumption
030322,Frozen Atlantic and Danube salmon,122,Mainly for household consumption
030329,"Frozen salmonidae (excl. Pacific, Atlantic, Dan",122,Mainly for household consumption
030331,Frozen halibut,122,Mainly for household consumption
030332,Frozen plaice,122,Mainly for household consumption
030333,Frozen sole,122,Mainly for household consumption
030339,"Frozen flat fish (excl. halibut, plaice and sol",122,Mainly for household consumption
030341,Frozen albacore or longfinned tunas,122,Mainly for household consumption
030342,Frozen yellowfin tunas,122,Mainly for household consumption
030343,Frozen skipjack or stripe-bellied bonito,122,Mainly for household consumption
030349,"Frozen tunas, nes",122,Mainly for household consumption
030350,Frozen herrings (excl. livers and roes),122,Mainly for household consumption
030360,Frozen cod (excl. livers and roes),122,Mainly for household consumption
030371,"Frozen sardines, brisling or sprats",122,Mainly for household consumption
030372,Frozen haddock,122,Mainly for household consumption
030373,Frozen coalfish,122,Mainly for household consumption
030374,Frozen mackerel,122,Mainly for household consumption
030375,Frozen dogfish and sharks,122,Mainly for household consumption
030376,Frozen eels,122,Mainly for household consumption
030377,Frozen sea-bass,122,Mainly for household consumption
030378,Frozen hake,122,Mainly for household consumption
030379,"Frozen fish, nes",122,Mainly for household consumption
030380,Frozen fish livers and roes,122,Mainly for household consumption
030410,Fresh or chilled fish fillets,122,Mainly for household consumption
030420,Frozen fish fillets,122,Mainly for household consumption
030490,Frozen fish meat (excl. fillets),122,Mainly for household consumption
030520,"Livers and roes, dried, smoked, salted or in br",122,Mainly for household consumption
030541,"Smoked Pacific, Atlantic and Danube salmon (inc",122,Mainly for household consumption
030542,Smoked herrings (incl. fillets),122,Mainly for household consumption
030549,Smoked fish (excl. salmon and herrings),122,Mainly for household consumption
030621,Rock lobster and other sea crawfish (excl. froz,122,Mainly for household consumption
030622,Lobsters (excl.frozen),122,Mainly for household consumption
030623,Shrimps and prawns (excl. frozen),122,Mainly for household consumption
030624,Crabs (excl.frozen),122,Mainly for household consumption
030629,"Crustaceans not frozen,nes,includ.flours,meals,",122,Mainly for household consumption
030760,Snails other than sea snails,122,Mainly for household consumption
040221,"Milk and cream in solid forms of >1.5% fat, uns",122,Mainly for household consumption
040229,"Milk and cream in solid forms of >1.5% fat, swe",122,Mainly for household consumption
040291,"Concentrated milk and cream, unsweetened (excl.",122,Mainly for household consumption
040299,Sweetened milk and cream (excl. in solid form),122,Mainly for household consumption
040490,Products consisting of natural milk constituent,122,Mainly for household consumption
040500,Butter and other fats and oils derived from mil,122,Mainly for household consumption
040610,"Fresh (unripened or uncured) cheese, including",122,Mainly for household consumption
040620,Grated or powdered cheese,122,Mainly for household consumption
040630,"Processed cheese, not grated or powdered",122,Mainly for household consumption
040640,Blue-veined cheese,122,Mainly for household consumption
040690,"Cheese, nes",122,Mainly for household consumption
041000,"Edible products of animal origin, nes",122,Mainly for household consumption
071110,"Onions provisionally preserved, not for immedia",122,Mainly for household consumption
071120,"Olives provisionally preserved, not for immedia",122,Mainly for household consumption
071130,"Capers provisionally preserved, not for immedia",122,Mainly for household consumption
071140,Cucumbers and gherkins provisionally preserved,122,Mainly for household consumption
071190,Other vegetables and  mixture of vegetables pro,122,Mainly for household consumption
071210,Dried potatoes,122,Mainly for household consumption
071220,Dried onions,122,Mainly for household consumption
071230,Dried mushrooms and truffles,122,Mainly for household consumption
071290,"Dried vegetables, nes",122,Mainly for household consumption
090121,"Roasted coffee, not decaffeinated",122,Mainly for household consumption
090122,"Roasted, decaffeinated coffee",122,Mainly for household consumption
090140,Coffee substitutes containing coffee,122,Mainly for household consumption
100630,Semi-milled or wholly milled rice,122,Mainly for household consumption
100640,Broken rice,122,Mainly for household consumption
110411,Rolled or flaked barley grains,122,Mainly for household consumption
110412,Rolled or flaked oat grains,122,Mainly for household consumption
110419,"Rolled or flaked grains of other cereals, nes",122,Mainly for household consumption
110421,"Other worked grains of barley, nes",122,Mainly for household consumption
110422,"Other worked grains of oats, nes",122,Mainly for household consumption
110423,"Other worked grains of maize (corn), nes",122,Mainly for household consumption
110429,"Other worked grains of other cereals, nes",122,Mainly for household consumption
110430,"Cereal germ, whole, rolled, flaked or ground",122,Mainly for household consumption
150910,Virgin olive oil and fractions,122,Mainly for household consumption
150990,Olive oil and fractions (excl. virgin),122,Mainly for household consumption
151710,Margarine (excl. liquid),122,Mainly for household consumption
151790,"Edible preparations of fats and oils, nes",122,Mainly for household consumption
160100,Sausages and similar products; food preparation,122,Mainly for household consumption
160210,"Homogenized preparations of meat, meat offal or",122,Mainly for household consumption
160220,Preparations of animal liver,122,Mainly for household consumption
160231,Preparations of turkey meat,122,Mainly for household consumption
160239,Preparations of poultry (excl. turkey),122,Mainly for household consumption
160241,"Preparations of swine, hams and cuts",122,Mainly for household consumption
160242,"Preparations of swine, shoulders and cuts",122,Mainly for household consumption
160249,"Preparations of swine meat, including mixtures,",122,Mainly for household consumption
160250,Preparations of meat of bovine animals,122,Mainly for household consumption
160290,Preparations of meat (incl.preparations of bloo,122,Mainly for household consumption
160411,Prepared or preserved salmon (excl. minced),122,Mainly for household consumption
160412,Prepared or preserved herrings (excl. minced),122,Mainly for household consumption
160413,"Prepared or preserved sardines, sardinella, bri",122,Mainly for household consumption
160414,"Prepared or preserved tuna, skipjack and bonito",122,Mainly for household consumption
160415,Prepared or preserved mackerel (excl. minced),122,Mainly for household consumption
160416,Prepared or preserved anchovies (excl. minced),122,Mainly for household consumption
160419,"Prepared or preserved fish (excl. minced), nes",122,Mainly for household consumption
160420,"Other prepared or preserved fish, nes",122,Mainly for household consumption
160430,Caviar and caviar substitutes,122,Mainly for household consumption
160510,"Crab, prepared or preserved",122,Mainly for household consumption
160520,"Shrimps and prawns, prepared or preserved",122,Mainly for household consumption
160530,"Lobster, prepared or preserved",122,Mainly for household consumption
160540,"Crustaceans, nes, prepared or preserved",122,Mainly for household consumption
160590,"Molluscs and other aquatic invertebrates, prepa",122,Mainly for household consumption
170199,"Cane or beet sugar, in solid form, nes",122,Mainly for household consumption
170410,Chewing gum,122,Mainly for household consumption
170490,"Sugar confectionery (incl. white chocolate), no",122,Mainly for household consumption
180610,"Cocoa powder, containing added sugar or other s",122,Mainly for household consumption
180620,"Chocolate, etc, containing cocoa, in blocks, sl",122,Mainly for household consumption
180631,"Chocolate, etc, containing cocoa, in blocks, sl",122,Mainly for household consumption
180632,"Chocolate, etc, containing cocoa in blocks, sla",122,Mainly for household consumption
180690,"Chocolate, etc, containing cocoa, not in blocks",122,Mainly for household consumption
190110,"Preparations for infant use, for retail sale, o",122,Mainly for household consumption
190120,Mixes and doughs for preparation of bakers' war,122,Mainly for household consumption
190190,"Other food preparations of flour, etc, nes",122,Mainly for household consumption
190211,Uncooked pasta containing eggs not stuffed,122,Mainly for household consumption
190219,"Uncooked pasta, not containing eggs, not stuffe",122,Mainly for household consumption
190220,Stuffed pasta,122,Mainly for household consumption
190230,"Other pasta, nes",122,Mainly for household consumption
190240,Couscous,122,Mainly for household consumption
190410,Prepared foods obtained by the swelling or roas,122,Mainly for household consumption
190490,Prepared cereals in grain form (excl. maize),122,Mainly for household consumption
190510,Crispbread,122,Mainly for household consumption
190520,Gingerbread and the like,122,Mainly for household consumption
190530,Sweet biscuits; waffles and wafers,122,Mainly for household consumption
190540,"Rusks, toasted bread and similar toasted produc",122,Mainly for household consumption
190590,"Other bread, etc, nes; communion wafers, rice p",122,Mainly for household consumption
200110,"Cucumbers and gherkins, preserved by vinegar or",122,Mainly for household consumption
200120,"Onions, prepared or preserved by vinegar or ace",122,Mainly for household consumption
200190,"Other vegetables, fruits, etc, preserved by vin",122,Mainly for household consumption
200210,"Tomatoes, whole or in pieces, preserved other t",122,Mainly for household consumption
200290,"Tomatoes, preserved otherwise than by vinegar o",122,Mainly for household consumption
200310,"Mushrooms, preserved otherwise than by vinegar",122,Mainly for household consumption
200320,"Truffles, prepared or preserved otherwise than",122,Mainly for household consumption
200410,"Potatoes, preserved other than by vinegar or ac",122,Mainly for household consumption
200490,Other vegetables preserved other than by vinega,122,Mainly for household consumption
200510,"Homogenized vegetable, preserved other than by",122,Mainly for household consumption
200520,"Potatoes, preserved other than by vinegar or ac",122,Mainly for household consumption
200530,"Sauerkraut, preserved other than by vinegar or",122,Mainly for household consumption
200540,"Peas, preserved other than by vinegar or acetic",122,Mainly for household consumption
200551,"Shelled beans, preserved other than by vinegar,",122,Mainly for household consumption
200559,"Beans, unshelled, preserved other than by vineg",122,Mainly for household consumption
200560,"Asparagus, preserved other than by vinegar or a",122,Mainly for household consumption
200570,"Olives, preserved other than by vinegar or acet",122,Mainly for household consumption
200580,"Sweetcorn, preserved other than by vinegar or a",122,Mainly for household consumption
200590,"Vegetables preserved other than by vinegar, etc",122,Mainly for household consumption
200600,"Fruit, nuts, fruit-peel and other parts of plan",122,Mainly for household consumption
200710,"Jams, fruit jellies, marmalades, etc, homogeniz",122,Mainly for household consumption
200791,"Jams, fruit jellies, marmalades, etc, of citrus",122,Mainly for household consumption
200799,"Other jams, fruit jellies, marmalades, etc, bei",122,Mainly for household consumption
200811,"Ground-nuts, preserved",122,Mainly for household consumption
200819,"Nuts and seeds including mixtures, preserved",122,Mainly for household consumption
200820,"Pineapples, prepared or preserved (excl. those",122,Mainly for household consumption
200830,"Citrus fruit, prepared or preserved (excl. thos",122,Mainly for household consumption
200840,"Pears, prepared or preserved (excl. those of 20",122,Mainly for household consumption
200850,"Apricots, prepared or preserved (excl. those of",122,Mainly for household consumption
200860,"Cherries, prepared or preserved (excl. those of",122,Mainly for household consumption
200870,"Peaches, prepared or preserved (excl. those of",122,Mainly for household consumption
200880,"Strawberries, prepared or preserved (excl. thos",122,Mainly for household consumption
200891,"Palm hearts, prepared or preserved (excl. those",122,Mainly for household consumption
200892,"Mixtures of fruit, prepared or preserved (excl.",122,Mainly for household consumption
200899,"Other fruit, etc, prepared or preserved, nes",122,Mainly for household consumption
200911,"Frozen orange juice, unfermented, not containin",122,Mainly for household consumption
200919,"Unfrozen orange juice, unfermented, not contain",122,Mainly for household consumption
200920,"Grapefruit juice, unfermented, not containing a",122,Mainly for household consumption
200930,"Single citrus fruit juice, (excl. orange and gr",122,Mainly for household consumption
200940,"Pineapple juice, unfermented, not containing ad",122,Mainly for household consumption
200950,"Tomato juice, unfermented, not containing added",122,Mainly for household consumption
200960,"Grape juice, (incl. must), unfermented, not con",122,Mainly for household consumption
200970,"Apple juice, unfermented, not containing added",122,Mainly for household consumption
200980,"Juice of other single fruit, unfermented, not c",122,Mainly for household consumption
200990,"Mixtures of juices, unfermented, not containing",122,Mainly for household consumption
210110,"Extracts, essences, concentrates and preparatio",122,Mainly for household consumption
210130,"Roasted coffee substitutes (incl. chicory), etc",122,Mainly for household consumption
210310,Soya sauce,122,Mainly for household consumption
210320,Tomato ketchup and other tomato sauces,122,Mainly for household consumption
210330,"Mustard flour and meal, prepared mustard",122,Mainly for household consumption
210390,Sauces and sauce preparations; mixed condiments,122,Mainly for household consumption
210410,Soups and broths and preparations therefor,122,Mainly for household consumption
210420,Homogenized composite food preparations,122,Mainly for household consumption
210500,"Ice cream and other edible ice, whether or not",122,Mainly for household consumption
210610,Protein concentrates and textured protein subst,122,Mainly for household consumption
210690,"Other food preparations, nes",122,Mainly for household consumption
220110,"Mineral waters and aerated waters, unsweetened",122,Mainly for household consumption
220190,Other unsweetened waters; ice and snow,122,Mainly for household consumption
220210,"Waters (incl. mineral and aerated), with added",122,Mainly for household consumption
220290,"Other non-alcoholic beverages, nes",122,Mainly for household consumption
220300,Beer made from malt,122,Mainly for household consumption
220410,Champagne and sparkling wine,122,Mainly for household consumption
220421,Wine (not sparkling); grape must with by alcoho,122,Mainly for household consumption
220429,Wine (not sparkling); grape must with alcohol i,122,Mainly for household consumption
220510,"Vermouth and other wine of fresh grapes, flavou",122,Mainly for household consumption
220590,"Vermouth and other wine of fresh grapes, flavou",122,Mainly for household consumption
220600,"Other fermented beverages (for example, cider,",122,Mainly for household consumption
220810,Compound alcoholic preparations for manufacture,122,Mainly for household consumption
220820,Spirits from distilled grape wine or marc,122,Mainly for household consumption
220830,Whiskeys,122,Mainly for household consumption
220840,Rum and tafia,122,Mainly for household consumption
220850,Gin and Geneva,122,Mainly for household consumption
220890,"Other spirituous beverages, nes",122,Mainly for household consumption
220900,Vinegar and substitutes for vinegar obtained fr,122,Mainly for household consumption
271000,"Petroleum oils, etc, (excl. crude); preparation",321,Motor spirit
270120,"Briquettes, ovoids and similar solid fuels manu",322,Other
270220,Agglomerated lignite,322,Other
270400,"Coke and semi-coke of coal, of lignite or of pe",322,Other
270500,"Coal gas, water gas, producer gas and similar g",322,Other
271111,"Natural gas, liquefied",322,Other
271112,"Propane, liquefied",322,Other
271113,"Butanes, liquefied",322,Other
271114,"Ethylene, propylene, butylene and butadiene, li",322,Other
271119,"Petroleum gases and other gaseous hydrocarbons,",322,Other
271600,Electrical energy,322,Other
340311,Lubricat.prep.for the treatment of textile mat.,322,Other
340319,"Other lubricating preparations, with <70% petro",322,Other
340391,Lubricating prep.for the treatment of textiles,322,Other
340399,"Other lubricating preparations, nes",322,Other
440200,Wood charcoal,322,Other
860110,Rail locomotives powered from an external sourc,521,Industrial
860120,Rail locomotives powered by electric batteries,521,Industrial
860210,"Rail locomotives, diesel-electric",521,Industrial
860290,Rail locomotives nes and locomotive tenders,521,Industrial
860310,Self-propelled railway cars powered from an ext,521,Industrial
860390,Self-propelled railway cars nes,521,Industrial
860400,Railway maintenance-of-way service vehicles,521,Industrial
860500,"Railway passenger and special purpose coaches,",521,Industrial
860610,"Railway tank cars, not self-propelled",521,Industrial
860620,"Railway cars, insulated or refrigerated, other",521,Industrial
860630,"Railway cars, self-discharging, other than tank",521,Industrial
860691,"Railway cars, closed and covered",521,Industrial
860692,"Railway cars, open, with non-removable sides of",521,Industrial
860699,Railway cars nes,521,Industrial
860900,Cargo containers designed to be carried by one,521,Industrial
870120,Road tractors for semi-trailers (truck tractors,521,Industrial
870210,Diesel powered buses with a seating capacity of,521,Industrial
870290,Buses with a seating capacity of more than nine,521,Industrial
870410,Dump trucks designed for off-highway use,521,Industrial
870421,Diesel powered trucks with a GVW not exceeding,521,Industrial
870422,Diesel powered trucks with a GVW exc five tonne,521,Industrial
870423,Diesel powered trucks with a GVW exceeding twen,521,Industrial
870431,Gas powered trucks with a GVW not exceeding fiv,521,Industrial
870432,Gas powered trucks with a GVW exceeding five to,521,Industrial
870490,Trucks nes,521,Industrial
870510,Mobile cranes,521,Industrial
870520,Mobile drilling derricks,521,Industrial
870530,Fire fighting vehicles,521,Industrial
870540,Mobile concrete mixers,521,Industrial
870590,Special purpose motor vehicles nes,521,Industrial
871620,Trailers for agricultural purposes,521,Industrial
871631,Tanker trailers and semi-trailers,521,Industrial
871639,Trailers nes for the transport of goods,521,Industrial
871640,Trailers and semi-trailers nes,521,Industrial
871680,"Wheelbarrows, hand-carts, rickshaws and other h",521,Industrial
880190,"Balloons, dirigibles and non-powered aircraft n",521,Industrial
880211,Helicopters of an unladen weight not exceeding,521,Industrial
880212,"Helicopters of an unladen weight exceeding 2,00",521,Industrial
880230,"Aircraft nes of an unladen weight > 2,000 kg bu",521,Industrial
880240,"Aircraft nes of an unladen weight exceeding 15,",521,Industrial
880250,Spacecraft (including satellites) and spacecraf,521,Industrial
890110,"Cruise ships, excursion boats etc principally d",521,Industrial
890120,Tankers,521,Industrial
890130,Refrigerated vessels other than tankers,521,Industrial
890190,Cargo vessels nes and other vessels for the tra,521,Industrial
890200,Fishing vessels and factory ships,521,Industrial
890400,Tugs and pusher craft,521,Industrial
840721,"Outboard motors, spark-ignition reciprocating o",522,Non-industrial
871110,Motorcycles with reciprocating piston engine di,522,Non-industrial
871120,Motorcycles with reciprocating piston engine di,522,Non-industrial
871130,Motorcycles with reciprocating piston engine di,522,Non-industrial
871140,Motorcycles with reciprocating piston engine di,522,Non-industrial
871150,Motorcycles with reciprocating piston engine di,522,Non-industrial
871190,Motorcycles with other than a reciprocating pis,522,Non-industrial
871200,Bicycles and other cycles (including delivery t,522,Non-industrial
871310,Wheelchairs not mechanically propelled,522,Non-industrial
871390,"Wheelchairs, mechanically propelled",522,Non-industrial
871610,Trailers for housing or camping,522,Non-industrial
880110,Gliders and hang gliders,522,Non-industrial
880220,Aircraft nes of an unladen weight not exceeding,522,Non-industrial
890310,Inflatable pleasure craft,522,Non-industrial
890391,"Sailboats, with or without auxiliary motor",522,Non-industrial
890392,"Motorboats, other than outboard motorboats",522,Non-industrial
890399,"Rowing boats, canoes, sculls and other pleasure",522,Non-industrial
890710,Inflatable rafts including those for carrying s,522,Non-industrial
