HS - Combined  Product Code,HS - Combined  Product Description,MTN Categories Product Code,MTN Categories Product Description
440110,"Fuel wood, in logs, in billets, in twigs, in faggots or in similar forms",0101,"Wood, pulp, paper & furniture, raw materials"
440121,Coniferous,0101,"Wood, pulp, paper & furniture, raw materials"
440122,Nonconiferous,0101,"Wood, pulp, paper & furniture, raw materials"
440130,"Sawdust and wood waste and scrap, whether or not agglomerated in logs, briquettes, pellets or similar forms",0101,"Wood, pulp, paper & furniture, raw materials"
440200,"(-2006) Wood charcoal (including shell or nut charcoal), whether or not agglomerated.",0101,"Wood, pulp, paper & furniture, raw materials"
440310,"Treated with paint, stains, creosote or other preservatives",0101,"Wood, pulp, paper & furniture, raw materials"
440320,"Other, coniferous",0101,"Wood, pulp, paper & furniture, raw materials"
440331,"(-1995) Dark Red Meranti, Light Red Meranti and Me",0101,"Wood, pulp, paper & furniture, raw materials"
440332,"(-1995) White Lauan, White Meranti, White Seraya, ",0101,"Wood, pulp, paper & furniture, raw materials"
440333,"(-1995) Keruing, Ramin, Kapur, Teak, Jongkong, Mer",0101,"Wood, pulp, paper & furniture, raw materials"
440334,"(-1995) Okoume, Obeche, Sapeli, Sipo, Acajou d'Afr",0101,"Wood, pulp, paper & furniture, raw materials"
440335,"(-1995) Tiama, Mansonia, Ilomba, Dibetou, Limba an",0101,"Wood, pulp, paper & furniture, raw materials"
440341,"(1996-) Dark Red Meranti, Light Red Meranti and Meranti Bakau",0101,"Wood, pulp, paper & furniture, raw materials"
440349,(1996-) Other,0101,"Wood, pulp, paper & furniture, raw materials"
440391,Of oak (Quercus spp.),0101,"Wood, pulp, paper & furniture, raw materials"
440392,Of beech (Fagus spp.),0101,"Wood, pulp, paper & furniture, raw materials"
440399,Other,0101,"Wood, pulp, paper & furniture, raw materials"
450110,"Natural cork, raw or simply prepared",0101,"Wood, pulp, paper & furniture, raw materials"
450190,Other,0101,"Wood, pulp, paper & furniture, raw materials"
470100,Mechanical wood pulp.,0101,"Wood, pulp, paper & furniture, raw materials"
470200,"Chemical wood pulp, dissolving grades.",0101,"Wood, pulp, paper & furniture, raw materials"
470311,Coniferous,0101,"Wood, pulp, paper & furniture, raw materials"
470319,Nonconiferous,0101,"Wood, pulp, paper & furniture, raw materials"
470321,Coniferous,0101,"Wood, pulp, paper & furniture, raw materials"
470329,Nonconiferous,0101,"Wood, pulp, paper & furniture, raw materials"
470411,Coniferous,0101,"Wood, pulp, paper & furniture, raw materials"
470419,Nonconiferous,0101,"Wood, pulp, paper & furniture, raw materials"
470421,Coniferous,0101,"Wood, pulp, paper & furniture, raw materials"
470429,Nonconiferous,0101,"Wood, pulp, paper & furniture, raw materials"
470500,Wood pulp obtained by a combination of mechanical and chemical pulping processes.,0101,"Wood, pulp, paper & furniture, raw materials"
470610,Cotton linters pulp,0101,"Wood, pulp, paper & furniture, raw materials"
470620,(1996-) Pulps of fibres derived from recovered (waste and scrap) paper or paperboard,0101,"Wood, pulp, paper & furniture, raw materials"
470691,Mechanical,0101,"Wood, pulp, paper & furniture, raw materials"
470692,Chemical,0101,"Wood, pulp, paper & furniture, raw materials"
470693,Semichemical,0101,"Wood, pulp, paper & furniture, raw materials"
470710,Unbleached kraft paper or paperboard or corrugated paper or paperboard,0101,"Wood, pulp, paper & furniture, raw materials"
470720,"Other paper or paperboard made mainly of bleached chemical pulp, not coloured in the mass",0101,"Wood, pulp, paper & furniture, raw materials"
470730,"Paper or paperboard made mainly of mechanical pulp (for example, newspapers, journals and similar printed matter)",0101,"Wood, pulp, paper & furniture, raw materials"
470790,"Other, including unsorted waste and scrap",0101,"Wood, pulp, paper & furniture, raw materials"
440410,Coniferous,0102,"Wood, pulp, paper & furniture, semi-finished manuf"
440420,Nonconiferous,0102,"Wood, pulp, paper & furniture, semi-finished manuf"
440500,Wood wool; wood flour.,0102,"Wood, pulp, paper & furniture, semi-finished manuf"
440610,Not impregnated,0102,"Wood, pulp, paper & furniture, semi-finished manuf"
440690,Other,0102,"Wood, pulp, paper & furniture, semi-finished manuf"
440710,Coniferous,0102,"Wood, pulp, paper & furniture, semi-finished manuf"
440721,"(-1995, 2007-) Specified tropical woods (Meranti, etc) sa",0102,"Wood, pulp, paper & furniture, semi-finished manuf"
440722,"(-1995, 2007-) Specified tropical woods (OKoume..., etc) ",0102,"Wood, pulp, paper & furniture, semi-finished manuf"
440723,"(-1995) Baboen, Mahogany, Imbuia and Balsa wood, s",0102,"Wood, pulp, paper & furniture, semi-finished manuf"
440724,"(1996-2006) Virola, Mahogany (Swietenia spp.), Imbuia and Balsa",0102,"Wood, pulp, paper & furniture, semi-finished manuf"
440725,"(1996-) Dark Red Meranti, Light Red Meranti and Meranti Bakau",0102,"Wood, pulp, paper & furniture, semi-finished manuf"
440726,"(1996-) White Lauan, White Meranti, White Seraya, Yellow Meranti and Alan",0102,"Wood, pulp, paper & furniture, semi-finished manuf"
440729,(1996-) Other,0102,"Wood, pulp, paper & furniture, semi-finished manuf"
440791,Of oak (Quercus spp.),0102,"Wood, pulp, paper & furniture, semi-finished manuf"
440792,Of beech (Fagus spp.),0102,"Wood, pulp, paper & furniture, semi-finished manuf"
440799,Other,0102,"Wood, pulp, paper & furniture, semi-finished manuf"
440810,Coniferous,0102,"Wood, pulp, paper & furniture, semi-finished manuf"
440820,(-1995) Specified tropical wood veneer sheets and ,0102,"Wood, pulp, paper & furniture, semi-finished manuf"
440831,"(1996-) Dark Red Meranti, Light Red Meranti and Meranti Bakau",0102,"Wood, pulp, paper & furniture, semi-finished manuf"
440839,(1996-) Other,0102,"Wood, pulp, paper & furniture, semi-finished manuf"
440890,Other,0102,"Wood, pulp, paper & furniture, semi-finished manuf"
440910,Coniferous,0102,"Wood, pulp, paper & furniture, semi-finished manuf"
440920,(-2006) Nonconiferous,0102,"Wood, pulp, paper & furniture, semi-finished manuf"
441010,"(-1995) Particle board and similar board of wood, ",0102,"Wood, pulp, paper & furniture, semi-finished manuf"
441011,"(1996-2001, 2007-) Of wood :-- Waferboard, including oriented",0102,"Wood, pulp, paper & furniture, semi-finished manuf"
441019,"(1996-2001, 2007-) Of wood :-- Other",0102,"Wood, pulp, paper & furniture, semi-finished manuf"
441021,(2002-2006) Unworked or not further worked than sanded,0102,"Wood, pulp, paper & furniture, semi-finished manuf"
441029,(2002-2006) Other,0102,"Wood, pulp, paper & furniture, semi-finished manuf"
441031,(2002-2006) Unworked or not further worked than sanded,0102,"Wood, pulp, paper & furniture, semi-finished manuf"
441032,(2002-2006) Surfacecovered with melamineimpregnated paper,0102,"Wood, pulp, paper & furniture, semi-finished manuf"
441033,(2002-2006) Surfacecovered with decorative laminates of plastics,0102,"Wood, pulp, paper & furniture, semi-finished manuf"
441039,(2002-2006) Other,0102,"Wood, pulp, paper & furniture, semi-finished manuf"
441090,Other,0102,"Wood, pulp, paper & furniture, semi-finished manuf"
441111,(-2006) Not mechanically worked or surface covered,0102,"Wood, pulp, paper & furniture, semi-finished manuf"
441119,(-2006) Other,0102,"Wood, pulp, paper & furniture, semi-finished manuf"
441121,(-2006) Not mechanically worked or surface covered,0102,"Wood, pulp, paper & furniture, semi-finished manuf"
441129,(-2006) Other,0102,"Wood, pulp, paper & furniture, semi-finished manuf"
441131,(-2006) Not mechanically worked or surface covered,0102,"Wood, pulp, paper & furniture, semi-finished manuf"
441139,(-2006) Other,0102,"Wood, pulp, paper & furniture, semi-finished manuf"
441191,(-2006) Not mechanically worked or surface covered,0102,"Wood, pulp, paper & furniture, semi-finished manuf"
441199,(-2006) Other,0102,"Wood, pulp, paper & furniture, semi-finished manuf"
441211,(-1995) Plywood with >=1 outer ply of tropical woo,0102,"Wood, pulp, paper & furniture, semi-finished manuf"
441212,(-1995) Plywood with >=1 outer ply of non-conifero,0102,"Wood, pulp, paper & furniture, semi-finished manuf"
441213,(1996-2006) With at least one outer ply of tropical wood specified in Subheading Note 1 to this Chapter,0102,"Wood, pulp, paper & furniture, semi-finished manuf"
441214,"(1996-2006) Other, with at least one outer ply of nonconiferous wood",0102,"Wood, pulp, paper & furniture, semi-finished manuf"
441219,(-2006) Other,0102,"Wood, pulp, paper & furniture, semi-finished manuf"
441221,"(-1995) Plywood... >6mm non-coniferous outer ply, ",0102,"Wood, pulp, paper & furniture, semi-finished manuf"
441222,(1996-2006) With at least one ply of tropical wood specified in Subheading Note 1 to this Chapter,0102,"Wood, pulp, paper & furniture, semi-finished manuf"
441223,"(1996-2006) Other, containing at least one layer of particle board",0102,"Wood, pulp, paper & furniture, semi-finished manuf"
441229,(-2006) Other,0102,"Wood, pulp, paper & furniture, semi-finished manuf"
441291,(-1995) Plywood... containing at least one layer o,0102,"Wood, pulp, paper & furniture, semi-finished manuf"
441292,(1996-2006) With at least one ply of tropical wood specified in Subheading Note 1 to this Chapter,0102,"Wood, pulp, paper & furniture, semi-finished manuf"
441293,"(1996-2006) Other, containing at least one layer of particle board",0102,"Wood, pulp, paper & furniture, semi-finished manuf"
441299,Other,0102,"Wood, pulp, paper & furniture, semi-finished manuf"
441300,"Densified wood, in blocks, plates, strips or profile shapes.",0102,"Wood, pulp, paper & furniture, semi-finished manuf"
450200,"Natural cork, debacked or roughly squared, or in rectangular (including square) blocks, plates, sheets or strip (including sharpedged blanks for corks or stoppers).",0102,"Wood, pulp, paper & furniture, semi-finished manuf"
480100,"Newsprint, in rolls or sheets.",0102,"Wood, pulp, paper & furniture, semi-finished manuf"
480210,Handmade paper and paperboard,0102,"Wood, pulp, paper & furniture, semi-finished manuf"
480220,"Paper and paperboard of a kind used as a base for photosensitive, heatsensitive or electrosensitive paper or paperboard",0102,"Wood, pulp, paper & furniture, semi-finished manuf"
480230,(-2006) Carbonising base paper,0102,"Wood, pulp, paper & furniture, semi-finished manuf"
480240,Wallpaper base,0102,"Wood, pulp, paper & furniture, semi-finished manuf"
480251,"(-2001) Other paper and paperboard, not containing fibres ",0102,"Wood, pulp, paper & furniture, semi-finished manuf"
480252,"(-2001) Other paper and paperboard, not containing fibres ",0102,"Wood, pulp, paper & furniture, semi-finished manuf"
480253,"(-2001) Other paper and paperboard, not containing fibres ",0102,"Wood, pulp, paper & furniture, semi-finished manuf"
480254,(2002-) Weighing less than 40 g/m²,0102,"Wood, pulp, paper & furniture, semi-finished manuf"
480255,"(2002-) Weighing 40 g/m² or more but not more than 150 g/m², in rolls",0102,"Wood, pulp, paper & furniture, semi-finished manuf"
480256,"(2002-) Weighing 40 g/m² or more but not more than 150 g/m², in sheets with one side not exceeding 435 mm and the other side not exceeding 297 mm in the unfolded state",0102,"Wood, pulp, paper & furniture, semi-finished manuf"
480257,"(2002-) Other, weighing 40 g/m² or more but not more than 150 g/m²",0102,"Wood, pulp, paper & furniture, semi-finished manuf"
480258,(2002-) Weighing more than 150 g/m²,0102,"Wood, pulp, paper & furniture, semi-finished manuf"
480260,"(-2001) Other paper and paperboard, of which more than 10 ",0102,"Wood, pulp, paper & furniture, semi-finished manuf"
480261,(2002-) In rolls,0102,"Wood, pulp, paper & furniture, semi-finished manuf"
480262,(2002-) In sheets with one side not exceeding 435 mm and the other side not exceeding 297 mm in the unfolded state,0102,"Wood, pulp, paper & furniture, semi-finished manuf"
480269,(2002-) Other,0102,"Wood, pulp, paper & furniture, semi-finished manuf"
480300,"Toilet or facial tissue stock, towel or napkin stock and similar paper of a kind used for household or sanitary purposes, cellulose wadding and webs of cellulose fibres, whether or not creped, crinkled, embossed, perforated, surfacecoloured, surfacedecora",0102,"Wood, pulp, paper & furniture, semi-finished manuf"
480411,Unbleached,0102,"Wood, pulp, paper & furniture, semi-finished manuf"
480419,Other,0102,"Wood, pulp, paper & furniture, semi-finished manuf"
480421,Unbleached,0102,"Wood, pulp, paper & furniture, semi-finished manuf"
480429,Other,0102,"Wood, pulp, paper & furniture, semi-finished manuf"
480431,Unbleached,0102,"Wood, pulp, paper & furniture, semi-finished manuf"
480439,Other,0102,"Wood, pulp, paper & furniture, semi-finished manuf"
480441,Unbleached,0102,"Wood, pulp, paper & furniture, semi-finished manuf"
480442,Bleached uniformly throughout the mass and of which more than 95 % by weight of the total fibre content consists of wood fibres obtained by a chemical process,0102,"Wood, pulp, paper & furniture, semi-finished manuf"
480449,Other,0102,"Wood, pulp, paper & furniture, semi-finished manuf"
480451,Unbleached,0102,"Wood, pulp, paper & furniture, semi-finished manuf"
480452,Bleached uniformly throughout the mass and of which more than 95 % by weight of the total fibre content consists of wood obtained by a chemical process,0102,"Wood, pulp, paper & furniture, semi-finished manuf"
480459,Other,0102,"Wood, pulp, paper & furniture, semi-finished manuf"
480510,(-2001) Semi-chemical fluting paper (corrugating medium),0102,"Wood, pulp, paper & furniture, semi-finished manuf"
480511,(2002-) Semichemical fluting paper,0102,"Wood, pulp, paper & furniture, semi-finished manuf"
480512,(2002-) Straw fluting paper,0102,"Wood, pulp, paper & furniture, semi-finished manuf"
480519,(2002-) Other,0102,"Wood, pulp, paper & furniture, semi-finished manuf"
480521,(-2001) Multi-ply paper and paperboard :-- Each layer blea,0102,"Wood, pulp, paper & furniture, semi-finished manuf"
480522,(-2001) Multi-ply paper and paperboard :-- With only one o,0102,"Wood, pulp, paper & furniture, semi-finished manuf"
480523,(-2001) Multi-ply paper and paperboard :-- Having three or,0102,"Wood, pulp, paper & furniture, semi-finished manuf"
480524,(2002-) Weighing 150 g/m² or less,0102,"Wood, pulp, paper & furniture, semi-finished manuf"
480525,(2002-) Weighing more than 150 g/m²,0102,"Wood, pulp, paper & furniture, semi-finished manuf"
480529,(-2001) Multi-ply paper and paperboard :-- Other,0102,"Wood, pulp, paper & furniture, semi-finished manuf"
480530,Sulphite wrapping paper,0102,"Wood, pulp, paper & furniture, semi-finished manuf"
480540,Filter paper and paperboard,0102,"Wood, pulp, paper & furniture, semi-finished manuf"
480550,Felt paper and paperboard,0102,"Wood, pulp, paper & furniture, semi-finished manuf"
480560,"(-2001) Other paper and paperboard, weighing 150 g/m2 or l",0102,"Wood, pulp, paper & furniture, semi-finished manuf"
480570,"(-2001) Other paper and paperboard, weighing more than 150",0102,"Wood, pulp, paper & furniture, semi-finished manuf"
480580,"(-2001) Other paper and paperboard, weighing 225 g/m2 or m",0102,"Wood, pulp, paper & furniture, semi-finished manuf"
480591,(2002-) Weighing 150 g/m² or less,0102,"Wood, pulp, paper & furniture, semi-finished manuf"
480592,(2002-) Weighing more than 150 g/m² but less than 225 g/m²,0102,"Wood, pulp, paper & furniture, semi-finished manuf"
480593,(2002-) Weighing 225 g/m² or more,0102,"Wood, pulp, paper & furniture, semi-finished manuf"
480610,Vegetable parchment,0102,"Wood, pulp, paper & furniture, semi-finished manuf"
480620,Greaseproof papers,0102,"Wood, pulp, paper & furniture, semi-finished manuf"
480630,Tracing papers,0102,"Wood, pulp, paper & furniture, semi-finished manuf"
480640,Glassine and other glazed transparent or translucent papers,0102,"Wood, pulp, paper & furniture, semi-finished manuf"
480700,"(2002-) Composite paper and paperboard (made by sticking flat layers of paper or paperboard together with an adhesive), not surfacecoated or impregnated, whether or not internally reinforced, in rolls or sheets.",0102,"Wood, pulp, paper & furniture, semi-finished manuf"
480710,"(-2001) Paper and paperboard, laminated internally with bi",0102,"Wood, pulp, paper & furniture, semi-finished manuf"
480790,(1996-2001) Other,0102,"Wood, pulp, paper & furniture, semi-finished manuf"
480791,"(-1995) Straw paper and paperboard, in rolls or sh",0102,"Wood, pulp, paper & furniture, semi-finished manuf"
480799,"(-1995) Composite paper and paperboard, in rolls o",0102,"Wood, pulp, paper & furniture, semi-finished manuf"
480810,"Corrugated paper and paperboard, whether or not perforated",0102,"Wood, pulp, paper & furniture, semi-finished manuf"
480820,"Sack kraft paper, creped or crinkled, whether or not embossed or perforated",0102,"Wood, pulp, paper & furniture, semi-finished manuf"
480830,"Other kraft paper, creped or crinkled, whether or not embossed or perforated",0102,"Wood, pulp, paper & furniture, semi-finished manuf"
480890,Other,0102,"Wood, pulp, paper & furniture, semi-finished manuf"
480910,(-2006) Carbon or similar copying papers,0102,"Wood, pulp, paper & furniture, semi-finished manuf"
480920,Selfcopy paper,0102,"Wood, pulp, paper & furniture, semi-finished manuf"
480990,Other,0102,"Wood, pulp, paper & furniture, semi-finished manuf"
481011,"(-2001) Paper and paperboard of a kind used for writing, p",0102,"Wood, pulp, paper & furniture, semi-finished manuf"
481012,"(-2001) Paper and paperboard of a kind used for writing, p",0102,"Wood, pulp, paper & furniture, semi-finished manuf"
481013,(2002-) In rolls,0102,"Wood, pulp, paper & furniture, semi-finished manuf"
481014,(2002-) In sheets with one side not exceeding 435 mm and the other side not exceeding 297 mm in the unfolded state,0102,"Wood, pulp, paper & furniture, semi-finished manuf"
481019,(2002-) Other,0102,"Wood, pulp, paper & furniture, semi-finished manuf"
481021,"(-2001) Paper and paperboard of a kind used for writing, p",0102,"Wood, pulp, paper & furniture, semi-finished manuf"
481022,(2002-) Lightweight coated paper,0102,"Wood, pulp, paper & furniture, semi-finished manuf"
481029,Other,0102,"Wood, pulp, paper & furniture, semi-finished manuf"
481031,"Bleached uniformly throughout the mass and of which more than 95 % by weight of the total fibre content consists of wood fibres obtained by a chemical process, and weighing 150 g/m² or less",0102,"Wood, pulp, paper & furniture, semi-finished manuf"
481032,"Bleached uniformly throughout the mass and of which more than 95 % by weight of the total fibre content consists of wood fibres obtained by a chemical process, and weighing more than 150 g/m²",0102,"Wood, pulp, paper & furniture, semi-finished manuf"
481039,Other,0102,"Wood, pulp, paper & furniture, semi-finished manuf"
481091,(-2001) Other paper and paperboard :-- Multi-ply,0102,"Wood, pulp, paper & furniture, semi-finished manuf"
481092,(2002-) Multiply,0102,"Wood, pulp, paper & furniture, semi-finished manuf"
481099,Other,0102,"Wood, pulp, paper & furniture, semi-finished manuf"
481110,"Tarred, bituminised or asphalted paper and paperboard",0102,"Wood, pulp, paper & furniture, semi-finished manuf"
481121,(-2001) Gummed or adhesive paper and paperboard :-- Self-a,0102,"Wood, pulp, paper & furniture, semi-finished manuf"
481129,(-2001) Gummed or adhesive paper and paperboard :-- Other,0102,"Wood, pulp, paper & furniture, semi-finished manuf"
481131,"(-2001) Paper and paperboard coated, impregnated or covere",0102,"Wood, pulp, paper & furniture, semi-finished manuf"
481139,"(-2001) Paper and paperboard coated, impregnated or covere",0102,"Wood, pulp, paper & furniture, semi-finished manuf"
481140,"(-2001) Paper and paperboard, coated, impregnated or cover",0102,"Wood, pulp, paper & furniture, semi-finished manuf"
481141,(2002-) Self-adhesive,0102,"Wood, pulp, paper & furniture, semi-finished manuf"
481149,(2002-) Other,0102,"Wood, pulp, paper & furniture, semi-finished manuf"
481151,"(2002-) Bleached, weighing more than 150 g/m²",0102,"Wood, pulp, paper & furniture, semi-finished manuf"
481159,(2002-) Other,0102,"Wood, pulp, paper & furniture, semi-finished manuf"
481160,"(2002-) Paper and paperboard, coated, impregnated or covered with wax, paraffin wax, stearin, oil or glycerol",0102,"Wood, pulp, paper & furniture, semi-finished manuf"
481190,"Other paper, paperboard, cellulose wadding and webs of cellulose fibres",0102,"Wood, pulp, paper & furniture, semi-finished manuf"
481200,"Filter blocks, slabs and plates, of paper pulp.",0102,"Wood, pulp, paper & furniture, semi-finished manuf"
441400,"Wooden frames for paintings, photographs, mirrors or similar objects.",0103,"Wood, pulp, paper & furniture, finished manufactur"
441510,"Cases, boxes, crates, drums and similar packings; cabledrums",0103,"Wood, pulp, paper & furniture, finished manufactur"
441520,"Pallets, box pallets and other load boards; pallet collars",0103,"Wood, pulp, paper & furniture, finished manufactur"
441600,"Casks, barrels, vats, tubs and other coopers' products and parts thereof, of wood, including staves.",0103,"Wood, pulp, paper & furniture, finished manufactur"
441700,"Tools, tool bodies, tool handles, broom or brush bodies and handles, of wood; boot or shoe lasts and trees, of wood.",0103,"Wood, pulp, paper & furniture, finished manufactur"
441810,"Windows, Frenchwindows and their frames",0103,"Wood, pulp, paper & furniture, finished manufactur"
441820,Doors and their frames and thresholds,0103,"Wood, pulp, paper & furniture, finished manufactur"
441830,(-2006) Parquet panels,0103,"Wood, pulp, paper & furniture, finished manufactur"
441840,Shuttering for concrete constructional work,0103,"Wood, pulp, paper & furniture, finished manufactur"
441850,Shingles and shakes,0103,"Wood, pulp, paper & furniture, finished manufactur"
441890,Other,0103,"Wood, pulp, paper & furniture, finished manufactur"
441900,"Tableware and kitchenware, of wood.",0103,"Wood, pulp, paper & furniture, finished manufactur"
442010,"Statuettes and other ornaments, of wood",0103,"Wood, pulp, paper & furniture, finished manufactur"
442090,Other,0103,"Wood, pulp, paper & furniture, finished manufactur"
442110,Clothes hangers,0103,"Wood, pulp, paper & furniture, finished manufactur"
442190,Other,0103,"Wood, pulp, paper & furniture, finished manufactur"
450310,Corks and stoppers,0103,"Wood, pulp, paper & furniture, finished manufactur"
450390,Other,0103,"Wood, pulp, paper & furniture, finished manufactur"
450410,"Blocks, plates, sheets and strip; tiles of any shape; solid cylinders, including discs",0103,"Wood, pulp, paper & furniture, finished manufactur"
450490,Other,0103,"Wood, pulp, paper & furniture, finished manufactur"
481310,In the form of booklets or tubes,0103,"Wood, pulp, paper & furniture, finished manufactur"
481320,In rolls of a width not exceeding 5 cm,0103,"Wood, pulp, paper & furniture, finished manufactur"
481390,Other,0103,"Wood, pulp, paper & furniture, finished manufactur"
481410,Ingrain paper,0103,"Wood, pulp, paper & furniture, finished manufactur"
481420,"Wallpaper and similar wall coverings, consisting of paper coated or covered, on the face side, with a grained, embossed, coloured, designprinted or otherwise decorated layer of plastics",0103,"Wood, pulp, paper & furniture, finished manufactur"
481430,"(-2006) Wallpaper and similar wall coverings, consisting of paper covered, on the face side, with plaiting material, whether or not bound together in parallel strands or woven",0103,"Wood, pulp, paper & furniture, finished manufactur"
481490,Other,0103,"Wood, pulp, paper & furniture, finished manufactur"
481610,(-2006) Carbon or similar copying papers,0103,"Wood, pulp, paper & furniture, finished manufactur"
481620,Selfcopy paper,0103,"Wood, pulp, paper & furniture, finished manufactur"
481630,(-2006) Duplicator stencils,0103,"Wood, pulp, paper & furniture, finished manufactur"
481690,Other,0103,"Wood, pulp, paper & furniture, finished manufactur"
481710,Envelopes,0103,"Wood, pulp, paper & furniture, finished manufactur"
481720,"Letter cards, plain postcards and correspondence cards",0103,"Wood, pulp, paper & furniture, finished manufactur"
481730,"Boxes, pouches, wallets and writing compendiums, of paper or paperboard, containing an assortment of paper stationery",0103,"Wood, pulp, paper & furniture, finished manufactur"
481810,Toilet paper,0103,"Wood, pulp, paper & furniture, finished manufactur"
481820,"Handkerchiefs, cleansing or facial tissues and towels",0103,"Wood, pulp, paper & furniture, finished manufactur"
481830,Tablecloths and serviettes,0103,"Wood, pulp, paper & furniture, finished manufactur"
481840,"Sanitary towels and tampons, napkins and napkin liners for babies and similar sanitary articles",0103,"Wood, pulp, paper & furniture, finished manufactur"
481850,Articles of apparel and clothing accessories,0103,"Wood, pulp, paper & furniture, finished manufactur"
481890,Other,0103,"Wood, pulp, paper & furniture, finished manufactur"
481910,"Cartons, boxes and cases, of corrugated paper or paperboard",0103,"Wood, pulp, paper & furniture, finished manufactur"
481920,"Folding cartons, boxes and cases, of noncorrugated paper or paperboard",0103,"Wood, pulp, paper & furniture, finished manufactur"
481930,"Sacks and bags, having a base of a width of 40 cm or more",0103,"Wood, pulp, paper & furniture, finished manufactur"
481940,"Other sacks and bags, including cones",0103,"Wood, pulp, paper & furniture, finished manufactur"
481950,"Other packing containers, including record sleeves",0103,"Wood, pulp, paper & furniture, finished manufactur"
481960,"Box files, letter trays, storage boxes and similar articles, of a kind used in offices, shops or the like",0103,"Wood, pulp, paper & furniture, finished manufactur"
482010,"Registers, account books, note books, order books, receipt books, letter pads, memorandum pads, diaries and similar articles",0103,"Wood, pulp, paper & furniture, finished manufactur"
482020,Exercise books,0103,"Wood, pulp, paper & furniture, finished manufactur"
482030,"Binders (other than book covers), folders and file covers",0103,"Wood, pulp, paper & furniture, finished manufactur"
482040,Manifold business forms and interleaved carbon sets,0103,"Wood, pulp, paper & furniture, finished manufactur"
482050,Albums for samples or for collections,0103,"Wood, pulp, paper & furniture, finished manufactur"
482090,Other,0103,"Wood, pulp, paper & furniture, finished manufactur"
482110,Printed,0103,"Wood, pulp, paper & furniture, finished manufactur"
482190,Other,0103,"Wood, pulp, paper & furniture, finished manufactur"
482210,Of a kind used for winding textile yarn,0103,"Wood, pulp, paper & furniture, finished manufactur"
482290,Other,0103,"Wood, pulp, paper & furniture, finished manufactur"
482311,"(-2001) Gummed or adhesive paper, in strips or rolls :-- S",0103,"Wood, pulp, paper & furniture, finished manufactur"
482312,(2002-2006) Selfadhesive,0103,"Wood, pulp, paper & furniture, finished manufactur"
482319,(-2006) Other,0103,"Wood, pulp, paper & furniture, finished manufactur"
482320,Filter paper and paperboard,0103,"Wood, pulp, paper & furniture, finished manufactur"
482330,"(-1995) Cards, not punched, for punch card machine",0103,"Wood, pulp, paper & furniture, finished manufactur"
482340,"Rolls, sheets and dials, printed for selfrecording apparatus",0103,"Wood, pulp, paper & furniture, finished manufactur"
482351,"(-2001) Other paper and paperboard, of a kind used for wri",0103,"Wood, pulp, paper & furniture, finished manufactur"
482359,"(-2001) Other paper and paperboard, of a kind used for wri",0103,"Wood, pulp, paper & furniture, finished manufactur"
482360,"(-2006) Trays, dishes, plates, cups and the like, of paper or paperboard",0103,"Wood, pulp, paper & furniture, finished manufactur"
482370,Moulded or pressed articles of paper pulp,0103,"Wood, pulp, paper & furniture, finished manufactur"
482390,Other,0103,"Wood, pulp, paper & furniture, finished manufactur"
490110,"In single sheets, whether or not folded",0103,"Wood, pulp, paper & furniture, finished manufactur"
490191,"Dictionaries and encyclopaedias, and serial instalments thereof",0103,"Wood, pulp, paper & furniture, finished manufactur"
490199,Other,0103,"Wood, pulp, paper & furniture, finished manufactur"
490210,Appearing at least four times a week,0103,"Wood, pulp, paper & furniture, finished manufactur"
490290,Other,0103,"Wood, pulp, paper & furniture, finished manufactur"
490300,"Children's picture, drawing or colouring books.",0103,"Wood, pulp, paper & furniture, finished manufactur"
490400,"Music, printed or in manuscript, whether or not bound or illustrated.",0103,"Wood, pulp, paper & furniture, finished manufactur"
490510,Globes,0103,"Wood, pulp, paper & furniture, finished manufactur"
490591,In book form,0103,"Wood, pulp, paper & furniture, finished manufactur"
490599,Other,0103,"Wood, pulp, paper & furniture, finished manufactur"
490600,"Plans and drawings for architectural, engineering, industrial, commercial, topographical or similar purposes, being originals drawn by hand; handwritten texts; photographic reproductions on sensitised paper and carbon copies of the foregoing.",0103,"Wood, pulp, paper & furniture, finished manufactur"
490700,"Unused postage, revenue or similar stamps of current or new issue in the country in which they have, or will have, a recognised face value; stampimpressed paper; banknotes; cheque forms; stock, share or bond certificates and similar documents of title.",0103,"Wood, pulp, paper & furniture, finished manufactur"
490810,"Transfers (decalcomanias), vitrifiable",0103,"Wood, pulp, paper & furniture, finished manufactur"
490890,Other,0103,"Wood, pulp, paper & furniture, finished manufactur"
490900,"Printed or illustrated postcards; printed cards bearing personal greetings, messages or announcements, whether or not illustrated, with or without envelopes or trimmings.",0103,"Wood, pulp, paper & furniture, finished manufactur"
491000,"Calendars of any kind, printed, including calendar blocks.",0103,"Wood, pulp, paper & furniture, finished manufactur"
491110,"Trade advertising material, commercial catalogues and the like",0103,"Wood, pulp, paper & furniture, finished manufactur"
491191,"Pictures, designs and photographs",0103,"Wood, pulp, paper & furniture, finished manufactur"
491199,Other,0103,"Wood, pulp, paper & furniture, finished manufactur"
940110,Seats of a kind used for aircraft,0103,"Wood, pulp, paper & furniture, finished manufactur"
940120,Seats of a kind used for motor vehicles,0103,"Wood, pulp, paper & furniture, finished manufactur"
940130,Swivel seats with variable height adjustment,0103,"Wood, pulp, paper & furniture, finished manufactur"
940140,"Seats other than garden seats or camping equipment, convertible into beds",0103,"Wood, pulp, paper & furniture, finished manufactur"
940150,"(-2006) Seats of cane, osier, bamboo or similar materials",0103,"Wood, pulp, paper & furniture, finished manufactur"
940161,Upholstered,0103,"Wood, pulp, paper & furniture, finished manufactur"
940169,Other,0103,"Wood, pulp, paper & furniture, finished manufactur"
940171,Upholstered,0103,"Wood, pulp, paper & furniture, finished manufactur"
940179,Other,0103,"Wood, pulp, paper & furniture, finished manufactur"
940180,Other seats,0103,"Wood, pulp, paper & furniture, finished manufactur"
940190,Parts,0103,"Wood, pulp, paper & furniture, finished manufactur"
940210,"Dentists', barbers' or similar chairs and parts thereof",0103,"Wood, pulp, paper & furniture, finished manufactur"
940290,Other,0103,"Wood, pulp, paper & furniture, finished manufactur"
940310,Metal furniture of a kind used in offices,0103,"Wood, pulp, paper & furniture, finished manufactur"
940320,Other metal furniture,0103,"Wood, pulp, paper & furniture, finished manufactur"
940330,Wooden furniture of a kind used in offices,0103,"Wood, pulp, paper & furniture, finished manufactur"
940340,Wooden furniture of a kind used in the kitchen,0103,"Wood, pulp, paper & furniture, finished manufactur"
940350,Wooden furniture of a kind used in the bedroom,0103,"Wood, pulp, paper & furniture, finished manufactur"
940360,Other wooden furniture,0103,"Wood, pulp, paper & furniture, finished manufactur"
940370,Furniture of plastics,0103,"Wood, pulp, paper & furniture, finished manufactur"
940380,"(-2006) Furniture of other materials, including cane, osier, bamboo or similar materials",0103,"Wood, pulp, paper & furniture, finished manufactur"
940390,Parts,0103,"Wood, pulp, paper & furniture, finished manufactur"
940410,Mattress supports,0103,"Wood, pulp, paper & furniture, finished manufactur"
940421,"Of cellular rubber or plastics, whether or not covered",0103,"Wood, pulp, paper & furniture, finished manufactur"
940429,Of other materials,0103,"Wood, pulp, paper & furniture, finished manufactur"
940430,Sleeping bags,0103,"Wood, pulp, paper & furniture, finished manufactur"
510400,Garnetted stock of wool or of fine or coarse animal hair.,0201,"Textiles & clothing, raw materials"
510510,Carded wool,0201,"Textiles & clothing, raw materials"
510521,Combed wool in fragments,0201,"Textiles & clothing, raw materials"
510529,Other,0201,"Textiles & clothing, raw materials"
510530,"(-2001) Fine animal hair, carded or combed",0201,"Textiles & clothing, raw materials"
510531,(2002-) Of Kashmir (cashmere) goats,0201,"Textiles & clothing, raw materials"
510539,(2002-) Other,0201,"Textiles & clothing, raw materials"
510540,"Coarse animal hair, carded or combed",0201,"Textiles & clothing, raw materials"
530310,"Jute and other textile bast fibres, raw or retted",0201,"Textiles & clothing, raw materials"
530390,Other,0201,"Textiles & clothing, raw materials"
530410,"(-2006) Sisal and other textile fibres of the genus Agave, raw",0201,"Textiles & clothing, raw materials"
530490,(-2006) Other,0201,"Textiles & clothing, raw materials"
530511,(-2006) Raw,0201,"Textiles & clothing, raw materials"
530519,(-2006) Other,0201,"Textiles & clothing, raw materials"
530521,(-2006) Raw,0201,"Textiles & clothing, raw materials"
530529,(-2006) Other,0201,"Textiles & clothing, raw materials"
530590,(2002-2006) Other,0201,"Textiles & clothing, raw materials"
530591,(-2001) Other :-- Raw,0201,"Textiles & clothing, raw materials"
530599,(-2001) Other,0201,"Textiles & clothing, raw materials"
550110,Of nylon or other polyamides,0201,"Textiles & clothing, raw materials"
550120,Of polyesters,0201,"Textiles & clothing, raw materials"
550130,Acrylic or modacrylic,0201,"Textiles & clothing, raw materials"
550190,Other,0201,"Textiles & clothing, raw materials"
550200,Artificial filament tow.,0201,"Textiles & clothing, raw materials"
550310,(-2006) Of nylon or other polyamides,0201,"Textiles & clothing, raw materials"
550320,Of polyesters,0201,"Textiles & clothing, raw materials"
550330,Acrylic or modacrylic,0201,"Textiles & clothing, raw materials"
550340,Of polypropylene,0201,"Textiles & clothing, raw materials"
550390,Other,0201,"Textiles & clothing, raw materials"
550410,Of viscose rayon,0201,"Textiles & clothing, raw materials"
550490,Other,0201,"Textiles & clothing, raw materials"
550510,Of synthetic fibres,0201,"Textiles & clothing, raw materials"
550520,Of artificial fibres,0201,"Textiles & clothing, raw materials"
550610,Of nylon or other polyamides,0201,"Textiles & clothing, raw materials"
550620,Of polyesters,0201,"Textiles & clothing, raw materials"
550630,Acrylic or modacrylic,0201,"Textiles & clothing, raw materials"
550690,Other,0201,"Textiles & clothing, raw materials"
550700,"Artificial staple fibres, carded, combed or otherwise processed for spinning.",0201,"Textiles & clothing, raw materials"
630900,Worn clothing and other worn articles.,0201,"Textiles & clothing, raw materials"
631010,Sorted,0201,"Textiles & clothing, raw materials"
631090,Other,0201,"Textiles & clothing, raw materials"
330620,(1996-) Yarn used to clean between the teeth (dental floss),0202,"Textiles & clothing, semi-finished manufactures"
392112,Of polymers of vinyl chloride,0202,"Textiles & clothing, semi-finished manufactures"
392113,Of polyurethanes,0202,"Textiles & clothing, semi-finished manufactures"
392190,Other,0202,"Textiles & clothing, semi-finished manufactures"
500400,Silk yarn (other than yarn spun from silk waste) not put up for retail sale.,0202,"Textiles & clothing, semi-finished manufactures"
500500,"Yarn spun from silk waste, not put up for retail sale.",0202,"Textiles & clothing, semi-finished manufactures"
500600,"Silk yarn and yarn spun from silk waste, put up for retail sale; silkworm gut.",0202,"Textiles & clothing, semi-finished manufactures"
500710,Fabrics of noil silk,0202,"Textiles & clothing, semi-finished manufactures"
500720,"Other fabrics, containing 85 % or more by weight of silk or of silk waste other than noil silk",0202,"Textiles & clothing, semi-finished manufactures"
500790,Other fabrics,0202,"Textiles & clothing, semi-finished manufactures"
510610,Containing 85 % or more by weight of wool,0202,"Textiles & clothing, semi-finished manufactures"
510620,Containing less than 85 % by weight of wool,0202,"Textiles & clothing, semi-finished manufactures"
510710,Containing 85 % or more by weight of wool,0202,"Textiles & clothing, semi-finished manufactures"
510720,Containing less than 85 % by weight of wool,0202,"Textiles & clothing, semi-finished manufactures"
510810,Carded,0202,"Textiles & clothing, semi-finished manufactures"
510820,Combed,0202,"Textiles & clothing, semi-finished manufactures"
510910,Containing 85 % or more by weight of wool or of fine animal hair,0202,"Textiles & clothing, semi-finished manufactures"
510990,Other,0202,"Textiles & clothing, semi-finished manufactures"
511000,"Yarn of coarse animal hair or of horsehair (including gimped horsehair yarn), whether or not put up for retail sale.",0202,"Textiles & clothing, semi-finished manufactures"
511111,Of a weight not exceeding 300 g/m²,0202,"Textiles & clothing, semi-finished manufactures"
511119,Other,0202,"Textiles & clothing, semi-finished manufactures"
511120,"Other, mixed mainly or solely with manmade filaments",0202,"Textiles & clothing, semi-finished manufactures"
511130,"Other, mixed mainly or solely with manmade staple fibres",0202,"Textiles & clothing, semi-finished manufactures"
511190,Other,0202,"Textiles & clothing, semi-finished manufactures"
511211,Of a weight not exceeding 200 g/m²,0202,"Textiles & clothing, semi-finished manufactures"
511219,Other,0202,"Textiles & clothing, semi-finished manufactures"
511220,"Other, mixed mainly or solely with manmade filaments",0202,"Textiles & clothing, semi-finished manufactures"
511230,"Other, mixed mainly or solely with manmade staple fibres",0202,"Textiles & clothing, semi-finished manufactures"
511290,Other,0202,"Textiles & clothing, semi-finished manufactures"
511300,Woven fabrics of coarse animal hair or of horsehair.,0202,"Textiles & clothing, semi-finished manufactures"
520411,Containing 85 % or more by weight of cotton,0202,"Textiles & clothing, semi-finished manufactures"
520419,Other,0202,"Textiles & clothing, semi-finished manufactures"
520420,Put up for retail sale,0202,"Textiles & clothing, semi-finished manufactures"
520511,Measuring 714.29 decitex or more (not exceeding 14 metric number),0202,"Textiles & clothing, semi-finished manufactures"
520512,Measuring less than 714.29 decitex but not less than 232.56 decitex (exceeding 14 metric number but not exceeding 43 metric number),0202,"Textiles & clothing, semi-finished manufactures"
520513,Measuring less than 232.56 decitex but not less than 192.31 decitex (exceeding 43 metric number but not exceeding 52 metric number),0202,"Textiles & clothing, semi-finished manufactures"
520514,Measuring less than 192.31 decitex but not less than 125 decitex (exceeding 52 metric number but not exceeding 80 metric number),0202,"Textiles & clothing, semi-finished manufactures"
520515,Measuring less than 125 decitex (exceeding 80 metric number),0202,"Textiles & clothing, semi-finished manufactures"
520521,Measuring 714.29 decitex or more (not exceeding 14 metric number),0202,"Textiles & clothing, semi-finished manufactures"
520522,Measuring less than 714.29 decitex but not less than 232.56 decitex (exceeding 14 metric number but not exceeding 43 metric number),0202,"Textiles & clothing, semi-finished manufactures"
520523,Measuring less than 232.56 decitex but not less than 192.31 decitex (exceeding 43 metric number but not exceeding 52 metric number),0202,"Textiles & clothing, semi-finished manufactures"
520524,Measuring less than 192.31 decitex but not less than 125 decitex (exceeding 52 metric number but not exceeding 80 metric number),0202,"Textiles & clothing, semi-finished manufactures"
520525,"(-1995) Combed single cotton yarn, with >=85% cott",0202,"Textiles & clothing, semi-finished manufactures"
520526,(1996-) Measuring less than 125 decitex but not less than 106.38 decitex (exceeding 80 metric number but not exceeding 94 metric number),0202,"Textiles & clothing, semi-finished manufactures"
520527,(1996-) Measuring less than 106.38 decitex but not less than 83.33 decitex (exceeding 94 metric number but not exceeding 120 metric number),0202,"Textiles & clothing, semi-finished manufactures"
520528,(1996-) Measuring less than 83.33 decitex (exceeding 120 metric number),0202,"Textiles & clothing, semi-finished manufactures"
520531,Measuring per single yarn 714.29 decitex or more (not exceeding 14 metric number per single yarn),0202,"Textiles & clothing, semi-finished manufactures"
520532,Measuring per single yarn less than 714.29 decitex but not less than 232.56 decitex (exceeding 14 metric number but not exceeding 43 metric number per single yarn),0202,"Textiles & clothing, semi-finished manufactures"
520533,Measuring per single yarn less than 232.56 decitex but not less than 192.31 decitex (exceeding 43 metric number but not exceeding 52 metric number per single yarn),0202,"Textiles & clothing, semi-finished manufactures"
520534,Measuring per single yarn less than 192.31 decitex but not less than  125 decitex (exceeding 52 metric number but not exceeding 80 metric number per single yarn),0202,"Textiles & clothing, semi-finished manufactures"
520535,Measuring per single yarn less than 125 decitex (exceeding 80 metric number per single yarn),0202,"Textiles & clothing, semi-finished manufactures"
520541,Measuring per single yarn 714.29 decitex or more (not exceeding 14 metric number per single yarn),0202,"Textiles & clothing, semi-finished manufactures"
520542,Measuring per single yarn less than 714.29 decitex but not less than 232.56 decitex (exceeding 14 metric number but not exceeding 43 metric number per single yarn),0202,"Textiles & clothing, semi-finished manufactures"
520543,Measuring per single yarn less than 232.56 decitex but not less than 192.31 decitex (exceeding 43 metric number but not exceeding 52 metric number per single yarn),0202,"Textiles & clothing, semi-finished manufactures"
520544,Measuring per single yarn less than 192.31 decitex but not less than 125 decitex (exceeding 52 metric number but not exceeding 80 metric number per single yarn),0202,"Textiles & clothing, semi-finished manufactures"
520545,"(-1995) Combed cabled cotton yarn, with >=85% cott",0202,"Textiles & clothing, semi-finished manufactures"
520546,(1996-) Measuring per single yarn less than 125 decitex but not less than 106.38 decitex (exceeding 80 metric number but not exceeding 94 metric number per single yarn),0202,"Textiles & clothing, semi-finished manufactures"
520547,(1996-) Measuring per single yarn less than 106.38 decitex but not less than 83.33 decitex (exceeding 94 metric number but not exceeding 120 metric number per single yarn),0202,"Textiles & clothing, semi-finished manufactures"
520548,(1996-) Measuring per single yarn less than 83.33 decitex (exceeding 120 metric number per single yarn),0202,"Textiles & clothing, semi-finished manufactures"
520611,Measuring 714.29 decitex or more (not exceeding 14 metric number),0202,"Textiles & clothing, semi-finished manufactures"
520612,Measuring less than 714.29 decitex but not less than 232.56 decitex (exceeding 14 metric number but not  exceeding 43 metric number),0202,"Textiles & clothing, semi-finished manufactures"
520613,Measuring less than 232.56 decitex but not less than 192.31 decitex (exceeding 43 metric number but not exceeding 52 metric number),0202,"Textiles & clothing, semi-finished manufactures"
520614,Measuring less than 192.31 decitex but not less than 125 decitex (exceeding 52 metric number but not exceeding 80 metric number),0202,"Textiles & clothing, semi-finished manufactures"
520615,Measuring less than 125 decitex (exceeding 80 metric number),0202,"Textiles & clothing, semi-finished manufactures"
520621,Measuring 714.29 decitex or more (not exceeding 14 metric number),0202,"Textiles & clothing, semi-finished manufactures"
520622,Measuring less than 714.29 decitex but not less than 232.56 decitex (exceeding 14 metric number but not exceeding 43 metric number),0202,"Textiles & clothing, semi-finished manufactures"
520623,Measuring less than 232.56 decitex but not less than 192.31 decitex (exceeding 43 metric number but not exceeding 52 metric number),0202,"Textiles & clothing, semi-finished manufactures"
520624,Measuring less than 192.31 decitex but not less than 125 decitex (exceeding 52 metric number but not exceeding 80 metric number),0202,"Textiles & clothing, semi-finished manufactures"
520625,Measuring less than 125 decitex (exceeding 80 metric number),0202,"Textiles & clothing, semi-finished manufactures"
520631,Measuring per single yarn 714.29 decitex or more (not exceeding 14 metric number per single yarn),0202,"Textiles & clothing, semi-finished manufactures"
520632,Measuring per single yarn less than 714.29 decitex but not less than 232.56 decitex (exceeding 14 metric number but not exceeding 43 metric number per single yarn),0202,"Textiles & clothing, semi-finished manufactures"
520633,Measuring per single yarn less than 232.56 decitex but not less than 192.31 decitex (exceeding 43 metric number but not exceeding 52 metric number per single yarn),0202,"Textiles & clothing, semi-finished manufactures"
520634,Measuring per single yarn less than 192.31 decitex but not less than 125 decitex (exceeding 52 metric number but not exceeding 80 metric number per single yarn),0202,"Textiles & clothing, semi-finished manufactures"
520635,Measuring per single yarn less than 125 decitex (exceeding 80 metric number per single yarn),0202,"Textiles & clothing, semi-finished manufactures"
520641,Measuring per single yarn 714.29 decitex or more (not exceeding 14 metric number per single yarn),0202,"Textiles & clothing, semi-finished manufactures"
520642,Measuring per single yarn less than 714.29 decitex but not less than 232.56 decitex (exceeding 14 metric number but not exceeding 43 metric number per single yarn),0202,"Textiles & clothing, semi-finished manufactures"
520643,Measuring per single yarn less than 232.56 decitex but not less than 192.31 decitex (exceeding 43 metric number but not exceeding 52 metric number per single yarn),0202,"Textiles & clothing, semi-finished manufactures"
520644,Measuring per single yarn less than 192.31 decitex but not less than 125 decitex (exceeding 52 metric number but not exceeding 80 metric number per single yarn),0202,"Textiles & clothing, semi-finished manufactures"
520645,Measuring per single yarn less than 125 decitex  (exceeding 80 metric number per single yarn),0202,"Textiles & clothing, semi-finished manufactures"
520710,Containing 85 % or more by weight of cotton,0202,"Textiles & clothing, semi-finished manufactures"
520790,Other,0202,"Textiles & clothing, semi-finished manufactures"
520811,"Plain weave, weighing not more than 100 g/m2",0202,"Textiles & clothing, semi-finished manufactures"
520812,"Plain weave, weighing more than 100 g/m2",0202,"Textiles & clothing, semi-finished manufactures"
520813,"3thread or 4thread twill, including cross twill",0202,"Textiles & clothing, semi-finished manufactures"
520819,Other fabrics,0202,"Textiles & clothing, semi-finished manufactures"
520821,"Plain weave, weighing not more than 100 g/m2",0202,"Textiles & clothing, semi-finished manufactures"
520822,"Plain weave, weighing more than 100 g/m2",0202,"Textiles & clothing, semi-finished manufactures"
520823,"3thread or 4thread twill, including cross twill",0202,"Textiles & clothing, semi-finished manufactures"
520829,Other fabrics,0202,"Textiles & clothing, semi-finished manufactures"
520831,"Plain weave, weighing not more than 100 g/m2",0202,"Textiles & clothing, semi-finished manufactures"
520832,"Plain weave, weighing more than 100 g/m2",0202,"Textiles & clothing, semi-finished manufactures"
520833,"3thread or 4thread twill, including cross twill",0202,"Textiles & clothing, semi-finished manufactures"
520839,Other fabrics,0202,"Textiles & clothing, semi-finished manufactures"
520841,"Plain weave, weighing not more than 100 g/m2",0202,"Textiles & clothing, semi-finished manufactures"
520842,"Plain weave, weighing more than 100 g/m2",0202,"Textiles & clothing, semi-finished manufactures"
520843,"3thread or 4thread twill, including cross twill",0202,"Textiles & clothing, semi-finished manufactures"
520849,Other fabrics,0202,"Textiles & clothing, semi-finished manufactures"
520851,"Plain weave, weighing not more than 100 g/m2",0202,"Textiles & clothing, semi-finished manufactures"
520852,"Plain weave, weighing more than 100 g/m2",0202,"Textiles & clothing, semi-finished manufactures"
520853,"(-2006) 3thread or 4thread twill, including cross twill",0202,"Textiles & clothing, semi-finished manufactures"
520859,Other fabrics,0202,"Textiles & clothing, semi-finished manufactures"
520911,Plain weave,0202,"Textiles & clothing, semi-finished manufactures"
520912,"3thread or 4thread twill, including cross twill",0202,"Textiles & clothing, semi-finished manufactures"
520919,Other fabrics,0202,"Textiles & clothing, semi-finished manufactures"
520921,Plain weave,0202,"Textiles & clothing, semi-finished manufactures"
520922,"3thread or 4thread twill, including cross twill",0202,"Textiles & clothing, semi-finished manufactures"
520929,Other fabrics,0202,"Textiles & clothing, semi-finished manufactures"
520931,Plain weave,0202,"Textiles & clothing, semi-finished manufactures"
520932,"3thread or 4thread twill, including cross twill",0202,"Textiles & clothing, semi-finished manufactures"
520939,Other fabrics,0202,"Textiles & clothing, semi-finished manufactures"
520941,Plain weave,0202,"Textiles & clothing, semi-finished manufactures"
520942,Denim,0202,"Textiles & clothing, semi-finished manufactures"
520943,"Other fabrics of 3thread or 4thread twill, including cross twill",0202,"Textiles & clothing, semi-finished manufactures"
520949,Other fabrics,0202,"Textiles & clothing, semi-finished manufactures"
520951,Plain weave,0202,"Textiles & clothing, semi-finished manufactures"
520952,"3thread or 4thread twill, including cross twill",0202,"Textiles & clothing, semi-finished manufactures"
520959,Other fabrics,0202,"Textiles & clothing, semi-finished manufactures"
521011,Plain weave,0202,"Textiles & clothing, semi-finished manufactures"
521012,"(-2006) 3thread or 4thread twill, including cross twill",0202,"Textiles & clothing, semi-finished manufactures"
521019,Other fabrics,0202,"Textiles & clothing, semi-finished manufactures"
521021,Plain weave,0202,"Textiles & clothing, semi-finished manufactures"
521022,"(-2006) 3thread or 4thread twill, including cross twill",0202,"Textiles & clothing, semi-finished manufactures"
521029,Other fabrics,0202,"Textiles & clothing, semi-finished manufactures"
521031,Plain weave,0202,"Textiles & clothing, semi-finished manufactures"
521032,"3thread or 4thread twill, including cross twill",0202,"Textiles & clothing, semi-finished manufactures"
521039,Other fabrics,0202,"Textiles & clothing, semi-finished manufactures"
521041,Plain weave,0202,"Textiles & clothing, semi-finished manufactures"
521042,"(-2006) 3thread or 4thread twill, including cross twill",0202,"Textiles & clothing, semi-finished manufactures"
521049,Other fabrics,0202,"Textiles & clothing, semi-finished manufactures"
521051,Plain weave,0202,"Textiles & clothing, semi-finished manufactures"
521052,"(-2006) 3thread or 4thread twill, including cross twill",0202,"Textiles & clothing, semi-finished manufactures"
521059,Other fabrics,0202,"Textiles & clothing, semi-finished manufactures"
521111,Plain weave,0202,"Textiles & clothing, semi-finished manufactures"
521112,"3thread or 4thread twill, including cross twill",0202,"Textiles & clothing, semi-finished manufactures"
521119,Other fabrics,0202,"Textiles & clothing, semi-finished manufactures"
521121,(-2006) Plain weave,0202,"Textiles & clothing, semi-finished manufactures"
521122,"(-2006) 3thread or 4thread twill, including cross twill",0202,"Textiles & clothing, semi-finished manufactures"
521129,(-2006) Other fabrics,0202,"Textiles & clothing, semi-finished manufactures"
521131,Plain weave,0202,"Textiles & clothing, semi-finished manufactures"
521132,"3thread or 4thread twill, including cross twill",0202,"Textiles & clothing, semi-finished manufactures"
521139,Other fabrics,0202,"Textiles & clothing, semi-finished manufactures"
521141,Plain weave,0202,"Textiles & clothing, semi-finished manufactures"
521142,Denim,0202,"Textiles & clothing, semi-finished manufactures"
521143,"Other fabrics of 3thread or 4thread twill, including  cross twill",0202,"Textiles & clothing, semi-finished manufactures"
521149,Other fabrics,0202,"Textiles & clothing, semi-finished manufactures"
521151,Plain weave,0202,"Textiles & clothing, semi-finished manufactures"
521152,"3thread or 4thread twill, including cross twill",0202,"Textiles & clothing, semi-finished manufactures"
521159,Other fabrics,0202,"Textiles & clothing, semi-finished manufactures"
521211,Unbleached,0202,"Textiles & clothing, semi-finished manufactures"
521212,Bleached,0202,"Textiles & clothing, semi-finished manufactures"
521213,Dyed,0202,"Textiles & clothing, semi-finished manufactures"
521214,Of yarns of different colours,0202,"Textiles & clothing, semi-finished manufactures"
521215,Printed,0202,"Textiles & clothing, semi-finished manufactures"
521221,Unbleached,0202,"Textiles & clothing, semi-finished manufactures"
521222,Bleached,0202,"Textiles & clothing, semi-finished manufactures"
521223,Dyed,0202,"Textiles & clothing, semi-finished manufactures"
521224,Of yarns of different colours,0202,"Textiles & clothing, semi-finished manufactures"
521225,Printed,0202,"Textiles & clothing, semi-finished manufactures"
530610,Single,0202,"Textiles & clothing, semi-finished manufactures"
530620,Multiple (folded) or cabled,0202,"Textiles & clothing, semi-finished manufactures"
530710,Single,0202,"Textiles & clothing, semi-finished manufactures"
530720,Multiple (folded) or cabled,0202,"Textiles & clothing, semi-finished manufactures"
530810,Coir yarn,0202,"Textiles & clothing, semi-finished manufactures"
530820,True hemp yarn,0202,"Textiles & clothing, semi-finished manufactures"
530830,(-2001) Paper yarn,0202,"Textiles & clothing, semi-finished manufactures"
530890,Other,0202,"Textiles & clothing, semi-finished manufactures"
530911,Unbleached or bleached,0202,"Textiles & clothing, semi-finished manufactures"
530919,Other,0202,"Textiles & clothing, semi-finished manufactures"
530921,Unbleached or bleached,0202,"Textiles & clothing, semi-finished manufactures"
530929,Other,0202,"Textiles & clothing, semi-finished manufactures"
531010,Unbleached,0202,"Textiles & clothing, semi-finished manufactures"
531090,Other,0202,"Textiles & clothing, semi-finished manufactures"
531100,Woven fabrics of other vegetable textile fibres; woven fabrics of paper yarn.,0202,"Textiles & clothing, semi-finished manufactures"
540110,Of synthetic filaments,0202,"Textiles & clothing, semi-finished manufactures"
540120,Of artificial filaments,0202,"Textiles & clothing, semi-finished manufactures"
540210,(-2006) High tenacity yarn of nylon or other polyamides,0202,"Textiles & clothing, semi-finished manufactures"
540220,High tenacity yarn of polyesters,0202,"Textiles & clothing, semi-finished manufactures"
540231,"Of nylon or other polyamides, measuring per single yarn not more than 50 tex",0202,"Textiles & clothing, semi-finished manufactures"
540232,"Of nylon or other polyamides, measuring per single yarn more than 50 tex",0202,"Textiles & clothing, semi-finished manufactures"
540233,Of polyesters,0202,"Textiles & clothing, semi-finished manufactures"
540239,Other,0202,"Textiles & clothing, semi-finished manufactures"
540241,(-2006) Of nylon or other polyamides,0202,"Textiles & clothing, semi-finished manufactures"
540242,"(-2006) Of polyesters, partially oriented",0202,"Textiles & clothing, semi-finished manufactures"
540243,"(-2006) Of polyesters, other",0202,"Textiles & clothing, semi-finished manufactures"
540249,Other,0202,"Textiles & clothing, semi-finished manufactures"
540251,Of nylon or other polyamides,0202,"Textiles & clothing, semi-finished manufactures"
540252,Of polyesters,0202,"Textiles & clothing, semi-finished manufactures"
540259,Other,0202,"Textiles & clothing, semi-finished manufactures"
540261,Of nylon or other polyamides,0202,"Textiles & clothing, semi-finished manufactures"
540262,Of polyesters,0202,"Textiles & clothing, semi-finished manufactures"
540269,Other,0202,"Textiles & clothing, semi-finished manufactures"
540310,High tenacity yarn of viscose rayon,0202,"Textiles & clothing, semi-finished manufactures"
540320,(-2006) Textured yarn,0202,"Textiles & clothing, semi-finished manufactures"
540331,"Of viscose rayon, untwisted or with a twist not exceeding 120 turns per metre",0202,"Textiles & clothing, semi-finished manufactures"
540332,"Of viscose rayon, with a twist exceeding 120 turns per metre",0202,"Textiles & clothing, semi-finished manufactures"
540333,Of cellulose acetate,0202,"Textiles & clothing, semi-finished manufactures"
540339,Other,0202,"Textiles & clothing, semi-finished manufactures"
540341,Of viscose rayon,0202,"Textiles & clothing, semi-finished manufactures"
540342,Of cellulose acetate,0202,"Textiles & clothing, semi-finished manufactures"
540349,Other,0202,"Textiles & clothing, semi-finished manufactures"
540410,(-2006) Monofilament,0202,"Textiles & clothing, semi-finished manufactures"
540490,Other,0202,"Textiles & clothing, semi-finished manufactures"
540500,"Artificial monofilament of 67 decitex or more and of which no crosssectional dimension exceeds 1 mm; strip and the  like (for example, artificial straw) of artificial textile materials of an apparent width not exceeding 5 mm.",0202,"Textiles & clothing, semi-finished manufactures"
540610,(-2006) Synthetic filament yarn,0202,"Textiles & clothing, semi-finished manufactures"
540620,(-2006) Artificial filament yarn,0202,"Textiles & clothing, semi-finished manufactures"
540710,Woven fabrics obtained from high tenacity yarn of nylon or other polyamides or of polyesters,0202,"Textiles & clothing, semi-finished manufactures"
540720,Woven fabrics obtained from strip or the like,0202,"Textiles & clothing, semi-finished manufactures"
540730,Fabrics specified in Note 9 to Section XI,0202,"Textiles & clothing, semi-finished manufactures"
540741,Unbleached or bleached,0202,"Textiles & clothing, semi-finished manufactures"
540742,Dyed,0202,"Textiles & clothing, semi-finished manufactures"
540743,Of yarns of different colours,0202,"Textiles & clothing, semi-finished manufactures"
540744,Printed,0202,"Textiles & clothing, semi-finished manufactures"
540751,Unbleached or bleached,0202,"Textiles & clothing, semi-finished manufactures"
540752,Dyed,0202,"Textiles & clothing, semi-finished manufactures"
540753,Of yarns of different colours,0202,"Textiles & clothing, semi-finished manufactures"
540754,Printed,0202,"Textiles & clothing, semi-finished manufactures"
540760,"(-1995) Other woven fabrics of synthetic yarn, >=8",0202,"Textiles & clothing, semi-finished manufactures"
540761,(1996-) Containing 85 % or more by weight of nontextured polyester filaments,0202,"Textiles & clothing, semi-finished manufactures"
540769,(1996-) Other,0202,"Textiles & clothing, semi-finished manufactures"
540771,Unbleached or bleached,0202,"Textiles & clothing, semi-finished manufactures"
540772,Dyed,0202,"Textiles & clothing, semi-finished manufactures"
540773,Of yarns of different colours,0202,"Textiles & clothing, semi-finished manufactures"
540774,Printed,0202,"Textiles & clothing, semi-finished manufactures"
540781,Unbleached or bleached,0202,"Textiles & clothing, semi-finished manufactures"
540782,Dyed,0202,"Textiles & clothing, semi-finished manufactures"
540783,Of yarns of different colours,0202,"Textiles & clothing, semi-finished manufactures"
540784,Printed,0202,"Textiles & clothing, semi-finished manufactures"
540791,Unbleached or bleached,0202,"Textiles & clothing, semi-finished manufactures"
540792,Dyed,0202,"Textiles & clothing, semi-finished manufactures"
540793,Of yarns of different colours,0202,"Textiles & clothing, semi-finished manufactures"
540794,Printed,0202,"Textiles & clothing, semi-finished manufactures"
540810,Woven fabrics obtained from high tenacity yarn of viscose rayon,0202,"Textiles & clothing, semi-finished manufactures"
540821,Unbleached or bleached,0202,"Textiles & clothing, semi-finished manufactures"
540822,Dyed,0202,"Textiles & clothing, semi-finished manufactures"
540823,Of yarns of different colours,0202,"Textiles & clothing, semi-finished manufactures"
540824,Printed,0202,"Textiles & clothing, semi-finished manufactures"
540831,Unbleached or bleached,0202,"Textiles & clothing, semi-finished manufactures"
540832,Dyed,0202,"Textiles & clothing, semi-finished manufactures"
540833,Of yarns of different colours,0202,"Textiles & clothing, semi-finished manufactures"
540834,Printed,0202,"Textiles & clothing, semi-finished manufactures"
550810,Of synthetic staple fibres,0202,"Textiles & clothing, semi-finished manufactures"
550820,Of artificial staple fibres,0202,"Textiles & clothing, semi-finished manufactures"
550911,Single yarn,0202,"Textiles & clothing, semi-finished manufactures"
550912,Multiple (folded) or cabled yarn,0202,"Textiles & clothing, semi-finished manufactures"
550921,Single yarn,0202,"Textiles & clothing, semi-finished manufactures"
550922,Multiple (folded) or cabled yarn,0202,"Textiles & clothing, semi-finished manufactures"
550931,Single yarn,0202,"Textiles & clothing, semi-finished manufactures"
550932,Multiple (folded) or cabled yarn,0202,"Textiles & clothing, semi-finished manufactures"
550941,Single yarn,0202,"Textiles & clothing, semi-finished manufactures"
550942,Multiple (folded) or cabled yarn,0202,"Textiles & clothing, semi-finished manufactures"
550951,Mixed mainly or solely with artificial staple fibres,0202,"Textiles & clothing, semi-finished manufactures"
550952,Mixed mainly or solely with wool or fine animal hair,0202,"Textiles & clothing, semi-finished manufactures"
550953,Mixed mainly or solely with cotton,0202,"Textiles & clothing, semi-finished manufactures"
550959,Other,0202,"Textiles & clothing, semi-finished manufactures"
550961,Mixed mainly or solely with wool or fine animal hair,0202,"Textiles & clothing, semi-finished manufactures"
550962,Mixed mainly or solely with cotton,0202,"Textiles & clothing, semi-finished manufactures"
550969,Other,0202,"Textiles & clothing, semi-finished manufactures"
550991,Mixed mainly or solely with wool or fine animal hair,0202,"Textiles & clothing, semi-finished manufactures"
550992,Mixed mainly or solely with cotton,0202,"Textiles & clothing, semi-finished manufactures"
550999,Other,0202,"Textiles & clothing, semi-finished manufactures"
551011,Single yarn,0202,"Textiles & clothing, semi-finished manufactures"
551012,Multiple (folded) or cabled yarn,0202,"Textiles & clothing, semi-finished manufactures"
551020,"Other yarn, mixed mainly or solely with wool or fine animal hair",0202,"Textiles & clothing, semi-finished manufactures"
551030,"Other yarn, mixed mainly or solely with cotton",0202,"Textiles & clothing, semi-finished manufactures"
551090,Other yarn,0202,"Textiles & clothing, semi-finished manufactures"
551110,"Of synthetic staple fibres, containing 85 % or more by weight of such fibres",0202,"Textiles & clothing, semi-finished manufactures"
551120,"Of synthetic staple fibres, containing less than 85 % by weight of such fibres",0202,"Textiles & clothing, semi-finished manufactures"
551130,Of artificial staple fibres,0202,"Textiles & clothing, semi-finished manufactures"
551211,Unbleached or bleached,0202,"Textiles & clothing, semi-finished manufactures"
551219,Other,0202,"Textiles & clothing, semi-finished manufactures"
551221,Unbleached or bleached,0202,"Textiles & clothing, semi-finished manufactures"
551229,Other,0202,"Textiles & clothing, semi-finished manufactures"
551291,Unbleached or bleached,0202,"Textiles & clothing, semi-finished manufactures"
551299,Other,0202,"Textiles & clothing, semi-finished manufactures"
551311,"Of polyester staple fibres, plain weave",0202,"Textiles & clothing, semi-finished manufactures"
551312,"3thread or 4thread twill, including cross twill, of polyester staple fibres",0202,"Textiles & clothing, semi-finished manufactures"
551313,Other woven fabrics of polyester staple fibres,0202,"Textiles & clothing, semi-finished manufactures"
551319,Other woven fabrics,0202,"Textiles & clothing, semi-finished manufactures"
551321,"Of polyester staple fibres, plain weave",0202,"Textiles & clothing, semi-finished manufactures"
551322,"(-2006) 3thread or 4thread twill, including cross twill, of polyester staple fibres",0202,"Textiles & clothing, semi-finished manufactures"
551323,Other woven fabrics of polyester staple fibres,0202,"Textiles & clothing, semi-finished manufactures"
551329,Other woven fabrics,0202,"Textiles & clothing, semi-finished manufactures"
551331,"Of polyester staple fibres, plain weave",0202,"Textiles & clothing, semi-finished manufactures"
551332,"(-2006) 3thread or 4thread twill, including cross twill, of polyester staple fibres",0202,"Textiles & clothing, semi-finished manufactures"
551333,(-2006) Other woven fabrics of polyester staple fibres,0202,"Textiles & clothing, semi-finished manufactures"
551339,Other woven fabrics,0202,"Textiles & clothing, semi-finished manufactures"
551341,"Of polyester staple fibres, plain weave",0202,"Textiles & clothing, semi-finished manufactures"
551342,"(-2006) 3thread or 4thread twill, including cross twill, of polyester staple fibres",0202,"Textiles & clothing, semi-finished manufactures"
551343,(-2006) Other woven fabrics of polyester staple fibres,0202,"Textiles & clothing, semi-finished manufactures"
551349,Other woven fabrics,0202,"Textiles & clothing, semi-finished manufactures"
551411,"Of polyester staple fibres, plain weave",0202,"Textiles & clothing, semi-finished manufactures"
551412,"3thread or 4thread twill, including cross twill, of polyester staple fibres",0202,"Textiles & clothing, semi-finished manufactures"
551413,(-2006) Other woven fabrics of polyester staple fibres,0202,"Textiles & clothing, semi-finished manufactures"
551419,Other woven fabrics,0202,"Textiles & clothing, semi-finished manufactures"
551421,"Of polyester staple fibres, plain weave",0202,"Textiles & clothing, semi-finished manufactures"
551422,"3thread or 4thread twill, including cross twill, of polyester staple fibres",0202,"Textiles & clothing, semi-finished manufactures"
551423,Other woven fabrics of polyester staple fibres,0202,"Textiles & clothing, semi-finished manufactures"
551429,Other woven fabrics,0202,"Textiles & clothing, semi-finished manufactures"
551431,"(-2006) Of polyester staple fibres, plain weave",0202,"Textiles & clothing, semi-finished manufactures"
551432,"(-2006) 3thread or 4thread twill, including cross twill, of polyester staple fibres",0202,"Textiles & clothing, semi-finished manufactures"
551433,(-2006) Other woven fabrics of polyester staple fibres,0202,"Textiles & clothing, semi-finished manufactures"
551439,(-2006) Other woven fabrics,0202,"Textiles & clothing, semi-finished manufactures"
551441,"Of polyester staple fibres, plain weave",0202,"Textiles & clothing, semi-finished manufactures"
551442,"3thread or 4thread twill, including cross twill, of polyester staple fibres",0202,"Textiles & clothing, semi-finished manufactures"
551443,Other woven fabrics of polyester staple fibres,0202,"Textiles & clothing, semi-finished manufactures"
551449,Other woven fabrics,0202,"Textiles & clothing, semi-finished manufactures"
551511,Mixed mainly or solely with viscose rayon staple fibres,0202,"Textiles & clothing, semi-finished manufactures"
551512,Mixed mainly or solely with manmade filaments,0202,"Textiles & clothing, semi-finished manufactures"
551513,Mixed mainly or solely with wool or fine animal hair,0202,"Textiles & clothing, semi-finished manufactures"
551519,Other,0202,"Textiles & clothing, semi-finished manufactures"
551521,Mixed mainly or solely with manmade filaments,0202,"Textiles & clothing, semi-finished manufactures"
551522,Mixed mainly or solely with wool or fine animal hair,0202,"Textiles & clothing, semi-finished manufactures"
551529,Other,0202,"Textiles & clothing, semi-finished manufactures"
551591,Mixed mainly or solely with manmade filaments,0202,"Textiles & clothing, semi-finished manufactures"
551592,(-2006) Mixed mainly or solely with wool or fine animal hair,0202,"Textiles & clothing, semi-finished manufactures"
551599,Other,0202,"Textiles & clothing, semi-finished manufactures"
551611,Unbleached or bleached,0202,"Textiles & clothing, semi-finished manufactures"
551612,Dyed,0202,"Textiles & clothing, semi-finished manufactures"
551613,Of yarns of different colours,0202,"Textiles & clothing, semi-finished manufactures"
551614,Printed,0202,"Textiles & clothing, semi-finished manufactures"
551621,Unbleached or bleached,0202,"Textiles & clothing, semi-finished manufactures"
551622,Dyed,0202,"Textiles & clothing, semi-finished manufactures"
551623,Of yarns of different colours,0202,"Textiles & clothing, semi-finished manufactures"
551624,Printed,0202,"Textiles & clothing, semi-finished manufactures"
551631,Unbleached or bleached,0202,"Textiles & clothing, semi-finished manufactures"
551632,Dyed,0202,"Textiles & clothing, semi-finished manufactures"
551633,Of yarns of different colours,0202,"Textiles & clothing, semi-finished manufactures"
551634,Printed,0202,"Textiles & clothing, semi-finished manufactures"
551641,Unbleached or bleached,0202,"Textiles & clothing, semi-finished manufactures"
551642,Dyed,0202,"Textiles & clothing, semi-finished manufactures"
551643,Of yarns of different colours,0202,"Textiles & clothing, semi-finished manufactures"
551644,Printed,0202,"Textiles & clothing, semi-finished manufactures"
551691,Unbleached or bleached,0202,"Textiles & clothing, semi-finished manufactures"
551692,Dyed,0202,"Textiles & clothing, semi-finished manufactures"
551693,Of yarns of different colours,0202,"Textiles & clothing, semi-finished manufactures"
551694,Printed,0202,"Textiles & clothing, semi-finished manufactures"
560410,"Rubber thread and cord, textile covered",0202,"Textiles & clothing, semi-finished manufactures"
560420,"(-2006) High tenacity yarn of polyesters, of nylon or other polyamides or of viscose rayon, impregnated or coated",0202,"Textiles & clothing, semi-finished manufactures"
560490,Other,0202,"Textiles & clothing, semi-finished manufactures"
560500,"Metallised yarn, whether or not gimped, being textile yarn, or strip or the like of heading 54.04 or 54.05, combined with metal in the form of thread, strip or powder or covered with metal.",0202,"Textiles & clothing, semi-finished manufactures"
580110,Of wool or fine animal hair,0202,"Textiles & clothing, semi-finished manufactures"
580121,Uncut weft pile fabrics,0202,"Textiles & clothing, semi-finished manufactures"
580122,Cut corduroy,0202,"Textiles & clothing, semi-finished manufactures"
580123,Other weft pile fabrics,0202,"Textiles & clothing, semi-finished manufactures"
580124,"Warp pile fabrics, épinglé (uncut)",0202,"Textiles & clothing, semi-finished manufactures"
580125,"Warp pile fabrics, cut",0202,"Textiles & clothing, semi-finished manufactures"
580126,Chenille fabrics,0202,"Textiles & clothing, semi-finished manufactures"
580131,Uncut weft pile fabrics,0202,"Textiles & clothing, semi-finished manufactures"
580132,Cut corduroy,0202,"Textiles & clothing, semi-finished manufactures"
580133,Other weft pile fabrics,0202,"Textiles & clothing, semi-finished manufactures"
580134,"Warp pile fabrics, épinglé (uncut)",0202,"Textiles & clothing, semi-finished manufactures"
580135,"Warp pile fabrics, cut",0202,"Textiles & clothing, semi-finished manufactures"
580136,Chenille fabrics,0202,"Textiles & clothing, semi-finished manufactures"
580190,Of other textile materials,0202,"Textiles & clothing, semi-finished manufactures"
580211,Unbleached,0202,"Textiles & clothing, semi-finished manufactures"
580219,Other,0202,"Textiles & clothing, semi-finished manufactures"
580220,"Terry towelling and similar woven terry fabrics, of other  textile materials",0202,"Textiles & clothing, semi-finished manufactures"
580230,Tufted textile fabrics,0202,"Textiles & clothing, semi-finished manufactures"
580310,(-2006) Of cotton,0202,"Textiles & clothing, semi-finished manufactures"
580390,(-2006) Of other textile materials,0202,"Textiles & clothing, semi-finished manufactures"
580900,"Woven fabrics of metal thread and woven fabrics of metallised yarn of heading 56.05, of a kind used in apparel, as furnishing fabrics or for similar purposes, not elsewhere specified or included.",0202,"Textiles & clothing, semi-finished manufactures"
590110,"Textile fabrics coated with gum or amylaceous substances, of a kind used for the outer covers of books or the like",0202,"Textiles & clothing, semi-finished manufactures"
590190,Other,0202,"Textiles & clothing, semi-finished manufactures"
590210,Of nylon or other polyamides,0202,"Textiles & clothing, semi-finished manufactures"
590220,Of polyesters,0202,"Textiles & clothing, semi-finished manufactures"
590290,Other,0202,"Textiles & clothing, semi-finished manufactures"
590310,With poly(vinyl chloride),0202,"Textiles & clothing, semi-finished manufactures"
590320,With polyurethane,0202,"Textiles & clothing, semi-finished manufactures"
590390,Other,0202,"Textiles & clothing, semi-finished manufactures"
590610,Adhesive tape of a width not exceeding 20 cm,0202,"Textiles & clothing, semi-finished manufactures"
590691,Knitted or crocheted,0202,"Textiles & clothing, semi-finished manufactures"
590699,Other,0202,"Textiles & clothing, semi-finished manufactures"
600110,Long pile fabrics,0202,"Textiles & clothing, semi-finished manufactures"
600121,Of cotton,0202,"Textiles & clothing, semi-finished manufactures"
600122,Of manmade fibres,0202,"Textiles & clothing, semi-finished manufactures"
600129,Of other textile materials,0202,"Textiles & clothing, semi-finished manufactures"
600191,Of cotton,0202,"Textiles & clothing, semi-finished manufactures"
600192,Of manmade fibres,0202,"Textiles & clothing, semi-finished manufactures"
600199,Of other textile materials,0202,"Textiles & clothing, semi-finished manufactures"
600210,"(-2001) Of a width not exceeding 30 cm, containing by weig",0202,"Textiles & clothing, semi-finished manufactures"
600220,"(-2001) Other, of a width not exceeding 30 cm",0202,"Textiles & clothing, semi-finished manufactures"
600230,"(-2001) Of a width exceeding 30 cm, containing by weight 5",0202,"Textiles & clothing, semi-finished manufactures"
600240,(2002-) Containing by weight 5 % or more of elastomeric yarn but not containing rubber thread,0202,"Textiles & clothing, semi-finished manufactures"
600241,"(-2001) Other fabrics, warp knit (including those made on ",0202,"Textiles & clothing, semi-finished manufactures"
600242,"(-2001) Other fabrics, warp knit (including those made on ",0202,"Textiles & clothing, semi-finished manufactures"
600243,"(-2001) Other fabrics, warp knit (including those made on ",0202,"Textiles & clothing, semi-finished manufactures"
600249,"(-2001) Other fabrics, warp knit (including those made on ",0202,"Textiles & clothing, semi-finished manufactures"
600290,(2002-) Other,0202,"Textiles & clothing, semi-finished manufactures"
600291,(-2001) Other :-- Of wool or fine animal hair,0202,"Textiles & clothing, semi-finished manufactures"
600292,(-2001) Other :-- Of cotton,0202,"Textiles & clothing, semi-finished manufactures"
600293,(-2001) Other :-- Of man-made fibres,0202,"Textiles & clothing, semi-finished manufactures"
600299,(-2001) Other,0202,"Textiles & clothing, semi-finished manufactures"
600310,(2002-) Of wool or fine animal hair,0202,"Textiles & clothing, semi-finished manufactures"
600320,(2002-) Of cotton,0202,"Textiles & clothing, semi-finished manufactures"
600330,(2002-) Of synthetic fibres,0202,"Textiles & clothing, semi-finished manufactures"
600340,(2002-) Of artificial fibres,0202,"Textiles & clothing, semi-finished manufactures"
600390,(2002-) Other,0202,"Textiles & clothing, semi-finished manufactures"
600410,(2002-) Containing by weight 5 % or more of elastomeric yarn but not containing rubber thread,0202,"Textiles & clothing, semi-finished manufactures"
600490,(2002-) Other,0202,"Textiles & clothing, semi-finished manufactures"
600510,(2002-2006) Of wool or fine animal hair,0202,"Textiles & clothing, semi-finished manufactures"
600521,(2002-) Unbleached or bleached,0202,"Textiles & clothing, semi-finished manufactures"
600522,(2002-) Dyed,0202,"Textiles & clothing, semi-finished manufactures"
600523,(2002-) Of yarns of different colours,0202,"Textiles & clothing, semi-finished manufactures"
600524,(2002-) Printed,0202,"Textiles & clothing, semi-finished manufactures"
600531,(2002-) Unbleached or bleached,0202,"Textiles & clothing, semi-finished manufactures"
600532,(2002-) Dyed,0202,"Textiles & clothing, semi-finished manufactures"
600533,(2002-) Of yarns of different colours,0202,"Textiles & clothing, semi-finished manufactures"
600534,(2002-) Printed,0202,"Textiles & clothing, semi-finished manufactures"
600541,(2002-) Unbleached or bleached,0202,"Textiles & clothing, semi-finished manufactures"
600542,(2002-) Dyed,0202,"Textiles & clothing, semi-finished manufactures"
600543,(2002-) Of yarns of different colours,0202,"Textiles & clothing, semi-finished manufactures"
600544,(2002-) Printed,0202,"Textiles & clothing, semi-finished manufactures"
600590,(2002-) Other,0202,"Textiles & clothing, semi-finished manufactures"
600610,(2002-) Of wool or fine animal hair,0202,"Textiles & clothing, semi-finished manufactures"
600621,(2002-) Unbleached or bleached,0202,"Textiles & clothing, semi-finished manufactures"
600622,(2002-) Dyed,0202,"Textiles & clothing, semi-finished manufactures"
600623,(2002-) Of yarns of different colours,0202,"Textiles & clothing, semi-finished manufactures"
600624,(2002-) Printed,0202,"Textiles & clothing, semi-finished manufactures"
600631,(2002-) Unbleached or bleached,0202,"Textiles & clothing, semi-finished manufactures"
600632,(2002-) Dyed,0202,"Textiles & clothing, semi-finished manufactures"
600633,(2002-) Of yarns of different colours,0202,"Textiles & clothing, semi-finished manufactures"
600634,(2002-) Printed,0202,"Textiles & clothing, semi-finished manufactures"
600641,(2002-) Unbleached or bleached,0202,"Textiles & clothing, semi-finished manufactures"
600642,(2002-) Dyed,0202,"Textiles & clothing, semi-finished manufactures"
600643,(2002-) Of yarns of different colours,0202,"Textiles & clothing, semi-finished manufactures"
600644,(2002-) Printed,0202,"Textiles & clothing, semi-finished manufactures"
600690,(2002-) Other,0202,"Textiles & clothing, semi-finished manufactures"
300590,Other,0203,"Textiles & clothing, finished manufactures"
420212,With outer surface of plastics or of textile materials,0203,"Textiles & clothing, finished manufactures"
420222,With outer surface of plastic sheeting or of textile materials,0203,"Textiles & clothing, finished manufactures"
420232,With outer surface of plastic sheeting or of textile materials,0203,"Textiles & clothing, finished manufactures"
420292,With outer surface of plastic sheeting or of textile materials,0203,"Textiles & clothing, finished manufactures"
560110,"Sanitary towels and tampons, napkins and napkin liners for babies and similar sanitary articles, of wadding",0203,"Textiles & clothing, finished manufactures"
560121,Of cotton,0203,"Textiles & clothing, finished manufactures"
560122,Of manmade fibres,0203,"Textiles & clothing, finished manufactures"
560129,Other,0203,"Textiles & clothing, finished manufactures"
560130,Textile flock and dust and mill neps,0203,"Textiles & clothing, finished manufactures"
560210,Needleloom felt and stitchbonded fibre fabrics,0203,"Textiles & clothing, finished manufactures"
560221,Of wool or fine animal hair,0203,"Textiles & clothing, finished manufactures"
560229,Of other textile materials,0203,"Textiles & clothing, finished manufactures"
560290,Other,0203,"Textiles & clothing, finished manufactures"
560300,(-1995) Nonwovens,0203,"Textiles & clothing, finished manufactures"
560311,(1996-) Weighing not more than 25 g/m²,0203,"Textiles & clothing, finished manufactures"
560312,(1996-) Weighing more than 25 g/m² but not more than 70 g/m²,0203,"Textiles & clothing, finished manufactures"
560313,(1996-) Weighing more than 70 g/m² but not more than 150 g/m²,0203,"Textiles & clothing, finished manufactures"
560314,(1996-) Weighing more than 150 g/m²,0203,"Textiles & clothing, finished manufactures"
560391,(1996-) Weighing not more than 25 g/m²,0203,"Textiles & clothing, finished manufactures"
560392,(1996-) Weighing more than 25 g/m² but not more than 70 g/m²,0203,"Textiles & clothing, finished manufactures"
560393,(1996-) Weighing more than 70 g/m² but not more than 150 g/m²,0203,"Textiles & clothing, finished manufactures"
560394,(1996-) Weighing more than 150 g/m²,0203,"Textiles & clothing, finished manufactures"
560600,"Gimped yarn, and strip and the like of heading 54.04 or 54.05, gimped (other than those of heading 56.05 and gimped horsehair yarn); chenille yarn (including flock chenille yarn); loop waleyarn.",0203,"Textiles & clothing, finished manufactures"
560710,(-2006) Of jute or other textile bast fibres of heading 53.03,0203,"Textiles & clothing, finished manufactures"
560721,Binder or baler twine,0203,"Textiles & clothing, finished manufactures"
560729,Other,0203,"Textiles & clothing, finished manufactures"
560730,(-2001) Of abaca (Manila hemp or Musa textilis Nee) or oth,0203,"Textiles & clothing, finished manufactures"
560741,Binder or baler twine,0203,"Textiles & clothing, finished manufactures"
560749,Other,0203,"Textiles & clothing, finished manufactures"
560750,Of other synthetic fibres,0203,"Textiles & clothing, finished manufactures"
560790,Other,0203,"Textiles & clothing, finished manufactures"
560811,Made up fishing nets,0203,"Textiles & clothing, finished manufactures"
560819,Other,0203,"Textiles & clothing, finished manufactures"
560890,Other,0203,"Textiles & clothing, finished manufactures"
560900,"Articles of yarn, strip or the like of heading 54.04 or 54.05, twine, cordage, rope or cables, not elsewhere specified or included.",0203,"Textiles & clothing, finished manufactures"
570110,Of wool or fine animal hair,0203,"Textiles & clothing, finished manufactures"
570190,Of other textile materials,0203,"Textiles & clothing, finished manufactures"
570210,"Kelem, Schumacks, Karamanie and similar handwoven rugs",0203,"Textiles & clothing, finished manufactures"
570220,Floor coverings of coconut fibres (coir),0203,"Textiles & clothing, finished manufactures"
570231,Of wool or fine animal hair,0203,"Textiles & clothing, finished manufactures"
570232,Of manmade textile materials,0203,"Textiles & clothing, finished manufactures"
570239,Of other textile materials,0203,"Textiles & clothing, finished manufactures"
570241,Of wool or fine animal hair,0203,"Textiles & clothing, finished manufactures"
570242,Of manmade textile materials,0203,"Textiles & clothing, finished manufactures"
570249,Of other textile materials,0203,"Textiles & clothing, finished manufactures"
570251,(-2006) Of wool or fine animal hair,0203,"Textiles & clothing, finished manufactures"
570252,(-2006) Of manmade textile materials,0203,"Textiles & clothing, finished manufactures"
570259,(-2006) Of other textile materials,0203,"Textiles & clothing, finished manufactures"
570291,Of wool or fine animal hair,0203,"Textiles & clothing, finished manufactures"
570292,Of manmade textile materials,0203,"Textiles & clothing, finished manufactures"
570299,Of other textile materials,0203,"Textiles & clothing, finished manufactures"
570310,Of wool or fine animal hair,0203,"Textiles & clothing, finished manufactures"
570320,Of nylon or other polyamides,0203,"Textiles & clothing, finished manufactures"
570330,Of other manmade textile materials,0203,"Textiles & clothing, finished manufactures"
570390,Of other textile materials,0203,"Textiles & clothing, finished manufactures"
570410,"Tiles, having a maximum surface area of 0.3 m²",0203,"Textiles & clothing, finished manufactures"
570490,Other,0203,"Textiles & clothing, finished manufactures"
570500,"Other carpets and other textile floor coverings, whether or not made up.",0203,"Textiles & clothing, finished manufactures"
580410,Tulles and other net fabrics,0203,"Textiles & clothing, finished manufactures"
580421,Of manmade fibres,0203,"Textiles & clothing, finished manufactures"
580429,Of other textile materials,0203,"Textiles & clothing, finished manufactures"
580430,Handmade lace,0203,"Textiles & clothing, finished manufactures"
580500,"Handwoven tapestries of the type Gobelins, Flanders, Aubusson, Beauvais and the like, and needleworked tapestries (for example, petit point, cross stitch), whether or not made up.",0203,"Textiles & clothing, finished manufactures"
580610,Woven pile fabrics (including terry towelling and similar terry fabrics) and chenille fabrics,0203,"Textiles & clothing, finished manufactures"
580620,"Other woven fabrics, containing by weight 5 % or more of lastomeric yarn or rubber thread",0203,"Textiles & clothing, finished manufactures"
580631,Of cotton,0203,"Textiles & clothing, finished manufactures"
580632,Of manmade fibres,0203,"Textiles & clothing, finished manufactures"
580639,Of other textile materials,0203,"Textiles & clothing, finished manufactures"
580640,Fabrics consisting of warp without weft assembled by means of an adhesive (bolducs),0203,"Textiles & clothing, finished manufactures"
580710,Woven,0203,"Textiles & clothing, finished manufactures"
580790,Other,0203,"Textiles & clothing, finished manufactures"
580810,Braids in the piece,0203,"Textiles & clothing, finished manufactures"
580890,Other,0203,"Textiles & clothing, finished manufactures"
581010,Embroidery without visible ground,0203,"Textiles & clothing, finished manufactures"
581091,Of cotton,0203,"Textiles & clothing, finished manufactures"
581092,Of manmade fibres,0203,"Textiles & clothing, finished manufactures"
581099,Of other textile materials,0203,"Textiles & clothing, finished manufactures"
581100,"Quilted textile products in the piece, composed of one or more layers of textile materials assembled with padding by stitching or otherwise, other than embroidery of heading 58.10.",0203,"Textiles & clothing, finished manufactures"
590410,Linoleum,0203,"Textiles & clothing, finished manufactures"
590490,(2002-) Other,0203,"Textiles & clothing, finished manufactures"
590491,(-2001) Other :-- With a base consisting of needleloom fel,0203,"Textiles & clothing, finished manufactures"
590492,(-2001) Other :-- With other textile base,0203,"Textiles & clothing, finished manufactures"
590500,Textile wall coverings.,0203,"Textiles & clothing, finished manufactures"
590700,"Textile fabrics otherwise impregnated, coated or covered; painted canvas being theatrical scenery, studio backcloths or the like.",0203,"Textiles & clothing, finished manufactures"
590800,"Textile wicks, woven, plaited or knitted , for lamps, stoves, lighters, candles or the like; incandescent gas mantles and tubular knitted gas mantle fabric therefor, whether or not impregnated.",0203,"Textiles & clothing, finished manufactures"
590900,"Textile hosepiping and similar textile tubing, with or without lining, armour or accessories of other materials.",0203,"Textiles & clothing, finished manufactures"
591000,"Transmission or conveyor belts or belting, of textile material, whether or not impregnated, coated, covered or laminated with plastics, or reinforced with metal or other material.",0203,"Textiles & clothing, finished manufactures"
591110,"Textile fabrics, felt and feltlined woven fabrics, coated, covered or laminated with rubber, leather or other material, of a kind used for card clothing, and similar fabrics of a kind used for other technical purposes, including narrow fabrics made of ve",0203,"Textiles & clothing, finished manufactures"
591120,"Bolting cloth, whether or not made up",0203,"Textiles & clothing, finished manufactures"
591131,Weighing less than 650 g/m2,0203,"Textiles & clothing, finished manufactures"
591132,Weighing 650 g/m2 or more,0203,"Textiles & clothing, finished manufactures"
591140,"Straining cloth of a kind used in oil presses or the  like, including that of human hair",0203,"Textiles & clothing, finished manufactures"
591190,Other,0203,"Textiles & clothing, finished manufactures"
610110,(-2006) Of wool or fine animal hair,0203,"Textiles & clothing, finished manufactures"
610120,Of cotton,0203,"Textiles & clothing, finished manufactures"
610130,Of man-made fibres,0203,"Textiles & clothing, finished manufactures"
610190,Of other textile materials,0203,"Textiles & clothing, finished manufactures"
610210,Of wool or fine animal hair,0203,"Textiles & clothing, finished manufactures"
610220,Of cotton,0203,"Textiles & clothing, finished manufactures"
610230,Of man-made fibres,0203,"Textiles & clothing, finished manufactures"
610290,Of other textile materials,0203,"Textiles & clothing, finished manufactures"
610311,(-2006) Of wool or fine animal hair,0203,"Textiles & clothing, finished manufactures"
610312,(-2006) Of synthetic fibres,0203,"Textiles & clothing, finished manufactures"
610319,(-2006) Of other textile materials,0203,"Textiles & clothing, finished manufactures"
610321,(-2006) Of wool or fine animal hair,0203,"Textiles & clothing, finished manufactures"
610322,Of cotton,0203,"Textiles & clothing, finished manufactures"
610323,Of synthetic fibres,0203,"Textiles & clothing, finished manufactures"
610329,Of other textile materials,0203,"Textiles & clothing, finished manufactures"
610331,Of wool or fine animal hair,0203,"Textiles & clothing, finished manufactures"
610332,Of cotton,0203,"Textiles & clothing, finished manufactures"
610333,Of synthetic fibres,0203,"Textiles & clothing, finished manufactures"
610339,Of other textile materials,0203,"Textiles & clothing, finished manufactures"
610341,Of wool or fine animal hair,0203,"Textiles & clothing, finished manufactures"
610342,Of cotton,0203,"Textiles & clothing, finished manufactures"
610343,Of synthetic fibres,0203,"Textiles & clothing, finished manufactures"
610349,Of other textile materials,0203,"Textiles & clothing, finished manufactures"
610411,(-2006) Of wool or fine animal hair,0203,"Textiles & clothing, finished manufactures"
610412,(-2006) Of cotton,0203,"Textiles & clothing, finished manufactures"
610413,Of synthetic fibres,0203,"Textiles & clothing, finished manufactures"
610419,Of other textile materials,0203,"Textiles & clothing, finished manufactures"
610421,(-2006) Of wool or fine animal hair,0203,"Textiles & clothing, finished manufactures"
610422,Of cotton,0203,"Textiles & clothing, finished manufactures"
610423,Of synthetic fibres,0203,"Textiles & clothing, finished manufactures"
610429,Of other textile materials,0203,"Textiles & clothing, finished manufactures"
610431,Of wool or fine animal hair,0203,"Textiles & clothing, finished manufactures"
610432,Of cotton,0203,"Textiles & clothing, finished manufactures"
610433,Of synthetic fibres,0203,"Textiles & clothing, finished manufactures"
610439,Of other textile materials,0203,"Textiles & clothing, finished manufactures"
610441,Of wool or fine animal hair,0203,"Textiles & clothing, finished manufactures"
610442,Of cotton,0203,"Textiles & clothing, finished manufactures"
610443,Of synthetic fibres,0203,"Textiles & clothing, finished manufactures"
610444,Of artificial fibres,0203,"Textiles & clothing, finished manufactures"
610449,Of other textile materials,0203,"Textiles & clothing, finished manufactures"
610451,Of wool or fine animal hair,0203,"Textiles & clothing, finished manufactures"
610452,Of cotton,0203,"Textiles & clothing, finished manufactures"
610453,Of synthetic fibres,0203,"Textiles & clothing, finished manufactures"
610459,Of other textile materials,0203,"Textiles & clothing, finished manufactures"
610461,Of wool or fine animal hair,0203,"Textiles & clothing, finished manufactures"
610462,Of cotton,0203,"Textiles & clothing, finished manufactures"
610463,Of synthetic fibres,0203,"Textiles & clothing, finished manufactures"
610469,Of other textile materials,0203,"Textiles & clothing, finished manufactures"
610510,Of cotton,0203,"Textiles & clothing, finished manufactures"
610520,Of manmade fibres,0203,"Textiles & clothing, finished manufactures"
610590,Of other textile materials,0203,"Textiles & clothing, finished manufactures"
610610,Of cotton,0203,"Textiles & clothing, finished manufactures"
610620,Of manmade fibres,0203,"Textiles & clothing, finished manufactures"
610690,Of other textile materials,0203,"Textiles & clothing, finished manufactures"
610711,Of cotton,0203,"Textiles & clothing, finished manufactures"
610712,Of manmade fibres,0203,"Textiles & clothing, finished manufactures"
610719,Of other textile materials,0203,"Textiles & clothing, finished manufactures"
610721,Of cotton,0203,"Textiles & clothing, finished manufactures"
610722,Of manmade fibres,0203,"Textiles & clothing, finished manufactures"
610729,Of other textile materials,0203,"Textiles & clothing, finished manufactures"
610791,Of cotton,0203,"Textiles & clothing, finished manufactures"
610792,(-2006) Of manmade fibres,0203,"Textiles & clothing, finished manufactures"
610799,Of other textile materials,0203,"Textiles & clothing, finished manufactures"
610811,Of manmade fibres,0203,"Textiles & clothing, finished manufactures"
610819,Of other textile materials,0203,"Textiles & clothing, finished manufactures"
610821,Of cotton,0203,"Textiles & clothing, finished manufactures"
610822,Of manmade fibres,0203,"Textiles & clothing, finished manufactures"
610829,Of other textile materials,0203,"Textiles & clothing, finished manufactures"
610831,Of cotton,0203,"Textiles & clothing, finished manufactures"
610832,Of manmade fibres,0203,"Textiles & clothing, finished manufactures"
610839,Of other textile materials,0203,"Textiles & clothing, finished manufactures"
610891,Of cotton,0203,"Textiles & clothing, finished manufactures"
610892,Of manmade fibres,0203,"Textiles & clothing, finished manufactures"
610899,Of other textile materials,0203,"Textiles & clothing, finished manufactures"
610910,Of cotton,0203,"Textiles & clothing, finished manufactures"
610990,Of other textile materials,0203,"Textiles & clothing, finished manufactures"
611010,(-2001) Of wool or fine animal hair,0203,"Textiles & clothing, finished manufactures"
611011,(2002-) Of wool,0203,"Textiles & clothing, finished manufactures"
611012,(2002-) Of Kashmir (cashmere) goats,0203,"Textiles & clothing, finished manufactures"
611019,(2002-) Other,0203,"Textiles & clothing, finished manufactures"
611020,Of cotton,0203,"Textiles & clothing, finished manufactures"
611030,Of manmade fibres,0203,"Textiles & clothing, finished manufactures"
611090,Of other textile materials,0203,"Textiles & clothing, finished manufactures"
611110,(-2006) Of wool or fine animal hair,0203,"Textiles & clothing, finished manufactures"
611120,Of cotton,0203,"Textiles & clothing, finished manufactures"
611130,Of synthetic fibres,0203,"Textiles & clothing, finished manufactures"
611190,Of other textile materials,0203,"Textiles & clothing, finished manufactures"
611211,Of cotton,0203,"Textiles & clothing, finished manufactures"
611212,Of synthetic fibres,0203,"Textiles & clothing, finished manufactures"
611219,Of other textile materials,0203,"Textiles & clothing, finished manufactures"
611220,Ski suits,0203,"Textiles & clothing, finished manufactures"
611231,Of synthetic fibres,0203,"Textiles & clothing, finished manufactures"
611239,Of other textile materials,0203,"Textiles & clothing, finished manufactures"
611241,Of synthetic fibres,0203,"Textiles & clothing, finished manufactures"
611249,Of other textile materials,0203,"Textiles & clothing, finished manufactures"
611300,"Garments, made up of knitted or crocheted fabrics of heading 59.03, 59.06 or 59.07.",0203,"Textiles & clothing, finished manufactures"
611410,(-2006) Of wool or fine animal hair,0203,"Textiles & clothing, finished manufactures"
611420,Of cotton,0203,"Textiles & clothing, finished manufactures"
611430,Of manmade fibres,0203,"Textiles & clothing, finished manufactures"
611490,Of other textile materials,0203,"Textiles & clothing, finished manufactures"
611511,"(-2006) Of synthetic fibres, measuring per single yarn less than 67 decitex",0203,"Textiles & clothing, finished manufactures"
611512,"(-2006) Of synthetic fibres, measuring per single yarn 67 decitex or more",0203,"Textiles & clothing, finished manufactures"
611519,(-2006) Of other textile materials,0203,"Textiles & clothing, finished manufactures"
611520,"(-2006) Women's fulllength or kneelength hosiery, measuring per single yarn less than 67 decitex",0203,"Textiles & clothing, finished manufactures"
611591,(-2006) Of wool or fine animal hair,0203,"Textiles & clothing, finished manufactures"
611592,(-2006) Of cotton,0203,"Textiles & clothing, finished manufactures"
611593,(-2006) Of synthetic fibres,0203,"Textiles & clothing, finished manufactures"
611599,Of other textile materials,0203,"Textiles & clothing, finished manufactures"
611610,"Impregnated, coated or covered with plastics or rubber",0203,"Textiles & clothing, finished manufactures"
611691,Of wool or fine animal hair,0203,"Textiles & clothing, finished manufactures"
611692,Of cotton,0203,"Textiles & clothing, finished manufactures"
611693,Of synthetic fibres,0203,"Textiles & clothing, finished manufactures"
611699,Of other textile materials,0203,"Textiles & clothing, finished manufactures"
611710,"Shawls, scarves, mufflers, mantillas, veils and the like",0203,"Textiles & clothing, finished manufactures"
611720,"(-2006) Ties, bow ties and cravats",0203,"Textiles & clothing, finished manufactures"
611780,Other accessories,0203,"Textiles & clothing, finished manufactures"
611790,Parts,0203,"Textiles & clothing, finished manufactures"
620111,Of wool or fine animal hair,0203,"Textiles & clothing, finished manufactures"
620112,Of cotton,0203,"Textiles & clothing, finished manufactures"
620113,Of man-made fibres,0203,"Textiles & clothing, finished manufactures"
620119,Of other textile materials,0203,"Textiles & clothing, finished manufactures"
620191,Of wool or fine animal hair,0203,"Textiles & clothing, finished manufactures"
620192,Of cotton,0203,"Textiles & clothing, finished manufactures"
620193,Of man-made fibres,0203,"Textiles & clothing, finished manufactures"
620199,Of other textile materials,0203,"Textiles & clothing, finished manufactures"
620211,Of wool or fine animal hair,0203,"Textiles & clothing, finished manufactures"
620212,Of cotton,0203,"Textiles & clothing, finished manufactures"
620213,Of manmade fibres,0203,"Textiles & clothing, finished manufactures"
620219,Of other textile materials,0203,"Textiles & clothing, finished manufactures"
620291,Of wool or fine animal hair,0203,"Textiles & clothing, finished manufactures"
620292,Of cotton,0203,"Textiles & clothing, finished manufactures"
620293,Of manmade fibres,0203,"Textiles & clothing, finished manufactures"
620299,Of other textile materials,0203,"Textiles & clothing, finished manufactures"
620311,Of wool or fine animal hair,0203,"Textiles & clothing, finished manufactures"
620312,Of synthetic fibres,0203,"Textiles & clothing, finished manufactures"
620319,Of other textile materials,0203,"Textiles & clothing, finished manufactures"
620321,(-2006) Of wool or fine animal hair,0203,"Textiles & clothing, finished manufactures"
620322,Of cotton,0203,"Textiles & clothing, finished manufactures"
620323,Of synthetic fibres,0203,"Textiles & clothing, finished manufactures"
620329,Of other textile materials,0203,"Textiles & clothing, finished manufactures"
620331,Of wool or fine animal hair,0203,"Textiles & clothing, finished manufactures"
620332,Of cotton,0203,"Textiles & clothing, finished manufactures"
620333,Of synthetic fibres,0203,"Textiles & clothing, finished manufactures"
620339,Of other textile materials,0203,"Textiles & clothing, finished manufactures"
620341,Of wool or fine animal hair,0203,"Textiles & clothing, finished manufactures"
620342,Of cotton,0203,"Textiles & clothing, finished manufactures"
620343,Of synthetic fibres,0203,"Textiles & clothing, finished manufactures"
620349,Of other textile materials,0203,"Textiles & clothing, finished manufactures"
620411,Of wool or fine animal hair,0203,"Textiles & clothing, finished manufactures"
620412,Of cotton,0203,"Textiles & clothing, finished manufactures"
620413,Of synthetic fibres,0203,"Textiles & clothing, finished manufactures"
620419,Of other textile materials,0203,"Textiles & clothing, finished manufactures"
620421,Of wool or fine animal hair,0203,"Textiles & clothing, finished manufactures"
620422,Of cotton,0203,"Textiles & clothing, finished manufactures"
620423,Of synthetic fibres,0203,"Textiles & clothing, finished manufactures"
620429,Of other textile materials,0203,"Textiles & clothing, finished manufactures"
620431,Of wool or fine animal hair,0203,"Textiles & clothing, finished manufactures"
620432,Of cotton,0203,"Textiles & clothing, finished manufactures"
620433,Of synthetic fibres,0203,"Textiles & clothing, finished manufactures"
620439,Of other textile materials,0203,"Textiles & clothing, finished manufactures"
620441,Of wool or fine animal hair,0203,"Textiles & clothing, finished manufactures"
620442,Of cotton,0203,"Textiles & clothing, finished manufactures"
620443,Of synthetic fibres,0203,"Textiles & clothing, finished manufactures"
620444,Of artificial fibres,0203,"Textiles & clothing, finished manufactures"
620449,Of other textile materials,0203,"Textiles & clothing, finished manufactures"
620451,Of wool or fine animal hair,0203,"Textiles & clothing, finished manufactures"
620452,Of cotton,0203,"Textiles & clothing, finished manufactures"
620453,Of synthetic fibres,0203,"Textiles & clothing, finished manufactures"
620459,Of other textile materials,0203,"Textiles & clothing, finished manufactures"
620461,Of wool or fine animal hair,0203,"Textiles & clothing, finished manufactures"
620462,Of cotton,0203,"Textiles & clothing, finished manufactures"
620463,Of synthetic fibres,0203,"Textiles & clothing, finished manufactures"
620469,Of other textile materials,0203,"Textiles & clothing, finished manufactures"
620510,(-2006) Of wool or fine animal hair,0203,"Textiles & clothing, finished manufactures"
620520,Of cotton,0203,"Textiles & clothing, finished manufactures"
620530,Of manmade fibres,0203,"Textiles & clothing, finished manufactures"
620590,Of other textile materials,0203,"Textiles & clothing, finished manufactures"
620610,Of silk or silk waste,0203,"Textiles & clothing, finished manufactures"
620620,Of wool or fine animal hair,0203,"Textiles & clothing, finished manufactures"
620630,Of cotton,0203,"Textiles & clothing, finished manufactures"
620640,Of manmade fibres,0203,"Textiles & clothing, finished manufactures"
620690,Of other textile materials,0203,"Textiles & clothing, finished manufactures"
620711,Of cotton,0203,"Textiles & clothing, finished manufactures"
620719,Of other textile materials,0203,"Textiles & clothing, finished manufactures"
620721,Of cotton,0203,"Textiles & clothing, finished manufactures"
620722,Of manmade fibres,0203,"Textiles & clothing, finished manufactures"
620729,Of other textile materials,0203,"Textiles & clothing, finished manufactures"
620791,Of cotton,0203,"Textiles & clothing, finished manufactures"
620792,(-2006) Of manmade fibres,0203,"Textiles & clothing, finished manufactures"
620799,Of other textile materials,0203,"Textiles & clothing, finished manufactures"
620811,Of manmade fibres,0203,"Textiles & clothing, finished manufactures"
620819,Of other textile materials,0203,"Textiles & clothing, finished manufactures"
620821,Of cotton,0203,"Textiles & clothing, finished manufactures"
620822,Of manmade fibres,0203,"Textiles & clothing, finished manufactures"
620829,Of other textile materials,0203,"Textiles & clothing, finished manufactures"
620891,Of cotton,0203,"Textiles & clothing, finished manufactures"
620892,Of manmade fibres,0203,"Textiles & clothing, finished manufactures"
620899,Of other textile materials,0203,"Textiles & clothing, finished manufactures"
620910,(-2006) Of wool or fine animal hair,0203,"Textiles & clothing, finished manufactures"
620920,Of cotton,0203,"Textiles & clothing, finished manufactures"
620930,Of synthetic fibres,0203,"Textiles & clothing, finished manufactures"
620990,Of other textile materials,0203,"Textiles & clothing, finished manufactures"
621010,Of fabrics of heading 56.02 or 56.03,0203,"Textiles & clothing, finished manufactures"
621020,"Other garments, of the type described in subheadings 6201.11 to 6201.19",0203,"Textiles & clothing, finished manufactures"
621030,"Other garments, of the type described in subheadings 6202.11 to 6202.19",0203,"Textiles & clothing, finished manufactures"
621040,Other men's or boys' garments,0203,"Textiles & clothing, finished manufactures"
621050,Other women's or girls' garments,0203,"Textiles & clothing, finished manufactures"
621111,Men's or boys',0203,"Textiles & clothing, finished manufactures"
621112,Women's or girls',0203,"Textiles & clothing, finished manufactures"
621120,Ski suits,0203,"Textiles & clothing, finished manufactures"
621131,(-2006) Of wool or fine animal hair,0203,"Textiles & clothing, finished manufactures"
621132,Of cotton,0203,"Textiles & clothing, finished manufactures"
621133,Of manmade fibres,0203,"Textiles & clothing, finished manufactures"
621139,Of other textile materials,0203,"Textiles & clothing, finished manufactures"
621141,Of wool or fine animal hair,0203,"Textiles & clothing, finished manufactures"
621142,Of cotton,0203,"Textiles & clothing, finished manufactures"
621143,Of manmade fibres,0203,"Textiles & clothing, finished manufactures"
621149,Of other textile materials,0203,"Textiles & clothing, finished manufactures"
621210,Brassières,0203,"Textiles & clothing, finished manufactures"
621220,Girdles and pantygirdles,0203,"Textiles & clothing, finished manufactures"
621230,Corselettes,0203,"Textiles & clothing, finished manufactures"
621290,Other,0203,"Textiles & clothing, finished manufactures"
621310,(-2006) Of silk or silk waste,0203,"Textiles & clothing, finished manufactures"
621320,Of cotton,0203,"Textiles & clothing, finished manufactures"
621390,Of other textile materials,0203,"Textiles & clothing, finished manufactures"
621410,Of silk or silk waste,0203,"Textiles & clothing, finished manufactures"
621420,Of wool or fine animal hair,0203,"Textiles & clothing, finished manufactures"
621430,Of synthetic fibres,0203,"Textiles & clothing, finished manufactures"
621440,Of artificial fibres,0203,"Textiles & clothing, finished manufactures"
621490,Of other textile materials,0203,"Textiles & clothing, finished manufactures"
621510,Of silk or silk waste,0203,"Textiles & clothing, finished manufactures"
621520,Of manmade fibres,0203,"Textiles & clothing, finished manufactures"
621590,Of other textile materials,0203,"Textiles & clothing, finished manufactures"
621600,"Gloves, mittens and mitts.",0203,"Textiles & clothing, finished manufactures"
621710,Accessories,0203,"Textiles & clothing, finished manufactures"
621790,Parts,0203,"Textiles & clothing, finished manufactures"
630110,Electric blankets,0203,"Textiles & clothing, finished manufactures"
630120,"Blankets (other than electric blankets) and travelling  rugs, of wool or of fine animal hair",0203,"Textiles & clothing, finished manufactures"
630130,"Blankets (other than electric blankets) and travelling rugs, of cotton",0203,"Textiles & clothing, finished manufactures"
630140,"Blankets (other than electric blankets) and travelling rugs, of synthetic fibres",0203,"Textiles & clothing, finished manufactures"
630190,Other blankets and travelling rugs,0203,"Textiles & clothing, finished manufactures"
630210,"Bed linen, knitted or crocheted",0203,"Textiles & clothing, finished manufactures"
630221,Of cotton,0203,"Textiles & clothing, finished manufactures"
630222,Of manmade fibres,0203,"Textiles & clothing, finished manufactures"
630229,Of other textile materials,0203,"Textiles & clothing, finished manufactures"
630231,Of cotton,0203,"Textiles & clothing, finished manufactures"
630232,Of manmade fibres,0203,"Textiles & clothing, finished manufactures"
630239,Of other textile materials,0203,"Textiles & clothing, finished manufactures"
630240,"Table linen, knitted or crocheted",0203,"Textiles & clothing, finished manufactures"
630251,Of cotton,0203,"Textiles & clothing, finished manufactures"
630252,(-2006) Of flax,0203,"Textiles & clothing, finished manufactures"
630253,Of manmade fibres,0203,"Textiles & clothing, finished manufactures"
630259,Of other textile materials,0203,"Textiles & clothing, finished manufactures"
630260,"Toilet linen and kitchen linen, of terry towelling or similar terry fabrics, of cotton",0203,"Textiles & clothing, finished manufactures"
630291,Of cotton,0203,"Textiles & clothing, finished manufactures"
630292,(-2006) Of flax,0203,"Textiles & clothing, finished manufactures"
630293,Of manmade fibres,0203,"Textiles & clothing, finished manufactures"
630299,Of other textile materials,0203,"Textiles & clothing, finished manufactures"
630311,(-2006) Of cotton,0203,"Textiles & clothing, finished manufactures"
630312,Of synthetic fibres,0203,"Textiles & clothing, finished manufactures"
630319,Of other textile materials,0203,"Textiles & clothing, finished manufactures"
630391,Of cotton,0203,"Textiles & clothing, finished manufactures"
630392,Of synthetic fibres,0203,"Textiles & clothing, finished manufactures"
630399,Of other textile materials,0203,"Textiles & clothing, finished manufactures"
630411,Knitted or crocheted,0203,"Textiles & clothing, finished manufactures"
630419,Other,0203,"Textiles & clothing, finished manufactures"
630491,Knitted or crocheted,0203,"Textiles & clothing, finished manufactures"
630492,"Not knitted or crocheted, of cotton",0203,"Textiles & clothing, finished manufactures"
630493,"Not knitted or crocheted, of synthetic fibres",0203,"Textiles & clothing, finished manufactures"
630499,"Not knitted or crocheted, of other textile materials",0203,"Textiles & clothing, finished manufactures"
630510,Of jute or of other textile bast fibres of heading 53.03,0203,"Textiles & clothing, finished manufactures"
630520,Of cotton,0203,"Textiles & clothing, finished manufactures"
630531,"(-1995) Sacks and bags, used for packing goods, of",0203,"Textiles & clothing, finished manufactures"
630532,(1996-) Flexible intermediate bulk containers,0203,"Textiles & clothing, finished manufactures"
630533,"(1996-) Other, of polyethylene or polypropylene strip or the like",0203,"Textiles & clothing, finished manufactures"
630539,Other,0203,"Textiles & clothing, finished manufactures"
630590,Of other textile materials,0203,"Textiles & clothing, finished manufactures"
630611,(-2006) Of cotton,0203,"Textiles & clothing, finished manufactures"
630612,Of synthetic fibres,0203,"Textiles & clothing, finished manufactures"
630619,Of other textile materials,0203,"Textiles & clothing, finished manufactures"
630621,(-2006) Of cotton,0203,"Textiles & clothing, finished manufactures"
630622,Of synthetic fibres,0203,"Textiles & clothing, finished manufactures"
630629,Of other textile materials,0203,"Textiles & clothing, finished manufactures"
630631,(-2006) Of synthetic fibres,0203,"Textiles & clothing, finished manufactures"
630639,(-2006) Of other textile materials,0203,"Textiles & clothing, finished manufactures"
630641,(-2006) Of cotton,0203,"Textiles & clothing, finished manufactures"
630649,(-2006) Of other textile materials,0203,"Textiles & clothing, finished manufactures"
630691,Of cotton,0203,"Textiles & clothing, finished manufactures"
630699,Of other textile materials,0203,"Textiles & clothing, finished manufactures"
630710,"Floorcloths, dishcloths, dusters and similar cleaning cloths",0203,"Textiles & clothing, finished manufactures"
630720,Lifejackets and lifebelts,0203,"Textiles & clothing, finished manufactures"
630790,Other,0203,"Textiles & clothing, finished manufactures"
630800,"Sets consisting of woven fabric and yarn, whether or not with accessories, for making up into rugs, tapestries, embroidered table cloths or serviettes, or similar textile articles, put up in packings for retail sale.",0203,"Textiles & clothing, finished manufactures"
640520,-  With uppers of textile materials,0203,"Textiles & clothing, finished manufactures"
640610,"Uppers and parts thereof, other than stiffeners",0203,"Textiles & clothing, finished manufactures"
640699,Of other materials,0203,"Textiles & clothing, finished manufactures"
650100,"Hatforms, hat bodies and hoods of felt, neither blocked to shape nor with made brims; plateaux and manchons (including slit manchons), of felt.",0203,"Textiles & clothing, finished manufactures"
650200,"Hatshapes, plaited or made by assembling strips of any material, neither blocked to shape, nor with made brims, nor lined, nor trimmed.",0203,"Textiles & clothing, finished manufactures"
650300,"(-2006) Felt hats and other felt headgear, made from the hat bodies, hoods or plateaux of heading 65.01, whether or not lined or trimmed.",0203,"Textiles & clothing, finished manufactures"
650400,"Hats and other headgear, plaited or made by assembling strips of any material, whether or not lined or trimmed.",0203,"Textiles & clothing, finished manufactures"
650510,Hairnets,0203,"Textiles & clothing, finished manufactures"
650590,Other,0203,"Textiles & clothing, finished manufactures"
660110,Garden or similar umbrellas,0203,"Textiles & clothing, finished manufactures"
660191,Having a telescopic shaft,0203,"Textiles & clothing, finished manufactures"
660199,Other,0203,"Textiles & clothing, finished manufactures"
701910,"(-1995) Slivers, rovings, yarn and chopped strands",0203,"Textiles & clothing, finished manufactures"
701911,"(1996-) Chopped strands, of a length of not more than 50 mm",0203,"Textiles & clothing, finished manufactures"
701912,(1996-) Rovings,0203,"Textiles & clothing, finished manufactures"
701919,(1996-) Other,0203,"Textiles & clothing, finished manufactures"
701920,"(-1995) Woven fabrics, including narrow fabrics of",0203,"Textiles & clothing, finished manufactures"
701940,(1996-) Woven fabrics of rovings,0203,"Textiles & clothing, finished manufactures"
701951,(1996-) Of a width not exceeding 30 cm,0203,"Textiles & clothing, finished manufactures"
701952,"(1996-) Of a width exceeding 30 cm, plain weave, weighing less than 250 g/m², of filaments measuring per single yarn not more than 136 tex",0203,"Textiles & clothing, finished manufactures"
701959,(1996-) Other,0203,"Textiles & clothing, finished manufactures"
870821,Safety seat belts,0203,"Textiles & clothing, finished manufactures"
880400,Parachutes (including dirigible parachutes and paragliders) and rotochutes; parts thereof and accessories thereto.,0203,"Textiles & clothing, finished manufactures"
911390,Other,0203,"Textiles & clothing, finished manufactures"
940490,Other,0203,"Textiles & clothing, finished manufactures"
950291,"(-2006) Garments and accessories therefor, footwear and headgear",0203,"Textiles & clothing, finished manufactures"
961210,Ribbons,0203,"Textiles & clothing, finished manufactures"
400110,"Natural rubber latex, whether or not prevulcanised",0301,"Leather, rubber, footwear, raw materials"
400121,Smoked sheets,0301,"Leather, rubber, footwear, raw materials"
400122,Technically specified natural rubber (TSNR),0301,"Leather, rubber, footwear, raw materials"
400129,Other,0301,"Leather, rubber, footwear, raw materials"
400130,"Balata, gutta-percha, guayule, chicle and similar natural gums",0301,"Leather, rubber, footwear, raw materials"
400211,Latex,0301,"Leather, rubber, footwear, raw materials"
400219,Other,0301,"Leather, rubber, footwear, raw materials"
400220,Butadiene rubber (BR),0301,"Leather, rubber, footwear, raw materials"
400231,Isobutene-isoprene (butyl) rubber (IIR),0301,"Leather, rubber, footwear, raw materials"
400239,Other,0301,"Leather, rubber, footwear, raw materials"
400241,Latex,0301,"Leather, rubber, footwear, raw materials"
400249,Other,0301,"Leather, rubber, footwear, raw materials"
400251,Latex,0301,"Leather, rubber, footwear, raw materials"
400259,Other,0301,"Leather, rubber, footwear, raw materials"
400260,Isoprene rubber (IR),0301,"Leather, rubber, footwear, raw materials"
400270,Ethylenepropylenenonconjugated diene rubber (EPDM),0301,"Leather, rubber, footwear, raw materials"
400280,Mixtures of any product of heading 40.01 with any product of this heading,0301,"Leather, rubber, footwear, raw materials"
400291,Latex,0301,"Leather, rubber, footwear, raw materials"
400299,Other,0301,"Leather, rubber, footwear, raw materials"
400300,"Reclaimed rubber in primary forms or in plates, sheets or strip.",0301,"Leather, rubber, footwear, raw materials"
400400,"Waste, parings and scrap of rubber (other than hard rubber) and powders and granules obtained therefrom.",0301,"Leather, rubber, footwear, raw materials"
411000,(-2001) Parings and other waste of leather or of compositi,0301,"Leather, rubber, footwear, raw materials"
411520,"(2002-) Parings and other waste of leather or of composition leather, not suitable for the manufacture of leather articles; leather dust, powder and flour",0301,"Leather, rubber, footwear, raw materials"
400510,Compounded with carbon black or silica,0302,"Leather, rubber, footwear, semi-finished manufactu"
400520,Solutions; dispersions other than those of subheading 4005.10,0302,"Leather, rubber, footwear, semi-finished manufactu"
400591,"Plates, sheets and strip",0302,"Leather, rubber, footwear, semi-finished manufactu"
400599,Other,0302,"Leather, rubber, footwear, semi-finished manufactu"
400610,Camelback strips for retreading rubber tyres,0302,"Leather, rubber, footwear, semi-finished manufactu"
400690,Other,0302,"Leather, rubber, footwear, semi-finished manufactu"
400700,Vulcanised rubber thread and cord.,0302,"Leather, rubber, footwear, semi-finished manufactu"
400811,"Plates, sheets and strip",0302,"Leather, rubber, footwear, semi-finished manufactu"
400819,Other,0302,"Leather, rubber, footwear, semi-finished manufactu"
400821,"Plates, sheets and strip",0302,"Leather, rubber, footwear, semi-finished manufactu"
400829,Other,0302,"Leather, rubber, footwear, semi-finished manufactu"
400910,(-2001) Not reinforced or otherwise combined with other ma,0302,"Leather, rubber, footwear, semi-finished manufactu"
400911,(2002-) Without fittings,0302,"Leather, rubber, footwear, semi-finished manufactu"
400912,(2002-) With fittings,0302,"Leather, rubber, footwear, semi-finished manufactu"
400920,"(-2001) Reinforced or otherwise combined only with metal, ",0302,"Leather, rubber, footwear, semi-finished manufactu"
400921,(2002-) Without fittings,0302,"Leather, rubber, footwear, semi-finished manufactu"
400922,(2002-) With fittings,0302,"Leather, rubber, footwear, semi-finished manufactu"
400930,(-2001) Reinforced or otherwise combined only with textile,0302,"Leather, rubber, footwear, semi-finished manufactu"
400931,(2002-) Without fittings,0302,"Leather, rubber, footwear, semi-finished manufactu"
400932,(2002-) With fittings,0302,"Leather, rubber, footwear, semi-finished manufactu"
400940,(-2001) Reinforced or otherwise combined with other materi,0302,"Leather, rubber, footwear, semi-finished manufactu"
400941,(2002-) Without fittings,0302,"Leather, rubber, footwear, semi-finished manufactu"
400942,(2002-) With fittings,0302,"Leather, rubber, footwear, semi-finished manufactu"
400950,(-2001) With fittings,0302,"Leather, rubber, footwear, semi-finished manufactu"
410410,"(-2001) Whole bovine skin leather, of a unit surface area ",0302,"Leather, rubber, footwear, semi-finished manufactu"
410411,"(2002-) Full grains, unsplit; grain splits",0302,"Leather, rubber, footwear, semi-finished manufactu"
410419,(2002-) Other,0302,"Leather, rubber, footwear, semi-finished manufactu"
410421,"(-2001) Other bovine leather and equine leather, tanned or",0302,"Leather, rubber, footwear, semi-finished manufactu"
410422,"(-2001) Other bovine leather and equine leather, tanned or",0302,"Leather, rubber, footwear, semi-finished manufactu"
410429,"(-2001) Other bovine leather and equine leather, tanned or",0302,"Leather, rubber, footwear, semi-finished manufactu"
410431,"(-2001) Other bovine leather and equine leather, parchment",0302,"Leather, rubber, footwear, semi-finished manufactu"
410439,"(-2001) Other bovine leather and equine leather, parchment",0302,"Leather, rubber, footwear, semi-finished manufactu"
410441,"(2002-) Full grains, unsplit; grain splits",0302,"Leather, rubber, footwear, semi-finished manufactu"
410449,(2002-) Other,0302,"Leather, rubber, footwear, semi-finished manufactu"
410510,(2002-) In the wet state (including wetblue),0302,"Leather, rubber, footwear, semi-finished manufactu"
410511,"(-2001) Tanned or retanned but not further prepared, wheth",0302,"Leather, rubber, footwear, semi-finished manufactu"
410512,"(-2001) Tanned or retanned but not further prepared, wheth",0302,"Leather, rubber, footwear, semi-finished manufactu"
410519,"(-2001) Tanned or retanned but not further prepared, wheth",0302,"Leather, rubber, footwear, semi-finished manufactu"
410520,(-2001) Parchment-dressed or prepared after tanning,0302,"Leather, rubber, footwear, semi-finished manufactu"
410530,(2002-) In the dry state (crust),0302,"Leather, rubber, footwear, semi-finished manufactu"
410611,"(-2001) Tanned or retanned but not further prepared, wheth",0302,"Leather, rubber, footwear, semi-finished manufactu"
410612,"(-2001) Tanned or retanned but not further prepared, wheth",0302,"Leather, rubber, footwear, semi-finished manufactu"
410619,"(-2001) Tanned or retanned but not further prepared, wheth",0302,"Leather, rubber, footwear, semi-finished manufactu"
410620,(-2001) Parchment-dressed or prepared after tanning,0302,"Leather, rubber, footwear, semi-finished manufactu"
410621,(2002-) In the wet state (including wetblue),0302,"Leather, rubber, footwear, semi-finished manufactu"
410622,(2002-) In the dry state (crust),0302,"Leather, rubber, footwear, semi-finished manufactu"
410631,(2002-) In the wet state (including wetblue),0302,"Leather, rubber, footwear, semi-finished manufactu"
410632,(2002-) In the dry state (crust),0302,"Leather, rubber, footwear, semi-finished manufactu"
410640,(2002-) Of reptiles,0302,"Leather, rubber, footwear, semi-finished manufactu"
410691,(2002-) In the wet state (including wetblue),0302,"Leather, rubber, footwear, semi-finished manufactu"
410692,(2002-) In the dry state (crust),0302,"Leather, rubber, footwear, semi-finished manufactu"
410710,(-2001) Of swine,0302,"Leather, rubber, footwear, semi-finished manufactu"
410711,"(2002-) Full grains, unsplit",0302,"Leather, rubber, footwear, semi-finished manufactu"
410712,(2002-) Grain splits,0302,"Leather, rubber, footwear, semi-finished manufactu"
410719,(2002-) Other,0302,"Leather, rubber, footwear, semi-finished manufactu"
410721,(-2001) Of reptiles :-- Vegetable pre-tanned,0302,"Leather, rubber, footwear, semi-finished manufactu"
410729,(-2001) Of reptiles :-- Other,0302,"Leather, rubber, footwear, semi-finished manufactu"
410790,(-2001) Of other animals,0302,"Leather, rubber, footwear, semi-finished manufactu"
410791,"(2002-) Full grains, unsplit",0302,"Leather, rubber, footwear, semi-finished manufactu"
410792,(2002-) Grain splits,0302,"Leather, rubber, footwear, semi-finished manufactu"
410799,(2002-) Other,0302,"Leather, rubber, footwear, semi-finished manufactu"
410800,(-2001) Chamois (including combination chamois) leather.,0302,"Leather, rubber, footwear, semi-finished manufactu"
410900,(-2001) Patent leather and patent laminated leather; metal,0302,"Leather, rubber, footwear, semi-finished manufactu"
411100,(-2001) Composition leather with a basis of leather or lea,0302,"Leather, rubber, footwear, semi-finished manufactu"
411200,"(2002-) Leather further prepared after tanning or crusting, including parchmentdressed leather, of sheep or lamb, without wool on, whether or not split, other than leather of heading 41.14.",0302,"Leather, rubber, footwear, semi-finished manufactu"
411310,(2002-) Of goats or kids,0302,"Leather, rubber, footwear, semi-finished manufactu"
411320,(2002-) Of swine,0302,"Leather, rubber, footwear, semi-finished manufactu"
411330,(2002-) Of reptiles,0302,"Leather, rubber, footwear, semi-finished manufactu"
411390,(2002-) Other,0302,"Leather, rubber, footwear, semi-finished manufactu"
411410,(2002-) Chamois (including combination chamois) leather,0302,"Leather, rubber, footwear, semi-finished manufactu"
411420,(2002-) Patent leather and patent laminated leather; metallised  leather,0302,"Leather, rubber, footwear, semi-finished manufactu"
411510,"(2002-) Composition leather with a basis of leather or leather fibre, in slabs, sheets or strip, whether or not in rolls",0302,"Leather, rubber, footwear, semi-finished manufactu"
430211,Of mink,0302,"Leather, rubber, footwear, semi-finished manufactu"
430212,"(-2001) Whole skins, with or without head, tail or paws, n",0302,"Leather, rubber, footwear, semi-finished manufactu"
430213,"(-2006) Of lamb, the following : Astrakhan, Broadtail, Caracul, Persian and similar lamb, Indian, Chinese, Mongolian or Tibetan lamb",0302,"Leather, rubber, footwear, semi-finished manufactu"
430219,Other,0302,"Leather, rubber, footwear, semi-finished manufactu"
430220,"Heads, tails, paws and other pieces or cuttings, not assembled",0302,"Leather, rubber, footwear, semi-finished manufactu"
430230,"Whole skins and pieces or cuttings thereof, assembled",0302,"Leather, rubber, footwear, semi-finished manufactu"
401010,"(-1995) Conveyor... belting, of vulcanized rubber ",0303,"Leather, rubber, footwear, finished manufactures"
401011,(1996-) Reinforced only with metal,0303,"Leather, rubber, footwear, finished manufactures"
401012,(1996-) Reinforced only with textile materials,0303,"Leather, rubber, footwear, finished manufactures"
401013,(1996-2006) Reinforced only with plastics,0303,"Leather, rubber, footwear, finished manufactures"
401019,(1996-) Other,0303,"Leather, rubber, footwear, finished manufactures"
401021,(1996-2001) Transmission belts or belting :-- Endless,0303,"Leather, rubber, footwear, finished manufactures"
401022,(1996-2001) Transmission belts or belting :-- Endless,0303,"Leather, rubber, footwear, finished manufactures"
401023,(1996-2001) Transmission belts or belting :-- Endless,0303,"Leather, rubber, footwear, finished manufactures"
401024,(1996-2001) Transmission belts or belting :-- Endless,0303,"Leather, rubber, footwear, finished manufactures"
401029,(1996-2001) Transmission belts or belting :-- Other,0303,"Leather, rubber, footwear, finished manufactures"
401031,"(2002-) Endless transmission belts of trapezoidal crosssection     (V belts), Vribbed, of an outside circumference exceeding 60  cm but not exceeding 180 cm",0303,"Leather, rubber, footwear, finished manufactures"
401032,"(2002-) Endless transmission belts of trapezoidal crosssection     (Vbelts), other than Vribbed, of an outside circumference exceeding 60 cm but not exceeding 180 cm",0303,"Leather, rubber, footwear, finished manufactures"
401033,"(2002-) Endless transmission belts of trapezoidal crosssection     (V belts), Vribbed, of an outside circumference exceeding 180 cm but not exceeding 240 cm",0303,"Leather, rubber, footwear, finished manufactures"
401034,"(2002-) Endless transmission belts of trapezoidal crosssection     (V belts), other than Vribbed, of an outside circumference exceeding 180 cm but not exceeding 240 cm",0303,"Leather, rubber, footwear, finished manufactures"
401035,"(2002-) Endless synchronous belts, of an outside circumference exceeding 60 cm but not exceeding 150 cm",0303,"Leather, rubber, footwear, finished manufactures"
401036,"(2002-) Endless synchronous belts, of an outside circumference exceeding 150 cm but not exceeding 198 cm",0303,"Leather, rubber, footwear, finished manufactures"
401039,(2002-) Other,0303,"Leather, rubber, footwear, finished manufactures"
401091,"(-1995) Conveyor... belting, of vulcanized rubber ",0303,"Leather, rubber, footwear, finished manufactures"
401099,"(-1995) Conveyor... belting, of vulcanized rubber ",0303,"Leather, rubber, footwear, finished manufactures"
401110,Of a kind used on motor cars (including station wagons and racing cars),0303,"Leather, rubber, footwear, finished manufactures"
401120,Of a kind used on buses or lorries,0303,"Leather, rubber, footwear, finished manufactures"
401130,Of a kind used on aircraft,0303,"Leather, rubber, footwear, finished manufactures"
401140,Of a kind used on motorcycles,0303,"Leather, rubber, footwear, finished manufactures"
401150,Of a kind used on bicycles,0303,"Leather, rubber, footwear, finished manufactures"
401161,(2002-) Of a kind used on agricultural or forestry vehicles and machines,0303,"Leather, rubber, footwear, finished manufactures"
401162,(2002-) Of a kind used on construction or industrial handling vehicles and machines and having a rim size not exceeding 61cm,0303,"Leather, rubber, footwear, finished manufactures"
401163,(2002-) Of a kind used on construction or industrial handling vehicles and machines and having a rim size exceeding 61 cm,0303,"Leather, rubber, footwear, finished manufactures"
401169,(2002-) Other,0303,"Leather, rubber, footwear, finished manufactures"
401191,(-2001) Other :-- Having a herring-bone or similar tread,0303,"Leather, rubber, footwear, finished manufactures"
401192,(2002-) Of a kind used on agricultural or forestry vehicles and machines,0303,"Leather, rubber, footwear, finished manufactures"
401193,(2002-) Of a kind used on construction or industrial handling vehicles and machines and having a rim size not exceeding 61 cm,0303,"Leather, rubber, footwear, finished manufactures"
401194,(2002-) Of a kind used on construction or industrial handling vehicles and machines and having a rim size exceeding 61cm,0303,"Leather, rubber, footwear, finished manufactures"
401199,Other,0303,"Leather, rubber, footwear, finished manufactures"
401210,(-2001) Retreaded tyres,0303,"Leather, rubber, footwear, finished manufactures"
401211,(2002-) Of a kind used on motor cars (including station wagons and  racing cars),0303,"Leather, rubber, footwear, finished manufactures"
401212,(2002-) Of a kind used on buses or lorries,0303,"Leather, rubber, footwear, finished manufactures"
401213,(2002-) Of a kind used on aircraft,0303,"Leather, rubber, footwear, finished manufactures"
401219,(2002-) Other,0303,"Leather, rubber, footwear, finished manufactures"
401220,Used pneumatic tyres,0303,"Leather, rubber, footwear, finished manufactures"
401290,Other,0303,"Leather, rubber, footwear, finished manufactures"
401310,"Of a kind used on motor cars (including station wagons and racing cars), buses or lorries",0303,"Leather, rubber, footwear, finished manufactures"
401320,Of a kind used on bicycles,0303,"Leather, rubber, footwear, finished manufactures"
401390,Other,0303,"Leather, rubber, footwear, finished manufactures"
401410,Sheath contraceptives,0303,"Leather, rubber, footwear, finished manufactures"
401490,Other,0303,"Leather, rubber, footwear, finished manufactures"
401511,Surgical,0303,"Leather, rubber, footwear, finished manufactures"
401519,Other,0303,"Leather, rubber, footwear, finished manufactures"
401590,Other,0303,"Leather, rubber, footwear, finished manufactures"
401610,Of cellular rubber,0303,"Leather, rubber, footwear, finished manufactures"
401691,Floor coverings and mats,0303,"Leather, rubber, footwear, finished manufactures"
401692,Erasers,0303,"Leather, rubber, footwear, finished manufactures"
401693,"Gaskets, washers and other seals",0303,"Leather, rubber, footwear, finished manufactures"
401694,"Boat or dock fenders, whether or not inflatable",0303,"Leather, rubber, footwear, finished manufactures"
401695,Other inflatable articles,0303,"Leather, rubber, footwear, finished manufactures"
401699,Other,0303,"Leather, rubber, footwear, finished manufactures"
401700,"Hard rubber (for example, ebonite) in all forms, including waste and scrap; articles of hard rubber.",0303,"Leather, rubber, footwear, finished manufactures"
420100,"Saddlery and harness for any animal (including traces, leads, knee pads, muzzles, saddle cloths, saddle bags, dog coats and the like), of any material.",0303,"Leather, rubber, footwear, finished manufactures"
420211,"With outer surface of leather, of composition leather or of patent leather",0303,"Leather, rubber, footwear, finished manufactures"
420219,Other,0303,"Leather, rubber, footwear, finished manufactures"
420221,"With outer surface of leather, of composition leather or of patent leather",0303,"Leather, rubber, footwear, finished manufactures"
420229,Other,0303,"Leather, rubber, footwear, finished manufactures"
420231,"With outer surface of leather, of composition leather or of patent leather",0303,"Leather, rubber, footwear, finished manufactures"
420239,Other,0303,"Leather, rubber, footwear, finished manufactures"
420291,"With outer surface of leather, of composition leather or of patent leather",0303,"Leather, rubber, footwear, finished manufactures"
420299,Other,0303,"Leather, rubber, footwear, finished manufactures"
420310,Articles of apparel,0303,"Leather, rubber, footwear, finished manufactures"
420321,Specially designed for use in sports,0303,"Leather, rubber, footwear, finished manufactures"
420329,Other,0303,"Leather, rubber, footwear, finished manufactures"
420330,Belts and bandoliers,0303,"Leather, rubber, footwear, finished manufactures"
420340,Other clothing accessories,0303,"Leather, rubber, footwear, finished manufactures"
420400,"(-2006) Articles of leather or of composition leather, of a kind used in machinery or mechanical appliances or for other technical uses.",0303,"Leather, rubber, footwear, finished manufactures"
420500,Other articles of leather or of composition leather.,0303,"Leather, rubber, footwear, finished manufactures"
430310,Articles of apparel and clothing accessories,0303,"Leather, rubber, footwear, finished manufactures"
430390,Other,0303,"Leather, rubber, footwear, finished manufactures"
430400,Artificial fur and articles thereof.,0303,"Leather, rubber, footwear, finished manufactures"
640110,Footwear incorporating a protective metal toecap,0303,"Leather, rubber, footwear, finished manufactures"
640191,(-2006) Covering the knee,0303,"Leather, rubber, footwear, finished manufactures"
640192,Covering the ankle but not covering the knee,0303,"Leather, rubber, footwear, finished manufactures"
640199,Other,0303,"Leather, rubber, footwear, finished manufactures"
640211,(-1995) Ski-boots and cross-country ski footwear o,0303,"Leather, rubber, footwear, finished manufactures"
640212,"(1996-) Skiboots, crosscountry ski footwear and snowboard boots",0303,"Leather, rubber, footwear, finished manufactures"
640219,Other,0303,"Leather, rubber, footwear, finished manufactures"
640220,Footwear with upper straps or thongs assembled to the sole by means of plugs,0303,"Leather, rubber, footwear, finished manufactures"
640230,"(-2006) Other footwear, incorporating a protective metal toecap",0303,"Leather, rubber, footwear, finished manufactures"
640291,Covering the ankle,0303,"Leather, rubber, footwear, finished manufactures"
640299,Other,0303,"Leather, rubber, footwear, finished manufactures"
640311,"(-1995) Ski-boots, etc, with rubber, plastics, lea",0303,"Leather, rubber, footwear, finished manufactures"
640312,"(1996-) Skiboots, crosscountry ski footwear and snowboard boots",0303,"Leather, rubber, footwear, finished manufactures"
640319,Other,0303,"Leather, rubber, footwear, finished manufactures"
640320,"Footwear with outer soles of leather, and uppers which consist of leather straps across the instep and around the big toe",0303,"Leather, rubber, footwear, finished manufactures"
640330,"(-2006) Footwear made on a base or platform of wood, not having an inner sole or a protective metal toecap",0303,"Leather, rubber, footwear, finished manufactures"
640340,"Other footwear, incorporating a protective metal toecap",0303,"Leather, rubber, footwear, finished manufactures"
640351,Covering the ankle,0303,"Leather, rubber, footwear, finished manufactures"
640359,Other,0303,"Leather, rubber, footwear, finished manufactures"
640391,Covering the ankle,0303,"Leather, rubber, footwear, finished manufactures"
640399,Other,0303,"Leather, rubber, footwear, finished manufactures"
640411,"Sports footwear; tennis shoes, basketball shoes, gym shoes, training shoes and the like",0303,"Leather, rubber, footwear, finished manufactures"
640419,Other,0303,"Leather, rubber, footwear, finished manufactures"
640420,- Footwear with outer soles of leather or composition leather,0303,"Leather, rubber, footwear, finished manufactures"
640510,-  With uppers of leather or composition leather,0303,"Leather, rubber, footwear, finished manufactures"
640590,-  Other,0303,"Leather, rubber, footwear, finished manufactures"
640620,"Outer soles and heels, of rubber or plastics",0303,"Leather, rubber, footwear, finished manufactures"
640691,Of wood,0303,"Leather, rubber, footwear, finished manufactures"
960500,"Travel sets for personal toilet, sewing or shoe or clothes cleaning.",0303,"Leather, rubber, footwear, finished manufactures"
260111,Nonagglomerated,0401,Ores & waste
260112,Agglomerated,0401,Ores & waste
260120,Roasted iron pyrites,0401,Ores & waste
260200,"Manganese ores and concentrates, including ferruginous manganese ores and concentrates with a manganese content of 20 % or more, calculated on the dry weight.",0401,Ores & waste
260300,Copper ores and concentrates.,0401,Ores & waste
260400,Nickel ores and concentrates.,0401,Ores & waste
260500,Cobalt ores and concentrates.,0401,Ores & waste
260600,Aluminium ores and concentrates.,0401,Ores & waste
260700,Lead ores and concentrates.,0401,Ores & waste
260800,Zinc ores and concentrates.,0401,Ores & waste
260900,Tin ores and concentrates.,0401,Ores & waste
261000,Chromium ores and concentrates.,0401,Ores & waste
261100,Tungsten ores and concentrates.,0401,Ores & waste
261210,Uranium ores and concentrates,0401,Ores & waste
261220,Thorium ores and concentrates,0401,Ores & waste
261310,Roasted,0401,Ores & waste
261390,Other,0401,Ores & waste
261400,Titanium ores and concentrates.,0401,Ores & waste
261510,Zirconium ores and concentrates,0401,Ores & waste
261590,Other,0401,Ores & waste
261610,Silver ores and concentrates,0401,Ores & waste
261690,Other,0401,Ores & waste
261710,Antimony ores and concentrates,0401,Ores & waste
261790,Other,0401,Ores & waste
262011,Hard zinc spelter,0401,Ores & waste
262019,Other,0401,Ores & waste
262020,(-2001) Containing mainly lead,0401,Ores & waste
262021,(2002-) Leaded gasoline sludges and leaded antiknock compound sludges,0401,Ores & waste
262029,(2002-) Other,0401,Ores & waste
262030,Containing mainly copper,0401,Ores & waste
262040,Containing mainly aluminium,0401,Ores & waste
262050,(-2001) Containing mainly vanadium,0401,Ores & waste
262060,"(2002-) Containing arsenic, mercury, thallium or their mixtures, of a kind used for the extraction of arsenic or those metals or for the manufacture of their chemical compounds",0401,Ores & waste
262090,(-2001) Other,0401,Ores & waste
262091,"(2002-) Containing antimony, beryllium, cadmium, chromium or their mixtures",0401,Ores & waste
262099,(2002-) Other,0401,Ores & waste
720110,  Nonalloy pig iron containing by weight 0.5 % or less of phosphorus,0402,Semi-finished manufactures
720120,Nonalloy pig iron containing by weight more than 0.5 % of phosphorus,0402,Semi-finished manufactures
720130,"(-1995) Pig iron, alloy in primary forms",0402,Semi-finished manufactures
720140,(-1995) Spiegeleisen in primary forms,0402,Semi-finished manufactures
720150,(1996-) Alloy pig iron; spiegeleisen,0402,Semi-finished manufactures
720211,Containing by weight more than 2 % of carbon,0402,Semi-finished manufactures
720219,Other,0402,Semi-finished manufactures
720221,Containing by weight more than 55 % of silicon,0402,Semi-finished manufactures
720229,Other,0402,Semi-finished manufactures
720230,Ferrosilicomanganese,0402,Semi-finished manufactures
720241,Containing by weight more than 4 % of carbon,0402,Semi-finished manufactures
720249,Other,0402,Semi-finished manufactures
720250,Ferrosilicochromium,0402,Semi-finished manufactures
720260,Ferronickel,0402,Semi-finished manufactures
720270,Ferromolybdenum,0402,Semi-finished manufactures
720280,Ferrotungsten and ferrosilicotungsten,0402,Semi-finished manufactures
720291,Ferrotitanium and ferrosilicotitanium,0402,Semi-finished manufactures
720292,Ferrovanadium,0402,Semi-finished manufactures
720293,Ferroniobium,0402,Semi-finished manufactures
720299,Other,0402,Semi-finished manufactures
720310,Ferrous products obtained by direct reduction of iron ore,0402,Semi-finished manufactures
720390,Other,0402,Semi-finished manufactures
720410,Waste and scrap of cast iron,0402,Semi-finished manufactures
720421,Of stainless steel,0402,Semi-finished manufactures
720429,Other,0402,Semi-finished manufactures
720430,Waste and scrap of tinned iron or steel,0402,Semi-finished manufactures
720441,"Turnings, shavings, chips, milling waste, sawdust, filings, trimmings and stampings, whether or not in bundles",0402,Semi-finished manufactures
720449,Other,0402,Semi-finished manufactures
720450,Remelting scrap ingots,0402,Semi-finished manufactures
720510,Granules,0402,Semi-finished manufactures
720521,Of alloy steel,0402,Semi-finished manufactures
720529,Other,0402,Semi-finished manufactures
720610,Ingots,0402,Semi-finished manufactures
720690,Other,0402,Semi-finished manufactures
720711,"Of rectangular (including square) crosssection, the width measuring less than twice the thickness",0402,Semi-finished manufactures
720712,"Other, of rectangular (other than square) crosssection",0402,Semi-finished manufactures
720719,Other,0402,Semi-finished manufactures
720720,Containing by weight 0.25 % or more of carbon,0402,Semi-finished manufactures
720810,"(1996-) In coils, not further worked than hotrolled, with patterns in relief",0402,Semi-finished manufactures
720811,"(-1995) Flat rlld prod, i/nas, in coil, hr,=>600mm",0402,Semi-finished manufactures
720812,"(-1995) Flat rlld prod, i/nas, in coil, hr,=>600mm",0402,Semi-finished manufactures
720813,"(-1995) Flat rlld prod, i/nas, in coil, hr,=>600mm",0402,Semi-finished manufactures
720814,"(-1995) Flat rolled prod, i/nas, in coil, hr, =>60",0402,Semi-finished manufactures
720821,"(-1995) Flat rolled prod, i/nas, in coil, hr, =>60",0402,Semi-finished manufactures
720822,"(-1995) Flat rlld prod, i/nas, in coil, hr,=>600mm",0402,Semi-finished manufactures
720823,"(-1995) Flat rlld prod, i/nas, in coil, hr,=>600mm",0402,Semi-finished manufactures
720824,"(-1995) Flat rlld prod, i/nas, in coil, hr,=>600mm",0402,Semi-finished manufactures
720825,(1996-) Of a thickness of 4.75 mm or more,0402,Semi-finished manufactures
720826,(1996-) Of a thickness of 3 mm or more but less than 4.75 mm,0402,Semi-finished manufactures
720827,(1996-) Of a thickness of less than 3 mm,0402,Semi-finished manufactures
720831,"(-1995) Flat rolled prod, i/nas,nic,hr,=>600mm wid",0402,Semi-finished manufactures
720832,"(-1995) Flat rolled prod, i/nas, nic, hr =>600mm w",0402,Semi-finished manufactures
720833,"(-1995) Flat rlld prod, i/nas, nic, hr=>600mm w, 4",0402,Semi-finished manufactures
720834,"(-1995) Flat rolled prod, i/nas,nic,hr=>600mm wide",0402,Semi-finished manufactures
720835,"(-1995) Flat rolled prod, i/nas,nic,hr=>600mm wide",0402,Semi-finished manufactures
720836,(1996-) Of a thickness exceeding 10 mm,0402,Semi-finished manufactures
720837,(1996-) Of a thickness of 4.75 mm or more but not exceeding 10 mm,0402,Semi-finished manufactures
720838,(1996-) Of a thickness of 3 mm or more but less than 4.75 mm,0402,Semi-finished manufactures
720839,(1996-) Of a thickness of less than 3 mm,0402,Semi-finished manufactures
720840,"(1996-) Not in coils, not further worked than hotrolled, with patterns in relief",0402,Semi-finished manufactures
720841,"(-1995) Flat rolled prod, i/nas, nic, hr 600mm =<w",0402,Semi-finished manufactures
720842,"(-1995) Flat rolled prod, i/nas, not in coil, hr =",0402,Semi-finished manufactures
720843,"(-1995) Flat rlld prod, i/nas, not in coil, hr=>60",0402,Semi-finished manufactures
720844,"(-1995) Flat rolled prod, i/nas, not in coil, hr =",0402,Semi-finished manufactures
720845,"(-1995) Flat rolled prod, i/nas, not in coil, hr =",0402,Semi-finished manufactures
720851,(1996-) Of a thickness exceeding 10 mm,0402,Semi-finished manufactures
720852,(1996-) Of a thickness of 4.75 mm or more but not exceeding 10 mm,0402,Semi-finished manufactures
720853,(1996-) Of a thickness of 3 mm or more but less than 4.75 mm,0402,Semi-finished manufactures
720854,(1996-) Of a thickness of less than 3 mm,0402,Semi-finished manufactures
720890,Other,0402,Semi-finished manufactures
720911,"(-1995) Flat rolled prod, i/nas, in coil, cr, =>60",0402,Semi-finished manufactures
720912,"(-1995) Flat rlld prod, i/nas, in coil, cr,=>600mm",0402,Semi-finished manufactures
720913,"(-1995) Flat rlld prod,i/nas,in coil,cr,=>600mm w,",0402,Semi-finished manufactures
720914,"(-1995) Flat rlld prod, i/nas, in coil, cr,=>600mm",0402,Semi-finished manufactures
720915,(1996-) Of a thickness of 3 mm or more,0402,Semi-finished manufactures
720916,(1996-) Of a thickness exceeding 1 mm but less than 3 mm,0402,Semi-finished manufactures
720917,(1996-) Of a thickness of 0.5 mm or more but not exceeding 1 mm,0402,Semi-finished manufactures
720918,(1996-) Of a thickness of less than 0.5 mm,0402,Semi-finished manufactures
720921,"(-1995) Flat rolled prod, i/nas, in coil, cr, =>60",0402,Semi-finished manufactures
720922,"(-1995) Flat rolled prod, i/nas, in coil, cr, =>60",0402,Semi-finished manufactures
720923,"(-1995) Flat rlld prod, i/nas, in coil, cr,=>600mm",0402,Semi-finished manufactures
720924,"(-1995) Flat rlld prod, i/nas, in coil, cr,=>600mm",0402,Semi-finished manufactures
720925,(1996-) Of a thickness of 3 mm or more,0402,Semi-finished manufactures
720926,(1996-) Of a thickness exceeding 1 mm but less than 3 mm,0402,Semi-finished manufactures
720927,(1996-) Of a thickness of 0.5 mm or more but not exceeding 1 mm,0402,Semi-finished manufactures
720928,(1996-) Of a thickness of less than 0.5 mm,0402,Semi-finished manufactures
720931,"(-1995) Flat rlld prod, i/nas, not in coil, cr=>60",0402,Semi-finished manufactures
720932,"(-1995) Flat rolled prod, i/nas, not in coil,cr=>6",0402,Semi-finished manufactures
720933,"(-1995) Flat rlld prod,i/nas,not in coil,cr=>600mm",0402,Semi-finished manufactures
720934,"(-1995) Flat rlld prod, i/nas, not in coil, cr=>60",0402,Semi-finished manufactures
720941,"(-1995) Flat rlld prod, i/nas, not in coil, cr=>60",0402,Semi-finished manufactures
720942,"(-1995) Flat rolled prod, i/nas, not in coil, cr =",0402,Semi-finished manufactures
720943,"(-1995) Flat rolled prod, i/nas, not in coil, cr =",0402,Semi-finished manufactures
720944,"(-1995) Flat rlld prod, i/nas, not in coil, cr=>60",0402,Semi-finished manufactures
720990,Other,0402,Semi-finished manufactures
721011,Of a thickness of 0.5 mm or more,0402,Semi-finished manufactures
721012,Of a thickness of less than 0.5 mm,0402,Semi-finished manufactures
721020,"Plated or coated with lead, including terneplate",0402,Semi-finished manufactures
721030,(1996-) Electrolytically plated or coated with zinc,0402,Semi-finished manufactures
721031,"(-1995) Flat rolled prod,steel,electro pltd/w/ zin",0402,Semi-finished manufactures
721039,"(-1995) Flat rolled prod, i/nas, electro pltd or c",0402,Semi-finished manufactures
721041,Corrugated,0402,Semi-finished manufactures
721049,Other,0402,Semi-finished manufactures
721050,Plated or coated with chromium oxides or with chromium and chromium oxides,0402,Semi-finished manufactures
721060,"(-1995) Flat rolled prod, i/nas, plated or coated ",0402,Semi-finished manufactures
721061,(1996-) Plated or coated with aluminiumzinc alloys,0402,Semi-finished manufactures
721069,(1996-) Other,0402,Semi-finished manufactures
721070,"Painted, varnished or coated with plastics",0402,Semi-finished manufactures
721090,Other,0402,Semi-finished manufactures
721111,"(-1995) Flat rlld prod,i/nas,hr,rlld on 4 face,150",0402,Semi-finished manufactures
721112,"(-1995) Flat rolled prod, i/nas, hr, <600mm wide =",0402,Semi-finished manufactures
721113,"(1996-) Rolled on four faces or in a closed box pass, of a width exceeding 150 mm and a thickness of not less than 4 mm, not in coils and without patterns in relief",0402,Semi-finished manufactures
721114,"(1996-) Other, of a thickness of 4.75 mm or more",0402,Semi-finished manufactures
721119,Other,0402,Semi-finished manufactures
721121,"(-1995) Flat rlld prod,i/nas,hr,rlld on 4 faces,15",0402,Semi-finished manufactures
721122,"(-1995) Flat rolled prod, i/nas, hr, <600mm wide, ",0402,Semi-finished manufactures
721123,(1996-) Containing by weight less than 0.25 % of carbon,0402,Semi-finished manufactures
721129,Other,0402,Semi-finished manufactures
721130,"(-1995) Flat rlld prod,i/nas,cr,<600mm wide<3mm th",0402,Semi-finished manufactures
721141,"(-1995) Flat rlld prod,i/nas,cr,<600mm wide cntg b",0402,Semi-finished manufactures
721149,"(-1995) Flat rolled prod, i/nas, cold rolled or co",0402,Semi-finished manufactures
721190,Other,0402,Semi-finished manufactures
721210,Plated or coated with tin,0402,Semi-finished manufactures
721220,(1996-) Electrolytically plated or coated with zinc,0402,Semi-finished manufactures
721221,"(-1995) Flat rlld prod, steel, <600mm w, <3mm thk ",0402,Semi-finished manufactures
721229,"(-1995) Flat rolled prod, i/nas, <600mm wide, clad",0402,Semi-finished manufactures
721230,Otherwise plated or coated with zinc,0402,Semi-finished manufactures
721240,"Painted, varnished or coated with plastics",0402,Semi-finished manufactures
721250,Otherwise plated or coated,0402,Semi-finished manufactures
721260,Clad,0402,Semi-finished manufactures
721310,"Containing indentations, ribs, grooves or other deformations produced during the rolling process",0402,Semi-finished manufactures
721320,"Other, of freecutting steel",0402,Semi-finished manufactures
721331,"(-1995) Bars/rods,i/nas,hr,in irreg wnd coils of c",0402,Semi-finished manufactures
721339,"(-1995) Bars & rods, i/nas, hr, containing by weig",0402,Semi-finished manufactures
721341,"(-1995) Bars&rods,i/nas,hr,of circ cross sect<14mm",0402,Semi-finished manufactures
721349,"(-1995) Bars & rods, i/nas, hr, containing by wght",0402,Semi-finished manufactures
721350,"(-1995) Bars&rods,iron or non-alloy steel,hr conta",0402,Semi-finished manufactures
721391,(1996-) Of circular crosssection measuring less than 14 mm in diameter,0402,Semi-finished manufactures
721399,(1996-) Other,0402,Semi-finished manufactures
721410,Forged,0402,Semi-finished manufactures
721420,"Containing indentations, ribs, grooves or other deformations produced during the rolling process or twisted after rolling",0402,Semi-finished manufactures
721430,"Other, of freecutting steel",0402,Semi-finished manufactures
721440,"(-1995) Bars&rods,i/nas,hot rlld,drawn/extruded,cn",0402,Semi-finished manufactures
721450,"(-1995) Bars & rods, i/nas, hr, hd or he, cntg by ",0402,Semi-finished manufactures
721460,"(-1995) Bars & rods, i/nas, hr, hd or he, cntg by ",0402,Semi-finished manufactures
721491,(1996-) Of rectangular (other than square) crosssection,0402,Semi-finished manufactures
721499,(1996-) Other,0402,Semi-finished manufactures
721510,"Of freecutting steel, not further worked than coldformed or coldfinished",0402,Semi-finished manufactures
721520,"(-1995) Bars & rods, i/nas, nfw than cold formed o",0402,Semi-finished manufactures
721530,"(-1995) Bars&rods,i/nas,nfw than cold formed or fi",0402,Semi-finished manufactures
721540,"(-1995) Bars & rods, i/nas, nfw than cold formed o",0402,Semi-finished manufactures
721550,"(1996-) Other, not further worked than coldformed or coldfinished",0402,Semi-finished manufactures
721590,Other,0402,Semi-finished manufactures
721610,"U, I or H sections, not further worked than hotrolled, hotdrawn or extruded, of a height of less than 80 mm",0402,Semi-finished manufactures
721621,L sections,0402,Semi-finished manufactures
721622,T sections,0402,Semi-finished manufactures
721631,U sections,0402,Semi-finished manufactures
721632,I sections,0402,Semi-finished manufactures
721633,H sections,0402,Semi-finished manufactures
721640,"L or T sections, not further worked than hotrolled, hotdrawn or extruded, of a height of 80 mm or more",0402,Semi-finished manufactures
721650,"Other angles, shapes and sections, not further worked than hotrolled, hotdrawn or extruded",0402,Semi-finished manufactures
721660,"(-1995) Angles, shapes and sections, i/nas, nfw th",0402,Semi-finished manufactures
721661,(1996-) Obtained from flatrolled products,0402,Semi-finished manufactures
721669,(1996-) Other,0402,Semi-finished manufactures
721690,"(-1995) Angles, shapes and sections, iron or non-a",0402,Semi-finished manufactures
721691,(1996-) Coldformed or coldfinished from flatrolled products,0402,Semi-finished manufactures
721699,(1996-) Other,0402,Semi-finished manufactures
721710,"(1996-) Not plated or coated, whether or not polished",0402,Semi-finished manufactures
721711,"(-1995) Wire,i/nas,polished or not,but not plated ",0402,Semi-finished manufactures
721712,"(-1995) Wire,i/nas,plated or coated with zinc,cont",0402,Semi-finished manufactures
721713,"(-1995) Wire,i/nas,plated or coated with oth base ",0402,Semi-finished manufactures
721719,"(-1995) Wire, i/nas, containing by weight less tha",0402,Semi-finished manufactures
721720,(1996-) Plated or coated with zinc,0402,Semi-finished manufactures
721721,"(-1995) Wire, i/nas,polished or not,but not pltd o",0402,Semi-finished manufactures
721722,"(-1995) Wire, i/nas, plated or coated with zinc co",0402,Semi-finished manufactures
721723,"(-1995) Wire,i/nas,pltd or ctd with oth base mtls ",0402,Semi-finished manufactures
721729,"(-1995) Wire, iron or non-alloy steel, nes contain",0402,Semi-finished manufactures
721730,(1996-) Plated or coated with other base metals,0402,Semi-finished manufactures
721731,"(-1995) Wire,i/nas,polished or not,but not pltd or",0402,Semi-finished manufactures
721732,"(-1995) Wire,i/nas,plated or coated with zinc cont",0402,Semi-finished manufactures
721733,"(-1995) Wire,i/nas,pltd or ctd with oth base mtls ",0402,Semi-finished manufactures
721739,"(-1995) Wire, iron or non-alloy steel, nes contain",0402,Semi-finished manufactures
721790,(1996-) Other,0402,Semi-finished manufactures
721810,Ingots and other primary forms,0402,Semi-finished manufactures
721890,"(-1995) Semi-finished products, stainless steel",0402,Semi-finished manufactures
721891,(1996-) Of rectangular (other than square) crosssection,0402,Semi-finished manufactures
721899,(1996-) Other,0402,Semi-finished manufactures
721911,Of a thickness exceeding 10 mm,0402,Semi-finished manufactures
721912,Of a thickness of 4.75 mm or more but not exceeding 10 mm,0402,Semi-finished manufactures
721913,Of a thickness of 3 mm or more but less than 4.75 mm,0402,Semi-finished manufactures
721914,Of a thickness of less than 3 mm,0402,Semi-finished manufactures
721921,Of a thickness exceeding 10 mm,0402,Semi-finished manufactures
721922,Of a thickness of 4.75 mm or more but not exceeding 10 mm,0402,Semi-finished manufactures
721923,Of a thickness of 3 mm or more but less than 4.75 mm,0402,Semi-finished manufactures
721924,Of a thickness of less than 3 mm,0402,Semi-finished manufactures
721931,Of a thickness of 4.75 mm or more,0402,Semi-finished manufactures
721932,Of a thickness of 3 mm or more but less than 4.75 mm,0402,Semi-finished manufactures
721933,Of a thickness exceeding 1 mm but less than 3 mm,0402,Semi-finished manufactures
721934,Of a thickness of 0.5 mm or more but not exceeding 1 mm,0402,Semi-finished manufactures
721935,Of a thickness of less than 0.5 mm,0402,Semi-finished manufactures
721990,Other,0402,Semi-finished manufactures
722011,Of a thickness of 4.75 mm or more,0402,Semi-finished manufactures
722012,Of a thickness of less than 4.75 mm,0402,Semi-finished manufactures
722020,Not further worked than coldrolled (coldreduced),0402,Semi-finished manufactures
722090,Other,0402,Semi-finished manufactures
722100,"Bars and rods, hotrolled, in irregularly wound coils, of stainless steel.",0402,Semi-finished manufactures
722210,"(-1995) Bars & rods, stainless steel, nfw than hot",0402,Semi-finished manufactures
722211,(1996-) Of circular crosssection,0402,Semi-finished manufactures
722219,(1996-) Other,0402,Semi-finished manufactures
722220,"Bars and rods, not further worked than coldformed or coldfinished",0402,Semi-finished manufactures
722230,Other bars and rods,0402,Semi-finished manufactures
722240,"Angles, shapes and sections",0402,Semi-finished manufactures
722300,Wire of stainless steel.,0402,Semi-finished manufactures
722410,Ingots and other primary forms,0402,Semi-finished manufactures
722490,Other,0402,Semi-finished manufactures
722510,(-1995) Flat rolled products of silicon-electrical,0402,Semi-finished manufactures
722511,(1996-) Grainoriented,0402,Semi-finished manufactures
722519,(1996-) Other,0402,Semi-finished manufactures
722520,(-2006) Of high speed steel,0402,Semi-finished manufactures
722530,"Other, not further worked than hotrolled, in coils",0402,Semi-finished manufactures
722540,"Other, not further worked than hotrolled, not in coils",0402,Semi-finished manufactures
722550,"Other, not further worked than coldrolled (coldreduced)",0402,Semi-finished manufactures
722590,"(-1995) Flat rolled prod, as, o/t stainless, =>600",0402,Semi-finished manufactures
722591,(1996-) Electrolytically plated or coated with zinc,0402,Semi-finished manufactures
722592,(1996-) Otherwise plated or coated with zinc,0402,Semi-finished manufactures
722599,(1996-) Other,0402,Semi-finished manufactures
722610,"(-1995) Flat rolled prod, of silicon electrical st",0402,Semi-finished manufactures
722611,(1996-) Grainoriented,0402,Semi-finished manufactures
722619,(1996-) Other,0402,Semi-finished manufactures
722620,Of high speed steel,0402,Semi-finished manufactures
722691,Not further worked than hotrolled,0402,Semi-finished manufactures
722692,Not further worked than coldrolled (coldreduced),0402,Semi-finished manufactures
722693,(1996-2006) Electrolytically plated or coated with zinc,0402,Semi-finished manufactures
722694,(1996-2006) Otherwise plated or coated with zinc,0402,Semi-finished manufactures
722699,Other,0402,Semi-finished manufactures
722710,Of high speed steel,0402,Semi-finished manufactures
722720,Of silicomanganese steel,0402,Semi-finished manufactures
722790,Other,0402,Semi-finished manufactures
722810,"Bars and rods, of high speed steel",0402,Semi-finished manufactures
722820,"Bars and rods, of silicomanganese steel",0402,Semi-finished manufactures
722830,"Other bars and rods, not further worked than hotrolled, hotdrawn or extruded",0402,Semi-finished manufactures
722840,"Other bars and rods, not further worked than forged",0402,Semi-finished manufactures
722850,"Other bars and rods, not further worked than coldformed or coldfinished",0402,Semi-finished manufactures
722860,Autres barres,0402,Semi-finished manufactures
722870,Profilés,0402,Semi-finished manufactures
722880,Barres creuses pour le forage,0402,Semi-finished manufactures
722910,(-2006) En aciers à coupe rapide,0402,Semi-finished manufactures
722920,En aciers silico-manganeux,0402,Semi-finished manufactures
722990,Autres,0402,Semi-finished manufactures
730110,Sheet piling,0402,Semi-finished manufactures
730120,"Angles, shapes and sections",0402,Semi-finished manufactures
730210,Rails,0402,Semi-finished manufactures
730220,(-2001) Sleepers (cross-ties),0402,Semi-finished manufactures
730230,"Switch blades, crossing frogs, point rods and other crossing pieces",0402,Semi-finished manufactures
730240,Fishplates and sole plates,0402,Semi-finished manufactures
730290,Other,0402,Semi-finished manufactures
730300,"Tubes, pipes and hollow profiles, of cast iron.",0402,Semi-finished manufactures
730410,(-2006) Line pipe of a kind used for oil or gas pipelines,0402,Semi-finished manufactures
730420,"(-1995) Casings,tubing&drill pipe,i/st,smls,for us",0402,Semi-finished manufactures
730421,(1996-2006) Drill pipe,0402,Semi-finished manufactures
730429,(1996-) Other,0402,Semi-finished manufactures
730431,Cold-drawn or cold-rolled (cold-reduced),0402,Semi-finished manufactures
730439,Other,0402,Semi-finished manufactures
730441,Cold-drawn or cold-rolled (cold-reduced),0402,Semi-finished manufactures
730449,Other,0402,Semi-finished manufactures
730451,Cold-drawn or cold-rolled (cold-reduced),0402,Semi-finished manufactures
730459,Other,0402,Semi-finished manufactures
730490,Other,0402,Semi-finished manufactures
730511,Longitudinally submerged arc welded,0402,Semi-finished manufactures
730512,"Other, longitudinally welded",0402,Semi-finished manufactures
730519,Other,0402,Semi-finished manufactures
730520,Casing of a kind used in drilling for oil or gas,0402,Semi-finished manufactures
730531,Longitudinally welded,0402,Semi-finished manufactures
730539,Other,0402,Semi-finished manufactures
730590,Other,0402,Semi-finished manufactures
730610,(-2006) Line pipe of a kind used for oil or gas pipelines,0402,Semi-finished manufactures
730620,(-2006) Casing and tubing of a kind used in drilling for oil or gas,0402,Semi-finished manufactures
730630,"Other, welded, of circular crosssection, of iron or nonalloy steel",0402,Semi-finished manufactures
730640,"Other, welded, of circular crosssection, of stainless steel",0402,Semi-finished manufactures
730650,"Other, welded, of circular crosssection, of other alloy steel",0402,Semi-finished manufactures
730660,"(-2006) Other, welded, of noncircular crosssection",0402,Semi-finished manufactures
730690,Other,0402,Semi-finished manufactures
740110,(-2006) Copper mattes,0402,Semi-finished manufactures
740120,(-2006) Cement copper (precipitated copper),0402,Semi-finished manufactures
740200,Unrefined copper; copper anodes for electrolytic refining.,0402,Semi-finished manufactures
740311,Cathodes and sections of cathodes,0402,Semi-finished manufactures
740312,Wirebars,0402,Semi-finished manufactures
740313,Billets,0402,Semi-finished manufactures
740319,Other,0402,Semi-finished manufactures
740321,Copperzinc base alloys (brass),0402,Semi-finished manufactures
740322,Coppertin base alloys (bronze),0402,Semi-finished manufactures
740323,(-2006) Coppernickel base alloys (cupronickel) or coppernickelzinc base alloys (nickel silver),0402,Semi-finished manufactures
740329,Other copper alloys (other than master alloys of heading 74.05),0402,Semi-finished manufactures
740400,Copper waste and scrap.,0402,Semi-finished manufactures
740500,Master alloys of copper.,0402,Semi-finished manufactures
740610,Powders of nonlamellar structure,0402,Semi-finished manufactures
740620,Powders of lamellar structure; flakes,0402,Semi-finished manufactures
740710,Of refined copper,0402,Semi-finished manufactures
740721,Of copperzinc base alloys (brass),0402,Semi-finished manufactures
740722,(-2006) Of coppernickel base alloys (cupronickel) or coppernickelzinc base alloys (nickel silver),0402,Semi-finished manufactures
740729,Other,0402,Semi-finished manufactures
740811,Of which the maximum crosssectional dimension exceeds 6 mm,0402,Semi-finished manufactures
740819,Other,0402,Semi-finished manufactures
740821,Of copperzinc base alloys (brass),0402,Semi-finished manufactures
740822,Of coppernickel base alloys (cupronickel) or coppernickelzinc base alloys (nickel silver),0402,Semi-finished manufactures
740829,Other,0402,Semi-finished manufactures
740911,In coils,0402,Semi-finished manufactures
740919,Other,0402,Semi-finished manufactures
740921,In coils,0402,Semi-finished manufactures
740929,Other,0402,Semi-finished manufactures
740931,In coils,0402,Semi-finished manufactures
740939,Other,0402,Semi-finished manufactures
740940,Of  coppernickel  base  alloys (cupronickel) or copper nickelzinc base alloys (nickel silver),0402,Semi-finished manufactures
740990,Of other copper alloys,0402,Semi-finished manufactures
741011,Of refined copper,0402,Semi-finished manufactures
741012,Of copper alloys,0402,Semi-finished manufactures
741021,Of refined copper,0402,Semi-finished manufactures
741022,Of copper alloys,0402,Semi-finished manufactures
741110,Of refined copper,0402,Semi-finished manufactures
741121,Of copperzinc base alloys (brass),0402,Semi-finished manufactures
741122,Of coppernickel base alloys (cupronickel) or coppernickelzinc base alloys (nickel silver),0402,Semi-finished manufactures
741129,Other,0402,Semi-finished manufactures
741210,Of refined copper,0402,Semi-finished manufactures
741220,Of copper alloys,0402,Semi-finished manufactures
750110,Nickel mattes,0402,Semi-finished manufactures
750120,Nickel oxide sinters and other intermediate products of nickel metallurgy,0402,Semi-finished manufactures
750210,"Nickel, not alloyed",0402,Semi-finished manufactures
750220,Nickel alloys,0402,Semi-finished manufactures
750300,Nickel waste and scrap.,0402,Semi-finished manufactures
750400,Nickel powders and flakes.,0402,Semi-finished manufactures
750511,"Of nickel, not alloyed",0402,Semi-finished manufactures
750512,Of nickel alloys,0402,Semi-finished manufactures
750521,"Of nickel, not alloyed",0402,Semi-finished manufactures
750522,Of nickel alloys,0402,Semi-finished manufactures
750610,"Of nickel, not alloyed",0402,Semi-finished manufactures
750620,Of nickel alloys,0402,Semi-finished manufactures
750711,"Of nickel, not alloyed",0402,Semi-finished manufactures
750712,Of nickel alloys,0402,Semi-finished manufactures
750720,Tube or pipe fittings,0402,Semi-finished manufactures
760110,"Aluminium, not alloyed",0402,Semi-finished manufactures
760120,Aluminium alloys,0402,Semi-finished manufactures
760200,Aluminium waste and scrap.,0402,Semi-finished manufactures
760310,Powders of nonlamellar structure,0402,Semi-finished manufactures
760320,Powders of lamellar structure; flakes,0402,Semi-finished manufactures
760410,"Of aluminium, not alloyed",0402,Semi-finished manufactures
760421,Hollow profiles,0402,Semi-finished manufactures
760429,Other,0402,Semi-finished manufactures
760511,Of which the maximum crosssectional dimension exceeds 7 mm,0402,Semi-finished manufactures
760519,Other,0402,Semi-finished manufactures
760521,Of which the maximum crosssectional dimension exceeds 7 mm,0402,Semi-finished manufactures
760529,Other,0402,Semi-finished manufactures
760611,"Of aluminium, not alloyed",0402,Semi-finished manufactures
760612,Of aluminium alloys,0402,Semi-finished manufactures
760691,"Of aluminium, not alloyed",0402,Semi-finished manufactures
760692,Of aluminium alloys,0402,Semi-finished manufactures
760711,Rolled but not further worked,0402,Semi-finished manufactures
760719,Other,0402,Semi-finished manufactures
760720,Backed,0402,Semi-finished manufactures
760810,"Of aluminium, not alloyed",0402,Semi-finished manufactures
760820,Of aluminium alloys,0402,Semi-finished manufactures
760900,"Aluminium tube or pipe fittings (for example, couplings, elbows, sleeves).",0402,Semi-finished manufactures
780110,Refined lead,0402,Semi-finished manufactures
780191,Containing by weight antimony as the principal other element,0402,Semi-finished manufactures
780199,Other,0402,Semi-finished manufactures
780200,Lead waste and scrap.,0402,Semi-finished manufactures
780300,"(-2006) Lead bars, rods, profiles and wire.",0402,Semi-finished manufactures
780411,"Sheets, strip and foil of a thickness (excluding any backing) not exceeding 0.2 mm",0402,Semi-finished manufactures
780419,Other,0402,Semi-finished manufactures
780420,Powders and flakes,0402,Semi-finished manufactures
780500,"(-2006) Lead tubes, pipes and tube or pipe fittings (for example, couplings, elbows, sleeves).",0402,Semi-finished manufactures
780600,Other articles of lead.,0402,Semi-finished manufactures
790111,Containing by weight 99.99 % or more of zinc,0402,Semi-finished manufactures
790112,Containing by weight less than 99.99 % of zinc,0402,Semi-finished manufactures
790120,Zinc alloys,0402,Semi-finished manufactures
790200,Zinc waste and scrap.,0402,Semi-finished manufactures
790310,Zinc dust,0402,Semi-finished manufactures
790390,Other,0402,Semi-finished manufactures
790400,"Zinc bars, rods, profiles and wire.",0402,Semi-finished manufactures
790500,"Zinc plates, sheets, strip and foil.",0402,Semi-finished manufactures
790600,"(-2006) Zinc tubes, pipes and tube or pipe fittings (for example, couplings, elbows, sleeves).",0402,Semi-finished manufactures
790700,(1996-) Other articles of zinc.,0402,Semi-finished manufactures
790710,(-1995) Zinc fabricated building components(ex gut,0402,Semi-finished manufactures
790790,(-1995) Articles of zinc nes,0402,Semi-finished manufactures
800110,"Tin, not alloyed",0402,Semi-finished manufactures
800120,Tin alloys,0402,Semi-finished manufactures
800200,Tin waste and scrap.,0402,Semi-finished manufactures
800300,"Tin bars, rods, profiles and wire.",0402,Semi-finished manufactures
800400,"(-2006) Tin plates, sheets and strip, of a thickness exceeding 0.2 mm.",0402,Semi-finished manufactures
800500,"(1996-2006) Tin foil (whether or not printed or backed with paper, paperboard, plastics or similar backing materials), of a thickness (excluding any backing) not exceeding 0.2 mm; tin powders and flakes.",0402,Semi-finished manufactures
800510,(-1995) Tin foil (w/n printed or backed of a thick,0402,Semi-finished manufactures
800520,(-1995) Tin powders and flakes,0402,Semi-finished manufactures
800600,"(-2006) Tin tubes, pipes and tube or pipe fittings (for example, couplings, elbows, sleeves).",0402,Semi-finished manufactures
800700,Other articles of tin.,0402,Semi-finished manufactures
810110,Powders,0402,Semi-finished manufactures
810191,"(-2001) Other :-- Unwrought tungsten, including bars and r",0402,Semi-finished manufactures
810192,"(-2001) Other :-- Bars and rods, other than those obtained",0402,Semi-finished manufactures
810193,(-2001) Other :-- Wire,0402,Semi-finished manufactures
810194,"(2002-) Unwrought tungsten, including bars and rods obtained simply by sintering",0402,Semi-finished manufactures
810195,"(2002-2006) Bars and rods, other than those obtained simply by sintering, profiles, plates, sheets, strip and foil",0402,Semi-finished manufactures
810196,(2002-) Wire,0402,Semi-finished manufactures
810197,(2002-) Waste and scrap,0402,Semi-finished manufactures
810199,Other,0402,Semi-finished manufactures
810210,Powders,0402,Semi-finished manufactures
810291,"(-2001) Other :-- Unwrought molybdenum, including bars and",0402,Semi-finished manufactures
810292,"(-2001) Other :-- Bars and rods, other than those obtained",0402,Semi-finished manufactures
810293,(-2001) Other :-- Wire,0402,Semi-finished manufactures
810294,"(2002-) Unwrought molybdenum, including bars and rods obtained simply by sintering",0402,Semi-finished manufactures
810295,"(2002-) Bars and rods, other than those obtained simply by sintering, profiles, plates, sheets, strip and foil",0402,Semi-finished manufactures
810296,(2002-) Wire,0402,Semi-finished manufactures
810297,(2002-) Waste and scrap,0402,Semi-finished manufactures
810299,Other,0402,Semi-finished manufactures
810310,"(-2001) Unwrought tantalum, including bars and rods obtain",0402,Semi-finished manufactures
810320,"(2002-) Unwrought tantalum, including bars and rods obtained simply by sintering; powders",0402,Semi-finished manufactures
810330,(2002-) Waste and scrap,0402,Semi-finished manufactures
810390,Other,0402,Semi-finished manufactures
810411,Containing at least 99.8 % by weight of magnesium,0402,Semi-finished manufactures
810419,Other,0402,Semi-finished manufactures
810420,Waste and scrap,0402,Semi-finished manufactures
810430,"Raspings, turnings and granules, graded according to size; powders",0402,Semi-finished manufactures
810490,Other,0402,Semi-finished manufactures
810510,(-2001) Cobalt mattes and other intermediate products of c,0402,Semi-finished manufactures
810520,(2002-) Cobalt mattes and other intermediate products of cobalt metallurgy; unwrought cobalt; powders,0402,Semi-finished manufactures
810530,(2002-) Waste and scrap,0402,Semi-finished manufactures
810590,Other,0402,Semi-finished manufactures
810600,"Bismuth and articles thereof, including waste and scrap.",0402,Semi-finished manufactures
810710,(-2001) Unwrought cadmium; waste and scrap; powders,0402,Semi-finished manufactures
810720,(2002-) Unwrought cadmium; powders,0402,Semi-finished manufactures
810730,(2002-) Waste and scrap,0402,Semi-finished manufactures
810790,Other,0402,Semi-finished manufactures
810810,(-2001) Unwrought titanium; waste and scrap; powders,0402,Semi-finished manufactures
810820,(2002-) Unwrought titanium; powders,0402,Semi-finished manufactures
810830,(2002-) Waste and scrap,0402,Semi-finished manufactures
810890,Other,0402,Semi-finished manufactures
810910,(-2001) Unwrought zirconium; waste and scrap; powders,0402,Semi-finished manufactures
810920,(2002-) Unwrought zirconium; powders,0402,Semi-finished manufactures
810930,(2002-) Waste and scrap,0402,Semi-finished manufactures
810990,Other,0402,Semi-finished manufactures
811000,"(-2001) Antimony and articles thereof, including waste and",0402,Semi-finished manufactures
811010,(2002-) Unwrought antimony; powders,0402,Semi-finished manufactures
811020,(2002-) Waste and scrap,0402,Semi-finished manufactures
811090,(2002-) Other,0402,Semi-finished manufactures
811100,"Manganese and articles thereof, including waste and scrap.",0402,Semi-finished manufactures
811211,(-2001) Beryllium :-- Unwrought; waste and scrap; powders,0402,Semi-finished manufactures
811212,(2002-) Unwrought; powders,0402,Semi-finished manufactures
811213,(2002-) Waste and scrap,0402,Semi-finished manufactures
811219,Other,0402,Semi-finished manufactures
811220,(-2001) Chromium,0402,Semi-finished manufactures
811221,(2002-) Unwrought; powders,0402,Semi-finished manufactures
811222,(2002-) Waste and scrap,0402,Semi-finished manufactures
811229,(2002-) Other,0402,Semi-finished manufactures
811230,(-2006) Germanium,0402,Semi-finished manufactures
811240,(-2006) Vanadium,0402,Semi-finished manufactures
811251,(2002-) Unwrought; powders,0402,Semi-finished manufactures
811252,(2002-) Waste and scrap,0402,Semi-finished manufactures
811259,(2002-) Other,0402,Semi-finished manufactures
811291,(-2001) Other :-- Unwrought; waste and scrap; powders,0402,Semi-finished manufactures
811292,(2002-) Unwrought; waste and scrap; powders,0402,Semi-finished manufactures
811299,Other,0402,Semi-finished manufactures
811300,"Cermets and articles thereof, including waste and scrap.",0402,Semi-finished manufactures
730711,Of nonmalleable cast iron,0403,Metal manufactures
730719,Other,0403,Metal manufactures
730721,Flanges,0403,Metal manufactures
730722,"Threaded elbows, bends and sleeves",0403,Metal manufactures
730723,Butt welding fittings,0403,Metal manufactures
730729,Other,0403,Metal manufactures
730791,Flanges,0403,Metal manufactures
730792,"Threaded elbows, bends and sleeves",0403,Metal manufactures
730793,Butt welding fittings,0403,Metal manufactures
730799,Other,0403,Metal manufactures
730810,Bridges and bridge-sections,0403,Metal manufactures
730820,Towers and lattice masts,0403,Metal manufactures
730830,"Doors, windows and their frames and thresholds for doors",0403,Metal manufactures
730840,"Equipment for scaffolding, shuttering, propping or pitpropping",0403,Metal manufactures
730890,Other,0403,Metal manufactures
730900,"Reservoirs, tanks, vats and similar containers for any material (other than compressed or liquefied gas), of iron or steel, of a capacity exceeding 300 l, whether or not lined or heat-insulated, but not fitted with mechanical or thermal equipment.",0403,Metal manufactures
731010,Of a capacity of 50 l or more,0403,Metal manufactures
731021,Cans which are to be closed by soldering or crimping,0403,Metal manufactures
731029,Other,0403,Metal manufactures
731100,"Containers for compressed or liquefied gas, of iron or steel.",0403,Metal manufactures
731210,"Stranded wire, ropes and cables",0403,Metal manufactures
731290,Other,0403,Metal manufactures
731300,"Barbed wire of iron or steel; twisted hoop or single flat wire, barbed or not, and loosely twisted double wire, of a kind used for fencing, of iron or steel.",0403,Metal manufactures
731411,"(-1995) Woven products, stainless steel",0403,Metal manufactures
731412,"(1996-) Endless bands for machinery, of stainless steel",0403,Metal manufactures
731413,(1996-2006) Other endless bands for machinery,0403,Metal manufactures
731414,"(1996-) Other woven cloth, of stainless steel",0403,Metal manufactures
731419,Other,0403,Metal manufactures
731420,"Grill, netting and fencing, welded at the intersection, of wire with a maximum crosssectional dimension of 3 mm or more and having a mesh size of 100 cm² or more",0403,Metal manufactures
731430,"(-1995) Grill, netting, fencing, iron or steel, we",0403,Metal manufactures
731431,(1996-) Plated or coated with zinc,0403,Metal manufactures
731439,(1996-) Other,0403,Metal manufactures
731441,Plated or coated with zinc,0403,Metal manufactures
731442,Coated with plastics,0403,Metal manufactures
731449,Other,0403,Metal manufactures
731450,Expanded metal,0403,Metal manufactures
731511,Roller chain,0403,Metal manufactures
731512,Other chain,0403,Metal manufactures
731519,Parts,0403,Metal manufactures
731520,Skid chain,0403,Metal manufactures
731581,Studlink,0403,Metal manufactures
731582,"Other, welded link",0403,Metal manufactures
731589,Other,0403,Metal manufactures
731590,Other parts,0403,Metal manufactures
731600,"Anchors, grapnels and parts thereof, of iron or steel.",0403,Metal manufactures
731700,"Nails, tacks, drawing pins, corrugated nails, staples (other than those of heading 83.05) and similar articles, of iron or steel, whether or not with heads of other material, but excluding such articles with heads of copper.",0403,Metal manufactures
731811,Coach screws,0403,Metal manufactures
731812,Other wood screws,0403,Metal manufactures
731813,Screw hooks and screw rings,0403,Metal manufactures
731814,Selftapping screws,0403,Metal manufactures
731815,"Other screws and bolts, whether or not with their nuts or washers",0403,Metal manufactures
731816,Nuts,0403,Metal manufactures
731819,Other,0403,Metal manufactures
731821,Spring washers and other lock washers,0403,Metal manufactures
731822,Other washers,0403,Metal manufactures
731823,Rivets,0403,Metal manufactures
731824,Cotters and cotterpins,0403,Metal manufactures
731829,Other,0403,Metal manufactures
731910,"(-2006) Sewing, darning or embroidery needles",0403,Metal manufactures
731920,Safety pins,0403,Metal manufactures
731930,Other pins,0403,Metal manufactures
731990,Other,0403,Metal manufactures
732010,Leafsprings and leaves therefor,0403,Metal manufactures
732020,Helical springs,0403,Metal manufactures
732090,Other,0403,Metal manufactures
732310,"Iron or steel wool; pot scourers and scouring or polishing pads, gloves and the like",0403,Metal manufactures
732391,"Of cast iron, not enamelled",0403,Metal manufactures
732392,"Of cast iron, enamelled",0403,Metal manufactures
732393,Of stainless steel,0403,Metal manufactures
732394,"Of iron (other than cast iron) or steel, enamelled",0403,Metal manufactures
732399,Other,0403,Metal manufactures
732410,"Sinks and wash basins, of stainless steel",0403,Metal manufactures
732421,"Of cast iron, whether or not enamelled",0403,Metal manufactures
732429,Other,0403,Metal manufactures
732490,"Other, including parts",0403,Metal manufactures
732510,Of nonmalleable cast iron,0403,Metal manufactures
732591,Grinding balls and similar articles for mills,0403,Metal manufactures
732599,Other,0403,Metal manufactures
732611,Grinding balls and similar articles for mills,0403,Metal manufactures
732619,Other,0403,Metal manufactures
732620,Articles of iron or steel wire,0403,Metal manufactures
732690,Other,0403,Metal manufactures
741300,"Stranded wire, cables, plaited bands and the like, of copper, not electrically insulated.",0403,Metal manufactures
741410,(-1995) Endless bands of copper wire for machinery,0403,Metal manufactures
741420,(1996-2006) Cloth,0403,Metal manufactures
741490,(-2006) Other,0403,Metal manufactures
741510,"Nails and tacks, drawing pins, staples and similar articles",0403,Metal manufactures
741521,Washers (including spring washers),0403,Metal manufactures
741529,Other,0403,Metal manufactures
741531,(-2001) Other threaded articles :-- Screws for wood,0403,Metal manufactures
741532,(-2001) Other threaded articles :-- Other screws; bolts an,0403,Metal manufactures
741533,(2002-) Screws; bolts and nuts,0403,Metal manufactures
741539,Other,0403,Metal manufactures
741600,(-2006) Copper springs.,0403,Metal manufactures
741700,"(-2006) Cooking or heating apparatus of a kind used for domestic purposes, nonelectric, and parts thereof, of copper.",0403,Metal manufactures
741810,"(-1995) Table, kitchen or other household articles",0403,Metal manufactures
741811,"(1996-) Pot scourers and scouring or polishing pads, gloves and the like",0403,Metal manufactures
741819,(1996-) Other,0403,Metal manufactures
741820,Sanitary ware and parts thereof,0403,Metal manufactures
741910,Chain and parts thereof,0403,Metal manufactures
741991,"Cast, moulded, stamped or forged, but not further worked",0403,Metal manufactures
741999,Other,0403,Metal manufactures
750800,"(-1995) Articles of nickel, nes",0403,Metal manufactures
750810,"(1996-) Cloth, grill and netting, of nickel wire",0403,Metal manufactures
750890,(1996-) Other,0403,Metal manufactures
761010,"Doors, windows and their frames and thresholds for doors",0403,Metal manufactures
761090,Other,0403,Metal manufactures
761100,"Aluminium reservoirs, tanks, vats and similar containers, for any material (other than compressed or liquefied gas), of a capacity exceeding 300 l, whether or not lined or heatinsulated, but not fitted with mechanical or thermal equipment.",0403,Metal manufactures
761210,Collapsible tubular containers,0403,Metal manufactures
761290,Other,0403,Metal manufactures
761300,Aluminium containers for compressed or liquefied gas.,0403,Metal manufactures
761410,With steel core,0403,Metal manufactures
761490,Other,0403,Metal manufactures
761510,"(-1995) Table,kitchen&household art,alum&parts,nes",0403,Metal manufactures
761511,"(1996-) Pot scourers and scouring or polishing pads, gloves and the  like",0403,Metal manufactures
761519,(1996-) Other,0403,Metal manufactures
761520,Sanitary ware and parts thereof,0403,Metal manufactures
761610,"Nails, tacks, staples (other than those of heading 83.05), screws, bolts, nuts, screw hooks, rivets, cotters, cotterpins, washers and similar articles",0403,Metal manufactures
761690,"(-1995) Articles of aluminium, nes, for example ca",0403,Metal manufactures
761691,"(1996-) Cloth, grill, netting and fencing, of aluminium wire",0403,Metal manufactures
761699,(1996-) Other,0403,Metal manufactures
820110,Spades and shovels,0403,Metal manufactures
820120,Forks,0403,Metal manufactures
820130,"Mattocks, picks, hoes and rakes",0403,Metal manufactures
820140,"Axes, bill hooks and similar hewing tools",0403,Metal manufactures
820150,Secateurs and similar onehanded pruners and shears (including poultry shears),0403,Metal manufactures
820160,"Hedge shears, twohanded pruning shears and similar twohanded shears",0403,Metal manufactures
820190,"Other hand tools of a kind used in agriculture, horticulture or forestry",0403,Metal manufactures
820210,Hand saws,0403,Metal manufactures
820220,Band saw blades,0403,Metal manufactures
820231,With working part of steel,0403,Metal manufactures
820232,(-1995) Circular saw blades with working part of o,0403,Metal manufactures
820239,"(1996-) Other, including parts",0403,Metal manufactures
820240,Chain saw blades,0403,Metal manufactures
820291,"Straight saw blades, for working metal",0403,Metal manufactures
820299,Other,0403,Metal manufactures
820310,"Files, rasps and similar tools",0403,Metal manufactures
820320,"Pliers (including cutting pliers), pincers, tweezers and similar tools",0403,Metal manufactures
820330,Metal cutting shears and similar tools,0403,Metal manufactures
820340,"Pipecutters, bolt croppers, perforating punches and similar tools",0403,Metal manufactures
820411,Nonadjustable,0403,Metal manufactures
820412,Adjustable,0403,Metal manufactures
820420,"Interchangeable spanner sockets, with or without handles",0403,Metal manufactures
820510,"Drilling, threading or tapping tools",0403,Metal manufactures
820520,Hammers and sledge hammers,0403,Metal manufactures
820530,"Planes, chisels, gouges and similar cutting tools for working wood",0403,Metal manufactures
820540,Screwdrivers,0403,Metal manufactures
820551,Household tools,0403,Metal manufactures
820559,Other,0403,Metal manufactures
820560,Blow lamps,0403,Metal manufactures
820570,"Vices, clamps and the like",0403,Metal manufactures
820580,Anvils; portable forges; hand or pedaloperated grinding wheels with frameworks,0403,Metal manufactures
820590,Sets of articles of two or more of the foregoing subheadings,0403,Metal manufactures
820600,"Tools of two or more of the headings 82.02 to 82.05, put up in sets for retail sale.",0403,Metal manufactures
820711,(-1995) Rock drilling or earth boring tools with w,0403,Metal manufactures
820712,(-1995) Rock drilling or earth boring tools with w,0403,Metal manufactures
820713,(1996-) With working part of cermets,0403,Metal manufactures
820719,"(1996-) Other, including parts",0403,Metal manufactures
820720,Dies for drawing or extruding metal,0403,Metal manufactures
820730,"Tools for pressing, stamping or punching",0403,Metal manufactures
820740,Tools for tapping or threading,0403,Metal manufactures
820750,"Tools for drilling, other than for rock drilling",0403,Metal manufactures
820760,Tools for boring or broaching,0403,Metal manufactures
820770,Tools for milling,0403,Metal manufactures
820780,Tools for turning,0403,Metal manufactures
820790,Other interchangeable tools,0403,Metal manufactures
820810,For metal working,0403,Metal manufactures
820820,For wood working,0403,Metal manufactures
820830,For kitchen appliances or for machines used by the food industry,0403,Metal manufactures
820840,"For agricultural, horticultural or forestry machines",0403,Metal manufactures
820890,Other,0403,Metal manufactures
820900,"Plates, sticks, tips and the like for tools, unmounted, of cermets.",0403,Metal manufactures
821000,"Handoperated mechanical appliances, weighing 10 kg or less, used in the preparation, conditioning or serving of food or drink.",0403,Metal manufactures
821110,Sets of assorted articles,0403,Metal manufactures
821191,Table knives having fixed blades,0403,Metal manufactures
821192,Other knives having fixed blades,0403,Metal manufactures
821193,Knives having other than fixed blades,0403,Metal manufactures
821194,Blades,0403,Metal manufactures
821195,(1996-) Handles of base metal,0403,Metal manufactures
821210,Razors,0403,Metal manufactures
821220,"Safety razor blades, including razor blade blanks in strips",0403,Metal manufactures
821290,Other parts,0403,Metal manufactures
821300,"Scissors, tailors' shears and similar shears, and blades therefor.",0403,Metal manufactures
821410,"Paper knives, letter openers, erasing knives, pencil sharpeners and blades therefor",0403,Metal manufactures
821420,Manicure or pedicure sets and instruments (including nail files),0403,Metal manufactures
821490,Other,0403,Metal manufactures
821510,Sets of assorted articles containing at least one article plated with precious metal,0403,Metal manufactures
821520,Other sets of assorted articles,0403,Metal manufactures
821591,Plated with precious metal,0403,Metal manufactures
821599,Other,0403,Metal manufactures
830110,Padlocks,0403,Metal manufactures
830120,Locks of a kind used for motor vehicles,0403,Metal manufactures
830130,Locks of a kind used for furniture,0403,Metal manufactures
830140,Other locks,0403,Metal manufactures
830150,"Clasps and frames with clasps, incorporating locks",0403,Metal manufactures
830160,Parts,0403,Metal manufactures
830170,Keys presented separately,0403,Metal manufactures
830210,Hinges,0403,Metal manufactures
830220,Castors,0403,Metal manufactures
830230,"Other mountings, fittings and similar articles suitable for motor vehicles",0403,Metal manufactures
830241,Suitable for buildings,0403,Metal manufactures
830242,"Other, suitable for furniture",0403,Metal manufactures
830249,Other,0403,Metal manufactures
830250,"Hatracks, hatpegs, brackets and similar fixtures",0403,Metal manufactures
830260,Automatic door closers,0403,Metal manufactures
830300,"Armoured or reinforced safes, strongboxes and doors and safe deposit lockers for strongrooms, cash or deed boxes and the like, of base metal.",0403,Metal manufactures
830610,"Bells, gongs and the like",0403,Metal manufactures
830621,Plated with precious metal,0403,Metal manufactures
830629,Other,0403,Metal manufactures
830630,"Photograph, picture or similar frames; mirrors",0403,Metal manufactures
830710,Of iron or steel,0403,Metal manufactures
830790,Of other base metal,0403,Metal manufactures
830810,"Hooks, eyes and eyelets",0403,Metal manufactures
830820,Tubular or bifurcated rivets,0403,Metal manufactures
830890,"Other, including parts",0403,Metal manufactures
830910,Crown corks,0403,Metal manufactures
830990,Other,0403,Metal manufactures
831000,"Signplates, nameplates, addressplates and similar plates, numbers, letters and other symbols, of base metal, excluding those of heading 94.05.",0403,Metal manufactures
831110,"Coated electrodes of base metal, for electric arcwelding",0403,Metal manufactures
831120,"Cored wire of base metal, for electric arcwelding",0403,Metal manufactures
831130,"Coated rods and cored wire, of base metal, for soldering, brazing or welding by flame",0403,Metal manufactures
831190,"Other, including parts",0403,Metal manufactures
270500,"Coal gas, water gas, producer gas and similar gases, other than petroleum gases and other gaseous hydrocarbons.",0502,"Chemicals, semi-finished manufactures"
280110,Chlorine,0502,"Chemicals, semi-finished manufactures"
280120,Iodine,0502,"Chemicals, semi-finished manufactures"
280130,Fluorine; bromine,0502,"Chemicals, semi-finished manufactures"
280200,"Sulphur, sublimed or precipitated; colloidal sulphur.",0502,"Chemicals, semi-finished manufactures"
280300,Carbon (carbon blacks and other forms of carbon not elsewhere specified or included).,0502,"Chemicals, semi-finished manufactures"
280410,Hydrogen,0502,"Chemicals, semi-finished manufactures"
280421,Argon,0502,"Chemicals, semi-finished manufactures"
280429,Other,0502,"Chemicals, semi-finished manufactures"
280430,Nitrogen,0502,"Chemicals, semi-finished manufactures"
280440,Oxygen,0502,"Chemicals, semi-finished manufactures"
280450,Boron; tellurium,0502,"Chemicals, semi-finished manufactures"
280461,Containing by weight not less than 99.99 % of silicon,0502,"Chemicals, semi-finished manufactures"
280469,Other,0502,"Chemicals, semi-finished manufactures"
280470,Phosphorus,0502,"Chemicals, semi-finished manufactures"
280480,Arsenic,0502,"Chemicals, semi-finished manufactures"
280490,Selenium,0502,"Chemicals, semi-finished manufactures"
280511,Sodium,0502,"Chemicals, semi-finished manufactures"
280512,(2002-) Calcium,0502,"Chemicals, semi-finished manufactures"
280519,Other,0502,"Chemicals, semi-finished manufactures"
280521,(-2001) Alkaline-earth metals :-- Calcium,0502,"Chemicals, semi-finished manufactures"
280522,(-2001) Alkaline-earth metals :-- Strontium and barium,0502,"Chemicals, semi-finished manufactures"
280530,"Rareearth metals, scandium and yttrium, whether or not intermixed or interalloyed",0502,"Chemicals, semi-finished manufactures"
280540,Mercury,0502,"Chemicals, semi-finished manufactures"
280610,Hydrogen chloride (hydrochloric acid),0502,"Chemicals, semi-finished manufactures"
280620,Chlorosulphuric acid,0502,"Chemicals, semi-finished manufactures"
280700,Sulphuric acid; oleum.,0502,"Chemicals, semi-finished manufactures"
280800,Nitric acid; sulphonitric acids.,0502,"Chemicals, semi-finished manufactures"
280910,Diphosphorus pentaoxide,0502,"Chemicals, semi-finished manufactures"
280920,Phosphoric acid and polyphosphoric acids,0502,"Chemicals, semi-finished manufactures"
281000,Oxides of boron; boric acids.,0502,"Chemicals, semi-finished manufactures"
281111,Hydrogen fluoride (hydrofluoric acid),0502,"Chemicals, semi-finished manufactures"
281119,Other,0502,"Chemicals, semi-finished manufactures"
281121,Carbon dioxide,0502,"Chemicals, semi-finished manufactures"
281122,Silicon dioxide,0502,"Chemicals, semi-finished manufactures"
281123,(-2006) Sulphur dioxide,0502,"Chemicals, semi-finished manufactures"
281129,Other,0502,"Chemicals, semi-finished manufactures"
281210,Chlorides and chloride oxides,0502,"Chemicals, semi-finished manufactures"
281290,Other,0502,"Chemicals, semi-finished manufactures"
281310,Carbon disulphide,0502,"Chemicals, semi-finished manufactures"
281390,Other,0502,"Chemicals, semi-finished manufactures"
281410,Anhydrous ammonia,0502,"Chemicals, semi-finished manufactures"
281420,Ammonia in aqueous solution,0502,"Chemicals, semi-finished manufactures"
281511,Solid,0502,"Chemicals, semi-finished manufactures"
281512,In aqueous solution (soda lye or liquid soda),0502,"Chemicals, semi-finished manufactures"
281520,Potassium hydroxide (caustic potash),0502,"Chemicals, semi-finished manufactures"
281530,Peroxides of sodium or potassium,0502,"Chemicals, semi-finished manufactures"
281610,Hydroxide and peroxide of magnesium,0502,"Chemicals, semi-finished manufactures"
281620,"(-2001) Oxide, hydroxide and peroxide of strontium",0502,"Chemicals, semi-finished manufactures"
281630,"(-2001) Oxide, hydroxide and peroxide of barium",0502,"Chemicals, semi-finished manufactures"
281640,"(2002-) Oxides, hydroxides and peroxides, of strontium or barium",0502,"Chemicals, semi-finished manufactures"
281700,Zinc oxide; zinc peroxide.,0502,"Chemicals, semi-finished manufactures"
281810,"Artificial corundum, whether or not chemically defined",0502,"Chemicals, semi-finished manufactures"
281820,"Aluminium oxide, other than artificial corundum",0502,"Chemicals, semi-finished manufactures"
281830,Aluminium hydroxide,0502,"Chemicals, semi-finished manufactures"
281910,Chromium trioxide,0502,"Chemicals, semi-finished manufactures"
281990,Other,0502,"Chemicals, semi-finished manufactures"
282010,Manganese dioxide,0502,"Chemicals, semi-finished manufactures"
282090,Other,0502,"Chemicals, semi-finished manufactures"
282110,Iron oxides and hydroxides,0502,"Chemicals, semi-finished manufactures"
282120,Earth colours,0502,"Chemicals, semi-finished manufactures"
282200,Cobalt oxides and hydroxides; commercial cobalt oxides.,0502,"Chemicals, semi-finished manufactures"
282300,Titanium oxides.,0502,"Chemicals, semi-finished manufactures"
282410,"Lead monoxide (litharge, massicot)",0502,"Chemicals, semi-finished manufactures"
282420,(-2006) Red lead and orange lead,0502,"Chemicals, semi-finished manufactures"
282490,Other,0502,"Chemicals, semi-finished manufactures"
282510,Hydrazine and hydroxylamine and their inorganic salts,0502,"Chemicals, semi-finished manufactures"
282520,Lithium oxide and hydroxide,0502,"Chemicals, semi-finished manufactures"
282530,Vanadium oxides and hydroxides,0502,"Chemicals, semi-finished manufactures"
282540,Nickel oxides and hydroxides,0502,"Chemicals, semi-finished manufactures"
282550,Copper oxides and hydroxides,0502,"Chemicals, semi-finished manufactures"
282560,Germanium oxides and zirconium dioxide,0502,"Chemicals, semi-finished manufactures"
282570,Molybdenum oxides and hydroxides,0502,"Chemicals, semi-finished manufactures"
282580,Antimony oxides,0502,"Chemicals, semi-finished manufactures"
282590,    Other,0502,"Chemicals, semi-finished manufactures"
282611,(-2006) Of ammonium or of sodium,0502,"Chemicals, semi-finished manufactures"
282612,Of aluminium,0502,"Chemicals, semi-finished manufactures"
282619,Other,0502,"Chemicals, semi-finished manufactures"
282620,(-2006) Fluorosilicates of sodium or of potassium,0502,"Chemicals, semi-finished manufactures"
282630,Sodium hexafluoroaluminate (synthetic cryolite),0502,"Chemicals, semi-finished manufactures"
282690,Other,0502,"Chemicals, semi-finished manufactures"
282710,Ammonium chloride,0502,"Chemicals, semi-finished manufactures"
282720,Calcium chloride,0502,"Chemicals, semi-finished manufactures"
282731,Of magnesium,0502,"Chemicals, semi-finished manufactures"
282732,Of aluminium,0502,"Chemicals, semi-finished manufactures"
282733,(-2006) Of iron,0502,"Chemicals, semi-finished manufactures"
282734,(-2006) Of cobalt,0502,"Chemicals, semi-finished manufactures"
282735,Of nickel,0502,"Chemicals, semi-finished manufactures"
282736,(-2006) Of zinc,0502,"Chemicals, semi-finished manufactures"
282737,(-1995) Tin chloride,0502,"Chemicals, semi-finished manufactures"
282738,(-2001) Other chlorides:-- Of barium,0502,"Chemicals, semi-finished manufactures"
282739,Other,0502,"Chemicals, semi-finished manufactures"
282741,Of copper,0502,"Chemicals, semi-finished manufactures"
282749,Other,0502,"Chemicals, semi-finished manufactures"
282751,Bromides of sodium or of potassium,0502,"Chemicals, semi-finished manufactures"
282759,Other,0502,"Chemicals, semi-finished manufactures"
282760,Iodides and iodide oxides,0502,"Chemicals, semi-finished manufactures"
282810,Commercial calcium hypochlorite and other calcium hypochlorites,0502,"Chemicals, semi-finished manufactures"
282890,Other,0502,"Chemicals, semi-finished manufactures"
282911,Of sodium,0502,"Chemicals, semi-finished manufactures"
282919,Other,0502,"Chemicals, semi-finished manufactures"
282990,Other,0502,"Chemicals, semi-finished manufactures"
283010,Sodium sulphides,0502,"Chemicals, semi-finished manufactures"
283020,(-2006) Zinc sulphide,0502,"Chemicals, semi-finished manufactures"
283030,(-2006) Cadmium sulphide,0502,"Chemicals, semi-finished manufactures"
283090,Other,0502,"Chemicals, semi-finished manufactures"
283110,Of sodium,0502,"Chemicals, semi-finished manufactures"
283190,Other,0502,"Chemicals, semi-finished manufactures"
283210,Sodium sulphites,0502,"Chemicals, semi-finished manufactures"
283220,Other sulphites,0502,"Chemicals, semi-finished manufactures"
283230,Thiosulphates,0502,"Chemicals, semi-finished manufactures"
283311,Disodium sulphate,0502,"Chemicals, semi-finished manufactures"
283319,Other,0502,"Chemicals, semi-finished manufactures"
283321,Of magnesium,0502,"Chemicals, semi-finished manufactures"
283322,Of aluminium,0502,"Chemicals, semi-finished manufactures"
283323,(-2006) Of chromium,0502,"Chemicals, semi-finished manufactures"
283324,Of nickel,0502,"Chemicals, semi-finished manufactures"
283325,Of copper,0502,"Chemicals, semi-finished manufactures"
283326,(-2006) Of zinc,0502,"Chemicals, semi-finished manufactures"
283327,Of barium,0502,"Chemicals, semi-finished manufactures"
283329,Other,0502,"Chemicals, semi-finished manufactures"
283330,Alums,0502,"Chemicals, semi-finished manufactures"
283340,Peroxosulphates (persulphates),0502,"Chemicals, semi-finished manufactures"
283410,Nitrites,0502,"Chemicals, semi-finished manufactures"
283421,Of potassium,0502,"Chemicals, semi-finished manufactures"
283422,(-2001) Nitrates:-- Of bismuth,0502,"Chemicals, semi-finished manufactures"
283429,Other,0502,"Chemicals, semi-finished manufactures"
283510,Phosphinates (hypophosphites) and phosphonates (phosphites),0502,"Chemicals, semi-finished manufactures"
283521,(-1995) Phosphates of triammonium,0502,"Chemicals, semi-finished manufactures"
283522,Of mono or disodium,0502,"Chemicals, semi-finished manufactures"
283523,(-2006) Of trisodium,0502,"Chemicals, semi-finished manufactures"
283524,Of potassium,0502,"Chemicals, semi-finished manufactures"
283525,Calcium hydrogenorthophosphate (dicalcium phosphate),0502,"Chemicals, semi-finished manufactures"
283526,Other phosphates of calcium,0502,"Chemicals, semi-finished manufactures"
283529,Other,0502,"Chemicals, semi-finished manufactures"
283531,Sodium triphosphate (sodium tripolyphosphate),0502,"Chemicals, semi-finished manufactures"
283539,Other,0502,"Chemicals, semi-finished manufactures"
283610,(-2006) Commercial ammonium carbonate and other ammonium carbonates,0502,"Chemicals, semi-finished manufactures"
283620,Disodium carbonate,0502,"Chemicals, semi-finished manufactures"
283630,Sodium hydrogencarbonate (sodium bicarbonate),0502,"Chemicals, semi-finished manufactures"
283640,Potassium carbonates,0502,"Chemicals, semi-finished manufactures"
283650,Calcium carbonate,0502,"Chemicals, semi-finished manufactures"
283660,Barium carbonate,0502,"Chemicals, semi-finished manufactures"
283670,(-2006) Lead carbonates,0502,"Chemicals, semi-finished manufactures"
283691,Lithium carbonates,0502,"Chemicals, semi-finished manufactures"
283692,Strontium carbonate,0502,"Chemicals, semi-finished manufactures"
283693,(-1995) Bismuth carbonate,0502,"Chemicals, semi-finished manufactures"
283699,Other,0502,"Chemicals, semi-finished manufactures"
283711,Of sodium,0502,"Chemicals, semi-finished manufactures"
283719,Other,0502,"Chemicals, semi-finished manufactures"
283720,Complex cyanides,0502,"Chemicals, semi-finished manufactures"
283800,"(-2006) Fulminates, cyanates and thiocyanates.",0502,"Chemicals, semi-finished manufactures"
283911,Sodium metasilicates,0502,"Chemicals, semi-finished manufactures"
283919,Other,0502,"Chemicals, semi-finished manufactures"
283920,(-2006) Of potassium,0502,"Chemicals, semi-finished manufactures"
283990,Other,0502,"Chemicals, semi-finished manufactures"
284011,Anhydrous,0502,"Chemicals, semi-finished manufactures"
284019,Other,0502,"Chemicals, semi-finished manufactures"
284020,Other borates,0502,"Chemicals, semi-finished manufactures"
284030,Peroxoborates (perborates),0502,"Chemicals, semi-finished manufactures"
284110,(-2006) Aluminates,0502,"Chemicals, semi-finished manufactures"
284120,(-2006) Chromates of zinc or of lead,0502,"Chemicals, semi-finished manufactures"
284130,Sodium dichromate,0502,"Chemicals, semi-finished manufactures"
284140,(-2001) Potassium dichromate,0502,"Chemicals, semi-finished manufactures"
284150,Other chromates and dichromates; peroxochromates,0502,"Chemicals, semi-finished manufactures"
284160,"(-1995) Manganites, manganates and permanganates",0502,"Chemicals, semi-finished manufactures"
284161,(1996-) Potassium permanganate,0502,"Chemicals, semi-finished manufactures"
284169,(1996-) Other,0502,"Chemicals, semi-finished manufactures"
284170,Molybdates,0502,"Chemicals, semi-finished manufactures"
284180,Tungstates (wolframates),0502,"Chemicals, semi-finished manufactures"
284190,Other,0502,"Chemicals, semi-finished manufactures"
284210,"Double or complex silicates, including aluminosilicates whether or not chemically defined",0502,"Chemicals, semi-finished manufactures"
284290,Other,0502,"Chemicals, semi-finished manufactures"
284310,Colloidal precious metals,0502,"Chemicals, semi-finished manufactures"
284321,Silver nitrate,0502,"Chemicals, semi-finished manufactures"
284329,Other,0502,"Chemicals, semi-finished manufactures"
284330,Gold compounds,0502,"Chemicals, semi-finished manufactures"
284390,Other compounds; amalgams,0502,"Chemicals, semi-finished manufactures"
284410,"Natural uranium and its compounds; alloys, dispersions (including cermets), ceramic products and mixtures containing natural uranium or natural uranium compounds",0502,"Chemicals, semi-finished manufactures"
284420,"Uranium enriched in U 235 and its compounds; plutonium and its compounds; alloys, dispersions (including cermets), ceramic products and mixtures containing uranium enriched in U 235, plutonium or compounds of these products",0502,"Chemicals, semi-finished manufactures"
284430,"Uranium depleted in U 235 and its compounds; thorium and its compounds; alloys, dispersions (including cermets), ceramic products and mixtures containing uranium depleted in U 235, thorium or compounds of these products",0502,"Chemicals, semi-finished manufactures"
284440,"Radioactive elements and isotopes and compounds other than those of subheading 2844.10, 2844.20 or 2844.30; alloys, dispersions (including cermets), ceramic products and mixtures containing these elements, isotopes or compounds; radioactive residues",0502,"Chemicals, semi-finished manufactures"
284450,Spent (irradiated) fuel elements (cartridges) of nuclear reactors,0502,"Chemicals, semi-finished manufactures"
284510,Heavy water (deuterium oxide),0502,"Chemicals, semi-finished manufactures"
284590,Other,0502,"Chemicals, semi-finished manufactures"
284610,Cerium compounds,0502,"Chemicals, semi-finished manufactures"
284690,Other,0502,"Chemicals, semi-finished manufactures"
284700,"Hydrogen peroxide, whether or not solidified with urea.",0502,"Chemicals, semi-finished manufactures"
284800,"(1996-) Phosphides, whether or not chemically defined, excluding ferrophosphorus.",0502,"Chemicals, semi-finished manufactures"
284810,"(-1995) Phosphides of copper (phosphor copper), co",0502,"Chemicals, semi-finished manufactures"
284890,"(-1995) Phosphides of other metals, nes, or of non",0502,"Chemicals, semi-finished manufactures"
284910,Of calcium,0502,"Chemicals, semi-finished manufactures"
284920,Of silicon,0502,"Chemicals, semi-finished manufactures"
284990,Other,0502,"Chemicals, semi-finished manufactures"
285000,"Hydrides, nitrides, azides, silicides and borides, whether or not chemically defined, other than compounds which are also carbides of heading 28.49.",0502,"Chemicals, semi-finished manufactures"
285100,"(-2006) Other inorganic compounds (including distilled or conductivity water and water of similar purity); liquid air (whether or not rare gases have been removed); compressed air; amalgams, other than amalgams of precious metals.",0502,"Chemicals, semi-finished manufactures"
290110,Saturated,0502,"Chemicals, semi-finished manufactures"
290121,Ethylene,0502,"Chemicals, semi-finished manufactures"
290122,Propene (propylene),0502,"Chemicals, semi-finished manufactures"
290123,Butene (butylene) and isomers thereof,0502,"Chemicals, semi-finished manufactures"
290124,"Buta1,3diene and isoprene",0502,"Chemicals, semi-finished manufactures"
290129,Other,0502,"Chemicals, semi-finished manufactures"
290211,Cyclohexane,0502,"Chemicals, semi-finished manufactures"
290219,Other,0502,"Chemicals, semi-finished manufactures"
290220,Benzene,0502,"Chemicals, semi-finished manufactures"
290230,Toluene,0502,"Chemicals, semi-finished manufactures"
290241,oXylene,0502,"Chemicals, semi-finished manufactures"
290242,mXylene,0502,"Chemicals, semi-finished manufactures"
290243,pXylene,0502,"Chemicals, semi-finished manufactures"
290244,Mixed xylene isomers,0502,"Chemicals, semi-finished manufactures"
290250,Styrene,0502,"Chemicals, semi-finished manufactures"
290260,Ethylbenzene,0502,"Chemicals, semi-finished manufactures"
290270,Cumene,0502,"Chemicals, semi-finished manufactures"
290290,Other,0502,"Chemicals, semi-finished manufactures"
290311,Chloromethane (methyl chloride) and chloroethane (ethyl chloride),0502,"Chemicals, semi-finished manufactures"
290312,Dichloromethane (methylene chloride),0502,"Chemicals, semi-finished manufactures"
290313,Chloroform (trichloromethane),0502,"Chemicals, semi-finished manufactures"
290314,Carbon tetrachloride,0502,"Chemicals, semi-finished manufactures"
290315,"1,2Dichloroethane (ethylene dichloride)",0502,"Chemicals, semi-finished manufactures"
290316,(-2001) Saturated chlorinated derivatives of acyclic hydro,0502,"Chemicals, semi-finished manufactures"
290319,Other,0502,"Chemicals, semi-finished manufactures"
290321,Vinyl chloride (chloroethylene),0502,"Chemicals, semi-finished manufactures"
290322,Trichloroethylene,0502,"Chemicals, semi-finished manufactures"
290323,Tetrachloroethylene (perchloroethylene),0502,"Chemicals, semi-finished manufactures"
290329,Other,0502,"Chemicals, semi-finished manufactures"
290330,"(-2006) Fluorinated, brominated or iodinated derivatives of acyclic hydrocarbons",0502,"Chemicals, semi-finished manufactures"
290340,(-1995) Halogenated derivatives of acyclic hydroca,0502,"Chemicals, semi-finished manufactures"
290341,(1996-) Trichlorofluoromethane,0502,"Chemicals, semi-finished manufactures"
290342,(1996-) Dichlorodifluoromethane,0502,"Chemicals, semi-finished manufactures"
290343,(1996-) Trichlorotrifluoroethanes,0502,"Chemicals, semi-finished manufactures"
290344,(1996-) Dichlorotetrafluoroethanes and chloropentafluoroethane,0502,"Chemicals, semi-finished manufactures"
290345,(1996-) Other derivatives perhalogenated only with fluorine and chlorine,0502,"Chemicals, semi-finished manufactures"
290346,"(1996-) Bromochlorodifluoromethane, bromotrifluoromethane and dibromotetrafluoroethanes",0502,"Chemicals, semi-finished manufactures"
290347,(1996-) Other perhalogenated derivatives,0502,"Chemicals, semi-finished manufactures"
290349,(1996-) Other,0502,"Chemicals, semi-finished manufactures"
290351,"1,2,3,4,5,6Hexachlorocyclohexane",0502,"Chemicals, semi-finished manufactures"
290359,Other,0502,"Chemicals, semi-finished manufactures"
290361,"Chlorobenzene, odichlorobenzene and pdichlorobenzene",0502,"Chemicals, semi-finished manufactures"
290362,"Hexachlorobenzene and DDT (1,1,1trichloro2,2bis(pchlorophenyl)ethane)",0502,"Chemicals, semi-finished manufactures"
290369,Other,0502,"Chemicals, semi-finished manufactures"
290410,"Derivatives containing only sulpho groups, their salts and ethyl esters",0502,"Chemicals, semi-finished manufactures"
290420,Derivatives containing only nitro or only nitroso groups,0502,"Chemicals, semi-finished manufactures"
290490,Other,0502,"Chemicals, semi-finished manufactures"
290511,Methanol (methyl alcohol),0502,"Chemicals, semi-finished manufactures"
290512,Propan-1-ol (propyl alcohol) and propan-2-ol (isopropyl alcohol),0502,"Chemicals, semi-finished manufactures"
290513,Butan-1-ol (n-butyl alcohol),0502,"Chemicals, semi-finished manufactures"
290514,Other butanols,0502,"Chemicals, semi-finished manufactures"
290515,(-2006) Pentanol (amyl alcohol) and isomers thereof,0502,"Chemicals, semi-finished manufactures"
290516,Octanol (octyl alcohol) and isomers thereof,0502,"Chemicals, semi-finished manufactures"
290517,"Dodecan-1-ol (lauryl alcohol), hexadecan-1-ol (cetyl alcohol) and octadecan-1-ol (stearyl alcohol)",0502,"Chemicals, semi-finished manufactures"
290519,Other,0502,"Chemicals, semi-finished manufactures"
290521,(-1995) Allyl alcohol,0502,"Chemicals, semi-finished manufactures"
290522,Acyclic terpene alcohols,0502,"Chemicals, semi-finished manufactures"
290529,Other,0502,"Chemicals, semi-finished manufactures"
290531,Ethylene glycol (ethanediol),0502,"Chemicals, semi-finished manufactures"
290532,"Propylene glycol (propane-1,2-diol)",0502,"Chemicals, semi-finished manufactures"
290539,Other,0502,"Chemicals, semi-finished manufactures"
290541,"2-Ethyl-2-(hydroxymethyl)propane-1,3-diol (trimethylolpropane)",0502,"Chemicals, semi-finished manufactures"
290542,Pentaerythritol,0502,"Chemicals, semi-finished manufactures"
290549,Other,0502,"Chemicals, semi-finished manufactures"
290550,"(-2001) Halogenated, sulphonated, nitrated or nitrosated d",0502,"Chemicals, semi-finished manufactures"
290551,(2002-) Ethchlorvynol (INN),0502,"Chemicals, semi-finished manufactures"
290559,(2002-) Other,0502,"Chemicals, semi-finished manufactures"
290611,Menthol,0502,"Chemicals, semi-finished manufactures"
290612,"Cyclohexanol, methylcyclohexanols and dimethylcyclohexanols",0502,"Chemicals, semi-finished manufactures"
290613,Sterols and inositols,0502,"Chemicals, semi-finished manufactures"
290614,(-2006) Terpineols,0502,"Chemicals, semi-finished manufactures"
290619,Other,0502,"Chemicals, semi-finished manufactures"
290621,Benzyl alcohol,0502,"Chemicals, semi-finished manufactures"
290629,Other,0502,"Chemicals, semi-finished manufactures"
290711,Phenol (hydroxybenzene) and its salts,0502,"Chemicals, semi-finished manufactures"
290712,Cresols and their salts,0502,"Chemicals, semi-finished manufactures"
290713,"Octylphenol, nonylphenol and their isomers; salts thereof",0502,"Chemicals, semi-finished manufactures"
290714,(-2006) Xylenols and their salts,0502,"Chemicals, semi-finished manufactures"
290715,Naphthols and their salts,0502,"Chemicals, semi-finished manufactures"
290719,Other,0502,"Chemicals, semi-finished manufactures"
290721,Resorcinol and its salts,0502,"Chemicals, semi-finished manufactures"
290722,Hydroquinone (quinol) and its salts,0502,"Chemicals, semi-finished manufactures"
290723,"4,4'-Isopropylidenediphenol (bisphenol A, diphenylolpropane) and its salts",0502,"Chemicals, semi-finished manufactures"
290729,Other,0502,"Chemicals, semi-finished manufactures"
290730,(-2001) Phenol-alcohols,0502,"Chemicals, semi-finished manufactures"
290810,(-2006) Derivatives containing only halogen substituents and their salts,0502,"Chemicals, semi-finished manufactures"
290820,"(-2006) Derivatives containing only sulpho groups, their salts and esters",0502,"Chemicals, semi-finished manufactures"
290890,(-2006) Other,0502,"Chemicals, semi-finished manufactures"
290911,Diethyl ether,0502,"Chemicals, semi-finished manufactures"
290919,Other,0502,"Chemicals, semi-finished manufactures"
290920,"Cyclanic, cyclenic or cycloterpenic ethers and their halogenated, sulphonated, nitrated or nitrosated derivatives",0502,"Chemicals, semi-finished manufactures"
290930,"Aromatic ethers and their halogenated, sulphonated, nitrated or nitrosated derivatives",0502,"Chemicals, semi-finished manufactures"
290941,"2,2'-Oxydiethanol (diethylene glycol, digol)",0502,"Chemicals, semi-finished manufactures"
290942,(-2006) Monomethyl ethers of ethylene glycol or of diethylene glycol,0502,"Chemicals, semi-finished manufactures"
290943,Monobutyl ethers of ethylene glycol or of diethylene glycol,0502,"Chemicals, semi-finished manufactures"
290944,Other monoalkylethers of ethylene glycol or of diethylene glycol,0502,"Chemicals, semi-finished manufactures"
290949,Other,0502,"Chemicals, semi-finished manufactures"
290950,"Ether-phenols, ether-alcohol-phenols and their halogenated, sulphonated, nitrated or nitrosated derivatives",0502,"Chemicals, semi-finished manufactures"
290960,"Alcohol peroxides, ether peroxides, ketone peroxides and their halogenated, sulphonated, nitrated or nitrosated derivatives",0502,"Chemicals, semi-finished manufactures"
291010,Oxirane (ethylene oxide),0502,"Chemicals, semi-finished manufactures"
291020,Methyloxirane (propylene oxide),0502,"Chemicals, semi-finished manufactures"
291030,"1-Chloro-2,3-epoxypropane (epichlorohydrin)",0502,"Chemicals, semi-finished manufactures"
291090,Other,0502,"Chemicals, semi-finished manufactures"
291100,"Acetals and hemiacetals, whether or not with other oxygen function, and their halogenated, sulphonated, nitrated or nitrosated derivatives.",0502,"Chemicals, semi-finished manufactures"
291211,Methanal (formaldehyde),0502,"Chemicals, semi-finished manufactures"
291212,Ethanal (acetaldehyde),0502,"Chemicals, semi-finished manufactures"
291213,"(-2006) Butanal (butyraldehyde, normal isomer)",0502,"Chemicals, semi-finished manufactures"
291219,Other,0502,"Chemicals, semi-finished manufactures"
291221,Benzaldehyde,0502,"Chemicals, semi-finished manufactures"
291229,Other,0502,"Chemicals, semi-finished manufactures"
291230,Aldehyde-alcohols,0502,"Chemicals, semi-finished manufactures"
291241,Vanillin (4hydroxy3methoxybenzaldehyde),0502,"Chemicals, semi-finished manufactures"
291242,Ethylvanillin (3ethoxy4hydroxybenzaldehyde),0502,"Chemicals, semi-finished manufactures"
291249,Other,0502,"Chemicals, semi-finished manufactures"
291250,Cyclic polymers of aldehydes,0502,"Chemicals, semi-finished manufactures"
291260,Paraformaldehyde,0502,"Chemicals, semi-finished manufactures"
291300,"Halogenated, sulphonated, nitrated or nitrosated derivatives of products of heading 29.12.",0502,"Chemicals, semi-finished manufactures"
291411,Acetone,0502,"Chemicals, semi-finished manufactures"
291412,Butanone (methyl ethyl ketone),0502,"Chemicals, semi-finished manufactures"
291413,4-Methylpentan-2-one (methyl isobutyl ketone),0502,"Chemicals, semi-finished manufactures"
291419,Other,0502,"Chemicals, semi-finished manufactures"
291421,Camphor,0502,"Chemicals, semi-finished manufactures"
291422,Cyclohexanone and methylcyclohexanones,0502,"Chemicals, semi-finished manufactures"
291423,Ionones and methylionones,0502,"Chemicals, semi-finished manufactures"
291429,Other,0502,"Chemicals, semi-finished manufactures"
291430,(-1995) Aromatic ketones without oxygen function,0502,"Chemicals, semi-finished manufactures"
291431,(1996-) Phenylacetone (phenylpropan2one),0502,"Chemicals, semi-finished manufactures"
291439,(1996-) Other,0502,"Chemicals, semi-finished manufactures"
291440,(1996-) Ketonealcohols and ketonealdehydes,0502,"Chemicals, semi-finished manufactures"
291441,(-1995) 4-Hydroxy-4-methylpentan-2-one (diacetone ,0502,"Chemicals, semi-finished manufactures"
291449,(-1995) Ketone-alcohols and ketone-aldehydes (excl,0502,"Chemicals, semi-finished manufactures"
291450,Ketone-phenols and ketones with other oxygen function,0502,"Chemicals, semi-finished manufactures"
291461,Anthraquinone,0502,"Chemicals, semi-finished manufactures"
291469,Other,0502,"Chemicals, semi-finished manufactures"
291470,"Halogenated, sulphonated, nitrated or nitrosated derivatives",0502,"Chemicals, semi-finished manufactures"
291511,Formic acid,0502,"Chemicals, semi-finished manufactures"
291512,Salts of formic acid,0502,"Chemicals, semi-finished manufactures"
291513,Esters of formic acid,0502,"Chemicals, semi-finished manufactures"
291521,Acetic acid,0502,"Chemicals, semi-finished manufactures"
291522,(-2006) Sodium acetate,0502,"Chemicals, semi-finished manufactures"
291523,(-2006) Cobalt acetates,0502,"Chemicals, semi-finished manufactures"
291524,Acetic anhydride,0502,"Chemicals, semi-finished manufactures"
291529,Other,0502,"Chemicals, semi-finished manufactures"
291531,Ethyl acetate,0502,"Chemicals, semi-finished manufactures"
291532,Vinyl acetate,0502,"Chemicals, semi-finished manufactures"
291533,n-Butyl acetate,0502,"Chemicals, semi-finished manufactures"
291534,(-2006) Isobutyl acetate,0502,"Chemicals, semi-finished manufactures"
291535,(-2006) 2-Ethoxyethyl acetate,0502,"Chemicals, semi-finished manufactures"
291539,Other,0502,"Chemicals, semi-finished manufactures"
291540,"Mono-, di- or trichloroacetic acids, their salts and esters",0502,"Chemicals, semi-finished manufactures"
291550,"Propionic acid, its salts and esters",0502,"Chemicals, semi-finished manufactures"
291560,"Butanoic acids, pentanoic acids, their salts and esters",0502,"Chemicals, semi-finished manufactures"
291570,"Palmitic acid, stearic acid, their salts and esters",0502,"Chemicals, semi-finished manufactures"
291590,Other,0502,"Chemicals, semi-finished manufactures"
291611,Acrylic acid and its salts,0502,"Chemicals, semi-finished manufactures"
291612,Esters of acrylic acid,0502,"Chemicals, semi-finished manufactures"
291613,Methacrylic acid and its salts,0502,"Chemicals, semi-finished manufactures"
291614,Esters of methacrylic acid,0502,"Chemicals, semi-finished manufactures"
291615,"Oleic, linoleic or linolenic acids, their salts and esters",0502,"Chemicals, semi-finished manufactures"
291619,Other,0502,"Chemicals, semi-finished manufactures"
291620,"Cyclanic, cyclenic or cycloterpenic monocarboxylic acids, their anhydrides, halides, peroxides, peroxyacids and their derivatives",0502,"Chemicals, semi-finished manufactures"
291631,"Benzoic acid, its salts and esters",0502,"Chemicals, semi-finished manufactures"
291632,Benzoyl peroxide and benzoyl chloride,0502,"Chemicals, semi-finished manufactures"
291633,"(-1995) Phenylacetic acid, its salts and esters",0502,"Chemicals, semi-finished manufactures"
291634,(1996-) Phenylacetic acid and its salts,0502,"Chemicals, semi-finished manufactures"
291635,(1996-) Esters of phenylacetic acid,0502,"Chemicals, semi-finished manufactures"
291639,Other,0502,"Chemicals, semi-finished manufactures"
291711,"Oxalic acid, its salts and esters",0502,"Chemicals, semi-finished manufactures"
291712,"Adipic acid, its salts and esters",0502,"Chemicals, semi-finished manufactures"
291713,"Azelaic acid, sebacic acid, their salts and esters",0502,"Chemicals, semi-finished manufactures"
291714,Maleic anhydride,0502,"Chemicals, semi-finished manufactures"
291719,Other,0502,"Chemicals, semi-finished manufactures"
291720,"Cyclanic, cyclenic or cycloterpenic polycarboxylic acids, their anhydrides, halides, peroxides, peroxyacids and their derivatives",0502,"Chemicals, semi-finished manufactures"
291731,(-2006) Dibutyl orthophthalates,0502,"Chemicals, semi-finished manufactures"
291732,Dioctyl orthophthalates,0502,"Chemicals, semi-finished manufactures"
291733,Dinonyl or didecyl orthophthalates,0502,"Chemicals, semi-finished manufactures"
291734,Other esters of orthophthalic acid,0502,"Chemicals, semi-finished manufactures"
291735,Phthalic anhydride,0502,"Chemicals, semi-finished manufactures"
291736,Terephthalic acid and its salts,0502,"Chemicals, semi-finished manufactures"
291737,Dimethyl terephthalate,0502,"Chemicals, semi-finished manufactures"
291739,Other,0502,"Chemicals, semi-finished manufactures"
291811,"Lactic acid, its salts and esters",0502,"Chemicals, semi-finished manufactures"
291812,Tartaric acid,0502,"Chemicals, semi-finished manufactures"
291813,Salts and esters of tartaric acid,0502,"Chemicals, semi-finished manufactures"
291814,Citric acid,0502,"Chemicals, semi-finished manufactures"
291815,Salts and esters of citric acid,0502,"Chemicals, semi-finished manufactures"
291816,"Gluconic acid, its salts and esters",0502,"Chemicals, semi-finished manufactures"
291817,(-2001) Carboxylic acids with alcohol function but without,0502,"Chemicals, semi-finished manufactures"
291819,Other,0502,"Chemicals, semi-finished manufactures"
291821,Salicylic acid and its salts,0502,"Chemicals, semi-finished manufactures"
291822,"O-Acetylsalicylic acid, its salts and esters",0502,"Chemicals, semi-finished manufactures"
291823,Other esters of salicylic acid and their salts,0502,"Chemicals, semi-finished manufactures"
291829,Other,0502,"Chemicals, semi-finished manufactures"
291830,"Carboxylic acids with aldehyde or ketone function but without other oxygen function, their anhydrides, halides, peroxides, peroxyacids and their derivatives",0502,"Chemicals, semi-finished manufactures"
291890,(-2006) Other,0502,"Chemicals, semi-finished manufactures"
291900,"(-2006) Phosphoric esters and their salts, including lactophosphates; their halogenated, sulphonated, nitrated or nitrosated derivatives.",0502,"Chemicals, semi-finished manufactures"
292010,"(-2006) Thiophosphoric esters (phosphorothioates) and their salts; their halogenated, sulphonated, nitrated or nitrosated derivatives",0502,"Chemicals, semi-finished manufactures"
292090,Other,0502,"Chemicals, semi-finished manufactures"
292111,"Methylamine, di- or trimethylamine and their salts",0502,"Chemicals, semi-finished manufactures"
292112,(-2006) Diethylamine and its salts,0502,"Chemicals, semi-finished manufactures"
292119,Other,0502,"Chemicals, semi-finished manufactures"
292121,Ethylenediamine and its salts,0502,"Chemicals, semi-finished manufactures"
292122,Hexamethylenediamine and its salts,0502,"Chemicals, semi-finished manufactures"
292129,Other,0502,"Chemicals, semi-finished manufactures"
292130,"Cyclanic, cyclenic or cycloterpenic mono or polyamines, and their derivatives; salts thereof",0502,"Chemicals, semi-finished manufactures"
292141,Aniline and its salts,0502,"Chemicals, semi-finished manufactures"
292142,Aniline derivatives and their salts,0502,"Chemicals, semi-finished manufactures"
292143,Toluidines and their derivatives; salts thereof,0502,"Chemicals, semi-finished manufactures"
292144,Diphenylamine and its derivatives; salts thereof,0502,"Chemicals, semi-finished manufactures"
292145,"1-Naphthylamine (alpha-naphthylamine), 2-naphthylamine (beta-naphthylamine) and their derivatives; salts thereof",0502,"Chemicals, semi-finished manufactures"
292146,"(2002-) Amfetamine (INN), benzfetamine (INN), dexamfetamine (INN), etilamfetamine (INN), fencamfamin (INN), lefetamine (INN), levamfetamine (INN), mefenorex (INN) and phentermine (INN); salts thereof",0502,"Chemicals, semi-finished manufactures"
292149,Other,0502,"Chemicals, semi-finished manufactures"
292151,"o-, m-, p-Phenylenediamine, diaminotoluenes, and their derivatives; salts thereof",0502,"Chemicals, semi-finished manufactures"
292159,Other,0502,"Chemicals, semi-finished manufactures"
292211,Monoethanolamine and its salts,0502,"Chemicals, semi-finished manufactures"
292212,Diethanolamine and its salts,0502,"Chemicals, semi-finished manufactures"
292213,Triethanolamine and its salts,0502,"Chemicals, semi-finished manufactures"
292214,(2002-) Dextropropoxyphene (INN) and its salts,0502,"Chemicals, semi-finished manufactures"
292219,Other,0502,"Chemicals, semi-finished manufactures"
292221,Aminohydroxynaphthalenesulphonic acids and their salts,0502,"Chemicals, semi-finished manufactures"
292222,"(-2006) Anisidines, dianisidines, phenetidines, and their salts",0502,"Chemicals, semi-finished manufactures"
292229,Other,0502,"Chemicals, semi-finished manufactures"
292230,"(-2001) Amino-aldehydes, amino-ketones and amino-quinones,",0502,"Chemicals, semi-finished manufactures"
292231,"(2002-) Amfepramone (INN), methadone (INN) and normethadone (INN); salts thereof",0502,"Chemicals, semi-finished manufactures"
292239,(2002-) Other,0502,"Chemicals, semi-finished manufactures"
292241,Lysine and its esters; salts thereof,0502,"Chemicals, semi-finished manufactures"
292242,Glutamic acid and its salts,0502,"Chemicals, semi-finished manufactures"
292243,(1996-) Anthranilic acid and its salts,0502,"Chemicals, semi-finished manufactures"
292244,(2002-) Tilidine (INN) and its salts,0502,"Chemicals, semi-finished manufactures"
292249,Other,0502,"Chemicals, semi-finished manufactures"
292250,"Amino-alcohol-phenols, amino-acid-phenols and other aminocompounds with oxygen function",0502,"Chemicals, semi-finished manufactures"
292310,Choline and its salts,0502,"Chemicals, semi-finished manufactures"
292320,Lecithins and other phosphoaminolipids,0502,"Chemicals, semi-finished manufactures"
292390,Other,0502,"Chemicals, semi-finished manufactures"
292410,(-2001) Acyclic amides (including acyclic carbamates) and ,0502,"Chemicals, semi-finished manufactures"
292411,(2002-) Meprobamate (INN),0502,"Chemicals, semi-finished manufactures"
292419,(2002-) Other,0502,"Chemicals, semi-finished manufactures"
292421,Ureines and their derivatives; salts thereof,0502,"Chemicals, semi-finished manufactures"
292422,(1996-2001) Cyclic amides (including cyclic carbamates,0502,"Chemicals, semi-finished manufactures"
292423,(2002-) 2Acetamidobenzoic acid (Nacetylanthranilic acid) and its salts,0502,"Chemicals, semi-finished manufactures"
292424,(2002-) Ethinamate (INN),0502,"Chemicals, semi-finished manufactures"
292429,Other,0502,"Chemicals, semi-finished manufactures"
292511,Saccharin and its salts,0502,"Chemicals, semi-finished manufactures"
292512,(2002-) Glutethimide (INN),0502,"Chemicals, semi-finished manufactures"
292519,Other,0502,"Chemicals, semi-finished manufactures"
292520,(-2006) Imines and their derivatives; salts thereof,0502,"Chemicals, semi-finished manufactures"
292610,Acrylonitrile,0502,"Chemicals, semi-finished manufactures"
292620,1-Cyanoguanidine (dicyandiamide),0502,"Chemicals, semi-finished manufactures"
292630,"(2002-) Fenproporex (INN) and its salts; methadone (INN) intermediate (4cyano2dimethylamino4,4diphenylbutane)",0502,"Chemicals, semi-finished manufactures"
292690,Other,0502,"Chemicals, semi-finished manufactures"
292700,"Diazo, azo or azoxycompounds.",0502,"Chemicals, semi-finished manufactures"
292800,Organic derivatives of hydrazine or of hydroxylamine.,0502,"Chemicals, semi-finished manufactures"
292910,Isocyanates,0502,"Chemicals, semi-finished manufactures"
292990,Other,0502,"Chemicals, semi-finished manufactures"
293010,(-2006) Dithiocarbonates (xanthates),0502,"Chemicals, semi-finished manufactures"
293020,Thiocarbamates and dithiocarbamates,0502,"Chemicals, semi-finished manufactures"
293030,"Thiuram mono, di or tetrasulphides",0502,"Chemicals, semi-finished manufactures"
293040,Methionine,0502,"Chemicals, semi-finished manufactures"
293090,Other,0502,"Chemicals, semi-finished manufactures"
293100,Other organoinorganic compounds.,0502,"Chemicals, semi-finished manufactures"
293211,Tetrahydrofuran,0502,"Chemicals, semi-finished manufactures"
293212,2-Furaldehyde (furfuraldehyde),0502,"Chemicals, semi-finished manufactures"
293213,Furfuryl alcohol and tetrahydrofurfuryl alcohol,0502,"Chemicals, semi-finished manufactures"
293219,Other,0502,"Chemicals, semi-finished manufactures"
293221,"Coumarin, methylcoumarins and ethylcoumarins",0502,"Chemicals, semi-finished manufactures"
293229,Other lactones,0502,"Chemicals, semi-finished manufactures"
293290,(-1995) Heterocyclic compounds with oxygen hetero-,0502,"Chemicals, semi-finished manufactures"
293291,(1996-) Isosafrole,0502,"Chemicals, semi-finished manufactures"
293292,"(1996-) 1(1,3Benzodioxol5yl)propan2one",0502,"Chemicals, semi-finished manufactures"
293293,(1996-) Piperonal,0502,"Chemicals, semi-finished manufactures"
293294,(1996-) Safrole,0502,"Chemicals, semi-finished manufactures"
293295,(2002-) Tetrahydrocannabinols (all isomers),0502,"Chemicals, semi-finished manufactures"
293299,(1996-) Other,0502,"Chemicals, semi-finished manufactures"
293311,Phenazone (antipyrin) and its derivatives,0502,"Chemicals, semi-finished manufactures"
293319,Other,0502,"Chemicals, semi-finished manufactures"
293321,Hydantoin and its derivatives,0502,"Chemicals, semi-finished manufactures"
293329,Other,0502,"Chemicals, semi-finished manufactures"
293331,Pyridine and its salts,0502,"Chemicals, semi-finished manufactures"
293332,(1996-) Piperidine and its salts,0502,"Chemicals, semi-finished manufactures"
293333,"(2002-) Alfentanil (INN), anileridine (INN), bezitramide (INN), bromazepam (INN), difenoxin (INN), diphenoxylate (INN), dipipanone (INN), fentanyl (INN), ketobemidone (INN), methylphenidate (INN), pentazocine (INN), pethidine (INN), pethidine (INN) interm",0502,"Chemicals, semi-finished manufactures"
293339,Other,0502,"Chemicals, semi-finished manufactures"
293340,(-2001) Compounds containing a quinoline or isoquinoline r,0502,"Chemicals, semi-finished manufactures"
293341,(2002-) Levorphanol (INN) and its salts,0502,"Chemicals, semi-finished manufactures"
293349,(2002-) Other,0502,"Chemicals, semi-finished manufactures"
293351,(-2001) Compounds containing a pyrimidine ring (whether or,0502,"Chemicals, semi-finished manufactures"
293352,(2002-) Malonylurea (barbituric acid) and its salts,0502,"Chemicals, semi-finished manufactures"
293353,"(2002-) Allobarbital (INN), amobarbital (INN), barbital (INN), butalbital (INN), butobarbital, cyclobarbital (INN), methylphenobarbital (INN), pentobarbital (INN), phenobarbital (INN), secbutabarbital (INN), secobarbital (INN) and vinylbital (INN); salts ",0502,"Chemicals, semi-finished manufactures"
293354,(2002-) Other derivatives of malonylurea (barbituric acid); salts thereof,0502,"Chemicals, semi-finished manufactures"
293355,"(2002-) Loprazolam (INN), mecloqualone (INN), methaqualone (INN) and zipeprol (INN); salts thereof",0502,"Chemicals, semi-finished manufactures"
293359,Other,0502,"Chemicals, semi-finished manufactures"
293361,Melamine,0502,"Chemicals, semi-finished manufactures"
293369,Other,0502,"Chemicals, semi-finished manufactures"
293371,6-Hexanelactam (epsilon-caprolactam),0502,"Chemicals, semi-finished manufactures"
293372,(2002-) Clobazam (INN) and methyprylon (INN),0502,"Chemicals, semi-finished manufactures"
293379,Other lactams,0502,"Chemicals, semi-finished manufactures"
293390,(-2001) Other,0502,"Chemicals, semi-finished manufactures"
293391,"(2002-) Alprazolam (INN), camazepam (INN), chlordiazepoxide (INN), clonazepam (INN), clorazepate, delorazepam (INN), diazepam (INN), estazolam (INN), ethyl loflazepate (INN), fludiazepam (INN), flunitrazepam (INN), flurazepam (INN), halazepam (INN), loraz",0502,"Chemicals, semi-finished manufactures"
293399,(2002-) Other,0502,"Chemicals, semi-finished manufactures"
293410,Compounds containing an unfused thiazole ring (whether or not hydrogenated) in the structure,0502,"Chemicals, semi-finished manufactures"
293420,"Compounds containing in the structure a benzothiazole ringsystem (whether or not hydrogenated), not further fused",0502,"Chemicals, semi-finished manufactures"
293430,"Compounds containing in the structure a phenothiazine ringsystem (whether or not hydrogenated), not further fused",0502,"Chemicals, semi-finished manufactures"
293490,(-2001) Other,0502,"Chemicals, semi-finished manufactures"
293491,"(2002-) Aminorex (INN), brotizolam (INN), clotiazepam (INN), cloxazolam (INN), dextromoramide (INN), haloxazolam (INN), ketazolam (INN), mesocarb (INN), oxazolam (INN), pemoline (INN), phendimetrazine (INN), phenmetrazine (INN) and sufentanil (INN); salts",0502,"Chemicals, semi-finished manufactures"
293499,(2002-) Other,0502,"Chemicals, semi-finished manufactures"
293500,Sulphonamides.,0502,"Chemicals, semi-finished manufactures"
294000,"Sugars, chemically pure, other than sucrose, lactose, maltose, glucose and fructose; sugar ethers, sugar acetals and sugar esters, and their salts, other than products of heading 29.37, 29.38 or 29.39.",0502,"Chemicals, semi-finished manufactures"
294200,Other organic compounds.,0502,"Chemicals, semi-finished manufactures"
300670,(2002-) Gel preparations designed to be used in human or veterinary medicine as a lubricant for parts of the body for surgical operations or physical examinations or as a coupling agent between the body and medical instruments,0502,"Chemicals, semi-finished manufactures"
320110,Quebracho extract,0502,"Chemicals, semi-finished manufactures"
320120,Wattle extract,0502,"Chemicals, semi-finished manufactures"
320130,(-1995) Oak or chestnut extract,0502,"Chemicals, semi-finished manufactures"
320190,Other,0502,"Chemicals, semi-finished manufactures"
320210,Synthetic organic tanning substances,0502,"Chemicals, semi-finished manufactures"
320290,Other,0502,"Chemicals, semi-finished manufactures"
320300,"Colouring matter of vegetable or animal origin (including dyeing extracts but excluding animal black), whether or not chemically defined; preparations as specified in Note 3 to this Chapter based on colouring matter of vegetable or animal origin.",0502,"Chemicals, semi-finished manufactures"
320411,Disperse dyes and preparations based thereon,0502,"Chemicals, semi-finished manufactures"
320412,"Acid dyes, whether or not premetallised, and preparations based thereon; mordant dyes and preparations based thereon",0502,"Chemicals, semi-finished manufactures"
320413,Basic dyes and preparations based thereon,0502,"Chemicals, semi-finished manufactures"
320414,Direct dyes and preparations based thereon,0502,"Chemicals, semi-finished manufactures"
320415,Vat dyes (including those usable in that state as pigments)  and preparations based thereon,0502,"Chemicals, semi-finished manufactures"
320416,Reactive dyes and preparations based thereon,0502,"Chemicals, semi-finished manufactures"
320417,Pigments and preparations based thereon,0502,"Chemicals, semi-finished manufactures"
320419,"Other, including mixtures of colouring matter of two or more  of the subheadings 3204.11 to 3204.19",0502,"Chemicals, semi-finished manufactures"
320420,Synthetic organic products of a kind used as fluorescent rightening agents,0502,"Chemicals, semi-finished manufactures"
320490,Other,0502,"Chemicals, semi-finished manufactures"
320500,Colour lakes; preparations as specified in Note 3 to this Chapter based on colour lakes.,0502,"Chemicals, semi-finished manufactures"
320610,(-1995) Pigments and preparations based on titaniu,0502,"Chemicals, semi-finished manufactures"
320611,(1996-) Containing 80 % or more by weight of titanium dioxide  calculated on the dry matter,0502,"Chemicals, semi-finished manufactures"
320619,(1996-) Other,0502,"Chemicals, semi-finished manufactures"
320620,Pigments and preparations based on chromium compounds,0502,"Chemicals, semi-finished manufactures"
320630,(-2006) Pigments and preparations based on cadmium compounds,0502,"Chemicals, semi-finished manufactures"
320641,Ultramarine and preparations based thereon,0502,"Chemicals, semi-finished manufactures"
320642,Lithopone and other pigments and preparations based on zinc  sulphide,0502,"Chemicals, semi-finished manufactures"
320643,(-2006) Pigments and preparations based on hexacyanoferrates (ferrocyanides and ferricyanides),0502,"Chemicals, semi-finished manufactures"
320649,Other,0502,"Chemicals, semi-finished manufactures"
320650,Inorganic products of a kind used as luminophores,0502,"Chemicals, semi-finished manufactures"
330210,Of a kind used in the food or drink industries,0502,"Chemicals, semi-finished manufactures"
330290,Other,0502,"Chemicals, semi-finished manufactures"
350710,Rennet and concentrates thereof,0502,"Chemicals, semi-finished manufactures"
350790,Other,0502,"Chemicals, semi-finished manufactures"
380110,Artificial graphite,0502,"Chemicals, semi-finished manufactures"
380120,Colloidal or semicolloidal graphite,0502,"Chemicals, semi-finished manufactures"
380130,Carbonaceous pastes for electrodes and similar pastes for furnace linings,0502,"Chemicals, semi-finished manufactures"
380190,Other,0502,"Chemicals, semi-finished manufactures"
380210,Activated carbon,0502,"Chemicals, semi-finished manufactures"
380290,Other,0502,"Chemicals, semi-finished manufactures"
380300,"Tall oil, whether or not refined.",0502,"Chemicals, semi-finished manufactures"
380400,"Residual lyes from the manufacture of wood pulp, whether or not concentrated, desugared or chemically treated, including lignin sulphonates, but excluding tall oil of heading 38.03.",0502,"Chemicals, semi-finished manufactures"
380510,"Gum, wood or sulphate turpentine oils",0502,"Chemicals, semi-finished manufactures"
380520,(-2006) Pine oil,0502,"Chemicals, semi-finished manufactures"
380590,Other,0502,"Chemicals, semi-finished manufactures"
380610,Rosin and resin acids,0502,"Chemicals, semi-finished manufactures"
380620,"Salts of rosin, of resin acids or of derivatives of rosin or resin acids, other than salts of rosin adducts",0502,"Chemicals, semi-finished manufactures"
380630,Ester gums,0502,"Chemicals, semi-finished manufactures"
380690,Other,0502,"Chemicals, semi-finished manufactures"
380700,"Wood tar; wood tar oils; wood creosote; wood naphtha; vegetable pitch; brewers' pitch and similar preparations based on rosin, resin acids or on vegetable pitch.",0502,"Chemicals, semi-finished manufactures"
380991,Of a kind used in the textile or like industries,0502,"Chemicals, semi-finished manufactures"
380992,Of a kind used in the paper or like industries,0502,"Chemicals, semi-finished manufactures"
380993,Of a kind used in the leather or like industries,0502,"Chemicals, semi-finished manufactures"
380999,(-1991) Other :-- Of a kind used in the leather or,0502,"Chemicals, semi-finished manufactures"
381010,"Pickling preparations for metal surfaces; soldering, brazing or welding powders and pastes consisting of metal and other materials",0502,"Chemicals, semi-finished manufactures"
381090,Other,0502,"Chemicals, semi-finished manufactures"
381111,Based on lead compounds,0502,"Chemicals, semi-finished manufactures"
381119,Other,0502,"Chemicals, semi-finished manufactures"
381121,Containing petroleum oils or oils obtained from bituminous minerals,0502,"Chemicals, semi-finished manufactures"
381129,Other,0502,"Chemicals, semi-finished manufactures"
381190,Other,0502,"Chemicals, semi-finished manufactures"
381210,Prepared rubber accelerators,0502,"Chemicals, semi-finished manufactures"
381220,Compound plasticisers for rubber or plastics,0502,"Chemicals, semi-finished manufactures"
381230,Antioxidising preparations and other compound stabilisers for rubber or plastics,0502,"Chemicals, semi-finished manufactures"
381511,With nickel or nickel compounds as the active substance,0502,"Chemicals, semi-finished manufactures"
381512,With precious metal or precious metal compounds as the active substance,0502,"Chemicals, semi-finished manufactures"
381519,Other,0502,"Chemicals, semi-finished manufactures"
381590,Other,0502,"Chemicals, semi-finished manufactures"
381600,"Refractory cements, mortars, concretes and similar compositions, other than products of heading 38.01.",0502,"Chemicals, semi-finished manufactures"
381700,"(2002-) Mixed alkylbenzenes and mixed alkylnaphthalenes, other than those of heading 27.07 or 29.02.",0502,"Chemicals, semi-finished manufactures"
381710,(-2001) Mixed alkylbenzenes,0502,"Chemicals, semi-finished manufactures"
381720,(-2001) Mixed alkylnaphthalenes,0502,"Chemicals, semi-finished manufactures"
381800,"Chemical elements doped for use in electronics, in the form of discs, wafers or similar forms; chemical compounds doped for use in electronics.",0502,"Chemicals, semi-finished manufactures"
381900,"Hydraulic brake fluids and other prepared liquids for hydraulic transmission, not containing or containing less than 70 % by weight of petroleum oils or oils obtained from bituminous minerals.",0502,"Chemicals, semi-finished manufactures"
382000,Antifreezing preparations and prepared deicing fluids.,0502,"Chemicals, semi-finished manufactures"
382200,"Diagnostic or laboratory reagents on a backing, prepared diagnostic or laboratory reagents whether or not on a backing, other than those of heading 30.02 or 30.06; certified reference materials.",0502,"Chemicals, semi-finished manufactures"
382310,(-1995) Prepared binders for foundry moulds or cor,0502,"Chemicals, semi-finished manufactures"
382320,"(-1995) Naphthenic acids, their water-insoluble sa",0502,"Chemicals, semi-finished manufactures"
382330,(-1995) Non-agglomerated metal carbides mixed toge,0502,"Chemicals, semi-finished manufactures"
382340,"(-1995) Prepared additives for cements, mortars or",0502,"Chemicals, semi-finished manufactures"
382350,(-1995) Non-refractory mortars and concretes,0502,"Chemicals, semi-finished manufactures"
382390,(-1995) Chemical products and residual products of,0502,"Chemicals, semi-finished manufactures"
382410,(1996-) Prepared binders for foundry moulds or cores,0502,"Chemicals, semi-finished manufactures"
382420,"(1996-2006) Naphthenic acids, their waterinsoluble salts and their esters",0502,"Chemicals, semi-finished manufactures"
382430,(1996-) Nonagglomerated metal carbides mixed together or with metallic binders,0502,"Chemicals, semi-finished manufactures"
382440,"(1996-) Prepared additives for cements, mortars or concretes",0502,"Chemicals, semi-finished manufactures"
382450,(1996-) Nonrefractory mortars and concretes,0502,"Chemicals, semi-finished manufactures"
382471,(1996-) Containing acyclic hydrocarbons perhalogenated only with fluorine and chlorine,0502,"Chemicals, semi-finished manufactures"
382479,(1996-) Other,0502,"Chemicals, semi-finished manufactures"
382490,(1996-) Other,0502,"Chemicals, semi-finished manufactures"
382510,(2002-) Municipal waste,0502,"Chemicals, semi-finished manufactures"
382520,(2002-) Sewage sludge,0502,"Chemicals, semi-finished manufactures"
382541,(2002-) Halogenated,0502,"Chemicals, semi-finished manufactures"
382549,(2002-) Other,0502,"Chemicals, semi-finished manufactures"
382550,"(2002-) Wastes of metal pickling liquors, hydraulic fluids, brake  fluids and antifreeze fluids",0502,"Chemicals, semi-finished manufactures"
382561,(2002-) Mainly containing organic constituents,0502,"Chemicals, semi-finished manufactures"
382569,(2002-) Other,0502,"Chemicals, semi-finished manufactures"
382590,(2002-) Other,0502,"Chemicals, semi-finished manufactures"
390110,Polyethylene having a specific gravity of less than 0.94,0502,"Chemicals, semi-finished manufactures"
390120,Polyethylene having a specific gravity of 0.94 or more,0502,"Chemicals, semi-finished manufactures"
390130,Ethylenevinyl acetate copolymers,0502,"Chemicals, semi-finished manufactures"
390190,Other,0502,"Chemicals, semi-finished manufactures"
390210,Polypropylene,0502,"Chemicals, semi-finished manufactures"
390220,Polyisobutylene,0502,"Chemicals, semi-finished manufactures"
390230,Propylene copolymers,0502,"Chemicals, semi-finished manufactures"
390290,Other,0502,"Chemicals, semi-finished manufactures"
390311,Expansible,0502,"Chemicals, semi-finished manufactures"
390319,Other,0502,"Chemicals, semi-finished manufactures"
390320,Styreneacrylonitrile (SAN) copolymers,0502,"Chemicals, semi-finished manufactures"
390330,Acrylonitrilebutadienestyrene (ABS) copolymers,0502,"Chemicals, semi-finished manufactures"
390390,Other,0502,"Chemicals, semi-finished manufactures"
390410,"Poly(vinyl chloride), not mixed with any other substances",0502,"Chemicals, semi-finished manufactures"
390421,Nonplasticised,0502,"Chemicals, semi-finished manufactures"
390422,Plasticised,0502,"Chemicals, semi-finished manufactures"
390430,Vinyl chloridevinyl acetate copolymers,0502,"Chemicals, semi-finished manufactures"
390440,Other vinyl chloride copolymers,0502,"Chemicals, semi-finished manufactures"
390450,Vinylidene chloride polymers,0502,"Chemicals, semi-finished manufactures"
390461,Polytetrafluoroethylene,0502,"Chemicals, semi-finished manufactures"
390469,Other,0502,"Chemicals, semi-finished manufactures"
390490,Other,0502,"Chemicals, semi-finished manufactures"
390511,"(-1995) Polymers of vinyl acetate, in aqueous disp",0502,"Chemicals, semi-finished manufactures"
390512,(1996-) In aqueous dispersion,0502,"Chemicals, semi-finished manufactures"
390519,Other,0502,"Chemicals, semi-finished manufactures"
390520,"(-1995) Polyvinyl alcohols, in primary forms",0502,"Chemicals, semi-finished manufactures"
390521,(1996-) In aqueous dispersion,0502,"Chemicals, semi-finished manufactures"
390529,(1996-) Other,0502,"Chemicals, semi-finished manufactures"
390530,"(1996-) Poly(vinyl alcohol), whether or not containing unhydrolysed acetate groups",0502,"Chemicals, semi-finished manufactures"
390590,(-1995) Polymers of vinyl esters or vinyl polymers,0502,"Chemicals, semi-finished manufactures"
390591,(1996-) Copolymers,0502,"Chemicals, semi-finished manufactures"
390599,(1996-) Other,0502,"Chemicals, semi-finished manufactures"
390610,Poly(methyl methacrylate),0502,"Chemicals, semi-finished manufactures"
390690,Other,0502,"Chemicals, semi-finished manufactures"
390710,Polyacetals,0502,"Chemicals, semi-finished manufactures"
390720,Other polyethers,0502,"Chemicals, semi-finished manufactures"
390730,Epoxide resins,0502,"Chemicals, semi-finished manufactures"
390740,Polycarbonates,0502,"Chemicals, semi-finished manufactures"
390750,Alkyd resins,0502,"Chemicals, semi-finished manufactures"
390760,Poly(ethylene terephthalate),0502,"Chemicals, semi-finished manufactures"
390791,Unsaturated,0502,"Chemicals, semi-finished manufactures"
390799,Other,0502,"Chemicals, semi-finished manufactures"
390810,"Polyamide-6, -11, -12, -6,6, -6,9, -6,10 or -6,12",0502,"Chemicals, semi-finished manufactures"
390890,Other,0502,"Chemicals, semi-finished manufactures"
390910,Urea resins; thiourea resins,0502,"Chemicals, semi-finished manufactures"
390920,Melamine resins,0502,"Chemicals, semi-finished manufactures"
390930,Other aminoresins,0502,"Chemicals, semi-finished manufactures"
390940,Phenolic resins,0502,"Chemicals, semi-finished manufactures"
390950,Polyurethanes,0502,"Chemicals, semi-finished manufactures"
391000,Silicones in primary forms.,0502,"Chemicals, semi-finished manufactures"
391110,"Petroleum resins, coumarone, indene or coumaroneindene resins and polyterpenes",0502,"Chemicals, semi-finished manufactures"
391190,Other,0502,"Chemicals, semi-finished manufactures"
391211,Nonplasticised,0502,"Chemicals, semi-finished manufactures"
391212,Plasticised,0502,"Chemicals, semi-finished manufactures"
391220,Cellulose nitrates (including collodions),0502,"Chemicals, semi-finished manufactures"
391231,Carboxymethylcellulose and its salts,0502,"Chemicals, semi-finished manufactures"
391239,Other,0502,"Chemicals, semi-finished manufactures"
391290,Other,0502,"Chemicals, semi-finished manufactures"
391310,"Alginic acid, its salts and esters",0502,"Chemicals, semi-finished manufactures"
391390,Other,0502,"Chemicals, semi-finished manufactures"
391400,"Ionexchangers based on polymers of headings 39.01 to 39.13, in primary forms.",0502,"Chemicals, semi-finished manufactures"
391510,Of polymers of ethylene,0502,"Chemicals, semi-finished manufactures"
391520,Of polymers of styrene,0502,"Chemicals, semi-finished manufactures"
391530,Of polymers of vinyl chloride,0502,"Chemicals, semi-finished manufactures"
391590,Of other plastics,0502,"Chemicals, semi-finished manufactures"
391610,Of polymers of ethylene,0502,"Chemicals, semi-finished manufactures"
391620,Of polymers of vinyl chloride,0502,"Chemicals, semi-finished manufactures"
391690,Of other plastics,0502,"Chemicals, semi-finished manufactures"
391710,Artificial guts (sausage casings) of hardened protein or of cellulosic materials,0502,"Chemicals, semi-finished manufactures"
391721,Of polymers of ethylene,0502,"Chemicals, semi-finished manufactures"
391722,Of polymers of propylene,0502,"Chemicals, semi-finished manufactures"
391723,Of polymers of vinyl chloride,0502,"Chemicals, semi-finished manufactures"
391729,Of other plastics,0502,"Chemicals, semi-finished manufactures"
391731,"Flexible tubes, pipes and hoses, having a minimum burst pressure of 27.6 MPa",0502,"Chemicals, semi-finished manufactures"
391732,"Other, not reinforced or otherwise combined with other materials, without fittings",0502,"Chemicals, semi-finished manufactures"
391733,"Other, not reinforced or otherwise combined with other materials, with fittings",0502,"Chemicals, semi-finished manufactures"
391739,Other,0502,"Chemicals, semi-finished manufactures"
391740,Fittings,0502,"Chemicals, semi-finished manufactures"
391810,Of polymers of vinyl chloride,0502,"Chemicals, semi-finished manufactures"
391890,Of other plastics,0502,"Chemicals, semi-finished manufactures"
391910,In rolls of a width not exceeding 20 cm,0502,"Chemicals, semi-finished manufactures"
391990,Other,0502,"Chemicals, semi-finished manufactures"
392010,Of polymers of ethylene,0502,"Chemicals, semi-finished manufactures"
392020,Of polymers of propylene,0502,"Chemicals, semi-finished manufactures"
392030,Of polymers of styrene,0502,"Chemicals, semi-finished manufactures"
392041,(-2001) Of polymers of vinyl chloride :-- Rigid,0502,"Chemicals, semi-finished manufactures"
392042,(-2001) Of polymers of vinyl chloride :-- Flexible,0502,"Chemicals, semi-finished manufactures"
392043,(2002-) Containing by weight not less than 6 % of plasticisers,0502,"Chemicals, semi-finished manufactures"
392049,(2002-) Other,0502,"Chemicals, semi-finished manufactures"
392051,Of poly(methyl methacrylate),0502,"Chemicals, semi-finished manufactures"
392059,Other,0502,"Chemicals, semi-finished manufactures"
392061,Of polycarbonates,0502,"Chemicals, semi-finished manufactures"
392062,Of poly(ethylene terephthalate),0502,"Chemicals, semi-finished manufactures"
392063,Of unsaturated polyesters,0502,"Chemicals, semi-finished manufactures"
392069,Of other polyesters,0502,"Chemicals, semi-finished manufactures"
392071,Of regenerated cellulose,0502,"Chemicals, semi-finished manufactures"
392072,(-2006) Of vulcanised fibre,0502,"Chemicals, semi-finished manufactures"
392073,Of cellulose acetate,0502,"Chemicals, semi-finished manufactures"
392079,Of other cellulose derivatives,0502,"Chemicals, semi-finished manufactures"
392091,Of poly(vinyl butyral),0502,"Chemicals, semi-finished manufactures"
392092,Of polyamides,0502,"Chemicals, semi-finished manufactures"
392093,Of aminoresins,0502,"Chemicals, semi-finished manufactures"
392094,Of phenolic resins,0502,"Chemicals, semi-finished manufactures"
392099,Of other plastics,0502,"Chemicals, semi-finished manufactures"
392111,Of polymers of styrene,0502,"Chemicals, semi-finished manufactures"
392114,Of regenerated cellulose,0502,"Chemicals, semi-finished manufactures"
392119,Of other plastics,0502,"Chemicals, semi-finished manufactures"
293610,"(-2006) Provitamins, unmixed",0503,"Chemicals, finished manufactures"
293621,Vitamins A and their derivatives,0503,"Chemicals, finished manufactures"
293622,Vitamin B1 and its derivatives,0503,"Chemicals, finished manufactures"
293623,Vitamin B2 and its derivatives,0503,"Chemicals, finished manufactures"
293624,D- or DL-Pantothenic acid (Vitamin B3 or Vitamin B5) and its derivatives,0503,"Chemicals, finished manufactures"
293625,Vitamin B6 and its derivatives,0503,"Chemicals, finished manufactures"
293626,Vitamin B12 and its derivatives,0503,"Chemicals, finished manufactures"
293627,Vitamin C and its derivatives,0503,"Chemicals, finished manufactures"
293628,Vitamin E and its derivatives,0503,"Chemicals, finished manufactures"
293629,Other vitamins and their derivatives,0503,"Chemicals, finished manufactures"
293690,"Other, including natural concentrates",0503,"Chemicals, finished manufactures"
293710,"(-2001) Pituitary (anterior) or similar hormones, and thei",0503,"Chemicals, finished manufactures"
293711,"(2002-) Somatotropin, its derivatives and structural analogues",0503,"Chemicals, finished manufactures"
293712,(2002-) Insulin and its salts,0503,"Chemicals, finished manufactures"
293719,(2002-) Other,0503,"Chemicals, finished manufactures"
293721,"Cortisone, hydrocortisone, prednisone (dehydrocortisone) and prednisolone (dehydrohydrocortisone)",0503,"Chemicals, finished manufactures"
293722,Halogenated derivatives of corticosteroidal hormones,0503,"Chemicals, finished manufactures"
293723,(2002-) Oestrogens and progestogens,0503,"Chemicals, finished manufactures"
293729,Other,0503,"Chemicals, finished manufactures"
293731,(2002-) Epinephrine,0503,"Chemicals, finished manufactures"
293739,(2002-) Other,0503,"Chemicals, finished manufactures"
293740,(2002-) Aminoacid derivatives,0503,"Chemicals, finished manufactures"
293750,"(2002-) Prostaglandins, thromboxanes and leukotrienes, their derivatives and structural analogues",0503,"Chemicals, finished manufactures"
293790,(2002-) Other,0503,"Chemicals, finished manufactures"
293791,(-2001) Other hormones and their derivatives; other steroi,0503,"Chemicals, finished manufactures"
293792,(-2001) Other hormones and their derivatives; other steroi,0503,"Chemicals, finished manufactures"
293799,(-2001) Other hormones and their derivatives; other steroi,0503,"Chemicals, finished manufactures"
293810,Rutoside (rutin) and its derivatives,0503,"Chemicals, finished manufactures"
293890,Other,0503,"Chemicals, finished manufactures"
293910,(-2001) Alkaloids of opium and their derivatives; salts th,0503,"Chemicals, finished manufactures"
293911,"(2002-) Concentrates of poppy straw; buprenorphine (INN), codeine, dihydrocodeine (INN), ethylmorphine, etorphine (INN), heroin, hydrocodone (INN), hydromorphone (INN), morphine, nicomorphine (INN), oxycodone (INN), oxymorphone (INN), pholcodine (INN), th",0503,"Chemicals, finished manufactures"
293919,(2002-) Other,0503,"Chemicals, finished manufactures"
293921,(-2006) Quinine and its salts,0503,"Chemicals, finished manufactures"
293929,(-2006) Other,0503,"Chemicals, finished manufactures"
293930,Caffeine and its salts,0503,"Chemicals, finished manufactures"
293940,(-1995) Ephedrines and their salts,0503,"Chemicals, finished manufactures"
293941,(1996-) Ephedrine and its salts,0503,"Chemicals, finished manufactures"
293942,(1996-) Pseudoephedrine (INN) and its salts,0503,"Chemicals, finished manufactures"
293943,(2002-) Cathine (INN) and its salts,0503,"Chemicals, finished manufactures"
293949,(1996-) Other,0503,"Chemicals, finished manufactures"
293950,(-2001) Theophylline and aminophylline (theophylline- ethy,0503,"Chemicals, finished manufactures"
293951,(2002-) Fenetylline (INN) and its salts,0503,"Chemicals, finished manufactures"
293959,(2002-) Other,0503,"Chemicals, finished manufactures"
293960,(-1995) Alkaloids of rye ergot and their derivativ,0503,"Chemicals, finished manufactures"
293961,(1996-) Ergometrine (INN) and its salts,0503,"Chemicals, finished manufactures"
293962,(1996-) Ergotamine (INN) and its salts,0503,"Chemicals, finished manufactures"
293963,(1996-) Lysergic acid and its salts,0503,"Chemicals, finished manufactures"
293969,(1996-) Other,0503,"Chemicals, finished manufactures"
293970,(-2001) Nicotine and its salts,0503,"Chemicals, finished manufactures"
293990,(-2001) Other,0503,"Chemicals, finished manufactures"
293991,"(2002-) Cocaine, ecgonine, levometamfetamine, metamfetamine (INN), metamfetamine racemate; salts, esters and other derivatives thereof",0503,"Chemicals, finished manufactures"
293999,(2002-) Other,0503,"Chemicals, finished manufactures"
294110,Penicillins and their derivatives with a penicillanic acid structure; salts thereof,0503,"Chemicals, finished manufactures"
294120,Streptomycins and their derivatives; salts thereof,0503,"Chemicals, finished manufactures"
294130,Tetracyclines and their derivatives; salts thereof,0503,"Chemicals, finished manufactures"
294140,Chloramphenicol and its derivatives; salts thereof,0503,"Chemicals, finished manufactures"
294150,Erythromycin and its derivatives; salts thereof,0503,"Chemicals, finished manufactures"
294190,Other,0503,"Chemicals, finished manufactures"
300110,"(-2006) Glands and other organs, dried, whether or not powdered",0503,"Chemicals, finished manufactures"
300120,Extracts of glands or other organs or of their secretions,0503,"Chemicals, finished manufactures"
300190,Other,0503,"Chemicals, finished manufactures"
300210,"Antisera and other blood fractions and modified immunological products, whether or not obtained by means of biotechnological processes",0503,"Chemicals, finished manufactures"
300220,Vaccines for human medicine,0503,"Chemicals, finished manufactures"
300230,(1996-) Vaccines for veterinary medicine,0503,"Chemicals, finished manufactures"
300231,(-1995) Vaccines against foot-and-mouth disease,0503,"Chemicals, finished manufactures"
300239,(-1995) Other vaccines for veterinary medicine (ex,0503,"Chemicals, finished manufactures"
300290,Other,0503,"Chemicals, finished manufactures"
300310,"Containing penicillins or derivatives thereof, with a penicillanic acid structure, or streptomycins or their derivatives",0503,"Chemicals, finished manufactures"
300320,Containing other antibiotics,0503,"Chemicals, finished manufactures"
300331,Containing insulin,0503,"Chemicals, finished manufactures"
300339,Other,0503,"Chemicals, finished manufactures"
300340,Containing alkaloids or derivatives thereof but not containing hormones or other products of heading 29.37 or antibiotics,0503,"Chemicals, finished manufactures"
300390,Other,0503,"Chemicals, finished manufactures"
300410,"Containing penicillins or derivatives thereof, with a penicillanic acid structure, or streptomycins or their derivatives",0503,"Chemicals, finished manufactures"
300420,Containing other antibiotics,0503,"Chemicals, finished manufactures"
300431,Containing insulin,0503,"Chemicals, finished manufactures"
300432,"Containing corticosteroid hormones, their derivatives and  structural analogues",0503,"Chemicals, finished manufactures"
300439,Other,0503,"Chemicals, finished manufactures"
300440,"Containing alkaloids or derivatives thereof but not containing hormones, other products of heading 29.37 or antibiotics",0503,"Chemicals, finished manufactures"
300450,Other medicaments containing vitamins or other products of heading 29.36,0503,"Chemicals, finished manufactures"
300490,Other,0503,"Chemicals, finished manufactures"
300510,Adhesive dressings and other articles having an adhesive layer,0503,"Chemicals, finished manufactures"
300610,"Sterile surgical catgut, similar sterile suture materials and sterile tissue adhesives for surgical wound closure; sterile laminaria and sterile laminaria tents; sterile absorbable surgical or dental haemostatics",0503,"Chemicals, finished manufactures"
300620,Bloodgrouping reagents,0503,"Chemicals, finished manufactures"
300630,Opacifying preparations for Xray examinations; diagnostic reagents designed to be administered to the patient,0503,"Chemicals, finished manufactures"
300640,Dental cements and other dental fillings; bone reconstruction cements,0503,"Chemicals, finished manufactures"
300650,Firstaid boxes and kits,0503,"Chemicals, finished manufactures"
300660,"Chemical contraceptive preparations based on hormones, on other products of heading 29.37 or on spermicides",0503,"Chemicals, finished manufactures"
300680,(2002-2006) Waste pharmaceuticals,0503,"Chemicals, finished manufactures"
320710,"Prepared pigments, prepared opacifiers, prepared colours and similar preparations",0503,"Chemicals, finished manufactures"
320720,"Vitrifiable enamels and glazes, engobes (slips) and similar preparations",0503,"Chemicals, finished manufactures"
320730,Liquid lustres and similar preparations,0503,"Chemicals, finished manufactures"
320740,"Glass frit and other glass, in the form of powder, granules or flakes",0503,"Chemicals, finished manufactures"
320810,Based on polyesters,0503,"Chemicals, finished manufactures"
320820,Based on acrylic or vinyl polymers,0503,"Chemicals, finished manufactures"
320890,Other,0503,"Chemicals, finished manufactures"
320910,Based on acrylic or vinyl polymers,0503,"Chemicals, finished manufactures"
320990,Other,0503,"Chemicals, finished manufactures"
321000,"Other paints and varnishes (including enamels, lacquers and distempers); prepared water pigments of a kind used for finishing leather.",0503,"Chemicals, finished manufactures"
321100,Prepared driers.,0503,"Chemicals, finished manufactures"
321210,Stamping foils,0503,"Chemicals, finished manufactures"
321290,Other,0503,"Chemicals, finished manufactures"
321310,Colours in sets,0503,"Chemicals, finished manufactures"
321390,Other,0503,"Chemicals, finished manufactures"
321410,"Glaziers' putty, grafting putty, resin cements, caulking compounds and other mastics; painters' fillings",0503,"Chemicals, finished manufactures"
321490,Other,0503,"Chemicals, finished manufactures"
321511,Black,0503,"Chemicals, finished manufactures"
321519,Other,0503,"Chemicals, finished manufactures"
321590,Other,0503,"Chemicals, finished manufactures"
330300,Perfumes and toilet waters.,0503,"Chemicals, finished manufactures"
330410,Lip makeup preparations,0503,"Chemicals, finished manufactures"
330420,Eye makeup preparations,0503,"Chemicals, finished manufactures"
330430,Manicure or pedicure preparations,0503,"Chemicals, finished manufactures"
330491,"Powders, whether or not compressed",0503,"Chemicals, finished manufactures"
330499,Other,0503,"Chemicals, finished manufactures"
330510,Shampoos,0503,"Chemicals, finished manufactures"
330520,Preparations for permanent waving or straightening,0503,"Chemicals, finished manufactures"
330530,Hair lacquers,0503,"Chemicals, finished manufactures"
330590,Other,0503,"Chemicals, finished manufactures"
330610,Dentifrices,0503,"Chemicals, finished manufactures"
330690,Other,0503,"Chemicals, finished manufactures"
330710,"Preshave, shaving or aftershave preparations",0503,"Chemicals, finished manufactures"
330720,Personal deodorants and antiperspirants,0503,"Chemicals, finished manufactures"
330730,Perfumed bath salts and other bath preparations,0503,"Chemicals, finished manufactures"
330741,Agarbatti and other odoriferous preparations which operate by burning,0503,"Chemicals, finished manufactures"
330749,Other,0503,"Chemicals, finished manufactures"
330790,Other,0503,"Chemicals, finished manufactures"
340111,For toilet use (including medicated products),0503,"Chemicals, finished manufactures"
340119,Other,0503,"Chemicals, finished manufactures"
340120,Soap in other forms,0503,"Chemicals, finished manufactures"
340130,"(2002-) Organic surfaceactive products and preparations for washing the  skin,  in  the  form  of  liquid or cream and put up for retail sale, whether or not containing soap",0503,"Chemicals, finished manufactures"
340211,Anionic,0503,"Chemicals, finished manufactures"
340212,Cationic,0503,"Chemicals, finished manufactures"
340213,Non-ionic,0503,"Chemicals, finished manufactures"
340219,Other,0503,"Chemicals, finished manufactures"
340220,Preparations put up for retail sale,0503,"Chemicals, finished manufactures"
340290,Other,0503,"Chemicals, finished manufactures"
340410,(-2006) Of chemically modified lignite,0503,"Chemicals, finished manufactures"
340420,Of poly(oxyethylene) (polyethylene glycol),0503,"Chemicals, finished manufactures"
340490,Other,0503,"Chemicals, finished manufactures"
340510,"Polishes, creams and similar preparations for footwear or leather",0503,"Chemicals, finished manufactures"
340520,"Polishes, creams and similar preparations for the maintenance of wooden furniture, floors or other woodwork",0503,"Chemicals, finished manufactures"
340530,"Polishes and similar preparations for coachwork, other than metal polishes",0503,"Chemicals, finished manufactures"
340540,Scouring pastes and powders and other scouring preparations,0503,"Chemicals, finished manufactures"
340590,Other,0503,"Chemicals, finished manufactures"
340700,"Modelling pastes, including those put up for children's amusement; preparations known as dental wax or as dental impression compounds, put up in sets, in packings for retail sale or in plates, horseshoe shapes, sticks or similar forms; other preparati",0503,"Chemicals, finished manufactures"
350610,"Products suitable for use as glues or adhesives, put up for retail sale as glues or adhesives, not exceeding a net weight of 1 kg",0503,"Chemicals, finished manufactures"
350691,Adhesives based on polymers of headings 39.01 to 39.13 or on rubber,0503,"Chemicals, finished manufactures"
350699,Other,0503,"Chemicals, finished manufactures"
360100,Propellent powders.,0503,"Chemicals, finished manufactures"
360200,"Prepared explosives, other than propellent powders.",0503,"Chemicals, finished manufactures"
360300,Safety fuses; detonating fuses; percussion or detonating caps; igniters; electric detonators.,0503,"Chemicals, finished manufactures"
360410,Fireworks,0503,"Chemicals, finished manufactures"
360490,Other,0503,"Chemicals, finished manufactures"
370110,For Xray,0503,"Chemicals, finished manufactures"
370120,Instant print film,0503,"Chemicals, finished manufactures"
370130,"Other plates and film, with any side exceeding 255 mm",0503,"Chemicals, finished manufactures"
370191,For colour photography (polychrome),0503,"Chemicals, finished manufactures"
370199,Other,0503,"Chemicals, finished manufactures"
370210,For Xray,0503,"Chemicals, finished manufactures"
370220,(-2006) Instant print film,0503,"Chemicals, finished manufactures"
370231,For colour photography (polychrome),0503,"Chemicals, finished manufactures"
370232,"Other, with silver halide emulsion",0503,"Chemicals, finished manufactures"
370239,Other,0503,"Chemicals, finished manufactures"
370241,"Of a width exceeding 610 mm and of a length exceeding   200 m, for colour photography (polychrome)",0503,"Chemicals, finished manufactures"
370242,"Of a width exceeding 610 mm and of a length exceeding   200 m, other than for colour photography",0503,"Chemicals, finished manufactures"
370243,Of a width exceeding 610 mm and of a length not exceeding 200 m,0503,"Chemicals, finished manufactures"
370244,Of a width exceeding 105 mm but not exceeding 610 mm,0503,"Chemicals, finished manufactures"
370251,Of a width not exceeding 16 mm and of a length not exceeding 14 m,0503,"Chemicals, finished manufactures"
370252,Of a width not exceeding 16 mm and of a length exceeding  14 m,0503,"Chemicals, finished manufactures"
370253,"Of a width exceeding 16 mm but not exceeding 35 mm and of a length not exceeding 30 m, for slides",0503,"Chemicals, finished manufactures"
370254,"Of a width exceeding 16 mm but not exceeding 35 mm and of a length not exceeding 30 m, other than for slides",0503,"Chemicals, finished manufactures"
370255,Of a width exceeding 16 mm but not exceeding 35 mm and of a length exceeding 30 m,0503,"Chemicals, finished manufactures"
370256,Of a width exceeding 35 mm,0503,"Chemicals, finished manufactures"
370291,Of a width not exceeding 16 mm,0503,"Chemicals, finished manufactures"
370292,(-2001) Other :-- Of a width not exceeding 16 mm and of a ,0503,"Chemicals, finished manufactures"
370293,Of a width exceeding 16 mm but not exceeding 35 mm and of a length not exceeding 30 m,0503,"Chemicals, finished manufactures"
370294,Of a width exceeding 16 mm but not exceeding 35 mm and of a length exceeding 30 m,0503,"Chemicals, finished manufactures"
370295,Of a width exceeding 35 mm,0503,"Chemicals, finished manufactures"
370310,In rolls of a width exceeding 610 mm,0503,"Chemicals, finished manufactures"
370320,"Other, for colour photography (polychrome)",0503,"Chemicals, finished manufactures"
370390,Other,0503,"Chemicals, finished manufactures"
370400,"Photographic plates, film, paper, paperboard and textiles, exposed but not developed.",0503,"Chemicals, finished manufactures"
370510,For offset reproduction,0503,"Chemicals, finished manufactures"
370520,(-2006) Microfilms,0503,"Chemicals, finished manufactures"
370590,Other,0503,"Chemicals, finished manufactures"
370610,Of a width of 35 mm or more,0503,"Chemicals, finished manufactures"
370690,Other,0503,"Chemicals, finished manufactures"
370710,Sensitising emulsions,0503,"Chemicals, finished manufactures"
370790,Other,0503,"Chemicals, finished manufactures"
380810,(-2006) Insecticides,0503,"Chemicals, finished manufactures"
380820,(-2006) Fungicides,0503,"Chemicals, finished manufactures"
380830,"(-2006) Herbicides, antisprouting products and plantgrowth regulators",0503,"Chemicals, finished manufactures"
380840,(-2006) Disinfectants,0503,"Chemicals, finished manufactures"
380890,(-2006) Other,0503,"Chemicals, finished manufactures"
381300,Preparations and charges for fireextinguishers; charged fireextinguishing grenades.,0503,"Chemicals, finished manufactures"
381400,"Organic composite solvents and thinners, not elsewhere specified or included; prepared paint or varnish removers.",0503,"Chemicals, finished manufactures"
382100,Prepared culture media for development of microorganisms.,0503,"Chemicals, finished manufactures"
382530,(2002-) Clinical waste,0503,"Chemicals, finished manufactures"
392210,"Baths, showerbaths, sinks and washbasins",0503,"Chemicals, finished manufactures"
392220,Lavatory seats and covers,0503,"Chemicals, finished manufactures"
392290,Other,0503,"Chemicals, finished manufactures"
392310,"Boxes, cases, crates and similar articles",0503,"Chemicals, finished manufactures"
392321,Of polymers of ethylene,0503,"Chemicals, finished manufactures"
392329,Of other plastics,0503,"Chemicals, finished manufactures"
392330,"Carboys, bottles, flasks and similar articles",0503,"Chemicals, finished manufactures"
392340,"Spools, cops, bobbins and similar supports",0503,"Chemicals, finished manufactures"
392350,"Stoppers, lids, caps and other closures",0503,"Chemicals, finished manufactures"
392390,Other,0503,"Chemicals, finished manufactures"
392410,Tableware and kitchenware,0503,"Chemicals, finished manufactures"
392490,Other,0503,"Chemicals, finished manufactures"
392510,"Reservoirs, tanks, vats and similar containers, of a capacity exceeding 300 l",0503,"Chemicals, finished manufactures"
392520,"Doors, windows and their frames and thresholds for doors",0503,"Chemicals, finished manufactures"
392530,"Shutters, blinds (including Venetian blinds) and similar articles and parts thereof",0503,"Chemicals, finished manufactures"
392590,Other,0503,"Chemicals, finished manufactures"
392610,Office or school supplies,0503,"Chemicals, finished manufactures"
392620,"Articles of apparel and clothing accessories (including gloves, mittens and mitts)",0503,"Chemicals, finished manufactures"
392630,"Fittings for furniture, coachwork or the like",0503,"Chemicals, finished manufactures"
392640,Statuettes and other ornamental articles,0503,"Chemicals, finished manufactures"
392690,Other,0503,"Chemicals, finished manufactures"
860110,Powered from an external source of electricity,0603,Transport equipment
860120,Powered by electric accumulators,0603,Transport equipment
860210,Dieselelectric locomotives,0603,Transport equipment
860290,Other,0603,Transport equipment
860310,Powered from an external source of electricity,0603,Transport equipment
860390,Other,0603,Transport equipment
860400,"Railway or tramway maintenance or service vehicles, whether or not selfpropelled (for example, workshops, cranes, ballast tampers, trackliners, testing coaches and track inspection vehicles).",0603,Transport equipment
860500,"Railway or tramway passenger coaches, not selfpropelled; luggage vans, post office coaches and other special purpose railway or tramway coaches, not selfpropelled (excluding those of heading 86.04).",0603,Transport equipment
860610,Tank wagons and the like,0603,Transport equipment
860620,"(-2006) Insulated or refrigerated vans and wagons, other than those of subheading 8606.10",0603,Transport equipment
860630,"Selfdischarging vans and wagons, other than those of subheading 8606.10 or 8606.20",0603,Transport equipment
860691,Covered and closed,0603,Transport equipment
860692,"Open, with nonremovable sides of a height exceeding 60 cm",0603,Transport equipment
860699,Other,0603,Transport equipment
860711,Driving bogies and bisselbogies,0603,Transport equipment
860712,Other bogies and bisselbogies,0603,Transport equipment
860719,"Other, including parts",0603,Transport equipment
860721,Air brakes and parts thereof,0603,Transport equipment
860729,Other,0603,Transport equipment
860730,"Hooks and other coupling devices, buffers, and parts thereof",0603,Transport equipment
860791,Of locomotives,0603,Transport equipment
860799,Other,0603,Transport equipment
860900,Containers (including containers for the transport of fluids) specially designed and equipped for carriage by one or more modes of transport.,0603,Transport equipment
870110,Pedestrian controlled tractors,0603,Transport equipment
870120,Road tractors for semi-trailers,0603,Transport equipment
870130,Track-laying tractors,0603,Transport equipment
870190,Other,0603,Transport equipment
870210,With compression-ignition internal combustion piston engine (diesel or semi-diesel),0603,Transport equipment
870290,Other,0603,Transport equipment
870310,Vehicles specially designed for travelling on snow; golf cars and similar vehicles,0603,Transport equipment
870321,"Of a cylinder capacity not exceeding 1,000 cc",0603,Transport equipment
870322,"Of a cylinder capacity exceeding 1,000 cc but not exceeding 1,500 cc",0603,Transport equipment
870323,"Of a cylinder capacity exceeding 1,500 cc but not exceeding 3,000 cc",0603,Transport equipment
870324,"Of a cylinder capacity exceeding 3,000 cc",0603,Transport equipment
870331,"Of a cylinder capacity not exceeding 1,500 cc",0603,Transport equipment
870332,"Of a cylinder capacity exceeding 1,500 cc but not exceeding 2,500 cc",0603,Transport equipment
870333,"Of a cylinder capacity exceeding 2,500 cc",0603,Transport equipment
870390,Other,0603,Transport equipment
870410,Dumpers designed for offhighway use,0603,Transport equipment
870421,g.v.w. not exceeding 5 tonnes,0603,Transport equipment
870422,g.v.w. exceeding 5 tonnes but not exceeding 20 tonnes,0603,Transport equipment
870423,g.v.w. exceeding 20 tonnes,0603,Transport equipment
870431,g.v.w. not exceeding 5 tonnes,0603,Transport equipment
870432,g.v.w. exceeding 5 tonnes,0603,Transport equipment
870490,Other,0603,Transport equipment
870510,Crane lorries,0603,Transport equipment
870520,Mobile drilling derricks,0603,Transport equipment
870530,Fire fighting vehicles,0603,Transport equipment
870540,Concretemixer lorries,0603,Transport equipment
870590,Other,0603,Transport equipment
870600,"Chassis fitted with engines, for the motor vehicles of headings 87.01 to 87.05.",0603,Transport equipment
870710,For the vehicles of heading 87.03,0603,Transport equipment
870790,Other,0603,Transport equipment
870810,Bumpers and parts thereof,0603,Transport equipment
870829,Other,0603,Transport equipment
870831,(-2006) Mounted brake linings,0603,Transport equipment
870839,(-2006) Other,0603,Transport equipment
870840,Gear boxes,0603,Transport equipment
870850,"  Driveaxles with differential, whether or not provided with other transmission components",0603,Transport equipment
870860,(-2006) Nondriving axles and parts thereof,0603,Transport equipment
870870,Road wheels and parts and accessories thereof,0603,Transport equipment
870880,Suspension shockabsorbers,0603,Transport equipment
870891,Radiators,0603,Transport equipment
870892,Silencers and exhaust pipes,0603,Transport equipment
870893,Clutches and parts thereof,0603,Transport equipment
870894,"Steering wheels, steering columns and steering boxes",0603,Transport equipment
870899,Other,0603,Transport equipment
871110,  With reciprocating internal combustion piston engine of a cylinder capacity not exceeding 50 cc,0603,Transport equipment
871120,  With reciprocating internal combustion piston engine of a cylinder capacity exceeding 50 cc but not exceeding 250 cc,0603,Transport equipment
871130,  With reciprocating internal combustion piston engine of a cylinder capacity exceeding 250 cc but not exceeding 500 cc,0603,Transport equipment
871140,  With reciprocating internal combustion piston engine of a cylinder capacity exceeding 500 cc but not exceeding 800 cc,0603,Transport equipment
871150,  With reciprocating internal combustion piston engine of a cylinder capacity exceeding 800 cc,0603,Transport equipment
871190,Other,0603,Transport equipment
871200,"Bicycles and other cycles (including delivery tricycles), not motorised.",0603,Transport equipment
871310,Not mechanically propelled,0603,Transport equipment
871390,Other,0603,Transport equipment
871411,Saddles,0603,Transport equipment
871419,Other,0603,Transport equipment
871420,Of carriages for disabled persons,0603,Transport equipment
871491,"Frames and forks, and parts thereof",0603,Transport equipment
871492,Wheel rims and spokes,0603,Transport equipment
871493,"Hubs, other than coaster braking hubs and hub brakes, and freewheel sprocketwheels",0603,Transport equipment
871494,"Brakes, including coaster braking hubs and hub brakes, and parts thereof",0603,Transport equipment
871495,Saddles,0603,Transport equipment
871496,"Pedals and crankgear, and parts thereof",0603,Transport equipment
871499,Other,0603,Transport equipment
871610,"Trailers and semitrailers of the caravan type, for housing or camping",0603,Transport equipment
871620,Selfloading or selfunloading trailers and semitrailers for agricultural purposes,0603,Transport equipment
871631,Tanker trailers and tanker semitrailers,0603,Transport equipment
871639,Other,0603,Transport equipment
871640,Other trailers and semitrailers,0603,Transport equipment
871680,Other vehicles,0603,Transport equipment
871690,Parts,0603,Transport equipment
880110,(-2006) Gliders and hang gliders,0603,Transport equipment
880190,(-2006) Other,0603,Transport equipment
880211,"Of an unladen weight not exceeding 2,000 kg",0603,Transport equipment
880212,"Of an unladen weight exceeding 2,000 kg",0603,Transport equipment
880220,"Aeroplanes and other aircraft, of an unladen weight not exceeding 2,000 kg",0603,Transport equipment
880230,"Aeroplanes and other aircraft, of an unladen weight exceeding 2,000 kg but not exceeding 15,000 kg",0603,Transport equipment
880240,"Aeroplanes and other aircraft, of an unladen weight exceeding 15,000 kg",0603,Transport equipment
880250,(-1995) Spacecraft (including satellites) and spac,0603,Transport equipment
880260,(1996-) Spacecraft (including satellites) and suborbital and spacecraft launch vehicles,0603,Transport equipment
880310,Propellers and rotors and parts thereof,0603,Transport equipment
880320,Undercarriages and parts thereof,0603,Transport equipment
880330,Other parts of aeroplanes or helicopters,0603,Transport equipment
880390,Other,0603,Transport equipment
890110,"Cruise ships, excursion boats and similar vessels principally designed for the transport of persons; ferryboats of all kinds",0603,Transport equipment
890120,Tankers,0603,Transport equipment
890130,"Refrigerated vessels, other than those of subheading 8901.20",0603,Transport equipment
890190,Other vessels for the transport of goods and other vessels for the transport of both persons and goods,0603,Transport equipment
890200,Fishing vessels; factory ships and other vessels for processing or preserving fishery products.,0603,Transport equipment
890310,Inflatable,0603,Transport equipment
890391,"Sailboats, with or without auxiliary motor",0603,Transport equipment
890392,"Motorboats, other than outboard motorboats",0603,Transport equipment
890399,Other,0603,Transport equipment
890400,Tugs and pusher craft.,0603,Transport equipment
890510,Dredgers,0603,Transport equipment
890520,Floating or submersible drilling or production platforms,0603,Transport equipment
890590,Other,0603,Transport equipment
890600,"(-2001) Other vessels, including warships and lifeboats ot",0603,Transport equipment
890610,(2002-) Warships,0603,Transport equipment
890690,(2002-) Other,0603,Transport equipment
890710,Inflatable rafts,0603,Transport equipment
890790,Other,0603,Transport equipment
890800,Vessels and other floating structures for breaking up.,0603,Transport equipment
732111,For gas fuel or for both gas and other fuels,0703,Non-electric machinery
732112,For liquid fuel,0703,Non-electric machinery
732113,(-2006) For solid fuel,0703,Non-electric machinery
732181,For gas fuel or for both gas and other fuels,0703,Non-electric machinery
732182,For liquid fuel,0703,Non-electric machinery
732183,(-2006) For solid fuel,0703,Non-electric machinery
732190,Parts,0703,Non-electric machinery
732211,Of cast iron,0703,Non-electric machinery
732219,Other,0703,Non-electric machinery
732290,Other,0703,Non-electric machinery
840110,Nuclear reactors,0703,Non-electric machinery
840120,"Machinery and apparatus for isotopic separation, and parts thereof",0703,Non-electric machinery
840130,"Fuel elements (cartridges), nonirradiated",0703,Non-electric machinery
840140,Parts of nuclear reactors,0703,Non-electric machinery
840211,Watertube boilers with a steam production exceeding 45 t per  hour,0703,Non-electric machinery
840212,Watertube boilers with a steam production not exceeding 45 t  per hour,0703,Non-electric machinery
840219,"Other vapour generating boilers, including hybrid boilers",0703,Non-electric machinery
840220,Superheated water boilers,0703,Non-electric machinery
840290,Parts,0703,Non-electric machinery
840310,Boilers,0703,Non-electric machinery
840390,Parts,0703,Non-electric machinery
840410,Auxiliary plant for use with boilers of heading 84.02 or 84.03,0703,Non-electric machinery
840420,Condensers for steam or other vapour power units,0703,Non-electric machinery
840490,Parts,0703,Non-electric machinery
840510,"Producer gas or water gas generators, with or without their purifiers; acetylene gas generators and similar water process gas generators, with or without their purifiers",0703,Non-electric machinery
840590,Parts,0703,Non-electric machinery
840610,(1996-) Turbines for marine propulsion,0703,Non-electric machinery
840611,(-1995) Steam and vapour turbines for marine propu,0703,Non-electric machinery
840619,(-1995) Steam and vapour turbines nes,0703,Non-electric machinery
840681,(1996-) Of an output exceeding 40 MW,0703,Non-electric machinery
840682,(1996-) Of an output not exceeding 40 MW,0703,Non-electric machinery
840690,Parts,0703,Non-electric machinery
840710,Aircraft engines,0703,Non-electric machinery
840721,Outboard motors,0703,Non-electric machinery
840729,Other,0703,Non-electric machinery
840731,Of a cylinder capacity not exceeding 50 cc,0703,Non-electric machinery
840732,Of a cylinder capacity exceeding 50 cc but not exceeding   250 cc,0703,Non-electric machinery
840733,"Of a cylinder capacity exceeding 250 cc but not exceeding 1,000 cc",0703,Non-electric machinery
840734,"Of a cylinder capacity exceeding 1,000 cc",0703,Non-electric machinery
840790,Other engines,0703,Non-electric machinery
840810,Marine propulsion engines,0703,Non-electric machinery
840820,Engines of a kind used for the propulsion of vehicles of Chapter 87,0703,Non-electric machinery
840890,Other engines,0703,Non-electric machinery
840910,For aircraft engines,0703,Non-electric machinery
840991,Suitable for use solely or principally with sparkignition internal combustion piston engines,0703,Non-electric machinery
840999,Other,0703,Non-electric machinery
841011,"Of a power not exceeding 1,000 kW",0703,Non-electric machinery
841012,"Of a power exceeding 1,000 kW but not exceeding 10,000 kW",0703,Non-electric machinery
841013,"Of a power exceeding 10,000 kW",0703,Non-electric machinery
841090,"Parts, including regulators",0703,Non-electric machinery
841111,Of a thrust not exceeding 25 kN,0703,Non-electric machinery
841112,Of a thrust exceeding 25 kN,0703,Non-electric machinery
841121,"Of a power not exceeding 1,100 kW",0703,Non-electric machinery
841122,"Of a power exceeding 1,100 kW",0703,Non-electric machinery
841181,"Of a power not exceeding 5,000 kW",0703,Non-electric machinery
841182,"Of a power exceeding 5,000 kW",0703,Non-electric machinery
841191,Of turbojets or turbopropellers,0703,Non-electric machinery
841199,Other,0703,Non-electric machinery
841210,Reaction engines other than turbojets,0703,Non-electric machinery
841221,Linear acting (cylinders),0703,Non-electric machinery
841229,Other,0703,Non-electric machinery
841231,Linear acting (cylinders),0703,Non-electric machinery
841239,Other,0703,Non-electric machinery
841280,Other,0703,Non-electric machinery
841290,Parts,0703,Non-electric machinery
841311,"Pumps for dispensing fuel or lubricants, of the type used in fillingstations or in garages",0703,Non-electric machinery
841319,Other,0703,Non-electric machinery
841320,"Hand pumps, other than those of subheading 8413.11 or 8413.19",0703,Non-electric machinery
841330,"Fuel, lubricating or cooling medium pumps for internal combustion piston engines",0703,Non-electric machinery
841340,Concrete pumps,0703,Non-electric machinery
841350,Other reciprocating positive displacement pumps,0703,Non-electric machinery
841360,Other rotary positive displacement pumps,0703,Non-electric machinery
841370,Other centrifugal pumps,0703,Non-electric machinery
841381,Pumps,0703,Non-electric machinery
841382,Liquid elevators,0703,Non-electric machinery
841391,Of pumps,0703,Non-electric machinery
841392,Of liquid elevators,0703,Non-electric machinery
841410,Vacuum pumps,0703,Non-electric machinery
841420,Hand or footoperated air pumps,0703,Non-electric machinery
841430,Compressors of a kind used in refrigerating equipment,0703,Non-electric machinery
841440,Air compressors mounted on a wheeled chassis for towing,0703,Non-electric machinery
841451,"Table, floor, wall, window, ceiling or roof fans, with a selfcontained electric motor of an output not exceeding 125 W",0703,Non-electric machinery
841459,Other,0703,Non-electric machinery
841460,Hoods having a maximum horizontal side not exceeding 120 cm,0703,Non-electric machinery
841480,Other,0703,Non-electric machinery
841490,Parts,0703,Non-electric machinery
841510,"Window or wall types, selfcontained or  splitsystem",0703,Non-electric machinery
841520,"(1996-) Of a kind used for persons, in motor vehicles",0703,Non-electric machinery
841581,Incorporating a refrigerating unit and a valve for reversal of  the cooling/heat cycle (reversible heat pumps),0703,Non-electric machinery
841582,"Other, incorporating a refrigerating unit",0703,Non-electric machinery
841583,Not incorporating a refrigerating unit,0703,Non-electric machinery
841590,Parts,0703,Non-electric machinery
841610,Furnace burners for liquid fuel,0703,Non-electric machinery
841620,"Other furnace burners, including combination burners",0703,Non-electric machinery
841630,"Mechanical stokers, including their mechanical grates, mechanical ash dischargers and similar appliances",0703,Non-electric machinery
841690,Parts,0703,Non-electric machinery
841710,"Furnaces and ovens for the roasting, melting or other heattreatment of ores, pyrites or of metals",0703,Non-electric machinery
841720,"Bakery ovens, including biscuit ovens",0703,Non-electric machinery
841780,Other,0703,Non-electric machinery
841790,Parts,0703,Non-electric machinery
841810,"Combined refrigeratorfreezers, fitted with separate external doors",0703,Non-electric machinery
841821,Compressiontype,0703,Non-electric machinery
841822,"(-2006) Absorptiontype, electrical",0703,Non-electric machinery
841829,Other,0703,Non-electric machinery
841830,"Freezers of the chest type, not exceeding 800 l capacity",0703,Non-electric machinery
841840,"Freezers of the upright type, not exceeding 900 l capacity",0703,Non-electric machinery
841850,"Other refrigerating or freezing chests, cabinets, display counters, showcases and similar refrigerating or freezing furniture",0703,Non-electric machinery
841861,Compression type units whose condensers are heat exchangers,0703,Non-electric machinery
841869,Other,0703,Non-electric machinery
841891,Furniture designed to receive refrigerating or freezing equipment,0703,Non-electric machinery
841899,Other,0703,Non-electric machinery
841911,Instantaneous gas water heaters,0703,Non-electric machinery
841919,Other,0703,Non-electric machinery
841920,"Medical, surgical or laboratory sterilisers",0703,Non-electric machinery
841931,For agricultural products,0703,Non-electric machinery
841932,"For wood, paper pulp, paper or paperboard",0703,Non-electric machinery
841939,Other,0703,Non-electric machinery
841940,Distilling or rectifying plant,0703,Non-electric machinery
841950,Heat exchange units,0703,Non-electric machinery
841960,Machinery for liquefying air or other gases,0703,Non-electric machinery
841981,For making hot drinks or for cooking or heating food,0703,Non-electric machinery
841989,Other,0703,Non-electric machinery
841990,Parts,0703,Non-electric machinery
842010,Calendering or other rolling machines,0703,Non-electric machinery
842091,Cylinders,0703,Non-electric machinery
842099,Other,0703,Non-electric machinery
842111,Cream separators,0703,Non-electric machinery
842112,Clothesdryers,0703,Non-electric machinery
842119,Other,0703,Non-electric machinery
842121,For filtering or purifying water,0703,Non-electric machinery
842122,For filtering or purifying beverages other than water,0703,Non-electric machinery
842123,Oil or petrolfilters for internal combustion engines,0703,Non-electric machinery
842129,Other,0703,Non-electric machinery
842131,Intake air filters for internal combustion engines,0703,Non-electric machinery
842139,Other,0703,Non-electric machinery
842191,"Of centrifuges, including centrifugal dryers",0703,Non-electric machinery
842199,Other,0703,Non-electric machinery
842211,Of the household type,0703,Non-electric machinery
842219,Other,0703,Non-electric machinery
842220,Machinery for cleaning or drying bottles or other containers,0703,Non-electric machinery
842230,"Machinery for filling, closing, sealing, or labelling bottles, cans, boxes, bags or other containers; machinery for capsuling bottles, jars, tubes and similar containers; machinery for aerating beverages",0703,Non-electric machinery
842240,Other packing or wrapping machinery (including heatshrink wrapping machinery),0703,Non-electric machinery
842290,Parts,0703,Non-electric machinery
842310,"Personal weighing machines, including baby scales; household scales",0703,Non-electric machinery
842320,Scales for continuous weighing of goods on conveyors,0703,Non-electric machinery
842330,"Constant weight scales and scales for discharging a predetermined weight of material into a bag or container, including hopper scales",0703,Non-electric machinery
842381,Having a maximum weighing capacity not exceeding 30 kg,0703,Non-electric machinery
842382,"Having a maximum weighing capacity exceeding 30 kg but  not exceeding 5,000 kg",0703,Non-electric machinery
842389,Other,0703,Non-electric machinery
842390,Weighing machine weights of all kinds; parts of weighing machinery,0703,Non-electric machinery
842410,"Fire extinguishers, whether or not charged",0703,Non-electric machinery
842420,Spray guns and similar appliances,0703,Non-electric machinery
842430,Steam or sand blasting machines and similar jet projecting machines,0703,Non-electric machinery
842481,Agricultural or horticultural,0703,Non-electric machinery
842489,Other,0703,Non-electric machinery
842490,Parts,0703,Non-electric machinery
842511,Powered by electric motor,0703,Non-electric machinery
842519,Other,0703,Non-electric machinery
842520,(-2006) Pit-head winding gear; winches specially designed for use underground,0703,Non-electric machinery
842531,Powered by electric motor,0703,Non-electric machinery
842539,Other,0703,Non-electric machinery
842541,Built-in jacking systems of a type used in garages,0703,Non-electric machinery
842542,"Other jacks and hoists, hydraulic",0703,Non-electric machinery
842549,Other,0703,Non-electric machinery
842611,Overhead travelling cranes on fixed support,0703,Non-electric machinery
842612,Mobile lifting frames on tyres and straddle carriers,0703,Non-electric machinery
842619,Other,0703,Non-electric machinery
842620,Tower cranes,0703,Non-electric machinery
842630,Portal or pedestal jib cranes,0703,Non-electric machinery
842641,On tyres,0703,Non-electric machinery
842649,Other,0703,Non-electric machinery
842691,Designed for mounting on road vehicles,0703,Non-electric machinery
842699,Other,0703,Non-electric machinery
842710,Selfpropelled trucks powered by an electric motor,0703,Non-electric machinery
842720,Other selfpropelled trucks,0703,Non-electric machinery
842790,Other trucks,0703,Non-electric machinery
842810,Lifts and skip hoists,0703,Non-electric machinery
842820,Pneumatic elevators and conveyors,0703,Non-electric machinery
842831,Specially designed for underground use,0703,Non-electric machinery
842832,"Other, bucket type",0703,Non-electric machinery
842833,"Other, belt type",0703,Non-electric machinery
842839,Other,0703,Non-electric machinery
842840,Escalators and moving walkways,0703,Non-electric machinery
842850,"(-2006) Mine wagon pushers, locomotive or wagon traversers, wagon tippers and similar railway wagon handling equipment",0703,Non-electric machinery
842860,"Teleferics, chairlifts, skidraglines; traction mechanisms for funiculars",0703,Non-electric machinery
842890,Other machinery,0703,Non-electric machinery
842911,Track laying,0703,Non-electric machinery
842919,Other,0703,Non-electric machinery
842920,Graders and levellers,0703,Non-electric machinery
842930,Scrapers,0703,Non-electric machinery
842940,Tamping machines and road rollers,0703,Non-electric machinery
842951,Frontend shovel loaders,0703,Non-electric machinery
842952,Machinery with a 360° revolving superstructure,0703,Non-electric machinery
842959,Other,0703,Non-electric machinery
843010,Piledrivers and pileextractors,0703,Non-electric machinery
843020,Snowploughs and snowblowers,0703,Non-electric machinery
843031,Selfpropelled,0703,Non-electric machinery
843039,Other,0703,Non-electric machinery
843041,Selfpropelled,0703,Non-electric machinery
843049,Other,0703,Non-electric machinery
843050,"Other machinery, selfpropelled",0703,Non-electric machinery
843061,Tamping or compacting machinery,0703,Non-electric machinery
843062,"(-2001) Other machinery, not self-propelled :- Scrapers",0703,Non-electric machinery
843069,Other,0703,Non-electric machinery
843110,Of machinery of heading 84.25,0703,Non-electric machinery
843120,Of machinery of heading 84.27,0703,Non-electric machinery
843131,"Of lifts, skip hoists or escalators",0703,Non-electric machinery
843139,Other,0703,Non-electric machinery
843141,"Buckets, shovels, grabs and grips",0703,Non-electric machinery
843142,Bulldozer or angledozer blades,0703,Non-electric machinery
843143,Parts for boring or sinking machinery of subheading 8430.41 or 8430.49,0703,Non-electric machinery
843149,Other,0703,Non-electric machinery
843210,Ploughs,0703,Non-electric machinery
843221,Disc harrows,0703,Non-electric machinery
843229,Other,0703,Non-electric machinery
843230,"Seeders, planters and transplanters",0703,Non-electric machinery
843240,Manure spreaders and fertiliser distributors,0703,Non-electric machinery
843280,Other machinery,0703,Non-electric machinery
843290,Parts,0703,Non-electric machinery
843311,"Powered, with the cutting device rotating in a horizontal plane",0703,Non-electric machinery
843319,Other,0703,Non-electric machinery
843320,"Other mowers, including cutter bars for tractor mounting",0703,Non-electric machinery
843330,Other haymaking machinery,0703,Non-electric machinery
843340,"Straw or fodder balers, including pickup balers",0703,Non-electric machinery
843351,Combine harvesterthreshers,0703,Non-electric machinery
843352,Other threshing machinery,0703,Non-electric machinery
843353,Root or tuber harvesting machines,0703,Non-electric machinery
843359,Other,0703,Non-electric machinery
843360,"Machines for cleaning, sorting or grading eggs, fruit or other agricultural produce",0703,Non-electric machinery
843390,Parts,0703,Non-electric machinery
843410,Milking machines,0703,Non-electric machinery
843420,Dairy machinery,0703,Non-electric machinery
843490,Parts,0703,Non-electric machinery
843510,Machinery,0703,Non-electric machinery
843590,Parts,0703,Non-electric machinery
843610,Machinery for preparing animal feeding stuffs,0703,Non-electric machinery
843621,Poultry incubators and brooders,0703,Non-electric machinery
843629,Other,0703,Non-electric machinery
843680,Other machinery,0703,Non-electric machinery
843691,Of poultrykeeping machinery or poultry incubators and brooders,0703,Non-electric machinery
843699,Other,0703,Non-electric machinery
843710,"Machines for cleaning, sorting or grading seed, grain or dried leguminous vegetables",0703,Non-electric machinery
843780,Other machinery,0703,Non-electric machinery
843790,Parts,0703,Non-electric machinery
843810,"Bakery machinery and machinery for the manufacture of macaroni, spaghetti or similar products",0703,Non-electric machinery
843820,"Machinery for the manufacture of confectionery, cocoa or chocolate",0703,Non-electric machinery
843830,Machinery for sugar manufacture,0703,Non-electric machinery
843840,Brewery machinery,0703,Non-electric machinery
843850,Machinery for the preparation of meat or poultry,0703,Non-electric machinery
843860,"Machinery for the preparation of fruits, nuts or vegetables",0703,Non-electric machinery
843880,Other machinery,0703,Non-electric machinery
843890,Parts,0703,Non-electric machinery
843910,Machinery for making pulp of fibrous cellulosic material,0703,Non-electric machinery
843920,Machinery for making paper or paperboard,0703,Non-electric machinery
843930,Machinery for finishing paper or paperboard,0703,Non-electric machinery
843991,Of machinery for making pulp of fibrous cellulosic material,0703,Non-electric machinery
843999,Other,0703,Non-electric machinery
844010,Machinery,0703,Non-electric machinery
844090,Parts,0703,Non-electric machinery
844110,Cutting machines,0703,Non-electric machinery
844120,"Machines for making bags, sacks or envelopes",0703,Non-electric machinery
844130,"Machines for making cartons, boxes, cases, tubes, drums or similar containers, other than by moulding",0703,Non-electric machinery
844140,"Machines for moulding articles in paper pulp, paper or paperboard",0703,Non-electric machinery
844180,Other machinery,0703,Non-electric machinery
844190,Parts,0703,Non-electric machinery
844210,(-2006) Phototypesetting and composing machines,0703,Non-electric machinery
844220,"(-2006) Machinery, apparatus and equipment for typesetting or composing by other processes, with or without founding device",0703,Non-electric machinery
844230,"Other machinery, apparatus and equipment",0703,Non-electric machinery
844240,"Parts of the foregoing machinery, apparatus or equipment",0703,Non-electric machinery
844250,"Printing type, blocks, plates, cylinders and other printing components; blocks, plates, cylinders and lithographic stones, prepared for printing purposes (for example, planed, grained or polished)",0703,Non-electric machinery
844311,Reel fed,0703,Non-electric machinery
844312,"Sheet fed, office type (sheet size not exceeding 22 x 36 cm)",0703,Non-electric machinery
844319,Other,0703,Non-electric machinery
844321,(-2006) Reel fed,0703,Non-electric machinery
844329,(-2006) Other,0703,Non-electric machinery
844330,(-2006) Flexographic printing machinery,0703,Non-electric machinery
844340,(-2006) Gravure printing machinery,0703,Non-electric machinery
844350,(-1995) Printing machinery nes,0703,Non-electric machinery
844351,(1996-2006) Inkjet printing machines,0703,Non-electric machinery
844359,(1996-2006) Other,0703,Non-electric machinery
844360,(-2006) Machines for uses ancillary to printing,0703,Non-electric machinery
844390,(-2006) Parts,0703,Non-electric machinery
844400,"Machines for extruding, drawing, texturing or cutting manmade textile materials.",0703,Non-electric machinery
844511,Carding machines,0703,Non-electric machinery
844512,Combing machines,0703,Non-electric machinery
844513,Drawing or roving machines,0703,Non-electric machinery
844519,Other,0703,Non-electric machinery
844520,Textile spinning machines,0703,Non-electric machinery
844530,Textile doubling or twisting machines,0703,Non-electric machinery
844540,Textile winding (including weftwinding) or reeling machines,0703,Non-electric machinery
844590,Other,0703,Non-electric machinery
844610,For weaving fabrics of a width not exceeding 30 cm,0703,Non-electric machinery
844621,Power looms,0703,Non-electric machinery
844629,Other,0703,Non-electric machinery
844630,"For weaving fabrics of a width exceeding 30 cm, shuttleless type",0703,Non-electric machinery
844711,With cylinder diameter not exceeding 165 mm,0703,Non-electric machinery
844712,With cylinder diameter exceeding 165 mm,0703,Non-electric machinery
844720,Flat knitting machines; stitchbonding machines,0703,Non-electric machinery
844790,Other,0703,Non-electric machinery
844811,"Dobbies and Jacquards; card reducing, copying, punching or assembling machines for use therewith",0703,Non-electric machinery
844819,Other,0703,Non-electric machinery
844820,Parts and accessories of machines of heading 84.44 or of their auxiliary machinery,0703,Non-electric machinery
844831,Card clothing,0703,Non-electric machinery
844832,"Of machines for preparing textile fibres, other than card clothing",0703,Non-electric machinery
844833,"Spindles, spindle flyers, spinning rings and ring travellers",0703,Non-electric machinery
844839,Other,0703,Non-electric machinery
844841,(-2006) Shuttles,0703,Non-electric machinery
844842,"Reeds for looms, healds and healdframes",0703,Non-electric machinery
844849,Other,0703,Non-electric machinery
844851,"Sinkers, needles and other articles used in forming stitches",0703,Non-electric machinery
844859,Other,0703,Non-electric machinery
844900,"Machinery for the manufacture or finishing of felt or nonwovens in the piece or in shapes, including machinery for making felt hats; blocks for making hats.",0703,Non-electric machinery
845011,Fullyautomatic machines,0703,Non-electric machinery
845012,"Other machines, with builtin centrifugal drier",0703,Non-electric machinery
845019,Other,0703,Non-electric machinery
845020,"Machines, each of a dry linen capacity exceeding 10 kg",0703,Non-electric machinery
845090,Parts,0703,Non-electric machinery
845110,Drycleaning machines,0703,Non-electric machinery
845121,Each of a dry linen capacity not exceeding 10 kg,0703,Non-electric machinery
845129,Other,0703,Non-electric machinery
845130,Ironing machines and presses (including fusing presses),0703,Non-electric machinery
845140,"Washing, bleaching or dyeing machines",0703,Non-electric machinery
845150,"Machines for reeling, unreeling, folding, cutting or pinking textile fabrics",0703,Non-electric machinery
845180,Other machinery,0703,Non-electric machinery
845190,Parts,0703,Non-electric machinery
845210,Sewing machines of the household type,0703,Non-electric machinery
845221,Automatic units,0703,Non-electric machinery
845229,Other,0703,Non-electric machinery
845230,Sewing machine needles,0703,Non-electric machinery
845240,"Furniture, bases and covers for sewing machines and parts thereof",0703,Non-electric machinery
845290,Other parts of sewing machines,0703,Non-electric machinery
845310,"Machinery for preparing, tanning or working hides, skins or leather",0703,Non-electric machinery
845320,Machinery for making or repairing footwear,0703,Non-electric machinery
845380,Other machinery,0703,Non-electric machinery
845390,Parts,0703,Non-electric machinery
845410,Converters,0703,Non-electric machinery
845420,Ingot moulds and ladles,0703,Non-electric machinery
845430,Casting machines,0703,Non-electric machinery
845490,Parts,0703,Non-electric machinery
845510,Tube mills,0703,Non-electric machinery
845521,Hot or combination hot and cold,0703,Non-electric machinery
845522,Cold,0703,Non-electric machinery
845530,Rolls for rolling mills,0703,Non-electric machinery
845590,Other parts,0703,Non-electric machinery
845610,Operated by laser or other light or photon beam processes,0703,Non-electric machinery
845620,Operated by ultrasonic processes,0703,Non-electric machinery
845630,Operated by electrodischarge processes,0703,Non-electric machinery
845690,"(-1995, 2007-) Mach-tls for work any mat by rem of mat op",0703,Non-electric machinery
845691,(1996-2006) For dryetching patterns on semiconductor materials,0703,Non-electric machinery
845699,(1996-2006) Other,0703,Non-electric machinery
845710,Machining centres,0703,Non-electric machinery
845720,Unit construction machines (single station),0703,Non-electric machinery
845730,Multistation transfer machines,0703,Non-electric machinery
845811,Numerically controlled,0703,Non-electric machinery
845819,Other,0703,Non-electric machinery
845891,Numerically controlled,0703,Non-electric machinery
845899,Other,0703,Non-electric machinery
845910,Waytype unit head machines,0703,Non-electric machinery
845921,Numerically controlled,0703,Non-electric machinery
845929,Other,0703,Non-electric machinery
845931,Numerically controlled,0703,Non-electric machinery
845939,Other,0703,Non-electric machinery
845940,Other boring machines,0703,Non-electric machinery
845951,Numerically controlled,0703,Non-electric machinery
845959,Other,0703,Non-electric machinery
845961,Numerically controlled,0703,Non-electric machinery
845969,Other,0703,Non-electric machinery
845970,Other threading or tapping machines,0703,Non-electric machinery
846011,Numerically controlled,0703,Non-electric machinery
846019,Other,0703,Non-electric machinery
846021,Numerically controlled,0703,Non-electric machinery
846029,Other,0703,Non-electric machinery
846031,Numerically controlled,0703,Non-electric machinery
846039,Other,0703,Non-electric machinery
846040,Honing or lapping machines,0703,Non-electric machinery
846090,Other,0703,Non-electric machinery
846110,(-2001) Planing machines,0703,Non-electric machinery
846120,Shaping or slotting machines,0703,Non-electric machinery
846130,Broaching machines,0703,Non-electric machinery
846140,"Gear cutting, gear grinding or gear finishing machines",0703,Non-electric machinery
846150,Sawing or cuttingoff machines,0703,Non-electric machinery
846190,Other,0703,Non-electric machinery
846210,Forging or diestamping machines (including presses) and hammers,0703,Non-electric machinery
846221,Numerically controlled,0703,Non-electric machinery
846229,Other,0703,Non-electric machinery
846231,Numerically controlled,0703,Non-electric machinery
846239,Other,0703,Non-electric machinery
846241,Numerically controlled,0703,Non-electric machinery
846249,Other,0703,Non-electric machinery
846291,Hydraulic presses,0703,Non-electric machinery
846299,Other,0703,Non-electric machinery
846310,"Drawbenches for bars, tubes, profiles, wire or the like",0703,Non-electric machinery
846320,Thread rolling machines,0703,Non-electric machinery
846330,Machines for working wire,0703,Non-electric machinery
846390,Other,0703,Non-electric machinery
846410,Sawing machines,0703,Non-electric machinery
846420,Grinding or polishing machines,0703,Non-electric machinery
846490,Other,0703,Non-electric machinery
846510,Machines which can carry out different types of machining operations without tool change between such operations,0703,Non-electric machinery
846591,Sawing machines,0703,Non-electric machinery
846592,"Planing, milling or moulding (by cutting) machines",0703,Non-electric machinery
846593,"Grinding, sanding or polishing machines",0703,Non-electric machinery
846594,Bending or assembling machines,0703,Non-electric machinery
846595,Drilling or morticing machines,0703,Non-electric machinery
846596,"Splitting, slicing or paring machines",0703,Non-electric machinery
846599,Other,0703,Non-electric machinery
846610,Tool holders and selfopening dieheads,0703,Non-electric machinery
846620,Work holders,0703,Non-electric machinery
846630,Dividing heads and other special attachments for machinetools,0703,Non-electric machinery
846691,For machines of heading 84.64,0703,Non-electric machinery
846692,For machines of heading 84.65,0703,Non-electric machinery
846693,For machines of headings 84.56 to 84.61,0703,Non-electric machinery
846694,For machines of heading 84.62 or 84.63,0703,Non-electric machinery
846711,Rotary type (including combined rotarypercussion),0703,Non-electric machinery
846719,Other,0703,Non-electric machinery
846781,Chain saws,0703,Non-electric machinery
846789,Other,0703,Non-electric machinery
846791,Of chain saws,0703,Non-electric machinery
846792,Of pneumatic tools,0703,Non-electric machinery
846799,Other,0703,Non-electric machinery
846810,Handheld blow pipes,0703,Non-electric machinery
846820,Other gas-operated machinery and apparatus,0703,Non-electric machinery
846880,Other machinery and apparatus,0703,Non-electric machinery
846890,Parts,0703,Non-electric machinery
846910,(-1995) Automatic typewriters and word-processing ,0703,Non-electric machinery
846911,(1996-2006) Wordprocessing machines,0703,Non-electric machinery
846912,(1996-2006) Automatic typewriters,0703,Non-electric machinery
846920,"(1996-2006) Other typewriters, electric",0703,Non-electric machinery
846921,"(-1995) Typewriters, electric, weighing not more t",0703,Non-electric machinery
846929,"(-1995) Typewriters, electric, nes",0703,Non-electric machinery
846930,"(1996-2006) Other typewriters, nonelectric",0703,Non-electric machinery
846931,"(-1995) Typewriters, non-electric, weighing not mo",0703,Non-electric machinery
846939,"(-1995) Typewriters, non-electric, nes",0703,Non-electric machinery
847010,"Electronic calculators capable of operation without an external source of electric power and pocketsize data recording, reproducing and displaying machines with calculating functions",0703,Non-electric machinery
847021,Incorporating a printing device,0703,Non-electric machinery
847029,Other,0703,Non-electric machinery
847030,Other calculating machines,0703,Non-electric machinery
847040,(-2006) Accounting machines,0703,Non-electric machinery
847050,Cash registers,0703,Non-electric machinery
847090,Other,0703,Non-electric machinery
847110,(-2006) Analogue or hybrid automatic data processing machines,0703,Non-electric machinery
847120,(-1995) Digital auto data process mach cntg in the,0703,Non-electric machinery
847130,"(1996-) Portable digital automatic data processing machines, weighing not more than 10 kg, consisting of a least a central processing unit, a keyboard and a display",0703,Non-electric machinery
847141,"(1996-) Comprising in the same housing at least a central processing unit and an input and output unit, whether or not combined",0703,Non-electric machinery
847149,"(1996-) Other, presented in the form of systems",0703,Non-electric machinery
847150,"(1996-) Digital processing units other than those of subheading 8471.41 or 8471.49, whether or not containing in the same housing one or two of the following types of unit : storage units, input units, output units",0703,Non-electric machinery
847160,"(1996-) Input or output units, whether or not containing storage units in the same housing",0703,Non-electric machinery
847170,(1996-) Storage units,0703,Non-electric machinery
847180,(1996-) Other units of automatic data processing machines,0703,Non-electric machinery
847190,(1996-) Other,0703,Non-electric machinery
847191,(-1995) Digital process units whether or not prese,0703,Non-electric machinery
847192,"(-1995) Input or output units, whether or not pres",0703,Non-electric machinery
847193,"(-1995) Storage units, whether or not presented wi",0703,Non-electric machinery
847199,(-1995) Automatic data processing machines and uni,0703,Non-electric machinery
847210,Duplicating machines,0703,Non-electric machinery
847220,(-2006) Addressing machines and address plate embossing machines,0703,Non-electric machinery
847230,"Machines for sorting or folding mail or for inserting mail in envelopes or bands, machines for opening, closing or sealing mail and machines for affixing or cancelling postage stamps",0703,Non-electric machinery
847290,Other,0703,Non-electric machinery
847310,Parts and accessories of the machines of heading 84.69,0703,Non-electric machinery
847321,"Of the electronic calculating machines of subheading 8470.10, 8470.21 or 8470.29",0703,Non-electric machinery
847329,Other,0703,Non-electric machinery
847330,Parts and accessories of the machines of heading 84.71,0703,Non-electric machinery
847340,Parts and accessories of the machines of heading 84.72,0703,Non-electric machinery
847350,(1996-) Parts and accessories equally suitable for use with machines of two or more of the headings 84.69 to 84.72,0703,Non-electric machinery
847410,"Sorting, screening, separating or washing machines",0703,Non-electric machinery
847420,Crushing or grinding machines,0703,Non-electric machinery
847431,Concrete or mortar mixers,0703,Non-electric machinery
847432,Machines for mixing mineral substances with bitumen,0703,Non-electric machinery
847439,Other,0703,Non-electric machinery
847480,Other machinery,0703,Non-electric machinery
847490,Parts,0703,Non-electric machinery
847510,"Machines for assembling electric or electronic lamps,  tubes or valves or flashbulbs, in glass envelopes",0703,Non-electric machinery
847520,(-1995) Machines for manufacturing or hot working ,0703,Non-electric machinery
847521,(1996-) Machines for making optical fibres and preforms thereof,0703,Non-electric machinery
847529,(1996-) Other,0703,Non-electric machinery
847590,Parts,0703,Non-electric machinery
847611,(-1995) Automatic gds-vending mach incorporating h,0703,Non-electric machinery
847619,"(-1995) Automatic goods-vending machines, nes",0703,Non-electric machinery
847621,(1996-) Incorporating heating or refrigerating devices,0703,Non-electric machinery
847629,(1996-) Other,0703,Non-electric machinery
847681,(1996-) Incorporating heating or refrigerating devices,0703,Non-electric machinery
847689,(1996-) Other,0703,Non-electric machinery
847690,Parts,0703,Non-electric machinery
847710,Injectionmoulding machines,0703,Non-electric machinery
847720,Extruders,0703,Non-electric machinery
847730,Blow moulding machines,0703,Non-electric machinery
847740,Vacuum moulding machines and other thermoforming machines,0703,Non-electric machinery
847751,For moulding or retreading pneumatic tyres or for moulding or otherwise forming inner tubes,0703,Non-electric machinery
847759,Other,0703,Non-electric machinery
847780,Other machinery,0703,Non-electric machinery
847790,Parts,0703,Non-electric machinery
847810,Machinery,0703,Non-electric machinery
847890,Parts,0703,Non-electric machinery
847910,"Machinery for public works, building or the like",0703,Non-electric machinery
847920,Machinery for the extraction or preparation of animal or fixed vegetable fats or oils,0703,Non-electric machinery
847930,Presses for the manufacture of particle board or fibre building board of wood or other ligneous materials and  other machinery for treating wood or cork,0703,Non-electric machinery
847940,Rope or cablemaking machines,0703,Non-electric machinery
847950,"(1996-) Industrial robots, not elsewhere specified or included",0703,Non-electric machinery
847960,(1996-) Evaporative air coolers,0703,Non-electric machinery
847981,"For treating metal, including electric wire coilwinders",0703,Non-electric machinery
847982,"Mixing, kneading, crushing, grinding, screening, sifting, homogenising, emulsifying or stirring machines",0703,Non-electric machinery
847989,Other,0703,Non-electric machinery
847990,Parts,0703,Non-electric machinery
848010,Moulding boxes for metal foundry,0703,Non-electric machinery
848020,Mould bases,0703,Non-electric machinery
848030,Moulding patterns,0703,Non-electric machinery
848041,Injection or compression types,0703,Non-electric machinery
848049,Other,0703,Non-electric machinery
848050,Moulds for glass,0703,Non-electric machinery
848060,Moulds for mineral materials,0703,Non-electric machinery
848071,Injection or compression types,0703,Non-electric machinery
848079,Other,0703,Non-electric machinery
848110,Pressurereducing valves,0703,Non-electric machinery
848120,Valves for oleohydraulic or pneumatic transmissions,0703,Non-electric machinery
848130,Check (nonreturn) valves,0703,Non-electric machinery
848140,Safety or relief valves,0703,Non-electric machinery
848180,Other appliances,0703,Non-electric machinery
848190,Parts,0703,Non-electric machinery
848210,Ball bearings,0703,Non-electric machinery
848220,"Tapered roller bearings, including cone and tapered roller assemblies",0703,Non-electric machinery
848230,Spherical roller bearings,0703,Non-electric machinery
848240,Needle roller bearings,0703,Non-electric machinery
848250,Other cylindrical roller bearings,0703,Non-electric machinery
848280,"Other, including combined ball/roller bearings",0703,Non-electric machinery
848291,"Balls, needles and rollers",0703,Non-electric machinery
848299,Other,0703,Non-electric machinery
848310,Transmission shafts (including cam shafts and crank shafts) and cranks,0703,Non-electric machinery
848320,"Bearing housings, incorporating ball or roller bearings",0703,Non-electric machinery
848330,"Bearing housings, not incorporating ball or roller bearings; plain shaft bearings",0703,Non-electric machinery
848340,"Gears and gearing, other than toothed wheels, chain sprockets and other transmission elements presented separately; ball or roller screws; gear boxes and other speed changers, including torque converters",0703,Non-electric machinery
848350,"Flywheels and pulleys, including pulley blocks",0703,Non-electric machinery
848360,Clutches and shaft couplings (including universal joints),0703,Non-electric machinery
848390,"Toothed wheels, chain sprockets and other transmission elements presented separately; parts",0703,Non-electric machinery
848410,Gaskets and similar joints of metal sheeting combined with other material or of two or more layers of metal,0703,Non-electric machinery
848420,(1996-) Mechanical seals,0703,Non-electric machinery
848490,Other,0703,Non-electric machinery
848510,(-2006) Ships' or boats' propellers and blades therefor,0703,Non-electric machinery
848590,(-2006) Other,0703,Non-electric machinery
860800,"Railway or tramway track fixtures and fittings; mechanical (including electromechanical) signalling, safety or traffic control equipment for railways, tramways, roads, inland waterways, parking facilities, port installations or airfields; parts of the for",0703,Non-electric machinery
870911,Electrical,0703,Non-electric machinery
870919,Other,0703,Non-electric machinery
870990,Parts,0703,Non-electric machinery
854810,"(1996-) Waste and scrap of primary cells, primary batteries and electric accumulators; spent primary cells, spent primary batteries and spent electric accumulators",0802,Electric machinery - Semiprocessed
846721,(2002-) Drills of all kinds,0803,Electric machinery - Processed
846722,(2002-) Saws,0803,Electric machinery - Processed
846729,(2002-) Other,0803,Electric machinery - Processed
850110,Motors of an output not exceeding 37.5 W,0803,Electric machinery - Processed
850120,Universal AC/DC motors of an output exceeding 37.5 W,0803,Electric machinery - Processed
850131,Of an output not exceeding 750 W,0803,Electric machinery - Processed
850132,Of an output exceeding 750 W but not exceeding 75 kW,0803,Electric machinery - Processed
850133,Of an output exceeding 75 kW but not exceeding 375 kW,0803,Electric machinery - Processed
850134,Of an output exceeding 375 kW,0803,Electric machinery - Processed
850140,"Other AC motors, singlephase",0803,Electric machinery - Processed
850151,Of an output not exceeding 750 W,0803,Electric machinery - Processed
850152,Of an output exceeding 750 W but not exceeding 75 kW,0803,Electric machinery - Processed
850153,Of an output exceeding 75 kW,0803,Electric machinery - Processed
850161,Of an output not exceeding 75 kVA,0803,Electric machinery - Processed
850162,Of an output exceeding 75 kVA but not exceeding 375 kVA,0803,Electric machinery - Processed
850163,Of an output exceeding 375 kVA but not exceeding 750 kVA,0803,Electric machinery - Processed
850164,Of an output exceeding 750 kVA,0803,Electric machinery - Processed
850211,Of an output not exceeding 75 kVA,0803,Electric machinery - Processed
850212,Of an output exceeding 75 kVA but not exceeding 375 kVA,0803,Electric machinery - Processed
850213,Of an output exceeding 375 kVA,0803,Electric machinery - Processed
850220,Generating sets with sparkignition internal combustion piston engines,0803,Electric machinery - Processed
850230,"(-1995) Electric generating sets, nes",0803,Electric machinery - Processed
850231,(1996-) Windpowered,0803,Electric machinery - Processed
850239,(1996-) Other,0803,Electric machinery - Processed
850240,Electric rotary converters,0803,Electric machinery - Processed
850300,Parts suitable for use solely or principally with the machines of heading 85.01 or 85.02.,0803,Electric machinery - Processed
850410,Ballasts for discharge lamps or tubes,0803,Electric machinery - Processed
850421,Having a power handling capacity not exceeding 650 kVA,0803,Electric machinery - Processed
850422,"Having a power handling capacity exceeding 650 kVA but not exceeding 10,000 kVA",0803,Electric machinery - Processed
850423,"Having a power handling capacity exceeding 10,000 kVA",0803,Electric machinery - Processed
850431,Having a power handling capacity not exceeding 1 kVA,0803,Electric machinery - Processed
850432,Having a power handling capacity exceeding 1 kVA but not exceeding 16 kVA,0803,Electric machinery - Processed
850433,Having a power handling capacity exceeding 16 kVA but  not exceeding 500 kVA,0803,Electric machinery - Processed
850434,Having a power handling capacity exceeding 500 kVA,0803,Electric machinery - Processed
850440,Static converters,0803,Electric machinery - Processed
850450,Other inductors,0803,Electric machinery - Processed
850490,Parts,0803,Electric machinery - Processed
850511,Of metal,0803,Electric machinery - Processed
850519,Other,0803,Electric machinery - Processed
850520,"Electromagnetic couplings, clutches and brakes",0803,Electric machinery - Processed
850530,(-2006) Electromagnetic lifting heads,0803,Electric machinery - Processed
850590,"Other, including parts",0803,Electric machinery - Processed
850610,(1996-) Manganese dioxide,0803,Electric machinery - Processed
850611,(-1995) Manganese dioxide primary cells&batt of an,0803,Electric machinery - Processed
850612,(-1995) Mercuric oxide primary cells & batteries o,0803,Electric machinery - Processed
850613,(-1995) Silver oxide primary cells&batteries of an,0803,Electric machinery - Processed
850619,(-1995) Primary cells and primary batteries of an ,0803,Electric machinery - Processed
850620,(-1995) Primary cells and primary batteries of an ,0803,Electric machinery - Processed
850630,(1996-) Mercuric oxide,0803,Electric machinery - Processed
850640,(1996-) Silver oxide,0803,Electric machinery - Processed
850650,(1996-) Lithium,0803,Electric machinery - Processed
850660,(1996-) Airzinc,0803,Electric machinery - Processed
850680,(1996-) Other primary cells and primary batteries,0803,Electric machinery - Processed
850690,Parts,0803,Electric machinery - Processed
850710,"Leadacid, of a kind used for starting piston engines",0803,Electric machinery - Processed
850720,Other leadacid accumulators,0803,Electric machinery - Processed
850730,Nickelcadmium,0803,Electric machinery - Processed
850740,Nickeliron,0803,Electric machinery - Processed
850780,Other accumulators,0803,Electric machinery - Processed
850790,Parts,0803,Electric machinery - Processed
850810,(-2001) Drills of all kinds,0803,Electric machinery - Processed
850820,(-2001) Saws,0803,Electric machinery - Processed
850880,(-2001) Other tools,0803,Electric machinery - Processed
850890,(-2001) Parts,0803,Electric machinery - Processed
850910,"(-2006) Vacuum cleaners, including dry and wet vacuum cleaners",0803,Electric machinery - Processed
850920,(-2006) Floor polishers,0803,Electric machinery - Processed
850930,(-2006) Kitchen waste disposers,0803,Electric machinery - Processed
850940,Food grinders and mixers; fruit or vegetable juice extractors,0803,Electric machinery - Processed
850980,Other appliances,0803,Electric machinery - Processed
850990,Parts,0803,Electric machinery - Processed
851010,Shavers,0803,Electric machinery - Processed
851020,Hair clippers,0803,Electric machinery - Processed
851030,(1996-) Hairremoving appliances,0803,Electric machinery - Processed
851090,Parts,0803,Electric machinery - Processed
851110,Sparking plugs,0803,Electric machinery - Processed
851120,Ignition magnetos; magnetodynamos; magnetic flywheels,0803,Electric machinery - Processed
851130,Distributors; ignition coils,0803,Electric machinery - Processed
851140,Starter motors and dual purpose startergenerators,0803,Electric machinery - Processed
851150,Other generators,0803,Electric machinery - Processed
851180,Other equipment,0803,Electric machinery - Processed
851190,Parts,0803,Electric machinery - Processed
851210,Lighting or visual signalling equipment of a kind used on bicycles,0803,Electric machinery - Processed
851220,Other lighting or visual signalling equipment,0803,Electric machinery - Processed
851230,Sound signalling equipment,0803,Electric machinery - Processed
851240,"Windscreen wipers, defrosters and demisters",0803,Electric machinery - Processed
851290,Parts,0803,Electric machinery - Processed
851310,Lamps,0803,Electric machinery - Processed
851390,Parts,0803,Electric machinery - Processed
851410,Resistance heated furnaces and ovens,0803,Electric machinery - Processed
851420,Furnaces and ovens functioning by induction or dielectric loss,0803,Electric machinery - Processed
851430,Other furnaces and ovens,0803,Electric machinery - Processed
851440,Other equipment for the heat treatment of materials by induction or dielectric loss,0803,Electric machinery - Processed
851490,Parts,0803,Electric machinery - Processed
851511,Soldering irons and guns,0803,Electric machinery - Processed
851519,Other,0803,Electric machinery - Processed
851521,Fully or partly automatic,0803,Electric machinery - Processed
851529,Other,0803,Electric machinery - Processed
851531,Fully or partly automatic,0803,Electric machinery - Processed
851539,Other,0803,Electric machinery - Processed
851580,Other machines and apparatus,0803,Electric machinery - Processed
851590,Parts,0803,Electric machinery - Processed
851610,Electric instantaneous or storage water heaters and immersion heaters,0803,Electric machinery - Processed
851621,Storage heating radiators,0803,Electric machinery - Processed
851629,Other,0803,Electric machinery - Processed
851631,Hair dryers,0803,Electric machinery - Processed
851632,Other hairdressing apparatus,0803,Electric machinery - Processed
851633,Handdrying apparatus,0803,Electric machinery - Processed
851640,Electric smoothing irons,0803,Electric machinery - Processed
851650,Microwave ovens,0803,Electric machinery - Processed
851660,"Other ovens; cookers, cooking plates, boiling rings, grillers and roasters",0803,Electric machinery - Processed
851671,Coffee or tea makers,0803,Electric machinery - Processed
851672,Toasters,0803,Electric machinery - Processed
851679,Other,0803,Electric machinery - Processed
851680,Electric heating resistors,0803,Electric machinery - Processed
851690,Parts,0803,Electric machinery - Processed
851710,(-1995) Telephone sets,0803,Electric machinery - Processed
851711,(1996-) Line telephone sets with cordless handsets,0803,Electric machinery - Processed
851719,(1996-2006) Other,0803,Electric machinery - Processed
851720,(-1995) Teleprinters,0803,Electric machinery - Processed
851721,(1996-2006) Facsimile machines,0803,Electric machinery - Processed
851722,(1996-2006) Teleprinters,0803,Electric machinery - Processed
851730,(-2006) Telephonic or telegraphic switching apparatus,0803,Electric machinery - Processed
851740,"(-1995) Apparatus, for carrier-current line system",0803,Electric machinery - Processed
851750,"(1996-2006) Other apparatus, for carriercurrent line systems or for digital line systems",0803,Electric machinery - Processed
851780,(1996-2006) Other apparatus,0803,Electric machinery - Processed
851781,"(-1995) Telephonic apparatus, nes",0803,Electric machinery - Processed
851782,"(-1995) Telegraphic apparatus, nes",0803,Electric machinery - Processed
851790,(-2006) Parts,0803,Electric machinery - Processed
851810,Microphones and stands therefor,0803,Electric machinery - Processed
851821,"Single loudspeakers, mounted in their enclosures",0803,Electric machinery - Processed
851822,"Multiple loudspeakers, mounted in the same enclosure",0803,Electric machinery - Processed
851829,Other,0803,Electric machinery - Processed
851830,"Headphones and earphones, whether or not combined with a microphone, and sets consisting of a microphone and one or more loudspeakers",0803,Electric machinery - Processed
851840,Audiofrequency electric amplifiers,0803,Electric machinery - Processed
851850,Electric sound amplifier sets,0803,Electric machinery - Processed
851890,Parts,0803,Electric machinery - Processed
852510,(-2006) Transmission apparatus,0803,Electric machinery - Processed
852520,(-2006) Transmission apparatus incorporating reception apparatus,0803,Electric machinery - Processed
852530,(-2006) Television cameras,0803,Electric machinery - Processed
852540,(1996-2006) Still image video cameras and other video camera recorders; digital cameras,0803,Electric machinery - Processed
852610,Radar apparatus,0803,Electric machinery - Processed
852691,Radio navigational aid apparatus,0803,Electric machinery - Processed
852692,Radio remote control apparatus,0803,Electric machinery - Processed
852711,(-1995) Radio broad rece capable of op w/o an exte,0803,Electric machinery - Processed
852712,(1996-) Pocketsize radio cassetteplayers,0803,Electric machinery - Processed
852713,(1996-) Other apparatus combined with sound recording or reproducing apparatus,0803,Electric machinery - Processed
852719,Other,0803,Electric machinery - Processed
852721,Combined with sound recording or reproducing apparatus,0803,Electric machinery - Processed
852729,Other,0803,Electric machinery - Processed
852731,(-2006) Combined with sound recording or reproducing apparatus,0803,Electric machinery - Processed
852732,(-2006) Not combined with sound recording or reproducing apparatus but combined with a clock,0803,Electric machinery - Processed
852739,(-2006) Other,0803,Electric machinery - Processed
852790,(-2006) Other apparatus,0803,Electric machinery - Processed
852810,(-1995) Television receivers including video monit,0803,Electric machinery - Processed
852812,(1996-2006) Colour,0803,Electric machinery - Processed
852813,(1996-2006) Black and white or other monochrome,0803,Electric machinery - Processed
852820,(-1995) Television receivers an including video mo,0803,Electric machinery - Processed
852821,(1996-2006) Colour,0803,Electric machinery - Processed
852822,(1996-2006) Black and white or other monochrome,0803,Electric machinery - Processed
852830,(1996-2006) Video projectors,0803,Electric machinery - Processed
852910,Aerials and aerial reflectors of all kinds; parts suitable for use therewith,0803,Electric machinery - Processed
852990,Other,0803,Electric machinery - Processed
853010,Equipment for railways or tramways,0803,Electric machinery - Processed
853080,Other equipment,0803,Electric machinery - Processed
853090,Parts,0803,Electric machinery - Processed
853110,Burglar or fire alarms and similar apparatus,0803,Electric machinery - Processed
853120,Indicator panels incorporating liquid crystal devices (LCD) or light emitting diodes (LED),0803,Electric machinery - Processed
853180,Other apparatus,0803,Electric machinery - Processed
853190,Parts,0803,Electric machinery - Processed
853210,Fixed capacitors designed for use in 50/60 Hz circuits and having a reactive power handling capacity of not less than 0.5 kvar (power capacitors),0803,Electric machinery - Processed
853221,Tantalum,0803,Electric machinery - Processed
853222,Aluminium electrolytic,0803,Electric machinery - Processed
853223,"Ceramic dielectric, single layer",0803,Electric machinery - Processed
853224,"Ceramic dielectric, multilayer",0803,Electric machinery - Processed
853225,Dielectric of paper or plastics,0803,Electric machinery - Processed
853229,Other,0803,Electric machinery - Processed
853230,Variable or adjustable (preset) capacitors,0803,Electric machinery - Processed
853290,Parts,0803,Electric machinery - Processed
853310,"Fixed carbon resistors, composition or film types",0803,Electric machinery - Processed
853321,For a power handling capacity not exceeding 20 W,0803,Electric machinery - Processed
853329,Other,0803,Electric machinery - Processed
853331,For a power handling capacity not exceeding 20 W,0803,Electric machinery - Processed
853339,Other,0803,Electric machinery - Processed
853340,"Other variable resistors, including rheostats and potentiometers",0803,Electric machinery - Processed
853390,Parts,0803,Electric machinery - Processed
853400,Printed circuits.,0803,Electric machinery - Processed
853510,Fuses,0803,Electric machinery - Processed
853521,For a voltage of less than 72.5 kV,0803,Electric machinery - Processed
853529,Other,0803,Electric machinery - Processed
853530,Isolating switches and makeandbreak switches,0803,Electric machinery - Processed
853540,"Lightning arresters, voltage limiters and surge suppressors",0803,Electric machinery - Processed
853590,Other,0803,Electric machinery - Processed
853610,Fuses,0803,Electric machinery - Processed
853620,Automatic circuit breakers,0803,Electric machinery - Processed
853630,Other apparatus for protecting electrical circuits,0803,Electric machinery - Processed
853641,For a voltage not exceeding 60 V,0803,Electric machinery - Processed
853649,Other,0803,Electric machinery - Processed
853650,Other switches,0803,Electric machinery - Processed
853661,Lampholders,0803,Electric machinery - Processed
853669,Other,0803,Electric machinery - Processed
853690,Other apparatus,0803,Electric machinery - Processed
853710,"For a voltage not exceeding 1,000 V",0803,Electric machinery - Processed
853720,"For a voltage exceeding 1,000 V",0803,Electric machinery - Processed
853810,"Boards, panels, consoles, desks, cabinets and other bases for the goods of heading 85.37, not equipped with their apparatus",0803,Electric machinery - Processed
853890,Other,0803,Electric machinery - Processed
853910,Sealed beam lamp units,0803,Electric machinery - Processed
853921,Tungsten halogen,0803,Electric machinery - Processed
853922,"Other, of a power not exceeding 200 W and for a voltage exceeding 100 V",0803,Electric machinery - Processed
853929,Other,0803,Electric machinery - Processed
853931,"Fluorescent, hot cathode",0803,Electric machinery - Processed
853932,(1996-) Mercury or sodium vapour lamps; metal halide lamps,0803,Electric machinery - Processed
853939,Other,0803,Electric machinery - Processed
853940,(-1995) Ultra-violet or infra-red lamps; arc lamps,0803,Electric machinery - Processed
853941,(1996-) Arclamps,0803,Electric machinery - Processed
853949,(1996-) Other,0803,Electric machinery - Processed
853990,Parts,0803,Electric machinery - Processed
854011,Colour,0803,Electric machinery - Processed
854012,Black and white or other monochrome,0803,Electric machinery - Processed
854020,Television camera tubes; image converters and intensifiers; other photocathode tubes,0803,Electric machinery - Processed
854030,"(-1995) Cathode-ray tubes, nes",0803,Electric machinery - Processed
854040,"(1996-) Data/graphic display tubes, colour, with a phosphor dot screen pitch smaller than 0.4 mm",0803,Electric machinery - Processed
854041,(-1995) Magnetron tubes,0803,Electric machinery - Processed
854042,(-1995) Klystron tubes,0803,Electric machinery - Processed
854049,"(-1995) Microwave tubes, nes",0803,Electric machinery - Processed
854050,"(1996-) Data/graphic display tubes, black and white or other monochrome",0803,Electric machinery - Processed
854060,(1996-) Other cathoderay tubes,0803,Electric machinery - Processed
854071,(1996-) Magnetrons,0803,Electric machinery - Processed
854072,(1996-) Klystrons,0803,Electric machinery - Processed
854079,(1996-) Other,0803,Electric machinery - Processed
854081,Receiver or amplifier valves and tubes,0803,Electric machinery - Processed
854089,Other,0803,Electric machinery - Processed
854091,Of cathoderay tubes,0803,Electric machinery - Processed
854099,Other,0803,Electric machinery - Processed
854110,"Diodes, other than photosensitive or light emitting diodes",0803,Electric machinery - Processed
854121,With a dissipation rate of less than 1 W,0803,Electric machinery - Processed
854129,Other,0803,Electric machinery - Processed
854130,"Thyristors, diacs and triacs, other than photosensitive devices",0803,Electric machinery - Processed
854140,"Photosensitive semiconductor devices, including photovoltaic cells whether or not assembled in modules or made up into panels; light emitting diodes",0803,Electric machinery - Processed
854150,Other semiconductor devices,0803,Electric machinery - Processed
854160,Mounted piezoelectric crystals,0803,Electric machinery - Processed
854190,Parts,0803,Electric machinery - Processed
854210,(2002-2006) Cards incorporating an electronic integrated circuit (smart cards),0803,Electric machinery - Processed
854211,"(-1995) Monolithic integrated circuits, digital",0803,Electric machinery - Processed
854219,"(-2001) Monolithic digital integrated circuits :-- Other, ",0803,Electric machinery - Processed
854220,(-1995) Hybrid integrated circuits,0803,Electric machinery - Processed
854221,(2002-2006) Digital,0803,Electric machinery - Processed
854229,(2002-2006) Other,0803,Electric machinery - Processed
854260,(2002-2006) Hybrid integrated circuits,0803,Electric machinery - Processed
854270,(2002-2006) Electronic microassemblies,0803,Electric machinery - Processed
854280,(-1995) Electronic integrated circuits and microas,0803,Electric machinery - Processed
854290,Parts,0803,Electric machinery - Processed
854310,"(-1995, 2007-) Particle accelerators",0803,Electric machinery - Processed
854311,(1996-2006) Ion implanters for doping semiconductor materials,0803,Electric machinery - Processed
854319,(1996-2006) Other,0803,Electric machinery - Processed
854320,Signal generators,0803,Electric machinery - Processed
854330,"Machines and apparatus for electroplating, electrolysis or electrophoresis",0803,Electric machinery - Processed
854340,(1996-2006) Electric fence energisers,0803,Electric machinery - Processed
854380,"(-1995) Electrical machines and apparatus, having ",0803,Electric machinery - Processed
854381,(1996-2006) Proximity cards and tags,0803,Electric machinery - Processed
854389,(1996-2006) Other,0803,Electric machinery - Processed
854390,Parts,0803,Electric machinery - Processed
854411,Of copper,0803,Electric machinery - Processed
854419,Other,0803,Electric machinery - Processed
854420,Coaxial cable and other coaxial electric conductors,0803,Electric machinery - Processed
854430,"Ignition wiring sets and other wiring sets of a kind used in vehicles, aircraft or ships",0803,Electric machinery - Processed
854441,(-2006) Fitted with connectors,0803,Electric machinery - Processed
854449,Other,0803,Electric machinery - Processed
854451,(-2006) Fitted with connectors,0803,Electric machinery - Processed
854459,(-2006) Other,0803,Electric machinery - Processed
854460,"Other electric conductors, for a voltage exceeding 1,000 V",0803,Electric machinery - Processed
854470,Optical fibre cables,0803,Electric machinery - Processed
854511,Of a kind used for furnaces,0803,Electric machinery - Processed
854519,Other,0803,Electric machinery - Processed
854520,Brushes,0803,Electric machinery - Processed
854590,Other,0803,Electric machinery - Processed
854610,Of glass,0803,Electric machinery - Processed
854620,Of ceramics,0803,Electric machinery - Processed
854690,Other,0803,Electric machinery - Processed
854710,Insulating fittings of ceramics,0803,Electric machinery - Processed
854720,Insulating fittings of plastics,0803,Electric machinery - Processed
854790,Other,0803,Electric machinery - Processed
854800,(-1995) Electrical parts of machinery or apparatus,0803,Electric machinery - Processed
854890,(1996-) Other,0803,Electric machinery - Processed
250100,"Salt (including table salt and denatured salt) and pure sodium chloride, whether or not in aqueous solution or containing added anticaking or freeflowing agents; sea water.",0901,Raw materials
250200,Unroasted iron pyrites.,0901,Raw materials
250300,"(1996-) Sulphur of all kinds, other than sublimed sulphur, precipitated sulphur and colloidal sulphur.",0901,Raw materials
250310,(-1995) Crude or unrefined sulphur,0901,Raw materials
250390,"(-1995) Other sulphur (excl. crude, sublimed, prec",0901,Raw materials
250410,In powder or in flakes,0901,Raw materials
250490,Other,0901,Raw materials
250510,Silica sands and quartz sands,0901,Raw materials
250590,Other,0901,Raw materials
250610,Quartz,0901,Raw materials
250621,(-2006) Crude or roughly trimmed,0901,Raw materials
250629,(-2006) Other,0901,Raw materials
250700,"Kaolin and other kaolinic clays, whether or not calcined.",0901,Raw materials
250810,Bentonite,0901,Raw materials
250820,(-2006) Decolourising earths and fuller's earth,0901,Raw materials
250830,Fireclay,0901,Raw materials
250840,Other clays,0901,Raw materials
250850,"Andalusite, kyanite and sillimanite",0901,Raw materials
250860,Mullite,0901,Raw materials
250870,Chamotte or dinas earths,0901,Raw materials
250900,Chalk.,0901,Raw materials
251010,Unground,0901,Raw materials
251020,Ground,0901,Raw materials
251110,Natural barium sulphate (barytes),0901,Raw materials
251120,Natural barium carbonate (witherite),0901,Raw materials
251200,"Siliceous fossil meals (for example, kieselguhr, tripolite and diatomite) and similar siliceous earths, whether or not calcined, of an apparent specific gravity of 1 or less.",0901,Raw materials
251311,"(-2006) Crude or in irregular pieces, including crushed pumice (bimskies)",0901,Raw materials
251319,(-2006) Other,0901,Raw materials
251320,"(1996-) Emery, natural corundum, natural garnet and other natural abrasives",0901,Raw materials
251321,"(-1995) Emery... and other natural abrasives, crud",0901,Raw materials
251329,"(-1995) Emery... and other natural abrasives, nes",0901,Raw materials
251400,"Slate, whether or not roughly trimmed or merely cut, by sawing or otherwise, into blocks or slabs of a rectangular (including square) shape.",0901,Raw materials
251511,Crude or roughly trimmed,0901,Raw materials
251512,"Merely cut, by sawing or otherwise, into blocks or slabs of a rectangular (including square) shape",0901,Raw materials
251520,Ecaussine and other calcareous monumental or building stone; alabaster,0901,Raw materials
251611,Crude or roughly trimmed,0901,Raw materials
251612,"Merely cut, by sawing or otherwise, into blocks or slabs of a rectangular (including square) shape",0901,Raw materials
251621,(-2006) Crude or roughly trimmed,0901,Raw materials
251622,"(-2006) Merely cut, by sawing or otherwise, into blocks or slabs of a rectangular (including square) shape",0901,Raw materials
251690,Other monumental or building stone,0901,Raw materials
251710,"Pebbles, gravel, broken or crushed stone, of a kind commonly used for concrete aggregates, for road metalling or for railway or other ballast, shingle and flint, whether or not heattreated",0901,Raw materials
251720,"- Macadam of slag, dross or similar industrial waste, whether or not incorporating the materials cited in subheading 2517.10",0901,Raw materials
251730,Tarred macadam,0901,Raw materials
251741,Of marble,0901,Raw materials
251749,Other,0901,Raw materials
251810,"Dolomite, not calcined or sintered",0901,Raw materials
251820,Calcined or sintered dolomite,0901,Raw materials
251830,Dolomite ramming mix,0901,Raw materials
251910,Natural magnesium carbonate (magnesite),0901,Raw materials
251990,Other,0901,Raw materials
252010,Gypsum; anhydrite,0901,Raw materials
252020,Plasters,0901,Raw materials
252100,"Limestone flux; limestone and other calcareous stone, of a kind used for the manufacture of lime or cement.",0901,Raw materials
252400,(-2006) Asbestos.,0901,Raw materials
252510,Crude mica and mica rifted into sheets or splittings,0901,Raw materials
252520,Mica powder,0901,Raw materials
252530,Mica waste,0901,Raw materials
252610,"Not crushed, not powdered",0901,Raw materials
252620,Crushed or powdered,0901,Raw materials
252700,(-2001) Natural cryolite; natural chiolite.,0901,Raw materials
252810,Natural sodium borates and concentrates thereof (whether or not calcined),0901,Raw materials
252890,Other,0901,Raw materials
252910,Felspar,0901,Raw materials
252921,Containing by weight 97 % or less of calcium fluoride,0901,Raw materials
252922,Containing by weight more than 97 % of calcium fluoride,0901,Raw materials
252930,Leucite; nepheline and nepheline syenite,0901,Raw materials
253010,"Vermiculite, perlite and chlorites, unexpanded",0901,Raw materials
253020,"Kieserite, epsomite (natural magnesium sulphates)",0901,Raw materials
253030,(-1995) Earth colours,0901,Raw materials
253040,(-2001) Natural micaceous iron oxides,0901,Raw materials
253090,Other,0901,Raw materials
261800,Granulated slag (slag sand) from the manufacture of iron or steel.,0901,Raw materials
261900,"Slag, dross (other than granulated slag), scalings and other waste from the manufacture of iron or steel.",0901,Raw materials
262100,"(-2001) Other slag and ash, including seaweed ash (kelp).",0901,Raw materials
262110,(2002-) Ash and residues from the incineration of municipal waste,0901,Raw materials
262190,(2002-) Other,0901,Raw materials
270111,Anthracite,0901,Raw materials
270112,Bituminous coal,0901,Raw materials
270119,Other coal,0901,Raw materials
270120,"Briquettes, ovoids and similar solid fuels manufactured from coal",0901,Raw materials
270210,"Lignite, whether or not pulverised, but not agglomerated",0901,Raw materials
270220,Agglomerated lignite,0901,Raw materials
270300,"Peat (including peat litter), whether or not agglomerated.",0901,Raw materials
270400,"Coke and semi-coke of coal, of lignite or of peat, whether or not agglomerated; retort carbon.",0901,Raw materials
270710,Benzol (benzene),0901,Raw materials
270720,Toluol (toluene),0901,Raw materials
270730,Xylol (xylenes),0901,Raw materials
270740,Naphthalene,0901,Raw materials
270750,Other aromatic hydrocarbon mixtures of which 65 % or more by volume (including losses) distils at 250 °C by the ASTM D 86 method,0901,Raw materials
270760,(-2006) Phenols,0901,Raw materials
270791,Creosote oils,0901,Raw materials
270799,Other,0901,Raw materials
271111,Natural gas,0901,Raw materials
271112,Propane,0901,Raw materials
271113,Butanes,0901,Raw materials
271114,"Ethylene, propylene, butylene et butadiene",0901,Raw materials
271119,Other,0901,Raw materials
271121,Natural gas,0901,Raw materials
271129,Other,0901,Raw materials
271410,Bituminous or oil shale and tar sands,0901,Raw materials
271490,Other,0901,Raw materials
310100,"Animal or vegetable fertilisers, whether or not mixed together or chemically treated; fertilisers produced by the mixing or chemical treatment of animal or vegetable products.",0901,Raw materials
710110,Natural pearls,0901,Raw materials
710121,Unworked,0901,Raw materials
710122,Worked,0901,Raw materials
710210,Unsorted,0901,Raw materials
710221,"Unworked or simply sawn, cleaved or bruted",0901,Raw materials
710229,Other,0901,Raw materials
710231,"Unworked or simply sawn, cleaved or bruted",0901,Raw materials
710239,Other,0901,Raw materials
710310,Unworked or simply sawn or roughly shaped,0901,Raw materials
710391,"Rubies, sapphires and emeralds",0901,Raw materials
710399,Other,0901,Raw materials
710410,Piezoelectric quartz,0901,Raw materials
710420,"Other, unworked or simply sawn or roughly shaped",0901,Raw materials
710490,Other,0901,Raw materials
710510,Of diamonds,0901,Raw materials
710590,Other,0901,Raw materials
711299,(2002-) Other,0901,Raw materials
252210,Quicklime,0902,Semi-finished manufactures
252220,Slaked lime,0902,Semi-finished manufactures
252230,Hydraulic lime,0902,Semi-finished manufactures
252310,Cement clinkers,0902,Semi-finished manufactures
252321,"White cement, whether or not artificially coloured",0902,Semi-finished manufactures
252329,Other,0902,Semi-finished manufactures
252330,Aluminous cement,0902,Semi-finished manufactures
252390,Other hydraulic cements,0902,Semi-finished manufactures
270600,"Tar distilled from coal, from lignite or from peat, and other mineral tars, whether or not dehydrated or partially distilled, including reconstituted tars.",0902,Semi-finished manufactures
270810,Pitch,0902,Semi-finished manufactures
270820,Pitch coke,0902,Semi-finished manufactures
271311,Not calcined,0902,Semi-finished manufactures
271312,Calcined,0902,Semi-finished manufactures
271320,Petroleum bitumen,0902,Semi-finished manufactures
271390,Other residues of petroleum oils or of oils obtained from bituminous minerals,0902,Semi-finished manufactures
271500,"Bituminous mixtures based on natural asphalt, on natural bitumen, on petroleum bitumen, on mineral tar or on mineral tar pitch (for example, bituminous mastics, cutbacks).",0902,Semi-finished manufactures
310210,"Urea, whether or not in aqueous solution",0902,Semi-finished manufactures
310221,Ammonium sulphate,0902,Semi-finished manufactures
310229,Other,0902,Semi-finished manufactures
310230,"Ammonium nitrate, whether or not in aqueous solution",0902,Semi-finished manufactures
310240,Mixtures of ammonium nitrate with calcium carbonate or other inorganic nonfertilising substances,0902,Semi-finished manufactures
310250,Sodium nitrate,0902,Semi-finished manufactures
310260,Double salts and mixtures of calcium nitrate and ammonium nitrate,0902,Semi-finished manufactures
310270,(-2006) Calcium cyanamide,0902,Semi-finished manufactures
310280,Mixtures of urea and ammonium nitrate in aqueous or ammoniacal solution,0902,Semi-finished manufactures
310290,"Other, including mixtures not specified in the foregoing subheadings",0902,Semi-finished manufactures
310310,Superphosphates,0902,Semi-finished manufactures
310320,(-2006) Basic slag,0902,Semi-finished manufactures
310390,Other,0902,Semi-finished manufactures
310410,"(-2006) Carnallite, sylvite and other crude natural potassium salts",0902,Semi-finished manufactures
310420,Potassium chloride,0902,Semi-finished manufactures
310430,Potassium sulphate,0902,Semi-finished manufactures
310490,Other,0902,Semi-finished manufactures
310510,Goods of this Chapter in tablets or similar forms or in packages of a gross weight not exceeding 10 kg,0902,Semi-finished manufactures
310520,"Mineral or chemical fertilisers containing the three fertilising elements nitrogen, phosphorus and potassium",0902,Semi-finished manufactures
310530,Diammonium hydrogenorthophosphate (diammonium phosphate),0902,Semi-finished manufactures
310540,Ammonium dihydrogenorthophosphate (monoammonium phosphate) and mixtures thereof with diammonium hydrogenorthophosphate (diammonium phosphate),0902,Semi-finished manufactures
310551,Containing nitrates and phosphates,0902,Semi-finished manufactures
310559,Other,0902,Semi-finished manufactures
310560,Mineral or chemical fertilisers containing the two fertilising elements phosphorus and potassium,0902,Semi-finished manufactures
310590,Other,0902,Semi-finished manufactures
700100,Cullet and other waste and scrap of glass; glass in the mass.,0902,Semi-finished manufactures
700210,Balls,0902,Semi-finished manufactures
700220,Rods,0902,Semi-finished manufactures
700231,Of fused quartz or other fused silica,0902,Semi-finished manufactures
700232,Of other glass having a linear coefficient of expansion not exceeding 5 x 106 per Kelvin within a temperature range of  0 °C to 300 °C,0902,Semi-finished manufactures
700239,Other,0902,Semi-finished manufactures
700311,(-1995) Cast gls sheets non-wired coloured etc hav,0902,Semi-finished manufactures
700312,"(1996-) Coloured throughout the mass (body tinted), opacified, flashed or having an absorbent, reflecting or nonreflecting layer",0902,Semi-finished manufactures
700319,Other,0902,Semi-finished manufactures
700320,Wired sheets,0902,Semi-finished manufactures
700330,Profiles,0902,Semi-finished manufactures
700410,"(-1995) Drawn glass sheets, coloured etc having an",0902,Semi-finished manufactures
700420,"(1996-) Glass, coloured throughout the mass (body tinted), opacified, flashed or having an absorbent, reflecting or nonreflecting layer",0902,Semi-finished manufactures
700490,Other glass,0902,Semi-finished manufactures
700510,"Nonwired glass, having an absorbent, reflecting or nonreflecting layer",0902,Semi-finished manufactures
700521,"Coloured throughout the mass (body tinted), opacified, flashed or merely surface ground",0902,Semi-finished manufactures
700529,Other,0902,Semi-finished manufactures
700530,Wired glass,0902,Semi-finished manufactures
700600,"Glass of heading 70.03, 70.04 or 70.05, bent, edgeworked, engraved, drilled, enamelled or otherwise worked, but not framed or fitted with other materials.",0902,Semi-finished manufactures
700800,Multiplewalled insulating units of glass.,0902,Semi-finished manufactures
710610,Powder,0902,Semi-finished manufactures
710691,Unwrought,0902,Semi-finished manufactures
710692,Semimanufactured,0902,Semi-finished manufactures
710700,"Base metals clad with silver, not further worked than semimanufactured.",0902,Semi-finished manufactures
710811,Powder,0902,Semi-finished manufactures
710812,Other unwrought forms,0902,Semi-finished manufactures
710813,Other semimanufactured forms,0902,Semi-finished manufactures
710820,Monetary,0902,Semi-finished manufactures
710900,"Base metals or silver, clad with gold, not further worked than semimanufactured.",0902,Semi-finished manufactures
711011,Unwrought or in powder form,0902,Semi-finished manufactures
711019,Other,0902,Semi-finished manufactures
711021,Unwrought or in powder form,0902,Semi-finished manufactures
711029,Other,0902,Semi-finished manufactures
711031,Unwrought or in powder form,0902,Semi-finished manufactures
711039,Other,0902,Semi-finished manufactures
711041,Unwrought or in powder form,0902,Semi-finished manufactures
711049,Other,0902,Semi-finished manufactures
711100,"Base metals, silver or gold, clad with platinum, not further worked than semimanufactured.",0902,Semi-finished manufactures
711210,"(-2001) Of gold, including metal clad with gold but exclud",0902,Semi-finished manufactures
711220,"(-2001) Of platinum, including metal clad with platinum bu",0902,Semi-finished manufactures
711230,(2002-) Ash containing precious metal or precious metal compounds,0902,Semi-finished manufactures
711290,(-2001) Other,0902,Semi-finished manufactures
711291,"(2002-) Of gold, including metal clad with gold but excluding sweepings containing other precious metals",0902,Semi-finished manufactures
711292,"(2002-) Of platinum, including metal clad with platinum but excluding sweepings containing other precious metals",0902,Semi-finished manufactures
271210,Petroleum jelly,0903,Finished manufactures
271220,Paraffin wax containing by weight less than 0.75 % of oil,0903,Finished manufactures
271290,Other,0903,Finished manufactures
340311,"Preparations for the treatment of textile materials, leather, furskins or other materials",0903,Finished manufactures
340319,Other,0903,Finished manufactures
340391,"Preparations for the treatment of textile materials, leather, furskins or other materials",0903,Finished manufactures
340399,Other,0903,Finished manufactures
680100,"Setts, curbstones and flagstones, of natural stone (except slate).",0903,Finished manufactures
680210,"Tiles, cubes and similar articles, whether or not rectangular (including square), the largest surface area of which is capable of being enclosed in a square the side of which is less than 7 cm; artificially coloured granules, chippings and powder",0903,Finished manufactures
680221,"Marble, travertine and alabaster",0903,Finished manufactures
680222,(-2006) Other calcareous stone,0903,Finished manufactures
680223,Granite,0903,Finished manufactures
680229,Other stone,0903,Finished manufactures
680291,"Marble, travertine and alabaster",0903,Finished manufactures
680292,Other calcareous stone,0903,Finished manufactures
680293,Granite,0903,Finished manufactures
680299,Other stone,0903,Finished manufactures
680300,Worked slate and articles of slate or of agglomerated slate.,0903,Finished manufactures
680410,"Millstones and grindstones for milling, grinding or pulping",0903,Finished manufactures
680421,Of agglomerated synthetic or natural diamond,0903,Finished manufactures
680422,Of other agglomerated abrasives or of ceramics,0903,Finished manufactures
680423,Of natural stone,0903,Finished manufactures
680430,Hand sharpening or polishing stones,0903,Finished manufactures
680510,On a base of woven textile fabric only,0903,Finished manufactures
680520,On a base of paper or paperboard only,0903,Finished manufactures
680530,On a base of other materials,0903,Finished manufactures
680610,"Slag wool, rock wool and similar mineral wools (including intermixtures thereof), in bulk, sheets or rolls",0903,Finished manufactures
680620,"Exfoliated vermiculite, expanded clays, foamed slag and  similar expanded mineral materials (including intermixtures thereof)",0903,Finished manufactures
680690,Other,0903,Finished manufactures
680800,"Panels, boards, tiles, blocks and similar articles of vegetable fibre, of straw or of shavings, chips,",0903,Finished manufactures
680911,Faced or reinforced with paper or paperboard only,0903,Finished manufactures
680919,Other,0903,Finished manufactures
680990,Other articles,0903,Finished manufactures
681011,Building blocks and bricks,0903,Finished manufactures
681019,Other,0903,Finished manufactures
681020,(-1995) Pipes of cement or concrete,0903,Finished manufactures
681091,Prefabricated structural components for building or civil engineering,0903,Finished manufactures
681099,Other,0903,Finished manufactures
681110,(-2006) Corrugated sheets,0903,Finished manufactures
681120,"(-2006) Other sheets, panels, tiles and similar articles",0903,Finished manufactures
681130,"(-2006) Tubes, pipes and tube or pipe fittings",0903,Finished manufactures
681190,(-2006) Other articles,0903,Finished manufactures
681210,(-2001) Fabricated asbestos fibres; mixtures with a basis ,0903,Finished manufactures
681220,(-2001) Yarn and thread,0903,Finished manufactures
681230,"(-2001) Cords and string, whether or not plaited",0903,Finished manufactures
681240,(-2001) Woven or knitted fabric,0903,Finished manufactures
681250,"(-2006) Clothing, clothing accessories, footwear and headgear",0903,Finished manufactures
681260,"(-2006) Paper, millboard and felt",0903,Finished manufactures
681270,"(-2006) Compressed asbestos fibre jointing, in sheets or rolls",0903,Finished manufactures
681290,(-2006) Other,0903,Finished manufactures
681310,(-2006) Brake linings and pads,0903,Finished manufactures
681390,(-2006) Other,0903,Finished manufactures
681410,"Plates, sheets and strips of agglomerated or reconstituted mica, whether or not on a support",0903,Finished manufactures
681490,Other,0903,Finished manufactures
681510,Nonelectrical articles of graphite or other carbon,0903,Finished manufactures
681520,Articles of peat,0903,Finished manufactures
681591,"Containing magnesite, dolomite or chromite",0903,Finished manufactures
681599,Other,0903,Finished manufactures
690100,"Bricks, blocks, tiles and other ceramic goods of siliceous fossil meals (for example, kieselguhr, tripolite or diatomite) or of similar siliceous earths.",0903,Finished manufactures
690210,"Containing by weight, singly or together, more than 50 % of the elements Mg, Ca or Cr, expressed as MgO, CaO or Cr2O3",0903,Finished manufactures
690220,"Containing by weight more than 50 % of alumina (Al2O3), of silica (SiO2) or of a mixture or compound of these products",0903,Finished manufactures
690290,Other,0903,Finished manufactures
690310,Containing by weight more than 50 % of graphite or other carbon or of a mixture of these products,0903,Finished manufactures
690320,Containing by weight more than 50 % of alumina (Al2O3) or of a mixture or compound of alumina and of silica (SiO2),0903,Finished manufactures
690390,Other,0903,Finished manufactures
690410,Building bricks,0903,Finished manufactures
690490,Other,0903,Finished manufactures
690510,Roofing tiles,0903,Finished manufactures
690590,Other,0903,Finished manufactures
690600,"Ceramic pipes, conduits, guttering and pipe fittings.",0903,Finished manufactures
690710,"Tiles, cubes and similar articles, whether or not rectangular, the largest surface area of which is capable of being enclosed in a square the side of which is less than 7 cm",0903,Finished manufactures
690790,Other,0903,Finished manufactures
690810,"Tiles, cubes and similar articles, whether or not rectangular, the largest surface area of which is capable of being enclosed in a square the side of which is less than 7 cm",0903,Finished manufactures
690890,Other,0903,Finished manufactures
690911,Of porcelain or china,0903,Finished manufactures
690912,(1996-) Articles having a hardness equivalent to 9 or more on the Mohs scale,0903,Finished manufactures
690919,Other,0903,Finished manufactures
690990,Other,0903,Finished manufactures
691010,Of porcelain or china,0903,Finished manufactures
691090,Other,0903,Finished manufactures
691110,Tableware and kitchenware,0903,Finished manufactures
691190,Other,0903,Finished manufactures
691200,"Ceramic tableware, kitchenware, other household articles and toilet articles, other than of porcelain or china.",0903,Finished manufactures
691310,Of porcelain or china,0903,Finished manufactures
691390,Other,0903,Finished manufactures
691410,Of porcelain or china,0903,Finished manufactures
691490,Other,0903,Finished manufactures
700711,"Of size and shape suitable for incorporation in vehicles, aircraft, spacecraft or vessels",0903,Finished manufactures
700719,Other,0903,Finished manufactures
700721,"Of size and shape suitable for incorporation in vehicles, aircraft, spacecraft or vessels",0903,Finished manufactures
700729,Other,0903,Finished manufactures
700910,Rearview mirrors for vehicles,0903,Finished manufactures
700991,Unframed,0903,Finished manufactures
700992,Framed,0903,Finished manufactures
701010,Ampoules,0903,Finished manufactures
701020,"(1996-) Stoppers, lids and other closures",0903,Finished manufactures
701090,"(-1995, 2002-) Other",0903,Finished manufactures
701091,"(1996-2001) Other, of a capacity :-- Exceeding 1 l",0903,Finished manufactures
701092,"(1996-2001) Other, of a capacity :-- Exceeding 0.33 l",0903,Finished manufactures
701093,"(1996-2001) Other, of a capacity :-- Exceeding 0.15 l",0903,Finished manufactures
701094,"(1996-2001) Other, of a capacity :-- Not exceeding 0.1",0903,Finished manufactures
701110,For electric lighting,0903,Finished manufactures
701120,For cathoderay tubes,0903,Finished manufactures
701190,Other,0903,Finished manufactures
701200,(-2006) Glass inners for vacuum flasks or for other vacuum vessels.,0903,Finished manufactures
701310,Of glassceramics,0903,Finished manufactures
701321,(-2006) Of lead crystal,0903,Finished manufactures
701329,(-2006) Other,0903,Finished manufactures
701331,(-2006) Of lead crystal,0903,Finished manufactures
701332,(-2006) Of glass having a linear coefficient of expansion not exceeding 5 x 106 per Kelvin within a temperature range of   0 °C to 300 °C,0903,Finished manufactures
701339,(-2006) Other,0903,Finished manufactures
701391,Of lead crystal,0903,Finished manufactures
701399,Other,0903,Finished manufactures
701400,"Signalling glassware and optical elements of glass (other than those of heading 70.15), not optically worked.",0903,Finished manufactures
701510,Glasses for corrective spectacles,0903,Finished manufactures
701590,Other,0903,Finished manufactures
701610,"Glass cubes and other glass smallwares, whether or not on a backing, for mosaics or similar decorative purposes",0903,Finished manufactures
701690,Other,0903,Finished manufactures
701710,Of fused quartz or other fused silica,0903,Finished manufactures
701720,Of other glass having a linear coefficient of expansion not exceeding  5 x 106 per  Kelvin  within  a  temperature  range of 0 °C to 300 °C,0903,Finished manufactures
701790,Other,0903,Finished manufactures
701810,"Glass beads, imitation pearls, imitation precious or semiprecious stones and similar glass smallwares",0903,Finished manufactures
701820,Glass microspheres not exceeding 1 mm in diameter,0903,Finished manufactures
701890,Other,0903,Finished manufactures
701931,Mats,0903,Finished manufactures
701932,Thin sheets (voiles),0903,Finished manufactures
701939,Other,0903,Finished manufactures
701990,Other,0903,Finished manufactures
702000,Other articles of glass.,0903,Finished manufactures
710121,Unworked,0903,Finished manufactures
711311,"Of silver, whether or not plated or clad with other precious metal",0903,Finished manufactures
711319,"Of other precious metal, whether or not plated or clad with precious metal",0903,Finished manufactures
711320,Of base metal clad with precious metal,0903,Finished manufactures
711411,"Of silver, whether or not plated or clad with other precious metal",0903,Finished manufactures
711419,"Of other precious metal, whether or not plated or clad with precious metal",0903,Finished manufactures
711420,Of base metal clad with precious metal,0903,Finished manufactures
711510,"Catalysts in the form of wire cloth or grill, of platinum",0903,Finished manufactures
711590,Other,0903,Finished manufactures
711610,Of natural or cultured pearls,0903,Finished manufactures
711620,"Of precious or semiprecious stones (natural, synthetic or reconstructed)",0903,Finished manufactures
711711,Cufflinks and studs,0903,Finished manufactures
711719,Other,0903,Finished manufactures
711790,Other,0903,Finished manufactures
711810,"Coin (other than gold coin), not being legal tender",0903,Finished manufactures
711890,Other,0903,Finished manufactures
911310,Of precious metal or of metal clad with precious metal,0903,Finished manufactures
911320,"Of base metal, whether or not gold or silverplated",0903,Finished manufactures
271600,Electrical energy. (optional heading),1003,Manufactured articles n.e.s. - Processed
340600,"Candles, tapers and the like.",1003,Manufactured articles n.e.s. - Processed
360500,"Matches, other than pyrotechnic articles of heading 36.04.",1003,Manufactured articles n.e.s. - Processed
360610,Liquid or liquefiedgas fuels in containers of a kind used for filling or refilling cigarette or similar lighters and of a capacity not exceeding 300 cm3,1003,Manufactured articles n.e.s. - Processed
360690,Other,1003,Manufactured articles n.e.s. - Processed
420610,(-2006) Catgut,1003,Manufactured articles n.e.s. - Processed
420690,(-2006) Other,1003,Manufactured articles n.e.s. - Processed
460110,"(-2001) Plaits and similar products of plaiting materials,",1003,Manufactured articles n.e.s. - Processed
460120,"(-2006) Mats, matting and screens of vegetable materials",1003,Manufactured articles n.e.s. - Processed
460191,(-2006) Of vegetable materials,1003,Manufactured articles n.e.s. - Processed
460199,Other,1003,Manufactured articles n.e.s. - Processed
460210,(-2006) Of vegetable materials,1003,Manufactured articles n.e.s. - Processed
460290,Other,1003,Manufactured articles n.e.s. - Processed
481500,"(-2006) Floor coverings on a base of paper or of paperboard, whether or not cut to size.",1003,Manufactured articles n.e.s. - Processed
650610,Safety headgear,1003,Manufactured articles n.e.s. - Processed
650691,Of rubber or of plastics,1003,Manufactured articles n.e.s. - Processed
650692,(-2006) Of furskin,1003,Manufactured articles n.e.s. - Processed
650699,Of other materials,1003,Manufactured articles n.e.s. - Processed
650700,"Headbands, linings, covers, hat foundations, hat frames, peaks and chinstraps, for headgear.",1003,Manufactured articles n.e.s. - Processed
660200,"Walkingsticks, seatsticks, whips, ridingcrops and the like.",1003,Manufactured articles n.e.s. - Processed
660310,(-2006) Handles and knobs,1003,Manufactured articles n.e.s. - Processed
660320,"Umbrella frames, including frames mounted on shafts (sticks)",1003,Manufactured articles n.e.s. - Processed
660390,Other,1003,Manufactured articles n.e.s. - Processed
670100,"Skins and other parts of birds with their feathers or down, feathers, parts of feathers, down and articles thereof (other than goods of heading 05.05 and worked quills and scapes).",1003,Manufactured articles n.e.s. - Processed
670210,Of plastics,1003,Manufactured articles n.e.s. - Processed
670290,Of other materials,1003,Manufactured articles n.e.s. - Processed
670300,"Human hair, dressed, thinned, bleached or otherwise worked; wool or other animal hair or other textile materials, prepared for use in making wigs or the like.",1003,Manufactured articles n.e.s. - Processed
670411,Complete wigs,1003,Manufactured articles n.e.s. - Processed
670419,Other,1003,Manufactured articles n.e.s. - Processed
670420,Of human hair,1003,Manufactured articles n.e.s. - Processed
670490,Of other materials,1003,Manufactured articles n.e.s. - Processed
680710,In rolls,1003,Manufactured articles n.e.s. - Processed
680790,Other,1003,Manufactured articles n.e.s. - Processed
830400,"Filing cabinets, cardindex cabinets, paper trays, paper rests, pen trays, officestamp stands and similar office or desk equipment, of base metal, other than office furniture of heading 94.03.",1003,Manufactured articles n.e.s. - Processed
830510,Fittings for looseleaf binders or files,1003,Manufactured articles n.e.s. - Processed
830520,Staples in strips,1003,Manufactured articles n.e.s. - Processed
830590,"Other, including parts",1003,Manufactured articles n.e.s. - Processed
851910,(-2006) Coin or discoperated recordplayers,1003,Manufactured articles n.e.s. - Processed
851921,(-2006) Without loudspeaker,1003,Manufactured articles n.e.s. - Processed
851929,(-2006) Other,1003,Manufactured articles n.e.s. - Processed
851931,(-2006) With automatic record changing mechanism,1003,Manufactured articles n.e.s. - Processed
851939,(-2006) Other,1003,Manufactured articles n.e.s. - Processed
851940,(-2006) Transcribing machines,1003,Manufactured articles n.e.s. - Processed
851991,"(-1995) Sound reproducing apparatus,cassette type,",1003,Manufactured articles n.e.s. - Processed
851992,(1996-2006) Pocketsize cassetteplayers,1003,Manufactured articles n.e.s. - Processed
851993,"(1996-2006) Other, cassettetype",1003,Manufactured articles n.e.s. - Processed
851999,(-2006) Other,1003,Manufactured articles n.e.s. - Processed
852010,(-2006) Dictating machines not capable of operating without an external source of power,1003,Manufactured articles n.e.s. - Processed
852020,(-2006) Telephone answering machines,1003,Manufactured articles n.e.s. - Processed
852031,(-1995) Magnetic tape rec incorporating sound repr,1003,Manufactured articles n.e.s. - Processed
852032,(1996-2006) Digital audio type,1003,Manufactured articles n.e.s. - Processed
852033,"(1996-2006) Other, cassettetype",1003,Manufactured articles n.e.s. - Processed
852039,(-2006) Other,1003,Manufactured articles n.e.s. - Processed
852090,(-2006) Other,1003,Manufactured articles n.e.s. - Processed
852110,Magnetic tape-type,1003,Manufactured articles n.e.s. - Processed
852190,Other,1003,Manufactured articles n.e.s. - Processed
852210,Pick-up cartridges,1003,Manufactured articles n.e.s. - Processed
852290,Other,1003,Manufactured articles n.e.s. - Processed
852311,(-2006) Of a width not exceeding 4 mm,1003,Manufactured articles n.e.s. - Processed
852312,(-2006) Of a width exceeding 4 mm but not exceeding 6.5 mm,1003,Manufactured articles n.e.s. - Processed
852313,(-2006) Of a width exceeding 6.5 mm,1003,Manufactured articles n.e.s. - Processed
852320,(-2006) Magnetic discs,1003,Manufactured articles n.e.s. - Processed
852330,(1996-2006) Cards incorporating a magnetic stripe,1003,Manufactured articles n.e.s. - Processed
852390,(-2006) Other,1003,Manufactured articles n.e.s. - Processed
852410,(-2006) Gramophone records,1003,Manufactured articles n.e.s. - Processed
852421,"(-1995) Recorded magnetic tapes, of a width not ex",1003,Manufactured articles n.e.s. - Processed
852422,"(-1995) Recorded magnetic tapes,of a width exceedi",1003,Manufactured articles n.e.s. - Processed
852423,"(-1995) Recorded magnetic tapes, of a width exceed",1003,Manufactured articles n.e.s. - Processed
852431,(1996-2006) For reproducing phenomena other than sound or image,1003,Manufactured articles n.e.s. - Processed
852432,(1996-2006) For reproducing sound only,1003,Manufactured articles n.e.s. - Processed
852439,(1996-2006) Other,1003,Manufactured articles n.e.s. - Processed
852440,(1996-2006) Magnetic tapes for reproducing phenomena other than sound or image,1003,Manufactured articles n.e.s. - Processed
852451,(1996-2006) Of a width not exceeding 4 mm,1003,Manufactured articles n.e.s. - Processed
852452,(1996-2006) Of a width exceeding 4 mm but not exceeding 6.5 mm,1003,Manufactured articles n.e.s. - Processed
852453,(1996-2006) Of a width exceeding 6.5 mm,1003,Manufactured articles n.e.s. - Processed
852460,(1996-2006) Cards incorporating a magnetic stripe,1003,Manufactured articles n.e.s. - Processed
852490,(-1995) Recorded media for sound or other similarl,1003,Manufactured articles n.e.s. - Processed
852491,(1996-2006) For reproducing phenomena other than sound or image,1003,Manufactured articles n.e.s. - Processed
852499,(1996-2006) Other,1003,Manufactured articles n.e.s. - Processed
871000,"Tanks and other armoured fighting vehicles, motorised, whether or not fitted with weapons, and parts of such vehicles.",1003,Manufactured articles n.e.s. - Processed
871500,Baby carriages and parts thereof.,1003,Manufactured articles n.e.s. - Processed
880510,Aircraft launching gear and parts thereof; deckarrestor or similar gear and parts thereof,1003,Manufactured articles n.e.s. - Processed
880520,(-2001) Ground flying trainers and parts thereof,1003,Manufactured articles n.e.s. - Processed
880521,(2002-) Air combat simulators and parts thereof,1003,Manufactured articles n.e.s. - Processed
880529,(2002-) Other,1003,Manufactured articles n.e.s. - Processed
900110,"Optical fibres, optical fibre bundles and cables",1003,Manufactured articles n.e.s. - Processed
900120,Sheets and plates of polarising material,1003,Manufactured articles n.e.s. - Processed
900130,Contact lenses,1003,Manufactured articles n.e.s. - Processed
900140,Spectacle lenses of glass,1003,Manufactured articles n.e.s. - Processed
900150,Spectacle lenses of other materials,1003,Manufactured articles n.e.s. - Processed
900190,Other,1003,Manufactured articles n.e.s. - Processed
900211,"For cameras, projectors or photographic enlargers or reducers",1003,Manufactured articles n.e.s. - Processed
900219,Other,1003,Manufactured articles n.e.s. - Processed
900220,Filters,1003,Manufactured articles n.e.s. - Processed
900290,Other,1003,Manufactured articles n.e.s. - Processed
900311,Of plastics,1003,Manufactured articles n.e.s. - Processed
900319,Of other materials,1003,Manufactured articles n.e.s. - Processed
900390,Parts,1003,Manufactured articles n.e.s. - Processed
900410,Sunglasses,1003,Manufactured articles n.e.s. - Processed
900490,Other,1003,Manufactured articles n.e.s. - Processed
900510,Binoculars,1003,Manufactured articles n.e.s. - Processed
900580,Other instruments,1003,Manufactured articles n.e.s. - Processed
900590,Parts and accessories (including mountings),1003,Manufactured articles n.e.s. - Processed
900610,Cameras of a kind used for preparing printing plates or cylinders,1003,Manufactured articles n.e.s. - Processed
900620,"(-2006) Cameras of a kind used for recording documents on microfilm, microfiche or other microforms",1003,Manufactured articles n.e.s. - Processed
900630,"Cameras specially designed for underwater use, for aerial survey or for medical or surgical examination of internal organs; comparison cameras for forensic or criminological purposes",1003,Manufactured articles n.e.s. - Processed
900640,Instant print cameras,1003,Manufactured articles n.e.s. - Processed
900651,"With a throughthelens viewfinder (single lens reflex (SLR)), for roll film of a width not exceeding 35 mm",1003,Manufactured articles n.e.s. - Processed
900652,"Other, for roll film of a width less than 35 mm",1003,Manufactured articles n.e.s. - Processed
900653,"Other, for roll film of a width of 35 mm",1003,Manufactured articles n.e.s. - Processed
900659,Other,1003,Manufactured articles n.e.s. - Processed
900661,Discharge lamp (electronic) flashlight apparatus,1003,Manufactured articles n.e.s. - Processed
900662,"(-2006) Flashbulbs, flashcubes and the like",1003,Manufactured articles n.e.s. - Processed
900669,Other,1003,Manufactured articles n.e.s. - Processed
900691,For cameras,1003,Manufactured articles n.e.s. - Processed
900699,Other,1003,Manufactured articles n.e.s. - Processed
900711,For film of less than 16 mm width or for double8 mm film,1003,Manufactured articles n.e.s. - Processed
900719,Other,1003,Manufactured articles n.e.s. - Processed
900720,(1996-) Projectors,1003,Manufactured articles n.e.s. - Processed
900721,(-1995) Cinematographic projectors for film of les,1003,Manufactured articles n.e.s. - Processed
900729,"(-1995) Cinematographic projectors, nes",1003,Manufactured articles n.e.s. - Processed
900791,For cameras,1003,Manufactured articles n.e.s. - Processed
900792,For projectors,1003,Manufactured articles n.e.s. - Processed
900810,Slide projectors,1003,Manufactured articles n.e.s. - Processed
900820,"Microfilm, microfiche or other microform readers, whether or not capable of producing copies",1003,Manufactured articles n.e.s. - Processed
900830,Other image projectors,1003,Manufactured articles n.e.s. - Processed
900840,Photographic (other than cinematographic) enlargers and reducers,1003,Manufactured articles n.e.s. - Processed
900890,Parts and accessories,1003,Manufactured articles n.e.s. - Processed
900911,(-2006) Operating by reproducing the original image directly onto the copy (direct process),1003,Manufactured articles n.e.s. - Processed
900912,(-2006) Operating by reproducing the original image via an intermediate onto the copy (indirect process),1003,Manufactured articles n.e.s. - Processed
900921,(-2006) Incorporating an optical system,1003,Manufactured articles n.e.s. - Processed
900922,(-2006) Of the contact type,1003,Manufactured articles n.e.s. - Processed
900930,(-2006) Thermocopying apparatus,1003,Manufactured articles n.e.s. - Processed
900990,(-2001) Parts and accessories,1003,Manufactured articles n.e.s. - Processed
900991,(2002-2006) Automatic document feeders,1003,Manufactured articles n.e.s. - Processed
900992,(2002-2006) Paper feeders,1003,Manufactured articles n.e.s. - Processed
900993,(2002-2006) Sorters,1003,Manufactured articles n.e.s. - Processed
900999,(2002-2006) Other,1003,Manufactured articles n.e.s. - Processed
901010,Apparatus and equipment for automatically developing photographic (including cinematographic) film or paper in rolls or for automatically exposing developed film to rolls of photographic paper,1003,Manufactured articles n.e.s. - Processed
901020,(-1995) Apparatus and equipment for photographic (,1003,Manufactured articles n.e.s. - Processed
901030,(-1995) Projection screens,1003,Manufactured articles n.e.s. - Processed
901041,(1996-2006) Direct writeonwafer apparatus,1003,Manufactured articles n.e.s. - Processed
901042,(1996-2006) Step and repeat aligners,1003,Manufactured articles n.e.s. - Processed
901049,(1996-2006) Other,1003,Manufactured articles n.e.s. - Processed
901050,(1996-) Other apparatus and equipment for photographic (including cinematographic) laboratories; negatoscopes,1003,Manufactured articles n.e.s. - Processed
901060,(1996-) Projection screens,1003,Manufactured articles n.e.s. - Processed
901090,Parts and accessories,1003,Manufactured articles n.e.s. - Processed
901110,Stereoscopic microscopes,1003,Manufactured articles n.e.s. - Processed
901120,"Other microscopes, for photomicrography, cinephotomicrography or microprojection",1003,Manufactured articles n.e.s. - Processed
901180,Other microscopes,1003,Manufactured articles n.e.s. - Processed
901190,Parts and accessories,1003,Manufactured articles n.e.s. - Processed
901210,Microscopes other than optical microscopes; diffraction apparatus,1003,Manufactured articles n.e.s. - Processed
901290,Parts and accessories,1003,Manufactured articles n.e.s. - Processed
901310,"Telescopic sights for fitting to arms; periscopes; telescopes designed to form parts of machines, appliances, instruments or apparatus of this Chapter or Section XVI",1003,Manufactured articles n.e.s. - Processed
901320,"Lasers, other than laser diodes",1003,Manufactured articles n.e.s. - Processed
901380,"Other devices, appliances and instruments",1003,Manufactured articles n.e.s. - Processed
901390,Parts and accessories,1003,Manufactured articles n.e.s. - Processed
901410,Direction finding compasses,1003,Manufactured articles n.e.s. - Processed
901420,Instruments and appliances for aeronautical or space navigation (other than compasses),1003,Manufactured articles n.e.s. - Processed
901480,Other instruments and appliances,1003,Manufactured articles n.e.s. - Processed
901490,Parts and accessories,1003,Manufactured articles n.e.s. - Processed
901510,Rangefinders,1003,Manufactured articles n.e.s. - Processed
901520,Theodolites and tachymeters (tacheometers),1003,Manufactured articles n.e.s. - Processed
901530,Levels,1003,Manufactured articles n.e.s. - Processed
901540,Photogrammetrical surveying instruments and appliances,1003,Manufactured articles n.e.s. - Processed
901580,Other instruments and appliances,1003,Manufactured articles n.e.s. - Processed
901590,Parts and accessories,1003,Manufactured articles n.e.s. - Processed
901600,"Balances of a sensitivity of 5 cg or better, with or without weights.",1003,Manufactured articles n.e.s. - Processed
901710,"Drafting tables and machines, whether or not automatic",1003,Manufactured articles n.e.s. - Processed
901720,"Other drawing, markingout or mathematical calculating instruments",1003,Manufactured articles n.e.s. - Processed
901730,"Micrometers, callipers and gauges",1003,Manufactured articles n.e.s. - Processed
901780,Other instruments,1003,Manufactured articles n.e.s. - Processed
901790,Parts and accessories,1003,Manufactured articles n.e.s. - Processed
901811,Electrocardiographs,1003,Manufactured articles n.e.s. - Processed
901812,(1996-) Ultrasonic scanning apparatus,1003,Manufactured articles n.e.s. - Processed
901813,(1996-) Magnetic resonance imaging apparatus,1003,Manufactured articles n.e.s. - Processed
901814,(1996-) Scintigraphic apparatus,1003,Manufactured articles n.e.s. - Processed
901819,Other,1003,Manufactured articles n.e.s. - Processed
901820,Ultraviolet or infrared ray apparatus,1003,Manufactured articles n.e.s. - Processed
901831,"Syringes, with or without needles",1003,Manufactured articles n.e.s. - Processed
901832,Tubular metal needles and needles for sutures,1003,Manufactured articles n.e.s. - Processed
901839,Other,1003,Manufactured articles n.e.s. - Processed
901841,"Dental drill engines, whether or not combined on a single base with other dental equipment",1003,Manufactured articles n.e.s. - Processed
901849,Other,1003,Manufactured articles n.e.s. - Processed
901850,Other ophthalmic instruments and appliances,1003,Manufactured articles n.e.s. - Processed
901890,Other instruments and appliances,1003,Manufactured articles n.e.s. - Processed
901910,Mechanotherapy appliances; massage apparatus; psychological aptitudetesting apparatus,1003,Manufactured articles n.e.s. - Processed
901920,"Ozone therapy, oxygen therapy, aerosol therapy, artificial respiration or other therapeutic respiration apparatus",1003,Manufactured articles n.e.s. - Processed
902000,"Other breathing appliances and gas masks, excluding protective masks having neither mechanical parts nor replaceable filters.",1003,Manufactured articles n.e.s. - Processed
902110,(2002-) Orthopaedic or fracture appliances,1003,Manufactured articles n.e.s. - Processed
902111,(-2001) Artificial joints and other orthopaedic or fractur,1003,Manufactured articles n.e.s. - Processed
902119,(-2001) Artificial joints and other orthopaedic or fractur,1003,Manufactured articles n.e.s. - Processed
902121,Artificial teeth,1003,Manufactured articles n.e.s. - Processed
902129,Other,1003,Manufactured articles n.e.s. - Processed
902130,(-2001) Other artificial parts of the body,1003,Manufactured articles n.e.s. - Processed
902131,(2002-) Artificial joints,1003,Manufactured articles n.e.s. - Processed
902139,(2002-) Other,1003,Manufactured articles n.e.s. - Processed
902140,"Hearing aids, excluding parts and accessories",1003,Manufactured articles n.e.s. - Processed
902150,"Pacemakers for stimulating heart muscles, excluding parts and accessories",1003,Manufactured articles n.e.s. - Processed
902190,Other,1003,Manufactured articles n.e.s. - Processed
902211,(-1995) Apparatus based on the use of X-rays for m,1003,Manufactured articles n.e.s. - Processed
902212,(1996-) Computed tomography apparatus,1003,Manufactured articles n.e.s. - Processed
902213,"(1996-) Other, for dental uses",1003,Manufactured articles n.e.s. - Processed
902214,"(1996-) Other, for medical, surgical or veterinary uses",1003,Manufactured articles n.e.s. - Processed
902219,For other uses,1003,Manufactured articles n.e.s. - Processed
902221,"For medical, surgical, dental or veterinary uses",1003,Manufactured articles n.e.s. - Processed
902229,For other uses,1003,Manufactured articles n.e.s. - Processed
902230,Xray tubes,1003,Manufactured articles n.e.s. - Processed
902290,"Other, including parts and accessories",1003,Manufactured articles n.e.s. - Processed
902300,"Instruments, apparatus and models, designed for demonstrational purposes (for example, in education or exhibitions), unsuitable for other uses.",1003,Manufactured articles n.e.s. - Processed
902410,Machines and appliances for testing metals,1003,Manufactured articles n.e.s. - Processed
902480,Other machines and appliances,1003,Manufactured articles n.e.s. - Processed
902490,Parts and accessories,1003,Manufactured articles n.e.s. - Processed
902511,"Liquid-filled, for direct reading",1003,Manufactured articles n.e.s. - Processed
902519,Other,1003,Manufactured articles n.e.s. - Processed
902520,"(-1995) Barometers, not combined with other instru",1003,Manufactured articles n.e.s. - Processed
902580,Other instruments,1003,Manufactured articles n.e.s. - Processed
902590,Parts and accessories,1003,Manufactured articles n.e.s. - Processed
902610,For measuring or checking the flow or level of liquids,1003,Manufactured articles n.e.s. - Processed
902620,For measuring or checking pressure,1003,Manufactured articles n.e.s. - Processed
902680,Other instruments or apparatus,1003,Manufactured articles n.e.s. - Processed
902690,Parts and accessories,1003,Manufactured articles n.e.s. - Processed
902710,Gas or smoke analysis apparatus,1003,Manufactured articles n.e.s. - Processed
902720,Chromatographs and electrophoresis instruments,1003,Manufactured articles n.e.s. - Processed
902730,"Spectrometers, spectrophotometers and spectrographs using optical radiations (UV, visible, IR)",1003,Manufactured articles n.e.s. - Processed
902740,(-2006) Exposure meters,1003,Manufactured articles n.e.s. - Processed
902750,"Other instruments and apparatus using optical radiations (UV, visible, IR)",1003,Manufactured articles n.e.s. - Processed
902780,Other instruments and apparatus,1003,Manufactured articles n.e.s. - Processed
902790,Microtomes; parts and accessories,1003,Manufactured articles n.e.s. - Processed
902810,Gas meters,1003,Manufactured articles n.e.s. - Processed
902820,Liquid meters,1003,Manufactured articles n.e.s. - Processed
902830,Electricity meters,1003,Manufactured articles n.e.s. - Processed
902890,Parts and accessories,1003,Manufactured articles n.e.s. - Processed
902910,"Revolution counters, production counters, taximeters, mileometers, pedometers and the like",1003,Manufactured articles n.e.s. - Processed
902920,Speed indicators and tachometers; stroboscopes,1003,Manufactured articles n.e.s. - Processed
902990,Parts and accessories,1003,Manufactured articles n.e.s. - Processed
903010,Instruments and apparatus for measuring or detecting ionising radiations,1003,Manufactured articles n.e.s. - Processed
903020,Cathode-ray oscilloscopes and cathode-ray oscillographs,1003,Manufactured articles n.e.s. - Processed
903031,Multimeters,1003,Manufactured articles n.e.s. - Processed
903039,Other,1003,Manufactured articles n.e.s. - Processed
903040,"Other instruments and apparatus, specially designed for telecommunications (for example, cross-talk meters, gain measuring instruments, distortion factor meters, psophometers)",1003,Manufactured articles n.e.s. - Processed
903081,(-1995) Inst&app for measuring or checking elec qt,1003,Manufactured articles n.e.s. - Processed
903082,(1996-) For measuring or checking semiconductor wafers or devices,1003,Manufactured articles n.e.s. - Processed
903083,"(1996-2006) Other, with a recording device",1003,Manufactured articles n.e.s. - Processed
903089,Other,1003,Manufactured articles n.e.s. - Processed
903090,Parts and accessories,1003,Manufactured articles n.e.s. - Processed
903110,Machines for balancing mechanical parts,1003,Manufactured articles n.e.s. - Processed
903120,Test benches,1003,Manufactured articles n.e.s. - Processed
903130,(-2006) Profile projectors,1003,Manufactured articles n.e.s. - Processed
903140,"(-1995) Optical instruments and appliances, nes",1003,Manufactured articles n.e.s. - Processed
903141,(1996-) For inspecting semiconductor wafers or devices or for inspecting photomasks or reticles used in manufacturing semiconductor devices,1003,Manufactured articles n.e.s. - Processed
903149,(1996-) Other,1003,Manufactured articles n.e.s. - Processed
903180,"Other instruments, appliances and machines",1003,Manufactured articles n.e.s. - Processed
903190,Parts and accessories,1003,Manufactured articles n.e.s. - Processed
903210,Thermostats,1003,Manufactured articles n.e.s. - Processed
903220,Manostats,1003,Manufactured articles n.e.s. - Processed
903281,Hydraulic or pneumatic,1003,Manufactured articles n.e.s. - Processed
903289,Other,1003,Manufactured articles n.e.s. - Processed
903290,Parts and accessories,1003,Manufactured articles n.e.s. - Processed
903300,"Parts and accessories (not specified or included elsewhere in this Chapter) for machines, appliances, instruments or apparatus of Chapter 90.",1003,Manufactured articles n.e.s. - Processed
910111,With mechanical display only,1003,Manufactured articles n.e.s. - Processed
910112,(-2006) With optoelectronic display only,1003,Manufactured articles n.e.s. - Processed
910119,Other,1003,Manufactured articles n.e.s. - Processed
910121,With automatic winding,1003,Manufactured articles n.e.s. - Processed
910129,Other,1003,Manufactured articles n.e.s. - Processed
910191,Electrically operated,1003,Manufactured articles n.e.s. - Processed
910199,Other,1003,Manufactured articles n.e.s. - Processed
910211,With mechanical display only,1003,Manufactured articles n.e.s. - Processed
910212,With optoelectronic display only,1003,Manufactured articles n.e.s. - Processed
910219,Other,1003,Manufactured articles n.e.s. - Processed
910221,With automatic winding,1003,Manufactured articles n.e.s. - Processed
910229,Other,1003,Manufactured articles n.e.s. - Processed
910291,Electrically operated,1003,Manufactured articles n.e.s. - Processed
910299,Other,1003,Manufactured articles n.e.s. - Processed
910310,Electrically operated,1003,Manufactured articles n.e.s. - Processed
910390,Other,1003,Manufactured articles n.e.s. - Processed
910400,"Instrument panel clocks and clocks of a similar type for vehicles, aircraft, spacecraft or vessels.",1003,Manufactured articles n.e.s. - Processed
910511,Electrically operated,1003,Manufactured articles n.e.s. - Processed
910519,Other,1003,Manufactured articles n.e.s. - Processed
910521,Electrically operated,1003,Manufactured articles n.e.s. - Processed
910529,Other,1003,Manufactured articles n.e.s. - Processed
910591,Electrically operated,1003,Manufactured articles n.e.s. - Processed
910599,Other,1003,Manufactured articles n.e.s. - Processed
910610,Timeregisters; timerecorders,1003,Manufactured articles n.e.s. - Processed
910620,(-2006) Parking meters,1003,Manufactured articles n.e.s. - Processed
910690,Other,1003,Manufactured articles n.e.s. - Processed
910700,Time switches with clock or watch movement or with synchronous motor.,1003,Manufactured articles n.e.s. - Processed
910811,With mechanical display only or with a device to which a mechanical display can be incorporated,1003,Manufactured articles n.e.s. - Processed
910812,With optoelectronic display only,1003,Manufactured articles n.e.s. - Processed
910819,Other,1003,Manufactured articles n.e.s. - Processed
910820,With automatic winding,1003,Manufactured articles n.e.s. - Processed
910890,(2002-) Other,1003,Manufactured articles n.e.s. - Processed
910891,(-2001) Other :-- Measuring 33.8 mm or less,1003,Manufactured articles n.e.s. - Processed
910899,(-2001) Other,1003,Manufactured articles n.e.s. - Processed
910911,Of alarm clocks,1003,Manufactured articles n.e.s. - Processed
910919,Other,1003,Manufactured articles n.e.s. - Processed
910990,Other,1003,Manufactured articles n.e.s. - Processed
911011,"Complete movements, unassembled or partly assembled (movement sets)",1003,Manufactured articles n.e.s. - Processed
911012,"Incomplete movements, assembled",1003,Manufactured articles n.e.s. - Processed
911019,Rough movements,1003,Manufactured articles n.e.s. - Processed
911090,Other,1003,Manufactured articles n.e.s. - Processed
911110,Cases of precious metal or of metal clad with precious metal,1003,Manufactured articles n.e.s. - Processed
911120,"Cases of base metal, whether or not gold or silverplated",1003,Manufactured articles n.e.s. - Processed
911180,Other cases,1003,Manufactured articles n.e.s. - Processed
911190,Parts,1003,Manufactured articles n.e.s. - Processed
911210,(-2001) Cases of metal,1003,Manufactured articles n.e.s. - Processed
911220,(2002-) Cases,1003,Manufactured articles n.e.s. - Processed
911280,(-2001) Other cases,1003,Manufactured articles n.e.s. - Processed
911290,Parts,1003,Manufactured articles n.e.s. - Processed
911410,"Springs, including hairsprings",1003,Manufactured articles n.e.s. - Processed
911420,Jewels,1003,Manufactured articles n.e.s. - Processed
911430,Dials,1003,Manufactured articles n.e.s. - Processed
911440,Plates and bridges,1003,Manufactured articles n.e.s. - Processed
911490,Other,1003,Manufactured articles n.e.s. - Processed
920110,Upright pianos,1003,Manufactured articles n.e.s. - Processed
920120,Grand pianos,1003,Manufactured articles n.e.s. - Processed
920190,Other,1003,Manufactured articles n.e.s. - Processed
920210,Played with a bow,1003,Manufactured articles n.e.s. - Processed
920290,Other,1003,Manufactured articles n.e.s. - Processed
920300,(-2006) Keyboard pipe organs; harmoniums and similar keyboard instruments with free metal reeds.,1003,Manufactured articles n.e.s. - Processed
920410,(-2006) Accordions and similar instruments,1003,Manufactured articles n.e.s. - Processed
920420,(-2006) Mouth organs,1003,Manufactured articles n.e.s. - Processed
920510,Brasswind instruments,1003,Manufactured articles n.e.s. - Processed
920590,Other,1003,Manufactured articles n.e.s. - Processed
920600,"Percussion musical instruments (for example, drums, xylophones, cymbals, castanets, maracas).",1003,Manufactured articles n.e.s. - Processed
920710,"Keyboard instruments, other than accordions",1003,Manufactured articles n.e.s. - Processed
920790,Other,1003,Manufactured articles n.e.s. - Processed
920810,Musical boxes,1003,Manufactured articles n.e.s. - Processed
920890,Other,1003,Manufactured articles n.e.s. - Processed
920910,"(-2006) Metronomes, tuning forks and pitch pipes",1003,Manufactured articles n.e.s. - Processed
920920,(-2006) Mechanisms for musical boxes,1003,Manufactured articles n.e.s. - Processed
920930,Musical instrument strings,1003,Manufactured articles n.e.s. - Processed
920991,Parts and accessories for pianos,1003,Manufactured articles n.e.s. - Processed
920992,Parts and accessories for the musical instruments of heading 92.02,1003,Manufactured articles n.e.s. - Processed
920993,(-2006) Parts and accessories for the musical instruments of heading 92.03,1003,Manufactured articles n.e.s. - Processed
920994,Parts and accessories for the musical instruments of heading 92.07,1003,Manufactured articles n.e.s. - Processed
920999,Other,1003,Manufactured articles n.e.s. - Processed
930100,"(-2001) Military weapons, other than revolvers, pistols an",1003,Manufactured articles n.e.s. - Processed
930111,(2002-) Selfpropelled,1003,Manufactured articles n.e.s. - Processed
930119,(2002-) Other,1003,Manufactured articles n.e.s. - Processed
930120,(2002-) Rocket launchers; flamethrowers; grenade launchers; torpedo tubes and similar projectors,1003,Manufactured articles n.e.s. - Processed
930190,(2002-) Other,1003,Manufactured articles n.e.s. - Processed
930200,"Revolvers and pistols, other than those of heading 93.03 or 93.04.",1003,Manufactured articles n.e.s. - Processed
930310,Muzzleloading firearms,1003,Manufactured articles n.e.s. - Processed
930320,"Other sporting, hunting or targetshooting shotguns, including combination shotgunrifles",1003,Manufactured articles n.e.s. - Processed
930330,"Other sporting, hunting or targetshooting rifles",1003,Manufactured articles n.e.s. - Processed
930390,Other,1003,Manufactured articles n.e.s. - Processed
930400,"Other arms (for example, spring, air or gas guns and pistols, truncheons), excluding those of heading 93.07.",1003,Manufactured articles n.e.s. - Processed
930510,Of revolvers or pistols,1003,Manufactured articles n.e.s. - Processed
930521,Shotgun barrels,1003,Manufactured articles n.e.s. - Processed
930529,Other,1003,Manufactured articles n.e.s. - Processed
930590,(-2001) Other,1003,Manufactured articles n.e.s. - Processed
930591,(2002-) Of military weapons of heading 93.01,1003,Manufactured articles n.e.s. - Processed
930599,(2002-) Other,1003,Manufactured articles n.e.s. - Processed
930610,(-2006) Cartridges for riveting or similar tools or for captivebolt humane killers and parts thereof,1003,Manufactured articles n.e.s. - Processed
930621,Cartridges,1003,Manufactured articles n.e.s. - Processed
930629,Other,1003,Manufactured articles n.e.s. - Processed
930630,Other cartridges and parts thereof,1003,Manufactured articles n.e.s. - Processed
930690,Other,1003,Manufactured articles n.e.s. - Processed
930700,"Swords, cutlasses, bayonets, lances and similar arms and parts thereof and scabbards and sheaths therefor.",1003,Manufactured articles n.e.s. - Processed
940510,"Chandeliers and other electric ceiling or wall lighting fittings, excluding those of a kind used for lighting public open spaces or thoroughfares",1003,Manufactured articles n.e.s. - Processed
940520,"Electric table, desk, bedside or floorstanding lamps",1003,Manufactured articles n.e.s. - Processed
940530,Lighting sets of a kind used for Christmas trees,1003,Manufactured articles n.e.s. - Processed
940540,Other electric lamps and lighting fittings,1003,Manufactured articles n.e.s. - Processed
940550,Nonelectrical lamps and lighting fittings,1003,Manufactured articles n.e.s. - Processed
940560,"Illuminated signs, illuminated nameplates and the like",1003,Manufactured articles n.e.s. - Processed
940591,Of glass,1003,Manufactured articles n.e.s. - Processed
940592,Of plastics,1003,Manufactured articles n.e.s. - Processed
940599,Other,1003,Manufactured articles n.e.s. - Processed
940600,Prefabricated buildings.,1003,Manufactured articles n.e.s. - Processed
950100,"(-2006) Wheeled toys designed to be ridden by children (for example, tricycles, scooters, pedal cars); dolls' carriages.",1003,Manufactured articles n.e.s. - Processed
950210,"(-2006) Dolls, whether or not dressed",1003,Manufactured articles n.e.s. - Processed
950299,(-2006) Other,1003,Manufactured articles n.e.s. - Processed
950310,"(-2006) Electric trains, including tracks, signals and other accessories therefor",1003,Manufactured articles n.e.s. - Processed
950320,"(-2006) Reducedsize (scale) model assembly kits, whether or not working models, excluding those of subheading 9503.10",1003,Manufactured articles n.e.s. - Processed
950330,(-2006) Other construction sets and constructional toys,1003,Manufactured articles n.e.s. - Processed
950341,(-2006) Stuffed,1003,Manufactured articles n.e.s. - Processed
950349,(-2006) Other,1003,Manufactured articles n.e.s. - Processed
950350,(-2006) Toy musical instruments and apparatus,1003,Manufactured articles n.e.s. - Processed
950360,(-2006) Puzzles,1003,Manufactured articles n.e.s. - Processed
950370,"(-2006) Other toys, put up in sets or outfits",1003,Manufactured articles n.e.s. - Processed
950380,"(-2006) Other toys and models, incorporating a motor",1003,Manufactured articles n.e.s. - Processed
950390,(-2006) Other,1003,Manufactured articles n.e.s. - Processed
950410,Video games of a kind used with a television receiver,1003,Manufactured articles n.e.s. - Processed
950420,Articles and accessories for billiards,1003,Manufactured articles n.e.s. - Processed
950430,"Other games, operated by coins, banknotes (paper currency), discs or other similar articles, other than bowling alley equipment",1003,Manufactured articles n.e.s. - Processed
950440,Playing cards,1003,Manufactured articles n.e.s. - Processed
950490,Other,1003,Manufactured articles n.e.s. - Processed
950510,Articles for Christmas festivities,1003,Manufactured articles n.e.s. - Processed
950590,Other,1003,Manufactured articles n.e.s. - Processed
950611,Skis,1003,Manufactured articles n.e.s. - Processed
950612,Ski-fastenings (ski-bindings),1003,Manufactured articles n.e.s. - Processed
950619,Other,1003,Manufactured articles n.e.s. - Processed
950621,Sailboards,1003,Manufactured articles n.e.s. - Processed
950629,Other,1003,Manufactured articles n.e.s. - Processed
950631,"Clubs, complete",1003,Manufactured articles n.e.s. - Processed
950632,Balls,1003,Manufactured articles n.e.s. - Processed
950639,Other,1003,Manufactured articles n.e.s. - Processed
950640,Articles and equipment for table-tennis,1003,Manufactured articles n.e.s. - Processed
950651,"Lawn-tennis rackets, whether or not strung",1003,Manufactured articles n.e.s. - Processed
950659,Other,1003,Manufactured articles n.e.s. - Processed
950661,Lawn-tennis balls,1003,Manufactured articles n.e.s. - Processed
950662,Inflatable,1003,Manufactured articles n.e.s. - Processed
950669,Other,1003,Manufactured articles n.e.s. - Processed
950670,"Ice skates and roller skates, including skating boots with skates attached",1003,Manufactured articles n.e.s. - Processed
950691,"Articles and equipment for general physical exercise, gymnastics or athletics",1003,Manufactured articles n.e.s. - Processed
950699,Other,1003,Manufactured articles n.e.s. - Processed
950710,Fishing rods,1003,Manufactured articles n.e.s. - Processed
950720,"Fish-hooks, whether or not snelled",1003,Manufactured articles n.e.s. - Processed
950730,Fishing reels,1003,Manufactured articles n.e.s. - Processed
950790,Other,1003,Manufactured articles n.e.s. - Processed
950800,"(-2001) Roundabouts, swings, shooting galleries and other ",1003,Manufactured articles n.e.s. - Processed
950810,(2002-) Travelling circuses and travelling menageries,1003,Manufactured articles n.e.s. - Processed
950890,(2002-) Other,1003,Manufactured articles n.e.s. - Processed
960110,Worked ivory and articles of ivory,1003,Manufactured articles n.e.s. - Processed
960190,Other,1003,Manufactured articles n.e.s. - Processed
960200,"Worked vegetable or mineral carving material and articles of these materials; moulded or carved articles of wax, of stearin, of natural gums or natural resins or of modelling pastes, and other moulded or carved articles, not elsewhere specified or include",1003,Manufactured articles n.e.s. - Processed
960310,"- Brooms and brushes, consisting of twigs or other vegetable materials bound together, with or without handles ",1003,Manufactured articles n.e.s. - Processed
960321,"Tooth brushes, including dental-plate brushes",1003,Manufactured articles n.e.s. - Processed
960329,-- Other,1003,Manufactured articles n.e.s. - Processed
960330,"- Artists' brushes, writing brushes and similar brushes for the application of cosmetics",1003,Manufactured articles n.e.s. - Processed
960340,"- Paint, distemper, varnish or similar brushes (other than brushes of subheading 9603.30); paint pads and rollers",1003,Manufactured articles n.e.s. - Processed
960350,"- Other brushes constituting parts of machines, appliances or vehicles",1003,Manufactured articles n.e.s. - Processed
960390,- Other,1003,Manufactured articles n.e.s. - Processed
960400,Hand sieves and hand riddles.,1003,Manufactured articles n.e.s. - Processed
960610,"Pressfasteners, snapfasteners and pressstuds and parts therefor",1003,Manufactured articles n.e.s. - Processed
960621,"Of plastics, not covered with textile material",1003,Manufactured articles n.e.s. - Processed
960622,"Of base metal, not covered with textile material",1003,Manufactured articles n.e.s. - Processed
960629,Other,1003,Manufactured articles n.e.s. - Processed
960630,Button moulds and other parts of buttons; button blanks,1003,Manufactured articles n.e.s. - Processed
960711,Fitted with chain scoops of base metal,1003,Manufactured articles n.e.s. - Processed
960719,Other,1003,Manufactured articles n.e.s. - Processed
960720,Parts,1003,Manufactured articles n.e.s. - Processed
960810,Ball point pens,1003,Manufactured articles n.e.s. - Processed
960820,Felt tipped and other poroustipped pens and markers,1003,Manufactured articles n.e.s. - Processed
960831,Indian ink drawing pens,1003,Manufactured articles n.e.s. - Processed
960839,Other,1003,Manufactured articles n.e.s. - Processed
960840,Propelling or sliding pencils,1003,Manufactured articles n.e.s. - Processed
960850,Sets of articles from two or more of the foregoing subheadings,1003,Manufactured articles n.e.s. - Processed
960860,"Refills for ball point pens, comprising the ball point and inkreservoir",1003,Manufactured articles n.e.s. - Processed
960891,Pen nibs and nib points,1003,Manufactured articles n.e.s. - Processed
960899,Other,1003,Manufactured articles n.e.s. - Processed
960910,"Pencils and crayons, with leads encased in a rigid sheath",1003,Manufactured articles n.e.s. - Processed
960920,"Pencil leads, black or coloured",1003,Manufactured articles n.e.s. - Processed
960990,Other,1003,Manufactured articles n.e.s. - Processed
961000,"Slates and boards, with writing or drawing surfaces, whether or not framed.",1003,Manufactured articles n.e.s. - Processed
961100,"Date, sealing or numbering stamps, and the like (including devices for printing or embossing labels), designed for operating in the hand; handoperated composing sticks and hand printing sets incorporating such composing sticks.",1003,Manufactured articles n.e.s. - Processed
961220,Inkpads,1003,Manufactured articles n.e.s. - Processed
961310,"Pocket lighters, gas fuelled, nonrefillable",1003,Manufactured articles n.e.s. - Processed
961320,"Pocket lighters, gas fuelled, refillable",1003,Manufactured articles n.e.s. - Processed
961330,(-2001) Table lighters,1003,Manufactured articles n.e.s. - Processed
961380,Other lighters,1003,Manufactured articles n.e.s. - Processed
961390,Parts,1003,Manufactured articles n.e.s. - Processed
961410,"(-1995) Roughly shpd blocks of wood or root,for th",1003,Manufactured articles n.e.s. - Processed
961420,(-2006) Pipes and pipe bowls,1003,Manufactured articles n.e.s. - Processed
961490,(-2006) Other,1003,Manufactured articles n.e.s. - Processed
961511,Of hard rubber or plastics,1003,Manufactured articles n.e.s. - Processed
961519,Other,1003,Manufactured articles n.e.s. - Processed
961590,Other,1003,Manufactured articles n.e.s. - Processed
961610,"Scent sprays and similar toilet sprays, and mounts and heads therefor",1003,Manufactured articles n.e.s. - Processed
961620,Powderpuffs and pads for the application of cosmetics or toilet preparations,1003,Manufactured articles n.e.s. - Processed
961700,"Vacuum flasks and other vacuum vessels, complete with cases; parts thereof other than glass inners.",1003,Manufactured articles n.e.s. - Processed
961800,Tailors' dummies and other lay figures; automata and other animated displays used for shop window dressing.,1003,Manufactured articles n.e.s. - Processed
970110,"Paintings, drawings and pastels",1003,Manufactured articles n.e.s. - Processed
970190,Other,1003,Manufactured articles n.e.s. - Processed
970200,"Original engravings, prints and lithographs.",1003,Manufactured articles n.e.s. - Processed
970300,"Original sculptures and statuary, in any material.",1003,Manufactured articles n.e.s. - Processed
970400,"Postage or revenue stamps, stamppostmarks, firstday covers, postal stationery (stamped paper), and the like, used or unused, other than those of heading 49.07.",1003,Manufactured articles n.e.s. - Processed
970500,"Collections and collectors' pieces of zoological, botanical, mineralogical, anatomical, historical, archaeological, palaeontological, ethnographic or numismatic interest.",1003,Manufactured articles n.e.s. - Processed
970600,Antiques of an age exceeding one hundred years.,1003,Manufactured articles n.e.s. - Processed
030110,Ornamental fish,1101,Fish unprocessed
030191,"Trout (Salmo trutta, Oncorhynchus mykiss, Oncorhynchus clarki, Oncorhynchus aguabonita, Oncorhynchus gilae, Oncorhynchus apache and Oncorhynchus chrysogaster)",1101,Fish unprocessed
030192,Eels (Anguilla spp.),1101,Fish unprocessed
030193,Carp,1101,Fish unprocessed
030199,Other,1101,Fish unprocessed
030211,"Trout (Salmo trutta, Oncorhynchus mykiss, Oncorhynchus clarki, Oncorhynchus aguabonita, Oncorhynchus gilae, Oncorhynchus apache and Oncorhynchus chrysogaster)",1101,Fish unprocessed
030212,"Pacific salmon (Oncorhynchus nerka, Oncorhynchus gorbuscha, Oncorhynchus keta, Oncorhynchus tschawytscha, Oncorhynchus kisutch, Oncorhynchus masou and Oncorhynchus rhodurus), Atlantic salmon (Salmo salar) and Danube salmon (Hucho hucho)",1101,Fish unprocessed
030219,Other,1101,Fish unprocessed
030221,"Halibut (Reinhardtius hippoglossoides, Hippoglossus hippoglossus, Hippoglossus stenolepis)",1101,Fish unprocessed
030222,Plaice (Pleuronectes platessa),1101,Fish unprocessed
030223,Sole (Solea spp.),1101,Fish unprocessed
030229,Other,1101,Fish unprocessed
030231,Albacore or longfinned tunas (Thunnus alalunga),1101,Fish unprocessed
030232,Yellowfin tunas (Thunnus albacares),1101,Fish unprocessed
030233,Skipjack or stripebellied bonito,1101,Fish unprocessed
030234,(2002-) Bigeye tunas (Thunnus obesus),1101,Fish unprocessed
030235,(2002-) Bluefin tunas (Thunnus thynnus),1101,Fish unprocessed
030236,(2002-) Southern bluefin tunas (Thunnus maccoyii),1101,Fish unprocessed
030239,Other,1101,Fish unprocessed
030240,"Herrings (Clupea harengus, Clupea pallasii), excluding livers and roes",1101,Fish unprocessed
030250,"Cod (Gadus morhua, Gadus ogac, Gadus macrocephalus), excluding livers and roes",1101,Fish unprocessed
030261,"Sardines (Sardina pilchardus, Sardinops spp.), sardinella (Sardinella spp.), brisling or sprats (Sprattus sprattus)",1101,Fish unprocessed
030262,Haddock (Melanogrammus aeglefinus),1101,Fish unprocessed
030263,Coalfish (Pollachius virens),1101,Fish unprocessed
030264,"Mackerel (Scomber scombrus, Scomber australasicus, Scomber japonicus)",1101,Fish unprocessed
030265,Dogfish and other sharks,1101,Fish unprocessed
030266,Eels (Anguilla spp.),1101,Fish unprocessed
030269,Other,1101,Fish unprocessed
030270,Livers and roes,1101,Fish unprocessed
030310,"(-2001) Pacific salmon (Oncorhynchus nerka, Oncorhynchus g",1101,Fish unprocessed
030311,(2002-) Sockeye salmon (red salmon) (Oncorhynchus nerka),1101,Fish unprocessed
030319,(2002-) Other,1101,Fish unprocessed
030321,"Trout (Salmo trutta, Oncorhynchus mykiss, Oncorhynchus clarki, Oncorhynchus aguabonita, Oncorhynchus gilae, Oncorhynchus apache and Oncorhynchus chrysogaster)",1101,Fish unprocessed
030322,Atlantic salmon (Salmo salar) and Danube salmon (Hucho hucho),1101,Fish unprocessed
030329,Other,1101,Fish unprocessed
030331,"Halibut (Reinhardtius hippoglossoides, Hippoglossus hippoglossus, Hippoglossus stenolepis)",1101,Fish unprocessed
030332,Plaice (Pleuronectes platessa),1101,Fish unprocessed
030333,Sole (Solea spp.),1101,Fish unprocessed
030339,Other,1101,Fish unprocessed
030341,Albacore or longfinned tunas (Thunnus alalunga),1101,Fish unprocessed
030342,Yellowfin tunas (Thunnus albacares),1101,Fish unprocessed
030343,Skipjack or stripbellied bonito,1101,Fish unprocessed
030344,(2002-) Bigeye tunas (Thunnus obesus),1101,Fish unprocessed
030345,(2002-) Bluefin tunas (Thunnus thynnus),1101,Fish unprocessed
030346,(2002-) Southern bluefin tunas (Thunnus maccoyii),1101,Fish unprocessed
030349,Other,1101,Fish unprocessed
030350,"(-2006) Herrings (Clupea harengus, Clupea pallasii), excluding livers and roes",1101,Fish unprocessed
030360,"(-2006) Cod (Gadus morhua, Gadus ogac, Gadus macrocephalus), excluding livers and roes",1101,Fish unprocessed
030371,"Sardines (Sardina pilchardus, Sardinops spp.), sardinella (Sardinella spp.), brisling or sprats (Sprattus sprattus)",1101,Fish unprocessed
030372,Haddock (Melanogrammus aeglefinus),1101,Fish unprocessed
030373,Coalfish (Pollachius virens),1101,Fish unprocessed
030374,"Mackerel (Scomber scombrus, Scomber australasicus, Scomber japonicus)",1101,Fish unprocessed
030375,Dogfish and other sharks,1101,Fish unprocessed
030376,Eels (Anguilla spp.),1101,Fish unprocessed
030377,"Sea bass (Dicentrarchus labrax, Dicentrarchus punctatus)",1101,Fish unprocessed
030378,"Hake (Merluccius spp., Urophycis spp.)",1101,Fish unprocessed
030379,Other,1101,Fish unprocessed
030380,Livers and roes,1101,Fish unprocessed
030410,(-2006) Fresh or chilled,1101,Fish unprocessed
030420,(-2006) Frozen fillets,1101,Fish unprocessed
030490,(-2006) Other,1101,Fish unprocessed
030611,"Rock lobster and other sea crawfish (Palinurus spp., Panulirus spp., Jasus spp.)",1101,Fish unprocessed
030612,Lobsters (Homarus spp.),1101,Fish unprocessed
030613,Shrimps and prawns,1101,Fish unprocessed
030614,Crabs,1101,Fish unprocessed
030619,"Other, including flours, meals and pellets of crustaceans, fit for human consumption",1101,Fish unprocessed
030621,"Rock lobster and other sea crawfish (Palinurus spp., Panulirus spp., Jasus spp.)",1101,Fish unprocessed
030622,Lobsters (Homarus spp.),1101,Fish unprocessed
030623,Shrimps and prawns,1101,Fish unprocessed
030624,Crabs,1101,Fish unprocessed
030629,"Other, including flours, meals and pellets of crustaceans, fit for human consumption",1101,Fish unprocessed
030710,Oysters,1101,Fish unprocessed
030721,"Live, fresh or chilled",1101,Fish unprocessed
030729,Other,1101,Fish unprocessed
030731,"Live, fresh or chilled",1101,Fish unprocessed
030739,Other,1101,Fish unprocessed
030741,"Live, fresh or chilled",1101,Fish unprocessed
030749,Other,1101,Fish unprocessed
030751,"Live, fresh or chilled",1101,Fish unprocessed
030759,Other,1101,Fish unprocessed
030760,"Snails, other than sea snails",1101,Fish unprocessed
030791,"Live, fresh or chilled",1101,Fish unprocessed
030799,Other,1101,Fish unprocessed
050900,(-2006) Natural sponges of animal origin.,1101,Fish unprocessed
150410,Fishliver oils and their fractions,1101,Fish unprocessed
150420,"Fats and oils and their fractions, of fish, other than liver oils",1101,Fish unprocessed
150430,"Fats and oils and their fractions, of marine mammals",1101,Fish unprocessed
030510,"Flours, meals and pellets of fish, fit for human consumption",1102,Fish semi-processed
030520,"Livers and roes of fish, dried, smoked, salted or in brine",1102,Fish semi-processed
030530,"Fish fillets, dried, salted or in brine, but not smoked",1102,Fish semi-processed
030541,"Pacific salmon (Oncorhynchus nerka, Oncorhynchus gorbuscha, Oncorhynchus keta, Oncorhynchus tschawytscha, Oncorhynchus kisutch, Oncorhynchus masou and Oncorhynchus rhodurus), Atlantic salmon (Salmo salar) and Danube salmon (Hucho hucho)",1102,Fish semi-processed
030542,"Herrings (Clupea harengus, Clupea pallasii)",1102,Fish semi-processed
030549,Other,1102,Fish semi-processed
030551,"Cod (Gadus morhua, Gadus ogac, Gadus macrocephalus)",1102,Fish semi-processed
030559,Other,1102,Fish semi-processed
030561,"Herrings (Clupea harengus, Clupea pallasii)",1102,Fish semi-processed
030562,"Cod (Gadus morhua, Gadus ogac, Gadus macrocephalus)",1102,Fish semi-processed
030563,Anchovies (Engraulis spp.),1102,Fish semi-processed
030569,Other,1102,Fish semi-processed
150410,Fishliver oils and their fractions,1103,Fish processed
150420,"Fats and oils and their fractions, of fish, other than liver oils",1103,Fish processed
150430,"Fats and oils and their fractions, of marine mammals",1103,Fish processed
160300,"Extracts and juices of meat, fish or crustaceans, molluscs or other aquatic invertebrates.",1103,Fish processed
160411,Salmon,1103,Fish processed
160412,Herrings,1103,Fish processed
160413,"Sardines, sardinella and brisling or sprats",1103,Fish processed
160414,"Tunas, skipjack and bonito (Sarda spp.)",1103,Fish processed
160415,Mackerel,1103,Fish processed
160416,Anchovies,1103,Fish processed
160419,Other,1103,Fish processed
160420,Other prepared or preserved fish,1103,Fish processed
160430,Caviar and caviar substitutes,1103,Fish processed
160510,Crab,1103,Fish processed
160520,Shrimps and prawns,1103,Fish processed
160530,Lobster,1103,Fish processed
160540,Other crustaceans,1103,Fish processed
160590,Other,1103,Fish processed
230120,"Flours, meals and pellets, of fish or of crustaceans, molluscs or other aquatic invertebrates",1103,Fish processed
070110,Seed,1201,Fruit & vegetables fresh or dried
070190,Other,1201,Fruit & vegetables fresh or dried
070200,"Tomatoes, fresh or chilled.",1201,Fruit & vegetables fresh or dried
070310,Onions and shallots,1201,Fruit & vegetables fresh or dried
070320,Garlic,1201,Fruit & vegetables fresh or dried
070390,Leeks and other alliaceous vegetables,1201,Fruit & vegetables fresh or dried
070410,Cauliflowers and headed broccoli,1201,Fruit & vegetables fresh or dried
070420,Brussels sprouts,1201,Fruit & vegetables fresh or dried
070490,Other,1201,Fruit & vegetables fresh or dried
070511,Cabbage lettuce (head lettuce),1201,Fruit & vegetables fresh or dried
070519,Other,1201,Fruit & vegetables fresh or dried
070521,Witloof chicory (Cichorium intybus var. foliosum),1201,Fruit & vegetables fresh or dried
070529,Other,1201,Fruit & vegetables fresh or dried
070610,Carrots and turnips,1201,Fruit & vegetables fresh or dried
070690,Other,1201,Fruit & vegetables fresh or dried
070700,"Cucumbers and gherkins, fresh or chilled.",1201,Fruit & vegetables fresh or dried
070810,Peas (Pisum sativum),1201,Fruit & vegetables fresh or dried
070820,"Beans (Vigna spp., Phaseolus spp.)",1201,Fruit & vegetables fresh or dried
070890,Other leguminous vegetables,1201,Fruit & vegetables fresh or dried
070910,(-2006) Globe artichokes,1201,Fruit & vegetables fresh or dried
070920,Asparagus,1201,Fruit & vegetables fresh or dried
070930,Aubergines (eggplants),1201,Fruit & vegetables fresh or dried
070940,Celery other than celeriac,1201,Fruit & vegetables fresh or dried
070951,Mushrooms of the genus Agaricus,1201,Fruit & vegetables fresh or dried
070952,(-2006) Truffles,1201,Fruit & vegetables fresh or dried
070959,(2002-) Other,1201,Fruit & vegetables fresh or dried
070960,Fruits of the genus Capsicum or of the genus Pimenta,1201,Fruit & vegetables fresh or dried
070970,"Spinach, New Zealand spinach and orache spinach (garden spinach)",1201,Fruit & vegetables fresh or dried
070990,Other,1201,Fruit & vegetables fresh or dried
071310,Peas (Pisum sativum),1201,Fruit & vegetables fresh or dried
071320,Chickpeas (garbanzos),1201,Fruit & vegetables fresh or dried
071331,Beans of the species Vigna mungo (L.) Hepper or Vigna radiata (L.) Wilczek,1201,Fruit & vegetables fresh or dried
071332,Small red (Adzuki) beans (Phaseolus or Vigna angularis),1201,Fruit & vegetables fresh or dried
071333,"Kidney beans, including white pea beans (Phaseolus vulgaris)",1201,Fruit & vegetables fresh or dried
071339,Other,1201,Fruit & vegetables fresh or dried
071340,Lentils,1201,Fruit & vegetables fresh or dried
071350,"Broad beans (Vicia faba var. major) and horse beans (Vicia faba var. equina, Vicia faba var. minor)",1201,Fruit & vegetables fresh or dried
071390,Other,1201,Fruit & vegetables fresh or dried
071410,Manioc (cassava),1201,Fruit & vegetables fresh or dried
071420,Sweet potatoes,1201,Fruit & vegetables fresh or dried
071490,Other,1201,Fruit & vegetables fresh or dried
080110,"(-1995) Coconuts, fresh or dried",1201,Fruit & vegetables fresh or dried
080111,(1996-) Desiccated,1201,Fruit & vegetables fresh or dried
080119,(1996-) Other,1201,Fruit & vegetables fresh or dried
080120,"(-1995) Brazil nuts, fresh or dried",1201,Fruit & vegetables fresh or dried
080121,(1996-) In shell,1201,Fruit & vegetables fresh or dried
080122,(1996-) Shelled,1201,Fruit & vegetables fresh or dried
080130,"(-1995) Cashew nuts, fresh or dried",1201,Fruit & vegetables fresh or dried
080131,(1996-) In shell,1201,Fruit & vegetables fresh or dried
080132,(1996-) Shelled,1201,Fruit & vegetables fresh or dried
080211,In shell,1201,Fruit & vegetables fresh or dried
080212,Shelled,1201,Fruit & vegetables fresh or dried
080221,In shell,1201,Fruit & vegetables fresh or dried
080222,Shelled,1201,Fruit & vegetables fresh or dried
080231,In shell,1201,Fruit & vegetables fresh or dried
080232,Shelled,1201,Fruit & vegetables fresh or dried
080240,Chestnuts (Castanea spp.),1201,Fruit & vegetables fresh or dried
080250,Pistachios,1201,Fruit & vegetables fresh or dried
080290,Other,1201,Fruit & vegetables fresh or dried
080300,"Bananas, including plantains, fresh or dried.",1201,Fruit & vegetables fresh or dried
080410,Dates,1201,Fruit & vegetables fresh or dried
080420,Figs,1201,Fruit & vegetables fresh or dried
080430,Pineapples,1201,Fruit & vegetables fresh or dried
080440,Avocados,1201,Fruit & vegetables fresh or dried
080450,"Guavas, mangoes and mangosteens",1201,Fruit & vegetables fresh or dried
080510,Oranges,1201,Fruit & vegetables fresh or dried
080520,"Mandarins (including tangerines and satsumas); clementines, wilkings and similar citrus hybrids",1201,Fruit & vegetables fresh or dried
080530,"(-2001) Lemons (Citrus limon, Citrus limonum) and limes (C",1201,Fruit & vegetables fresh or dried
080540,Grapefruit,1201,Fruit & vegetables fresh or dried
080550,"(2002-) Lemons (Citrus limon, Citrus limonum) and limes (Citrus aurantifolia, Citrus latifolia)",1201,Fruit & vegetables fresh or dried
080590,Other,1201,Fruit & vegetables fresh or dried
080610,Fresh,1201,Fruit & vegetables fresh or dried
080620,Dried,1201,Fruit & vegetables fresh or dried
080710,"(-1995) Melons and watermelons, fresh",1201,Fruit & vegetables fresh or dried
080711,(1996-) Watermelons,1201,Fruit & vegetables fresh or dried
080719,(1996-) Other,1201,Fruit & vegetables fresh or dried
080720,Papaws (papayas),1201,Fruit & vegetables fresh or dried
080810,Apples,1201,Fruit & vegetables fresh or dried
080820,Pears and quinces,1201,Fruit & vegetables fresh or dried
080910,Apricots,1201,Fruit & vegetables fresh or dried
080920,Cherries,1201,Fruit & vegetables fresh or dried
080930,"Peaches, including nectarines",1201,Fruit & vegetables fresh or dried
080940,Plums and sloes,1201,Fruit & vegetables fresh or dried
081010,Strawberries,1201,Fruit & vegetables fresh or dried
081020,"Raspberries, blackberries, mulberries and loganberries",1201,Fruit & vegetables fresh or dried
081030,"(-2006) Black, white or red currants and gooseberries",1201,Fruit & vegetables fresh or dried
081040,"Cranberries, bilberries and other fruits of the genus Vaccinium",1201,Fruit & vegetables fresh or dried
081050,(1996-) Kiwifruit,1201,Fruit & vegetables fresh or dried
081060,(2002-) Durians,1201,Fruit & vegetables fresh or dried
081090,Other,1201,Fruit & vegetables fresh or dried
081310,Apricots,1201,Fruit & vegetables fresh or dried
081320,Prunes,1201,Fruit & vegetables fresh or dried
081330,Apples,1201,Fruit & vegetables fresh or dried
081340,Other fruit,1201,Fruit & vegetables fresh or dried
081350,Mixtures of nuts or dried fruits of this Chapter,1201,Fruit & vegetables fresh or dried
071110,(-2001) Onions,1202,Fruit & vegetables semiprocessed
071120,Olives,1202,Fruit & vegetables semiprocessed
071130,(-2006) Capers,1202,Fruit & vegetables semiprocessed
071140,Cucumbers and gherkins,1202,Fruit & vegetables semiprocessed
071151,(2002-) Mushrooms of the genus Agaricus,1202,Fruit & vegetables semiprocessed
071159,(2002-) Other,1202,Fruit & vegetables semiprocessed
071190,Other vegetables; mixtures of vegetables,1202,Fruit & vegetables semiprocessed
081110,Strawberries,1202,Fruit & vegetables semiprocessed
081120,"Raspberries, blackberries, mulberries, loganberries, black, white or red currants and gooseberries",1202,Fruit & vegetables semiprocessed
081190,Other,1202,Fruit & vegetables semiprocessed
081210,Cherries,1202,Fruit & vegetables semiprocessed
081220,(-2001) Strawberries,1202,Fruit & vegetables semiprocessed
081290,Other,1202,Fruit & vegetables semiprocessed
081400,"Peel of citrus fruit or melons (including watermelons), fresh, frozen, dried or provisionally preserved in brine, in sulphur water or in other preservative solutions.",1202,Fruit & vegetables semiprocessed
071010,Potatoes,1203,Fruit & vegetables prepared or preserved
071021,Peas (Pisum sativum),1203,Fruit & vegetables prepared or preserved
071022,"Beans (Vigna spp., Phaseolus spp.)",1203,Fruit & vegetables prepared or preserved
071029,Other,1203,Fruit & vegetables prepared or preserved
071030,"Spinach, New Zealand spinach and orache spinach (garden spinach)",1203,Fruit & vegetables prepared or preserved
071040,Sweet corn,1203,Fruit & vegetables prepared or preserved
071080,Other vegetables,1203,Fruit & vegetables prepared or preserved
071090,Mixtures of vegetables,1203,Fruit & vegetables prepared or preserved
071210,(-1995) Dried potatoes,1203,Fruit & vegetables prepared or preserved
071220,Onions,1203,Fruit & vegetables prepared or preserved
071230,(-2001) Mushrooms and truffles,1203,Fruit & vegetables prepared or preserved
071231,(2002-) Mushrooms of the genus Agaricus,1203,Fruit & vegetables prepared or preserved
071232,(2002-) Wood ears (Auricularia spp.),1203,Fruit & vegetables prepared or preserved
071233,(2002-) Jelly fungi (Tremella spp.),1203,Fruit & vegetables prepared or preserved
071239,(2002-) Other,1203,Fruit & vegetables prepared or preserved
071290,Other vegetables; mixtures of vegetables,1203,Fruit & vegetables prepared or preserved
110510,"Flour, meal and powder",1203,Fruit & vegetables prepared or preserved
110520,"Flakes, granules and pellets",1203,Fruit & vegetables prepared or preserved
110610,Of the dried leguminous vegetables of heading 07.13,1203,Fruit & vegetables prepared or preserved
110620,Of sago or of roots or tubers of heading 07.14,1203,Fruit & vegetables prepared or preserved
110630,Of the products of Chapter 8,1203,Fruit & vegetables prepared or preserved
200110,Cucumbers and gherkins,1203,Fruit & vegetables prepared or preserved
200120,(-2001) Onions,1203,Fruit & vegetables prepared or preserved
200190,Other,1203,Fruit & vegetables prepared or preserved
200210,"Tomatoes, whole or in pieces",1203,Fruit & vegetables prepared or preserved
200290,Other,1203,Fruit & vegetables prepared or preserved
200310,Mushrooms of the genus Agaricus,1203,Fruit & vegetables prepared or preserved
200320,Truffles,1203,Fruit & vegetables prepared or preserved
200390,(2002-) Other,1203,Fruit & vegetables prepared or preserved
200410,Potatoes,1203,Fruit & vegetables prepared or preserved
200490,Other vegetables and mixtures of vegetables,1203,Fruit & vegetables prepared or preserved
200510,Homogenised vegetables,1203,Fruit & vegetables prepared or preserved
200520,Potatoes,1203,Fruit & vegetables prepared or preserved
200530,"(-1995) Sauerkraut, preserved other than by vinega",1203,Fruit & vegetables prepared or preserved
200540,Peas (Pisum sativum),1203,Fruit & vegetables prepared or preserved
200551,"Beans, shelled",1203,Fruit & vegetables prepared or preserved
200559,Other,1203,Fruit & vegetables prepared or preserved
200560,Asparagus,1203,Fruit & vegetables prepared or preserved
200570,Olives,1203,Fruit & vegetables prepared or preserved
200580,Sweet corn (Zea mays var. saccharata),1203,Fruit & vegetables prepared or preserved
200590,(-2006) Other vegetables and mixtures of vegetables,1203,Fruit & vegetables prepared or preserved
200600,"Vegetables, fruit, nuts, fruitpeel and other parts of plants, preserved by sugar (drained, glacé or crystallised).",1203,Fruit & vegetables prepared or preserved
200710,Homogenised preparations,1203,Fruit & vegetables prepared or preserved
200791,Citrus fruit,1203,Fruit & vegetables prepared or preserved
200799,Other,1203,Fruit & vegetables prepared or preserved
200811,Groundnuts,1203,Fruit & vegetables prepared or preserved
200819,"Other, including mixtures",1203,Fruit & vegetables prepared or preserved
200820,Pineapples,1203,Fruit & vegetables prepared or preserved
200830,Citrus fruit,1203,Fruit & vegetables prepared or preserved
200840,Pears,1203,Fruit & vegetables prepared or preserved
200850,Apricots,1203,Fruit & vegetables prepared or preserved
200860,Cherries,1203,Fruit & vegetables prepared or preserved
200870,"Peaches, including nectarines",1203,Fruit & vegetables prepared or preserved
200880,Strawberries,1203,Fruit & vegetables prepared or preserved
200891,Palm hearts,1203,Fruit & vegetables prepared or preserved
200892,Mixtures,1203,Fruit & vegetables prepared or preserved
200899,Other,1203,Fruit & vegetables prepared or preserved
090111,Not decaffeinated,1301,Unprocessed
090112,Decaffeinated,1301,Unprocessed
090121,Not decaffeinated,1301,Unprocessed
090122,Decaffeinated,1301,Unprocessed
090130,(-1995) Coffee husks and skins,1301,Unprocessed
090140,(-1995) Coffee substitutes containing coffee,1301,Unprocessed
090190,(1996-) Other,1301,Unprocessed
090210,Green tea (not fermented) in immediate packings of a content not exceeding 3 kg,1301,Unprocessed
090220,Other green tea (not fermented),1301,Unprocessed
090230,"Black tea (fermented) and partly fermented tea, in immediate packings of a content not exceeding 3 kg",1301,Unprocessed
090240,Other black tea (fermented) and other partly fermented tea,1301,Unprocessed
090300,Maté.,1301,Unprocessed
180100,"Cocoa beans, whole or broken, raw or roasted.",1301,Unprocessed
180310,Not defatted,1302,Semi-processed
180320,Wholly or partly defatted,1302,Semi-processed
180400,"Cocoa butter, fat and oil.",1302,Semi-processed
180500,"Cocoa powder, not containing added sugar or other sweetening matter.",1302,Semi-processed
180610,"Cocoa powder, containing added sugar or other sweetening matter",1303,Processed
180620,"Other preparations in blocks, slabs or bars weighing more than  2 kg or in liquid, paste, powder, granular or other bulk form in containers or immediate packings, of a content exceeding 2 kg",1303,Processed
180631,Filled,1303,Processed
180632,Not filled,1303,Processed
180690,Other,1303,Processed
210110,"(-1995) Extracts, essences, concentrates and prepa",1303,Processed
210111,"(1996-) Extracts, essences and concentrates",1303,Processed
210112,"(1996-) Preparations with a basis of extracts, essences or concentrates or with a basis of coffee",1303,Processed
210120,"Extracts, essences and concentrates, of tea or maté, and preparations with a basis of these extracts, essences or concentrates or with a basis of tea or maté",1303,Processed
210130,"Roasted chicory and other roasted coffee substitutes, and extracts, essences and concentrates thereof",1303,Processed
170111,Cane sugar,1402,Semi-processed
170112,Beet sugar,1402,Semi-processed
170191,Containing added flavouring or colouring matter,1402,Semi-processed
170199,Other,1402,Semi-processed
170210,(-1995) Lactose and lactose syrup,1402,Semi-processed
170211,"(1996-) Containing by weight 99 % or more lactose, expressed as anhydrous lactose, calculated on the dry matter",1402,Semi-processed
170219,(1996-) Other,1402,Semi-processed
170220,Maple sugar and maple syrup,1402,Semi-processed
170230,"Glucose and glucose syrup, not containing fructose or containing in the dry state less than 20 % by weight of fructose",1402,Semi-processed
170240,"Glucose and glucose syrup, containing in the dry state at least  20 % but less than 50 % by weight of fructose, excluding invert sugar",1402,Semi-processed
170250,Chemically pure fructose,1402,Semi-processed
170260,"Other fructose and fructose syrup, containing in the dry state more than 50 % by weight of fructose, excluding invert sugar",1402,Semi-processed
170290,"Other, including invert sugar and other sugar and sugar syrup blends containing in the dry state 50 % by weight of fructose",1402,Semi-processed
170310,Cane molasses,1402,Semi-processed
170390,Other,1402,Semi-processed
170410,"Chewing gum, whether or not sugarcoated",1403,Processed
170490,Other,1403,Processed
040700,"Birds' eggs, in shell, fresh, preserved or cooked.",1501,Unprocessed
040811,Dried,1501,Unprocessed
040819,Other,1501,Unprocessed
040891,Dried,1501,Unprocessed
040899,Other,1501,Unprocessed
040900,Natural honey.,1501,Unprocessed
090411,Neither crushed nor ground,1501,Unprocessed
090412,Crushed or ground,1501,Unprocessed
090420,"Fruits of the genus Capsicum or of the genus Pimenta, dried or crushed or ground",1501,Unprocessed
090500,Vanilla.,1501,Unprocessed
090610,(-2006) Neither crushed nor ground,1501,Unprocessed
090620,Crushed or ground,1501,Unprocessed
090700,"Cloves (whole fruit, cloves and stems).",1501,Unprocessed
090810,Nutmeg,1501,Unprocessed
090820,Mace,1501,Unprocessed
090830,Cardamoms,1501,Unprocessed
090910,Seeds of anise or badian,1501,Unprocessed
090920,Seeds of coriander,1501,Unprocessed
090930,Seeds of cumin,1501,Unprocessed
090940,Seeds of caraway,1501,Unprocessed
090950,Seeds of fennel; juniper berries,1501,Unprocessed
091010,Ginger,1501,Unprocessed
091020,Saffron,1501,Unprocessed
091030,Turmeric (curcuma),1501,Unprocessed
091040,(-2006) Thyme; bay leaves,1501,Unprocessed
091050,(-2006) Curry,1501,Unprocessed
091091,Mixtures referred to in Note 1 (b) to this Chapter,1501,Unprocessed
091099,Other,1501,Unprocessed
110100,Wheat or meslin flour.,1502,Semi-processed
110210,Rye flour,1502,Semi-processed
110220,Maize (corn) flour,1502,Semi-processed
110230,(-2006) Rice flour,1502,Semi-processed
110290,Other,1502,Semi-processed
110311,Of wheat,1502,Semi-processed
110312,(-2001) Groats and meal :-- Of oats,1502,Semi-processed
110313,Of maize (corn),1502,Semi-processed
110314,(-2001) Groats and meal :-- Of rice,1502,Semi-processed
110319,Of other cereals,1502,Semi-processed
110320,(2002-) Pellets,1502,Semi-processed
110321,(-2001) Pellets :-- Of wheat,1502,Semi-processed
110329,(-2001) Pellets :-- Of other cereals,1502,Semi-processed
110411,(-2001) Rolled or flaked grains :-- Of barley,1502,Semi-processed
110412,Of oats,1502,Semi-processed
110419,Of other cereals,1502,Semi-processed
110421,"(-2001) Other worked grains (for example, hulled, pearled,",1502,Semi-processed
110422,Of oats,1502,Semi-processed
110423,Of maize (corn),1502,Semi-processed
110429,Of other cereals,1502,Semi-processed
110430,"Germ of cereals, whole, rolled, flaked or ground",1502,Semi-processed
041000,"Edible products of animal origin, not elsewhere specified or included.",1503,Processed
110710,Not roasted,1503,Processed
110720,Roasted,1503,Processed
110811,Wheat starch,1503,Processed
110812,Maize (corn) starch,1503,Processed
110813,Potato starch,1503,Processed
110814,Manioc (cassava) starch,1503,Processed
110819,Other starches,1503,Processed
110820,Inulin,1503,Processed
110900,"Wheat gluten, whether or not dried.",1503,Processed
190110,"Preparations for infant use, put up for retail sale",1503,Processed
190120,Mixes and doughs for the preparation of bakers' wares of heading 19.05,1503,Processed
190190,Other,1503,Processed
190211,Containing eggs,1503,Processed
190219,Other,1503,Processed
190220,"Stuffed pasta, whether or not cooked or otherwise prepared",1503,Processed
190230,Other pasta,1503,Processed
190240,Couscous,1503,Processed
190300,"Tapioca and substitutes therefor prepared from starch, in the form of flakes, grains, pearls, siftings or in similar forms.",1503,Processed
190410,Prepared foods obtained by the swelling or roasting of cereals or cereal products,1503,Processed
190420,(1996-) Prepared foods obtained from unroasted cereal flakes or from mixtures of unroasted cereal flakes and roasted cereal flakes or swelled cereals,1503,Processed
190430,(2002-) Bulgur wheat,1503,Processed
190490,Other,1503,Processed
190510,Crispbread,1503,Processed
190520,Gingerbread and the like,1503,Processed
190530,(-2001) Sweet biscuits; waffles and wafers,1503,Processed
190531,(2002-) Sweet biscuits,1503,Processed
190532,(2002-) Waffles and wafers,1503,Processed
190540,"Rusks, toasted bread and similar toasted products",1503,Processed
190590,Other,1503,Processed
210210,Active yeasts,1503,Processed
210220,"Inactive yeasts; other singlecell microorganisms, dead",1503,Processed
210230,Prepared baking powders,1503,Processed
210310,Soya sauce,1503,Processed
210320,Tomato ketchup and other tomato sauces,1503,Processed
210330,Mustard flour and meal and prepared mustard,1503,Processed
210390,Other,1503,Processed
210410,Soups and broths and preparations therefor,1503,Processed
210420,Homogenised composite food preparations,1503,Processed
210500,"Ice cream and other edible ice, whether or not containing cocoa.",1503,Processed
210610,Protein concentrates and textured protein substances,1503,Processed
210690,Other,1503,Processed
220900,Vinegar and substitutes for vinegar obtained from acetic acid.,1503,Processed
100110,Durum wheat,1601,Grains
100190,Other,1601,Grains
100200,Rye.,1601,Grains
100300,Barley.,1601,Grains
100400,Oats.,1601,Grains
100510,Seed,1601,Grains
100590,Other,1601,Grains
100610,Rice in the husk (paddy or rough),1601,Grains
100620,Husked (brown) rice,1601,Grains
100630,"Semimilled or wholly milled rice, whether or not polished or glazed",1601,Grains
100640,Broken rice,1601,Grains
100700,Grain sorghum.,1601,Grains
100810,Buckwheat,1601,Grains
100820,Millet,1601,Grains
100830,Canary seed,1601,Grains
100890,Other cereals,1601,Grains
010110,(2002-) Purebred breeding animals,1701,Live animals
010111,(-2001) Horses :-- Pure-bred breeding animals,1701,Live animals
010119,(-2001) Horses :-- Other,1701,Live animals
010120,"(-2001) Asses, mules and hinnies",1701,Live animals
010190,(2002-) Other,1701,Live animals
010210,Purebred breeding animals,1701,Live animals
010290,Other,1701,Live animals
010310,Purebred breeding animals,1701,Live animals
010391,Weighing less than 50 kg,1701,Live animals
010392,Weighing 50 kg or more,1701,Live animals
010410,Sheep,1701,Live animals
010420,Goats,1701,Live animals
010511,Fowls of the species Gallus domesticus,1701,Live animals
010512,(1996-) Turkeys,1701,Live animals
010519,Other,1701,Live animals
010591,(-1995) Live fowls of species Gallus domesticus (c,1701,Live animals
010592,"(1996-2006) Fowls of the species Gallus domesticus, weighing not more than 2,000 g",1701,Live animals
010593,"(1996-2006) Fowls of the species Gallus domesticus, weighing more than 2,000 g",1701,Live animals
010599,Other,1701,Live animals
010600,(-2001) Other live animals.,1701,Live animals
010611,(2002-) Primates,1701,Live animals
010612,"(2002-) Whales, dolphins and porpoises (mammals of the order       Cetacea); manatees and dugongs (mammals of the order  Sirenia)",1701,Live animals
010619,(2002-) Other,1701,Live animals
010620,(2002-) Reptiles (including snakes and turtles),1701,Live animals
010631,(2002-) Birds of prey,1701,Live animals
010632,"(2002-) Psittaciformes (including parrots, parakeets, macaws and cockatoos)",1701,Live animals
010639,(2002-) Other,1701,Live animals
010690,(2002-) Other,1701,Live animals
020110,Carcasses and halfcarcasses,1703,"Meat, prepared or preserved & other meat products"
020120,Other cuts with bone in,1703,"Meat, prepared or preserved & other meat products"
020130,Boneless,1703,"Meat, prepared or preserved & other meat products"
020210,Carcasses and halfcarcasses,1703,"Meat, prepared or preserved & other meat products"
020220,Other cuts with bone in,1703,"Meat, prepared or preserved & other meat products"
020230,Boneless,1703,"Meat, prepared or preserved & other meat products"
020311,Carcasses and halfcarcasses,1703,"Meat, prepared or preserved & other meat products"
020312,"Hams, shoulders and cuts thereof, with bone in",1703,"Meat, prepared or preserved & other meat products"
020319,Other,1703,"Meat, prepared or preserved & other meat products"
020321,Carcasses and halfcarcasses,1703,"Meat, prepared or preserved & other meat products"
020322,"Hams, shoulders and cuts thereof, with bone in",1703,"Meat, prepared or preserved & other meat products"
020329,Other,1703,"Meat, prepared or preserved & other meat products"
020410,"Carcasses and halfcarcasses of lamb, fresh or chilled",1703,"Meat, prepared or preserved & other meat products"
020421,Carcasses and halfcarcasses,1703,"Meat, prepared or preserved & other meat products"
020422,Other cuts with bone in,1703,"Meat, prepared or preserved & other meat products"
020423,Boneless,1703,"Meat, prepared or preserved & other meat products"
020430,"Carcasses and halfcarcasses of lamb, frozen",1703,"Meat, prepared or preserved & other meat products"
020441,Carcasses and halfcarcasses,1703,"Meat, prepared or preserved & other meat products"
020442,Other cuts with bone in,1703,"Meat, prepared or preserved & other meat products"
020443,Boneless,1703,"Meat, prepared or preserved & other meat products"
020450,Meat of goats,1703,"Meat, prepared or preserved & other meat products"
020500,"Meat of horses, asses, mules or hinnies, fresh, chilled or frozen.",1703,"Meat, prepared or preserved & other meat products"
020610,"Of bovine animals, fresh or chilled",1703,"Meat, prepared or preserved & other meat products"
020621,Tongues,1703,"Meat, prepared or preserved & other meat products"
020622,Livers,1703,"Meat, prepared or preserved & other meat products"
020629,Other,1703,"Meat, prepared or preserved & other meat products"
020630,"Of swine, fresh or chilled",1703,"Meat, prepared or preserved & other meat products"
020641,Livers,1703,"Meat, prepared or preserved & other meat products"
020649,Other,1703,"Meat, prepared or preserved & other meat products"
020680,"Other, fresh or chilled",1703,"Meat, prepared or preserved & other meat products"
020690,"Other, frozen",1703,"Meat, prepared or preserved & other meat products"
020710,(-1995) Fresh or chilled whole poultry,1703,"Meat, prepared or preserved & other meat products"
020711,"(1996-) Not cut in pieces, fresh or chilled",1703,"Meat, prepared or preserved & other meat products"
020712,"(1996-) Not cut in pieces, frozen",1703,"Meat, prepared or preserved & other meat products"
020713,"(1996-) Cuts and offal, fresh or chilled",1703,"Meat, prepared or preserved & other meat products"
020714,"(1996-) Cuts and offal, frozen",1703,"Meat, prepared or preserved & other meat products"
020721,(-1995) Frozen whole chickens,1703,"Meat, prepared or preserved & other meat products"
020722,(-1995) Frozen whole turkeys,1703,"Meat, prepared or preserved & other meat products"
020723,"(-1995) Frozen whole ducks, geese and guinea fowls",1703,"Meat, prepared or preserved & other meat products"
020724,"(1996-) Not cut in pieces, fresh or chilled",1703,"Meat, prepared or preserved & other meat products"
020725,"(1996-) Not cut in pieces, frozen",1703,"Meat, prepared or preserved & other meat products"
020726,"(1996-) Cuts and offal, fresh or chilled",1703,"Meat, prepared or preserved & other meat products"
020727,"(1996-) Cuts and offal, frozen",1703,"Meat, prepared or preserved & other meat products"
020731,(-1995) Fresh or chilled fatty livers of geese or ,1703,"Meat, prepared or preserved & other meat products"
020732,"(1996-) Not cut in pieces, fresh or chilled",1703,"Meat, prepared or preserved & other meat products"
020733,"(1996-) Not cut in pieces, frozen",1703,"Meat, prepared or preserved & other meat products"
020734,"(1996-) Fatty livers, fresh or chilled",1703,"Meat, prepared or preserved & other meat products"
020735,"(1996-) Other, fresh or chilled",1703,"Meat, prepared or preserved & other meat products"
020736,"(1996-) Other, frozen",1703,"Meat, prepared or preserved & other meat products"
020739,(-1995) Fresh or chilled poultry cuts and offal (e,1703,"Meat, prepared or preserved & other meat products"
020741,(-1995) Frozen cuts and offal of chicken (excl. li,1703,"Meat, prepared or preserved & other meat products"
020742,(-1995) Frozen cuts and offal of turkey (excl. liv,1703,"Meat, prepared or preserved & other meat products"
020743,"(-1995) Frozen cuts and offal of geese, ducks and ",1703,"Meat, prepared or preserved & other meat products"
020750,(-1995) Frozen poultry livers,1703,"Meat, prepared or preserved & other meat products"
020810,Of rabbits or hares,1703,"Meat, prepared or preserved & other meat products"
020820,(-2006) Frogs' legs,1703,"Meat, prepared or preserved & other meat products"
020830,(2002-) Of primates,1703,"Meat, prepared or preserved & other meat products"
020840,"(2002-) Of whales, dolphins and porpoises (mammals of the order Cetacea); of manatees and dugongs (mammals of the order Sirenia)",1703,"Meat, prepared or preserved & other meat products"
020850,(2002-) Of reptiles (including snakes and turtles),1703,"Meat, prepared or preserved & other meat products"
020890,Other,1703,"Meat, prepared or preserved & other meat products"
020900,"Pig fat, free of lean meat, and poultry fat, not rendered or otherwise extracted, fresh, chilled, frozen, salted, in brine, dried or smoked.",1703,"Meat, prepared or preserved & other meat products"
021011,"Hams, shoulders and cuts thereof, with bone in",1703,"Meat, prepared or preserved & other meat products"
021012,Bellies (streaky) and cuts thereof,1703,"Meat, prepared or preserved & other meat products"
021019,Other,1703,"Meat, prepared or preserved & other meat products"
021020,Meat of bovine animals,1703,"Meat, prepared or preserved & other meat products"
021090,"(-2001) Other, including edible flours and meals of meat o",1703,"Meat, prepared or preserved & other meat products"
021091,(2002-) Of primates,1703,"Meat, prepared or preserved & other meat products"
021092,"(2002-) Of whales, dolphins and porpoises (mammals of the order Cetacea); of  manatees and dugongs (mammals of the order Sirenia)",1703,"Meat, prepared or preserved & other meat products"
021093,(2002-) Of reptiles (including snakes and turtles),1703,"Meat, prepared or preserved & other meat products"
021099,(2002-) Other,1703,"Meat, prepared or preserved & other meat products"
160100,"Sausages and similar products, of meat, meat offal or blood; food preparations based on these products.",1703,"Meat, prepared or preserved & other meat products"
160210,Homogenised preparations,1703,"Meat, prepared or preserved & other meat products"
160220,Of liver of any animal,1703,"Meat, prepared or preserved & other meat products"
160231,Of turkeys,1703,"Meat, prepared or preserved & other meat products"
160232,(1996-) Of fowls of the species Gallus domesticus,1703,"Meat, prepared or preserved & other meat products"
160239,Other,1703,"Meat, prepared or preserved & other meat products"
160241,Hams and cuts thereof,1703,"Meat, prepared or preserved & other meat products"
160242,Shoulders and cuts thereof,1703,"Meat, prepared or preserved & other meat products"
160249,"Other, including mixtures",1703,"Meat, prepared or preserved & other meat products"
160250,Of bovine animals,1703,"Meat, prepared or preserved & other meat products"
160290,"Other, including preparations of blood of any animal",1703,"Meat, prepared or preserved & other meat products"
120100,"Soya beans, whether or not broken.",1801,Unprocessed & semi-processed
120210,In shell,1801,Unprocessed & semi-processed
120220,"Shelled, whether or not broken",1801,Unprocessed & semi-processed
120300,Copra.,1801,Unprocessed & semi-processed
120400,"Linseed, whether or not broken.",1801,Unprocessed & semi-processed
120500,"(-2001) Rape or colza seeds, whether or not broken.",1801,Unprocessed & semi-processed
120510,(2002-) Low erucic acid rape or colza seeds,1801,Unprocessed & semi-processed
120590,(2002-) Other,1801,Unprocessed & semi-processed
120600,"Sunflower seeds, whether or not broken.",1801,Unprocessed & semi-processed
120710,(-2006) Palm nuts and kernels,1801,Unprocessed & semi-processed
120720,Cotton seeds,1801,Unprocessed & semi-processed
120730,(-2006) Castor oil seeds,1801,Unprocessed & semi-processed
120740,Sesamum seeds,1801,Unprocessed & semi-processed
120750,Mustard seeds,1801,Unprocessed & semi-processed
120760,(-2006) Safflower seeds,1801,Unprocessed & semi-processed
120791,Poppy seeds,1801,Unprocessed & semi-processed
120792,(-2001) Other :-- Shea nuts (karite nuts),1801,Unprocessed & semi-processed
120799,Other,1801,Unprocessed & semi-processed
120810,Of soya beans,1801,Unprocessed & semi-processed
120890,Other,1801,Unprocessed & semi-processed
150100,"Pig fat (including lard) and poultry fat, other than that of heading 02.09 or 15.03.",1803,Processed
150200,"Fats of bovine animals, sheep or goats, other than those of heading 15.03.",1803,Processed
150300,"Lard stearin, lard oil, oleostearin, oleooil and tallow oil, not emulsified or mixed or otherwise prepared.",1803,Processed
150500,(2002-) Wool grease and fatty substances derived therefrom (including lanolin).,1803,Processed
150510,"(-2001) Wool grease, crude",1803,Processed
150590,(-2001) Other,1803,Processed
150600,"Other animal fats and oils and their fractions, whether or not refined, but not chemically modified.",1803,Processed
150710,"Crude oil, whether or not degummed",1803,Processed
150790,Other,1803,Processed
150810,Crude oil,1803,Processed
150890,Other,1803,Processed
150910,Virgin,1803,Processed
150990,Other,1803,Processed
151000,"Other oils and their fractions, obtained solely from olives, whether or not refined, but not chemically modified, including blends of these oils or fractions with oils or fractions of heading 15.09.",1803,Processed
151110,Crude oil,1803,Processed
151190,Other,1803,Processed
151211,Crude oil,1803,Processed
151219,Other,1803,Processed
151221,"Crude oil, whether or not gossypol has been removed",1803,Processed
151229,Other,1803,Processed
151311,Crude oil,1803,Processed
151319,Other,1803,Processed
151321,Crude oil,1803,Processed
151329,Other,1803,Processed
151410,(-2001) Crude oil,1803,Processed
151411,(2002-) Crude oil,1803,Processed
151419,(2002-) Other,1803,Processed
151490,(-2001) Other,1803,Processed
151491,(2002-) Crude oil,1803,Processed
151499,(2002-) Other,1803,Processed
151511,Crude oil,1803,Processed
151519,Other,1803,Processed
151521,Crude oil,1803,Processed
151529,Other,1803,Processed
151530,Castor oil and its fractions,1803,Processed
151540,(-2006) Tung oil and its fractions,1803,Processed
151550,Sesame oil and its fractions,1803,Processed
151560,(-2001) Jojoba oil and its fractions,1803,Processed
151590,Other,1803,Processed
151610,Animal fats and oils and their fractions,1803,Processed
151620,Vegetable fats and oils and their fractions,1803,Processed
151710,"Margarine, excluding liquid margarine",1803,Processed
151790,Other,1803,Processed
151800,"Animal or vegetable fats and oils and their fractions, boiled, oxidised, dehydrated, sulphurised, blown, polymerised by heat in vacuum or in inert gas or otherwise chemically modified, excluding those of heading 15.16; inedible mixtures or preparations of",1803,Processed
151911,(-1995) Indus.monocarboxylic fatty acids;acid oils,1803,Processed
151912,(-1995) Indus.monocarboxylic fatty acids;acid oils,1803,Processed
151913,(-1995) Indus.monocarbox.fatty acids;acid oils fro,1803,Processed
151919,(-1995) Industrial monocarboxylic fatty acids;acid,1803,Processed
151920,(-1995) Industrial fatty alcohols,1803,Processed
151930,(-1991) Industrial fatty alcohols,1803,Processed
152000,"(1996-) Glycerol, crude; glycerol waters and glycerol lyes.",1803,Processed
152010,"(-1995) Glycerol (glycerine), crude, glycerol wate",1803,Processed
152090,"(-1995) Glycerol (excl. crude), including syntheti",1803,Processed
152110,Vegetable waxes,1803,Processed
152190,Other,1803,Processed
152200,Degras; residues resulting from the treatment of fatty substances or animal or vegetable waxes.,1803,Processed
230400,"Oilcake and other solid residues, whether or not ground or in the form of pellets, resulting from the extraction of soyabean oil.",1803,Processed
230500,"Oilcake and other solid residues, whether or not ground or in the form of pellets, resulting from the extraction of groundnut oil.",1803,Processed
230610,Of cotton seeds,1803,Processed
230620,Of linseed,1803,Processed
230630,Of sunflower seeds,1803,Processed
230640,(-2001) Of rape or colza seeds,1803,Processed
230641,(2002-) Of low erucic acid rape or colza seeds,1803,Processed
230649,(2002-) Other,1803,Processed
230650,Of coconut or copra,1803,Processed
230660,Of palm nuts or kernels,1803,Processed
230670,(1996-2006) Of maize (corn) germ,1803,Processed
230690,Other,1803,Processed
382311,(1996-) Stearic acid,1803,Processed
382312,(1996-) Oleic acid,1803,Processed
382313,(1996-) Tall oil fatty acids,1803,Processed
382319,(1996-) Other,1803,Processed
382370,(1996-) Industrial fatty alcohols,1803,Processed
060110,"Bulbs, tubers, tuberous roots, corms, crowns and rhizomes, dormant",1901,"Flowers,plants,vegetable materials, etc."
060120,"Bulbs, tubers, tuberous roots, corms, crowns and rhizomes, in growth or in flower; chicory plants and roots",1901,"Flowers,plants,vegetable materials, etc."
060210,Unrooted cuttings and slips,1901,"Flowers,plants,vegetable materials, etc."
060220,"Trees, shrubs and bushes, grafted or not, of kinds which bear edible fruit or nuts",1901,"Flowers,plants,vegetable materials, etc."
060230,"Rhododendrons and azaleas, grafted or not",1901,"Flowers,plants,vegetable materials, etc."
060240,"Roses, grafted or not",1901,"Flowers,plants,vegetable materials, etc."
060290,(1996-) Other,1901,"Flowers,plants,vegetable materials, etc."
060291,(-1995) Mushroom spawn,1901,"Flowers,plants,vegetable materials, etc."
060299,"(-1995) Other live plants, nes",1901,"Flowers,plants,vegetable materials, etc."
060310,(-2006) Fresh,1901,"Flowers,plants,vegetable materials, etc."
060390,Other,1901,"Flowers,plants,vegetable materials, etc."
121110,(-2006) Liquorice roots,1901,"Flowers,plants,vegetable materials, etc."
121120,Ginseng roots,1901,"Flowers,plants,vegetable materials, etc."
121130,(2002-) Coca leaf,1901,"Flowers,plants,vegetable materials, etc."
121140,(2002-) Poppy straw,1901,"Flowers,plants,vegetable materials, etc."
121190,Other,1901,"Flowers,plants,vegetable materials, etc."
130110,(-2006) Lac,1901,"Flowers,plants,vegetable materials, etc."
130120,Gum Arabic,1901,"Flowers,plants,vegetable materials, etc."
130190,Other,1901,"Flowers,plants,vegetable materials, etc."
130211,Opium,1901,"Flowers,plants,vegetable materials, etc."
130212,Of liquorice,1901,"Flowers,plants,vegetable materials, etc."
130213,Of hops,1901,"Flowers,plants,vegetable materials, etc."
130214,(-2006) Of pyrethrum or of the roots of plants containing rotenone,1901,"Flowers,plants,vegetable materials, etc."
130219,Other,1901,"Flowers,plants,vegetable materials, etc."
130220,"Pectic substances, pectinates and pectates",1901,"Flowers,plants,vegetable materials, etc."
130231,Agaragar,1901,"Flowers,plants,vegetable materials, etc."
130232,"Mucilages and thickeners, whether or not modified, derived from locust beans, locust bean seeds or guar seeds",1901,"Flowers,plants,vegetable materials, etc."
130239,Other,1901,"Flowers,plants,vegetable materials, etc."
140110,Bamboos,1901,"Flowers,plants,vegetable materials, etc."
140120,Rattans,1901,"Flowers,plants,vegetable materials, etc."
140190,Other,1901,"Flowers,plants,vegetable materials, etc."
140200,"(2002-2006) Vegetable materials of a kind used primarily as stuffing or as padding (for example, kapok, vegetable hair and eelgrass), whether or not put up as a layer with or without supporting material.",1901,"Flowers,plants,vegetable materials, etc."
140210,(-2001) Kapok,1901,"Flowers,plants,vegetable materials, etc."
140290,(1996-2001) Other,1901,"Flowers,plants,vegetable materials, etc."
140291,(-1995) Vegetable hair,1901,"Flowers,plants,vegetable materials, etc."
140299,(-1995) Vegetable materials for stuffing or paddin,1901,"Flowers,plants,vegetable materials, etc."
140300,"(2002-2006) Vegetable materials of a kind used primarily in brooms or in brushes (for example, broomcorn, piassava, couchgrass and istle), whether or not in hanks or bundles.",1901,"Flowers,plants,vegetable materials, etc."
140310,(-2001) Broomcorn (Sorghum vulgare var.technicum),1901,"Flowers,plants,vegetable materials, etc."
140390,(-2001) Other,1901,"Flowers,plants,vegetable materials, etc."
140410,(-2006) Raw vegetable materials of a kind used primarily in dyeing or tanning,1901,"Flowers,plants,vegetable materials, etc."
140420,Cotton linters,1901,"Flowers,plants,vegetable materials, etc."
140490,Other,1901,"Flowers,plants,vegetable materials, etc."
200911,Frozen,2003,Beverages & spirits
200912,"(2002-) Not frozen, of a Brix value not exceeding 20",2003,Beverages & spirits
200919,Other,2003,Beverages & spirits
200920,(-2001) Grapefruit juice,2003,Beverages & spirits
200921,(2002-) Of a Brix value not exceeding 20,2003,Beverages & spirits
200929,(2002-) Other,2003,Beverages & spirits
200930,(-2001) Juice of any other single citrus fruit,2003,Beverages & spirits
200931,(2002-) Of a Brix value not exceeding 20,2003,Beverages & spirits
200939,(2002-) Other,2003,Beverages & spirits
200940,(-2001) Pineapple juice,2003,Beverages & spirits
200941,(2002-) Of a Brix value not exceeding 20,2003,Beverages & spirits
200949,(2002-) Other,2003,Beverages & spirits
200950,Tomato juice,2003,Beverages & spirits
200960,(-2001) Grape juice (including grape must),2003,Beverages & spirits
200961,(2002-) Of a Brix value not exceeding 30,2003,Beverages & spirits
200969,(2002-) Other,2003,Beverages & spirits
200970,(-2001) Apple juice,2003,Beverages & spirits
200971,(2002-) Of a Brix value not exceeding 20,2003,Beverages & spirits
200979,(2002-) Other,2003,Beverages & spirits
200980,Juice of any other single fruit or vegetable,2003,Beverages & spirits
200990,Mixtures of juices,2003,Beverages & spirits
220110,Mineral waters and aerated waters,2003,Beverages & spirits
220190,Other,2003,Beverages & spirits
220210,"Waters, including mineral waters and aerated waters, containing added sugar or other sweetening matter or flavoured",2003,Beverages & spirits
220290,Other,2003,Beverages & spirits
220300,Beer made from malt.,2003,Beverages & spirits
220410,Sparkling wine,2003,Beverages & spirits
220421,In containers holding 2 l or less,2003,Beverages & spirits
220429,Other,2003,Beverages & spirits
220430,Other grape must,2003,Beverages & spirits
220510,In containers holding 2 l or less,2003,Beverages & spirits
220590,Other,2003,Beverages & spirits
220600,"Other fermented beverages (for example, cider, perry, mead); mixtures of fermented beverages and mixtures of fermented beverages and nonalcoholic beverages, not elsewhere specified or included.",2003,Beverages & spirits
220710,Undenatured ethyl alcohol of an alcoholic strength by volume of 80 % vol or higher,2003,Beverages & spirits
220720,"Ethyl alcohol and other spirits, denatured, of any strength",2003,Beverages & spirits
220810,(-1995) Compound alcoholic preparations for manufa,2003,Beverages & spirits
220820,Spirits obtained by distilling grape wine or grape marc,2003,Beverages & spirits
220830,Whiskies,2003,Beverages & spirits
220840,Rum and tafia,2003,Beverages & spirits
220850,Gin and Geneva,2003,Beverages & spirits
220860,(1996-) Vodka,2003,Beverages & spirits
220870,(1996-) Liqueurs and cordials,2003,Beverages & spirits
220890,Other,2003,Beverages & spirits
040110,"Of a fat content, by weight, not exceeding 1 %",2101,Unprocessed & semi-processed
040120,"Of a fat content, by weight, exceeding 1 % but not exceeding     6 %",2101,Unprocessed & semi-processed
040130,"Of a fat content, by weight, exceeding 6 %",2101,Unprocessed & semi-processed
040210,"In powder, granules or other solid forms, of a fat content, by weight, not exceeding 1.5 %",2103,Processed
040221,Not containing added sugar or other sweetening matter,2103,Processed
040229,Other,2103,Processed
040291,Not containing added sugar or other sweetening matter,2103,Processed
040299,Other,2103,Processed
040310,Yogurt,2103,Processed
040390,Other,2103,Processed
040410,"Whey and modified whey, whether or not concentrated or containing added sugar or other sweetening matter",2103,Processed
040490,Other,2103,Processed
040500,(-1995) Butter and other fats and oils derived fro,2103,Processed
040510,(1996-) Butter,2103,Processed
040520,(1996-) Dairy spreads,2103,Processed
040590,(1996-) Other,2103,Processed
040610,"Fresh (unripened or uncured) cheese, including whey cheese, and curd",2103,Processed
040620,"Grated or powdered cheese, of all kinds",2103,Processed
040630,"Processed cheese, not grated or powdered",2103,Processed
040640,Blueveined cheese,2103,Processed
040690,Other cheese,2103,Processed
240110,"Tobacco, not stemmed/stripped",2201,Tobacco unmanufactured
240120,"Tobacco, partly or wholly stemmed/stripped",2201,Tobacco unmanufactured
240130,Tobacco refuse,2201,Tobacco unmanufactured
240210,"Cigars, cheroots and cigarillos, containing tobacco",2203,Tobacco manufactured
240220,Cigarettes containing tobacco,2203,Tobacco manufactured
240290,Other,2203,Tobacco manufactured
240310,"Smoking tobacco, whether or not containing tobacco substitutes  in any proportion",2203,Tobacco manufactured
240391,Homogenised or reconstituted tobacco,2203,Tobacco manufactured
240399,Other,2203,Tobacco manufactured
050100,"Human hair, unworked, whether or not washed or scoured; waste of human hair.",2301,"Other agricultural products, unprocessed"
050210,"Pigs', hogs' or boars' bristles and hair and waste thereof",2301,"Other agricultural products, unprocessed"
050290,Other,2301,"Other agricultural products, unprocessed"
050300,"(-2006) Horsehair and horsehair waste, whether or not put up as a layer with or without supporting material.",2301,"Other agricultural products, unprocessed"
050400,"Guts, bladders and stomachs of animals (other than fish), whole and pieces thereof, fresh, chilled, frozen, salted, in brine, dried or smoked.",2301,"Other agricultural products, unprocessed"
050510,Feathers of a kind used for stuffing; down,2301,"Other agricultural products, unprocessed"
050590,Other,2301,"Other agricultural products, unprocessed"
050610,Ossein and bones treated with acid,2301,"Other agricultural products, unprocessed"
050690,Other,2301,"Other agricultural products, unprocessed"
050710,Ivory; ivory powder and waste,2301,"Other agricultural products, unprocessed"
050790,Other,2301,"Other agricultural products, unprocessed"
050800,"Coral and similar materials, unworked or simply prepared but not otherwise worked; shells of molluscs, crustaceans or echinoderms and cuttlebone, unworked or simply prepared but not cut to shape, powder and waste thereof.",2301,"Other agricultural products, unprocessed"
051000,"Ambergris, castoreum, civet and musk; cantharides; bile, whether or not dried; glands and other animal products used in the preparation of pharmaceutical products, fresh, chilled, frozen or otherwise provisionally preserved.",2301,"Other agricultural products, unprocessed"
051110,Bovine semen,2301,"Other agricultural products, unprocessed"
051191,"Products of fish or crustaceans, molluscs or other aquatic invertebrates; dead animals of Chapter 3",2301,"Other agricultural products, unprocessed"
051199,Other,2301,"Other agricultural products, unprocessed"
060410,Mosses and lichens,2301,"Other agricultural products, unprocessed"
060491,Fresh,2301,"Other agricultural products, unprocessed"
060499,Other,2301,"Other agricultural products, unprocessed"
120910,(2002-) Sugar beet seed,2301,"Other agricultural products, unprocessed"
120911,(-2001) Beet seed :-- Sugar beet seed,2301,"Other agricultural products, unprocessed"
120919,(-2001) Beet seed :-- Other,2301,"Other agricultural products, unprocessed"
120921,Lucerne (alfalfa) seed,2301,"Other agricultural products, unprocessed"
120922,Clover (Trifolium spp.) seed,2301,"Other agricultural products, unprocessed"
120923,Fescue seed,2301,"Other agricultural products, unprocessed"
120924,Kentucky blue grass (Poa pratensis L.) seed,2301,"Other agricultural products, unprocessed"
120925,"Rye grass (Lolium multiflorum Lam., Lolium perenne L.) seed",2301,"Other agricultural products, unprocessed"
120926,(-2006) Timothy grass seed,2301,"Other agricultural products, unprocessed"
120929,Other,2301,"Other agricultural products, unprocessed"
120930,Seeds of herbaceous plants cultivated principally for their flowers,2301,"Other agricultural products, unprocessed"
120991,Vegetable seeds,2301,"Other agricultural products, unprocessed"
120999,Other,2301,"Other agricultural products, unprocessed"
121010,"Hop cones, neither ground nor powdered nor in the form of pellets",2301,"Other agricultural products, unprocessed"
121020,"Hop cones, ground, powdered or in the form of pellets; lupulin",2301,"Other agricultural products, unprocessed"
121210,"(-2006) Locust beans, including locust bean seeds",2301,"Other agricultural products, unprocessed"
121220,Seaweeds and other algae,2301,"Other agricultural products, unprocessed"
121230,"(-2006) Apricot, peach (including nectarine) or plum stones and kernels",2301,"Other agricultural products, unprocessed"
121291,Sugar beet,2301,"Other agricultural products, unprocessed"
121292,(-2001) Other :-- Sugar cane,2301,"Other agricultural products, unprocessed"
121299,Other,2301,"Other agricultural products, unprocessed"
121300,"Cereal straw and husks, unprepared, whether or not chopped, ground, pressed or in the form of pellets.",2301,"Other agricultural products, unprocessed"
121410,Lucerne (alfalfa) meal and pellets,2301,"Other agricultural products, unprocessed"
121490,Other,2301,"Other agricultural products, unprocessed"
230800,"(2002-) Vegetable materials and vegetable waste, vegetable residues and byproducts, whether or not in the form of pellets, of a kind used in animal feeding, not elsewhere specified or included.",2301,"Other agricultural products, unprocessed"
230810,(-2001) Acorns and horse-chestnuts,2301,"Other agricultural products, unprocessed"
230890,(-2001) Other,2301,"Other agricultural products, unprocessed"
330190,Other,2301,"Other agricultural products, unprocessed"
410110,"(-2001) Whole hides and skins of bovine animals, of a weig",2301,"Other agricultural products, unprocessed"
410120,"(2002-) Whole hides and skins, of a weight per skin not exceeding 8 kg when simply dried, 10 kg when drysalted, or 16 kg when fresh, wetsalted or otherwise preserved",2301,"Other agricultural products, unprocessed"
410121,"(-2001) Other hides and skins of bovine animals, fresh or ",2301,"Other agricultural products, unprocessed"
410122,"(-2001) Other hides and skins of bovine animals, fresh or ",2301,"Other agricultural products, unprocessed"
410129,"(-2001) Other hides and skins of bovine animals, fresh or ",2301,"Other agricultural products, unprocessed"
410130,"(-2001) Other hides and skins of bovine animals, otherwise",2301,"Other agricultural products, unprocessed"
410140,(-2001) Hides and skins of equine animals,2301,"Other agricultural products, unprocessed"
410150,"(2002-) Whole hides and skins, of a weight exceeding 16 kg",2301,"Other agricultural products, unprocessed"
410190,"(2002-) Other, including butts, bends and bellies",2301,"Other agricultural products, unprocessed"
410210,With wool on,2301,"Other agricultural products, unprocessed"
410221,Pickled,2301,"Other agricultural products, unprocessed"
410229,Other,2301,"Other agricultural products, unprocessed"
410310,(-2006) Of goats or kids,2301,"Other agricultural products, unprocessed"
410320,Of reptiles,2301,"Other agricultural products, unprocessed"
410330,(2002-) Of swine,2301,"Other agricultural products, unprocessed"
410390,Other,2301,"Other agricultural products, unprocessed"
430110,"Of mink, whole, with or without head, tail or paws",2301,"Other agricultural products, unprocessed"
430120,"(-2001) Of rabbit or hare, whole, with or without head, ta",2301,"Other agricultural products, unprocessed"
430130,"Of lamb, the following : Astrakhan, Broadtail, Caracul, Persian and similar lamb, Indian, Chinese, Mongolian or Tibetan lamb, whole, with or without head, tail or paws",2301,"Other agricultural products, unprocessed"
430140,"(-2001) Of beaver, whole, with or without head, tail or pa",2301,"Other agricultural products, unprocessed"
430150,"(-2001) Of musk-rat, whole, with or without head, tail or ",2301,"Other agricultural products, unprocessed"
430160,"Of fox, whole, with or without head, tail or paws",2301,"Other agricultural products, unprocessed"
430170,"(-2006) Of seal, whole, with or without head, tail or paws",2301,"Other agricultural products, unprocessed"
430180,"Other furskins, whole, with or without head, tail or paws",2301,"Other agricultural products, unprocessed"
430190,"Heads, tails, paws and other pieces or cuttings, suitable for furriers' use",2301,"Other agricultural products, unprocessed"
500100,Silkworm cocoons suitable for reeling.,2301,"Other agricultural products, unprocessed"
500200,Raw silk (not thrown).,2301,"Other agricultural products, unprocessed"
500310,(-2006) Not carded or combed,2301,"Other agricultural products, unprocessed"
500390,(-2006) Other,2301,"Other agricultural products, unprocessed"
510111,Shorn wool,2301,"Other agricultural products, unprocessed"
510119,Other,2301,"Other agricultural products, unprocessed"
510121,Shorn wool,2301,"Other agricultural products, unprocessed"
510129,Other,2301,"Other agricultural products, unprocessed"
510130,Carbonised,2301,"Other agricultural products, unprocessed"
510210,(-2001) Fine animal hair,2301,"Other agricultural products, unprocessed"
510211,(2002-) Of Kashmir (cashmere) goats,2301,"Other agricultural products, unprocessed"
510219,(2002-) Other,2301,"Other agricultural products, unprocessed"
510220,Coarse animal hair,2301,"Other agricultural products, unprocessed"
510310,Noils of wool or of fine animal hair,2301,"Other agricultural products, unprocessed"
510320,Other waste of wool or of fine animal hair,2301,"Other agricultural products, unprocessed"
510330,Waste of coarse animal hair,2301,"Other agricultural products, unprocessed"
520100,"Cotton, not carded or combed.",2301,"Other agricultural products, unprocessed"
520210,Yarn waste (including thread waste),2301,"Other agricultural products, unprocessed"
520291,Garnetted stock,2301,"Other agricultural products, unprocessed"
520299,Other,2301,"Other agricultural products, unprocessed"
520300,"Cotton, carded or combed.",2301,"Other agricultural products, unprocessed"
530110,"Flax, raw or retted",2301,"Other agricultural products, unprocessed"
530121,Broken or scutched,2301,"Other agricultural products, unprocessed"
530129,Other,2301,"Other agricultural products, unprocessed"
530130,Flax tow and waste,2301,"Other agricultural products, unprocessed"
530210,"True hemp, raw or retted",2301,"Other agricultural products, unprocessed"
530290,Other,2301,"Other agricultural products, unprocessed"
180200,"Cocoa shells, husks, skins and other cocoa waste.",2302,"Other agricultural products, semi-processed"
290543,Mannitol,2302,"Other agricultural products, semi-processed"
290544,D-glucitol (sorbitol),2302,"Other agricultural products, semi-processed"
330111,(-2006) Of bergamot,2302,"Other agricultural products, semi-processed"
330112,Of orange,2302,"Other agricultural products, semi-processed"
330113,Of lemon,2302,"Other agricultural products, semi-processed"
330114,(-2006) Of lime,2302,"Other agricultural products, semi-processed"
330119,Other,2302,"Other agricultural products, semi-processed"
330121,(-2006) Of geranium,2302,"Other agricultural products, semi-processed"
330122,(-2006) Of jasmin,2302,"Other agricultural products, semi-processed"
330123,(-2006) Of lavender or of lavandin,2302,"Other agricultural products, semi-processed"
330124,Of peppermint (Mentha piperita),2302,"Other agricultural products, semi-processed"
330125,Of other mints,2302,"Other agricultural products, semi-processed"
330126,(-2006) Of vetiver,2302,"Other agricultural products, semi-processed"
330129,Other,2302,"Other agricultural products, semi-processed"
330130,Resinoids,2302,"Other agricultural products, semi-processed"
330190,Other,2302,"Other agricultural products, semi-processed"
350400,"Peptones and their derivatives; other protein substances and their derivatives, not elsewhere specified or included; hide powder, whether or not chromed.",2302,"Other agricultural products, semi-processed"
380910,With a basis of amylaceous substances,2302,"Other agricultural products, semi-processed"
382360,(-1995) Sorbitol (excl. that of 2905.44),2302,"Other agricultural products, semi-processed"
382460,(1996-) Sorbitol other than that of subheading 2905.44,2302,"Other agricultural products, semi-processed"
230110,"Flours, meals and pellets, of meat or meat offal; greaves",2303,"Other agricultural products, processed"
230210,Of maize (corn),2303,"Other agricultural products, processed"
230220,(-2006) Of rice,2303,"Other agricultural products, processed"
230230,Of wheat,2303,"Other agricultural products, processed"
230240,Of other cereals,2303,"Other agricultural products, processed"
230250,Of leguminous plants,2303,"Other agricultural products, processed"
230310,Residues of starch manufacture and similar residues,2303,"Other agricultural products, processed"
230320,"Beetpulp, bagasse and other waste of sugar manufacture",2303,"Other agricultural products, processed"
230330,Brewing or distilling dregs and waste,2303,"Other agricultural products, processed"
230700,Wine lees; argol.,2303,"Other agricultural products, processed"
230910,"Dog or cat food, put up for retail sale",2303,"Other agricultural products, processed"
230990,Other,2303,"Other agricultural products, processed"
290545,(1996-) Glycerol,2303,"Other agricultural products, processed"
350110,Casein,2303,"Other agricultural products, processed"
350190,Other,2303,"Other agricultural products, processed"
350210,(-1995) Egg albumin,2303,"Other agricultural products, processed"
350211,(1996-) Dried,2303,"Other agricultural products, processed"
350219,(1996-) Other,2303,"Other agricultural products, processed"
350220,"(1996-) Milk albumin, including concentrates of two or more whey proteins",2303,"Other agricultural products, processed"
350290,Other,2303,"Other agricultural products, processed"
350300,"Gelatin (including gelatin in rectangular (including square) sheets, whether or not surfaceworked or coloured) and gelatin derivatives; isinglass; other glues of animal origin, excluding casein glues of heading 35.01.",2303,"Other agricultural products, processed"
350510,Dextrins and other modified starches,2303,"Other agricultural products, processed"
350520,Glues,2303,"Other agricultural products, processed"
270900,"Petroleum oils and oils obtained from bituminous minerals, crude.",9701,Crude petroleum
271000,(-2001) Petroleum oils and oils obtained from bituminous m,9703,Refined petroleum
271011,(2002-) Light oils and preparations,9703,Refined petroleum
271019,(2002-) Other,9703,Refined petroleum
271091,"(2002-) Containing polychlorinated biphenyls (PCBs), polychlorinated terphenyls (PCTs) or polybrominated biphenyls (PBBs)",9703,Refined petroleum
271099,(2002-) Other,9703,Refined petroleum
