HS - Combined  Product Code,HS - Combined  Product Description,BEC Product Code,BEC Product Description
711810,"Coin (other than gold coin), not being legal tender",7,Goods not elsewhere specified
871000,"Tanks and other armoured fighting vehicles, motorised, whether or not fitted with weapons, and parts of such vehicles.",7,Goods not elsewhere specified
880400,Parachutes (including dirigible parachutes and paragliders) and rotochutes; parts thereof and accessories thereto.,7,Goods not elsewhere specified
880510,Aircraft launching gear and parts thereof; deckarrestor or similar gear and parts thereof,7,Goods not elsewhere specified
880520,(-2001) Ground flying trainers and parts thereof,7,Goods not elsewhere specified
880521,(2002-) Air combat simulators and parts thereof,7,Goods not elsewhere specified
880529,(2002-) Other,7,Goods not elsewhere specified
890600,"(-2001) Other vessels, including warships and lifeboats ot",7,Goods not elsewhere specified
890610,(2002-) Warships,7,Goods not elsewhere specified
890690,(2002-) Other,7,Goods not elsewhere specified
930100,"(-2001) Military weapons, other than revolvers, pistols an",7,Goods not elsewhere specified
930111,(2002-) Selfpropelled,7,Goods not elsewhere specified
930119,(2002-) Other,7,Goods not elsewhere specified
930120,(2002-) Rocket launchers; flamethrowers; grenade launchers; torpedo tubes and similar projectors,7,Goods not elsewhere specified
930190,(2002-) Other,7,Goods not elsewhere specified
930200,"Revolvers and pistols, other than those of heading 93.03 or 93.04.",7,Goods not elsewhere specified
930510,Of revolvers or pistols,7,Goods not elsewhere specified
930590,(-2001) Other,7,Goods not elsewhere specified
930591,(2002-) Of military weapons of heading 93.01,7,Goods not elsewhere specified
930599,(2002-) Other,7,Goods not elsewhere specified
930610,(-2006) Cartridges for riveting or similar tools or for captivebolt humane killers and parts thereof,7,Goods not elsewhere specified
930621,Cartridges,7,Goods not elsewhere specified
930629,Other,7,Goods not elsewhere specified
930630,Other cartridges and parts thereof,7,Goods not elsewhere specified
930690,Other,7,Goods not elsewhere specified
930700,"Swords, cutlasses, bayonets, lances and similar arms and parts thereof and scabbards and sheaths therefor.",7,Goods not elsewhere specified
050100,"Human hair, unworked, whether or not washed or scoured; waste of human hair.",21,Primary
050210,"Pigs', hogs' or boars' bristles and hair and waste thereof",21,Primary
050290,Other,21,Primary
050300,"(-2006) Horsehair and horsehair waste, whether or not put up as a layer with or without supporting material.",21,Primary
050400,"Guts, bladders and stomachs of animals (other than fish), whole and pieces thereof, fresh, chilled, frozen, salted, in brine, dried or smoked.",21,Primary
050510,Feathers of a kind used for stuffing; down,21,Primary
050590,Other,21,Primary
050610,Ossein and bones treated with acid,21,Primary
050690,Other,21,Primary
050710,Ivory; ivory powder and waste,21,Primary
050790,Other,21,Primary
050800,"Coral and similar materials, unworked or simply prepared but not otherwise worked; shells of molluscs, crustaceans or echinoderms and cuttlebone, unworked or simply prepared but not cut to shape, powder and waste thereof.",21,Primary
050900,(-2006) Natural sponges of animal origin.,21,Primary
051000,"Ambergris, castoreum, civet and musk; cantharides; bile, whether or not dried; glands and other animal products used in the preparation of pharmaceutical products, fresh, chilled, frozen or otherwise provisionally preserved.",21,Primary
051110,Bovine semen,21,Primary
051191,"Products of fish or crustaceans, molluscs or other aquatic invertebrates; dead animals of Chapter 3",21,Primary
051199,Other,21,Primary
060110,"Bulbs, tubers, tuberous roots, corms, crowns and rhizomes, dormant",21,Primary
060120,"Bulbs, tubers, tuberous roots, corms, crowns and rhizomes, in growth or in flower; chicory plants and roots",21,Primary
060210,Unrooted cuttings and slips,21,Primary
060220,"Trees, shrubs and bushes, grafted or not, of kinds which bear edible fruit or nuts",21,Primary
060230,"Rhododendrons and azaleas, grafted or not",21,Primary
060240,"Roses, grafted or not",21,Primary
060290,(1996-) Other,21,Primary
060291,(-1995) Mushroom spawn,21,Primary
060299,"(-1995) Other live plants, nes",21,Primary
100400,Oats.,21,Primary
100510,Seed,21,Primary
100590,Other,21,Primary
120400,"Linseed, whether or not broken.",21,Primary
120730,(-2006) Castor oil seeds,21,Primary
120760,(-2006) Safflower seeds,21,Primary
120791,Poppy seeds,21,Primary
120792,(-2001) Other :-- Shea nuts (karite nuts),21,Primary
120799,Other,21,Primary
120910,(2002-) Sugar beet seed,21,Primary
120911,(-2001) Beet seed :-- Sugar beet seed,21,Primary
120919,(-2001) Beet seed :-- Other,21,Primary
120921,Lucerne (alfalfa) seed,21,Primary
120922,Clover (Trifolium spp.) seed,21,Primary
120923,Fescue seed,21,Primary
120924,Kentucky blue grass (Poa pratensis L.) seed,21,Primary
120925,"Rye grass (Lolium multiflorum Lam., Lolium perenne L.) seed",21,Primary
120926,(-2006) Timothy grass seed,21,Primary
120929,Other,21,Primary
120930,Seeds of herbaceous plants cultivated principally for their flowers,21,Primary
120991,Vegetable seeds,21,Primary
120999,Other,21,Primary
121110,(-2006) Liquorice roots,21,Primary
121120,Ginseng roots,21,Primary
121130,(2002-) Coca leaf,21,Primary
121140,(2002-) Poppy straw,21,Primary
121190,Other,21,Primary
121220,Seaweeds and other algae,21,Primary
121300,"Cereal straw and husks, unprepared, whether or not chopped, ground, pressed or in the form of pellets.",21,Primary
121410,Lucerne (alfalfa) meal and pellets,21,Primary
121490,Other,21,Primary
130110,(-2006) Lac,21,Primary
130120,Gum Arabic,21,Primary
130190,Other,21,Primary
130211,Opium,21,Primary
130212,Of liquorice,21,Primary
130213,Of hops,21,Primary
130214,(-2006) Of pyrethrum or of the roots of plants containing rotenone,21,Primary
130219,Other,21,Primary
130220,"Pectic substances, pectinates and pectates",21,Primary
140110,Bamboos,21,Primary
140120,Rattans,21,Primary
140190,Other,21,Primary
140200,"(2002-2006) Vegetable materials of a kind used primarily as stuffing or as padding (for example, kapok, vegetable hair and eelgrass), whether or not put up as a layer with or without supporting material.",21,Primary
140210,(-2001) Kapok,21,Primary
140290,(1996-2001) Other,21,Primary
140291,(-1995) Vegetable hair,21,Primary
140299,(-1995) Vegetable materials for stuffing or paddin,21,Primary
140300,"(2002-2006) Vegetable materials of a kind used primarily in brooms or in brushes (for example, broomcorn, piassava, couchgrass and istle), whether or not in hanks or bundles.",21,Primary
140310,(-2001) Broomcorn (Sorghum vulgare var.technicum),21,Primary
140390,(-2001) Other,21,Primary
140410,(-2006) Raw vegetable materials of a kind used primarily in dyeing or tanning,21,Primary
140420,Cotton linters,21,Primary
140490,Other,21,Primary
152200,Degras; residues resulting from the treatment of fatty substances or animal or vegetable waxes.,21,Primary
230800,"(2002-) Vegetable materials and vegetable waste, vegetable residues and byproducts, whether or not in the form of pellets, of a kind used in animal feeding, not elsewhere specified or included.",21,Primary
230810,(-2001) Acorns and horse-chestnuts,21,Primary
230890,(-2001) Other,21,Primary
240110,"Tobacco, not stemmed/stripped",21,Primary
240120,"Tobacco, partly or wholly stemmed/stripped",21,Primary
240130,Tobacco refuse,21,Primary
250100,"Salt (including table salt and denatured salt) and pure sodium chloride, whether or not in aqueous solution or containing added anticaking or freeflowing agents; sea water.",21,Primary
250200,Unroasted iron pyrites.,21,Primary
250300,"(1996-) Sulphur of all kinds, other than sublimed sulphur, precipitated sulphur and colloidal sulphur.",21,Primary
250310,(-1995) Crude or unrefined sulphur,21,Primary
250390,"(-1995) Other sulphur (excl. crude, sublimed, prec",21,Primary
250410,In powder or in flakes,21,Primary
250490,Other,21,Primary
250510,Silica sands and quartz sands,21,Primary
250590,Other,21,Primary
250610,Quartz,21,Primary
250621,(-2006) Crude or roughly trimmed,21,Primary
250629,(-2006) Other,21,Primary
250700,"Kaolin and other kaolinic clays, whether or not calcined.",21,Primary
250810,Bentonite,21,Primary
250820,(-2006) Decolourising earths and fuller's earth,21,Primary
250830,Fireclay,21,Primary
250840,Other clays,21,Primary
250850,"Andalusite, kyanite and sillimanite",21,Primary
250860,Mullite,21,Primary
250870,Chamotte or dinas earths,21,Primary
250900,Chalk.,21,Primary
251010,Unground,21,Primary
251020,Ground,21,Primary
251110,Natural barium sulphate (barytes),21,Primary
251120,Natural barium carbonate (witherite),21,Primary
251200,"Siliceous fossil meals (for example, kieselguhr, tripolite and diatomite) and similar siliceous earths, whether or not calcined, of an apparent specific gravity of 1 or less.",21,Primary
251311,"(-2006) Crude or in irregular pieces, including crushed pumice (bimskies)",21,Primary
251319,(-2006) Other,21,Primary
251320,"(1996-) Emery, natural corundum, natural garnet and other natural abrasives",21,Primary
251321,"(-1995) Emery... and other natural abrasives, crud",21,Primary
251329,"(-1995) Emery... and other natural abrasives, nes",21,Primary
251400,"Slate, whether or not roughly trimmed or merely cut, by sawing or otherwise, into blocks or slabs of a rectangular (including square) shape.",21,Primary
251511,Crude or roughly trimmed,21,Primary
251512,"Merely cut, by sawing or otherwise, into blocks or slabs of a rectangular (including square) shape",21,Primary
251520,Ecaussine and other calcareous monumental or building stone; alabaster,21,Primary
251611,Crude or roughly trimmed,21,Primary
251612,"Merely cut, by sawing or otherwise, into blocks or slabs of a rectangular (including square) shape",21,Primary
251621,(-2006) Crude or roughly trimmed,21,Primary
251622,"(-2006) Merely cut, by sawing or otherwise, into blocks or slabs of a rectangular (including square) shape",21,Primary
251690,Other monumental or building stone,21,Primary
251710,"Pebbles, gravel, broken or crushed stone, of a kind commonly used for concrete aggregates, for road metalling or for railway or other ballast, shingle and flint, whether or not heattreated",21,Primary
251720,"- Macadam of slag, dross or similar industrial waste, whether or not incorporating the materials cited in subheading 2517.10",21,Primary
251730,Tarred macadam,21,Primary
251741,Of marble,21,Primary
251749,Other,21,Primary
251810,"Dolomite, not calcined or sintered",21,Primary
251820,Calcined or sintered dolomite,21,Primary
251830,Dolomite ramming mix,21,Primary
251910,Natural magnesium carbonate (magnesite),21,Primary
251990,Other,21,Primary
252010,Gypsum; anhydrite,21,Primary
252100,"Limestone flux; limestone and other calcareous stone, of a kind used for the manufacture of lime or cement.",21,Primary
252400,(-2006) Asbestos.,21,Primary
252510,Crude mica and mica rifted into sheets or splittings,21,Primary
252520,Mica powder,21,Primary
252530,Mica waste,21,Primary
252610,"Not crushed, not powdered",21,Primary
252620,Crushed or powdered,21,Primary
252700,(-2001) Natural cryolite; natural chiolite.,21,Primary
252810,Natural sodium borates and concentrates thereof (whether or not calcined),21,Primary
252890,Other,21,Primary
252910,Felspar,21,Primary
252921,Containing by weight 97 % or less of calcium fluoride,21,Primary
252922,Containing by weight more than 97 % of calcium fluoride,21,Primary
252930,Leucite; nepheline and nepheline syenite,21,Primary
253010,"Vermiculite, perlite and chlorites, unexpanded",21,Primary
253020,"Kieserite, epsomite (natural magnesium sulphates)",21,Primary
253030,(-1995) Earth colours,21,Primary
253040,(-2001) Natural micaceous iron oxides,21,Primary
253090,Other,21,Primary
260111,Nonagglomerated,21,Primary
260112,Agglomerated,21,Primary
260120,Roasted iron pyrites,21,Primary
260200,"Manganese ores and concentrates, including ferruginous manganese ores and concentrates with a manganese content of 20 % or more, calculated on the dry weight.",21,Primary
260300,Copper ores and concentrates.,21,Primary
260400,Nickel ores and concentrates.,21,Primary
260500,Cobalt ores and concentrates.,21,Primary
260600,Aluminium ores and concentrates.,21,Primary
260700,Lead ores and concentrates.,21,Primary
260800,Zinc ores and concentrates.,21,Primary
260900,Tin ores and concentrates.,21,Primary
261000,Chromium ores and concentrates.,21,Primary
261100,Tungsten ores and concentrates.,21,Primary
261210,Uranium ores and concentrates,21,Primary
261220,Thorium ores and concentrates,21,Primary
261310,Roasted,21,Primary
261390,Other,21,Primary
261400,Titanium ores and concentrates.,21,Primary
261510,Zirconium ores and concentrates,21,Primary
261590,Other,21,Primary
261610,Silver ores and concentrates,21,Primary
261690,Other,21,Primary
261710,Antimony ores and concentrates,21,Primary
261790,Other,21,Primary
261800,Granulated slag (slag sand) from the manufacture of iron or steel.,21,Primary
261900,"Slag, dross (other than granulated slag), scalings and other waste from the manufacture of iron or steel.",21,Primary
262011,Hard zinc spelter,21,Primary
262019,Other,21,Primary
262020,(-2001) Containing mainly lead,21,Primary
262021,(2002-) Leaded gasoline sludges and leaded antiknock compound sludges,21,Primary
262029,(2002-) Other,21,Primary
262030,Containing mainly copper,21,Primary
262040,Containing mainly aluminium,21,Primary
262050,(-2001) Containing mainly vanadium,21,Primary
262060,"(2002-) Containing arsenic, mercury, thallium or their mixtures, of a kind used for the extraction of arsenic or those metals or for the manufacture of their chemical compounds",21,Primary
262090,(-2001) Other,21,Primary
262091,"(2002-) Containing antimony, beryllium, cadmium, chromium or their mixtures",21,Primary
262099,(2002-) Other,21,Primary
262100,"(-2001) Other slag and ash, including seaweed ash (kelp).",21,Primary
262110,(2002-) Ash and residues from the incineration of municipal waste,21,Primary
262190,(2002-) Other,21,Primary
271410,Bituminous or oil shale and tar sands,21,Primary
271490,Other,21,Primary
310100,"Animal or vegetable fertilisers, whether or not mixed together or chemically treated; fertilisers produced by the mixing or chemical treatment of animal or vegetable products.",21,Primary
310250,Sodium nitrate,21,Primary
310410,"(-2006) Carnallite, sylvite and other crude natural potassium salts",21,Primary
400110,"Natural rubber latex, whether or not prevulcanised",21,Primary
400121,Smoked sheets,21,Primary
400122,Technically specified natural rubber (TSNR),21,Primary
400129,Other,21,Primary
400130,"Balata, gutta-percha, guayule, chicle and similar natural gums",21,Primary
400300,"Reclaimed rubber in primary forms or in plates, sheets or strip.",21,Primary
400400,"Waste, parings and scrap of rubber (other than hard rubber) and powders and granules obtained therefrom.",21,Primary
410110,"(-2001) Whole hides and skins of bovine animals, of a weig",21,Primary
410120,"(2002-) Whole hides and skins, of a weight per skin not exceeding 8 kg when simply dried, 10 kg when drysalted, or 16 kg when fresh, wetsalted or otherwise preserved",21,Primary
410121,"(-2001) Other hides and skins of bovine animals, fresh or ",21,Primary
410122,"(-2001) Other hides and skins of bovine animals, fresh or ",21,Primary
410129,"(-2001) Other hides and skins of bovine animals, fresh or ",21,Primary
410130,"(-2001) Other hides and skins of bovine animals, otherwise",21,Primary
410140,(-2001) Hides and skins of equine animals,21,Primary
410150,"(2002-) Whole hides and skins, of a weight exceeding 16 kg",21,Primary
410190,"(2002-) Other, including butts, bends and bellies",21,Primary
410210,With wool on,21,Primary
410221,Pickled,21,Primary
410229,Other,21,Primary
410310,(-2006) Of goats or kids,21,Primary
410320,Of reptiles,21,Primary
410330,(2002-) Of swine,21,Primary
410390,Other,21,Primary
411000,(-2001) Parings and other waste of leather or of compositi,21,Primary
411520,"(2002-) Parings and other waste of leather or of composition leather, not suitable for the manufacture of leather articles; leather dust, powder and flour",21,Primary
430110,"Of mink, whole, with or without head, tail or paws",21,Primary
430120,"(-2001) Of rabbit or hare, whole, with or without head, ta",21,Primary
430130,"Of lamb, the following : Astrakhan, Broadtail, Caracul, Persian and similar lamb, Indian, Chinese, Mongolian or Tibetan lamb, whole, with or without head, tail or paws",21,Primary
430140,"(-2001) Of beaver, whole, with or without head, tail or pa",21,Primary
430150,"(-2001) Of musk-rat, whole, with or without head, tail or ",21,Primary
430160,"Of fox, whole, with or without head, tail or paws",21,Primary
430170,"(-2006) Of seal, whole, with or without head, tail or paws",21,Primary
430180,"Other furskins, whole, with or without head, tail or paws",21,Primary
430190,"Heads, tails, paws and other pieces or cuttings, suitable for furriers' use",21,Primary
440121,Coniferous,21,Primary
440122,Nonconiferous,21,Primary
440130,"Sawdust and wood waste and scrap, whether or not agglomerated in logs, briquettes, pellets or similar forms",21,Primary
440310,"Treated with paint, stains, creosote or other preservatives",21,Primary
440320,"Other, coniferous",21,Primary
440331,"(-1995) Dark Red Meranti, Light Red Meranti and Me",21,Primary
440332,"(-1995) White Lauan, White Meranti, White Seraya, ",21,Primary
440333,"(-1995) Keruing, Ramin, Kapur, Teak, Jongkong, Mer",21,Primary
440334,"(-1995) Okoume, Obeche, Sapeli, Sipo, Acajou d'Afr",21,Primary
440335,"(-1995) Tiama, Mansonia, Ilomba, Dibetou, Limba an",21,Primary
440341,"(1996-) Dark Red Meranti, Light Red Meranti and Meranti Bakau",21,Primary
440349,(1996-) Other,21,Primary
440391,Of oak (Quercus spp.),21,Primary
440392,Of beech (Fagus spp.),21,Primary
440399,Other,21,Primary
440410,Coniferous,21,Primary
440420,Nonconiferous,21,Primary
441111,(-2006) Not mechanically worked or surface covered,21,Primary
441119,(-2006) Other,21,Primary
441121,(-2006) Not mechanically worked or surface covered,21,Primary
441129,(-2006) Other,21,Primary
441131,(-2006) Not mechanically worked or surface covered,21,Primary
441139,(-2006) Other,21,Primary
441191,(-2006) Not mechanically worked or surface covered,21,Primary
441199,(-2006) Other,21,Primary
450110,"Natural cork, raw or simply prepared",21,Primary
450190,Other,21,Primary
450200,"Natural cork, debacked or roughly squared, or in rectangular (including square) blocks, plates, sheets or strip (including sharpedged blanks for corks or stoppers).",21,Primary
470710,Unbleached kraft paper or paperboard or corrugated paper or paperboard,21,Primary
470720,"Other paper or paperboard made mainly of bleached chemical pulp, not coloured in the mass",21,Primary
470730,"Paper or paperboard made mainly of mechanical pulp (for example, newspapers, journals and similar printed matter)",21,Primary
470790,"Other, including unsorted waste and scrap",21,Primary
500100,Silkworm cocoons suitable for reeling.,21,Primary
500310,(-2006) Not carded or combed,21,Primary
500390,(-2006) Other,21,Primary
510111,Shorn wool,21,Primary
510119,Other,21,Primary
510121,Shorn wool,21,Primary
510129,Other,21,Primary
510130,Carbonised,21,Primary
510210,(-2001) Fine animal hair,21,Primary
510211,(2002-) Of Kashmir (cashmere) goats,21,Primary
510219,(2002-) Other,21,Primary
510220,Coarse animal hair,21,Primary
510310,Noils of wool or of fine animal hair,21,Primary
510320,Other waste of wool or of fine animal hair,21,Primary
510330,Waste of coarse animal hair,21,Primary
510400,Garnetted stock of wool or of fine or coarse animal hair.,21,Primary
520100,"Cotton, not carded or combed.",21,Primary
520210,Yarn waste (including thread waste),21,Primary
520291,Garnetted stock,21,Primary
520299,Other,21,Primary
530110,"Flax, raw or retted",21,Primary
530130,Flax tow and waste,21,Primary
530210,"True hemp, raw or retted",21,Primary
530290,Other,21,Primary
530310,"Jute and other textile bast fibres, raw or retted",21,Primary
530390,Other,21,Primary
530410,"(-2006) Sisal and other textile fibres of the genus Agave, raw",21,Primary
530490,(-2006) Other,21,Primary
530511,(-2006) Raw,21,Primary
530519,(-2006) Other,21,Primary
530521,(-2006) Raw,21,Primary
530529,(-2006) Other,21,Primary
530590,(2002-2006) Other,21,Primary
530591,(-2001) Other :-- Raw,21,Primary
530599,(-2001) Other,21,Primary
550510,Of synthetic fibres,21,Primary
550520,Of artificial fibres,21,Primary
630900,Worn clothing and other worn articles.,21,Primary
631010,Sorted,21,Primary
631090,Other,21,Primary
710110,Natural pearls,21,Primary
710121,Unworked,21,Primary
710122,Worked,21,Primary
710210,Unsorted,21,Primary
710221,"Unworked or simply sawn, cleaved or bruted",21,Primary
710229,Other,21,Primary
710231,"Unworked or simply sawn, cleaved or bruted",21,Primary
710310,Unworked or simply sawn or roughly shaped,21,Primary
710510,Of diamonds,21,Primary
710590,Other,21,Primary
711210,"(-2001) Of gold, including metal clad with gold but exclud",21,Primary
711220,"(-2001) Of platinum, including metal clad with platinum bu",21,Primary
711230,(2002-) Ash containing precious metal or precious metal compounds,21,Primary
711290,(-2001) Other,21,Primary
711291,"(2002-) Of gold, including metal clad with gold but excluding sweepings containing other precious metals",21,Primary
711292,"(2002-) Of platinum, including metal clad with platinum but excluding sweepings containing other precious metals",21,Primary
711299,(2002-) Other,21,Primary
720410,Waste and scrap of cast iron,21,Primary
720421,Of stainless steel,21,Primary
720429,Other,21,Primary
720430,Waste and scrap of tinned iron or steel,21,Primary
720441,"Turnings, shavings, chips, milling waste, sawdust, filings, trimmings and stampings, whether or not in bundles",21,Primary
720449,Other,21,Primary
720450,Remelting scrap ingots,21,Primary
740400,Copper waste and scrap.,21,Primary
750300,Nickel waste and scrap.,21,Primary
760200,Aluminium waste and scrap.,21,Primary
780200,Lead waste and scrap.,21,Primary
790200,Zinc waste and scrap.,21,Primary
800200,Tin waste and scrap.,21,Primary
810420,Waste and scrap,21,Primary
890800,Vessels and other floating structures for breaking up.,21,Primary
110811,Wheat starch,22,Processed
110812,Maize (corn) starch,22,Processed
110813,Potato starch,22,Processed
110814,Manioc (cassava) starch,22,Processed
110819,Other starches,22,Processed
110820,Inulin,22,Processed
130231,Agaragar,22,Processed
130232,"Mucilages and thickeners, whether or not modified, derived from locust beans, locust bean seeds or guar seeds",22,Processed
130239,Other,22,Processed
150100,"Pig fat (including lard) and poultry fat, other than that of heading 02.09 or 15.03.",22,Processed
150200,"Fats of bovine animals, sheep or goats, other than those of heading 15.03.",22,Processed
150300,"Lard stearin, lard oil, oleostearin, oleooil and tallow oil, not emulsified or mixed or otherwise prepared.",22,Processed
150410,Fishliver oils and their fractions,22,Processed
150500,(2002-) Wool grease and fatty substances derived therefrom (including lanolin).,22,Processed
150510,"(-2001) Wool grease, crude",22,Processed
150590,(-2001) Other,22,Processed
150600,"Other animal fats and oils and their fractions, whether or not refined, but not chemically modified.",22,Processed
151110,Crude oil,22,Processed
151211,Crude oil,22,Processed
151219,Other,22,Processed
151311,Crude oil,22,Processed
151321,Crude oil,22,Processed
151410,(-2001) Crude oil,22,Processed
151411,(2002-) Crude oil,22,Processed
151491,(2002-) Crude oil,22,Processed
151511,Crude oil,22,Processed
151519,Other,22,Processed
151521,Crude oil,22,Processed
151530,Castor oil and its fractions,22,Processed
151540,(-2006) Tung oil and its fractions,22,Processed
151560,(-2001) Jojoba oil and its fractions,22,Processed
151590,Other,22,Processed
151800,"Animal or vegetable fats and oils and their fractions, boiled, oxidised, dehydrated, sulphurised, blown, polymerised by heat in vacuum or in inert gas or otherwise chemically modified, excluding those of heading 15.16; inedible mixtures or preparations of",22,Processed
151911,(-1995) Indus.monocarboxylic fatty acids;acid oils,22,Processed
151912,(-1995) Indus.monocarboxylic fatty acids;acid oils,22,Processed
151913,(-1995) Indus.monocarbox.fatty acids;acid oils fro,22,Processed
151919,(-1995) Industrial monocarboxylic fatty acids;acid,22,Processed
151920,(-1995) Industrial fatty alcohols,22,Processed
152000,"(1996-) Glycerol, crude; glycerol waters and glycerol lyes.",22,Processed
152010,"(-1995) Glycerol (glycerine), crude, glycerol wate",22,Processed
152090,"(-1995) Glycerol (excl. crude), including syntheti",22,Processed
152110,Vegetable waxes,22,Processed
152190,Other,22,Processed
220710,Undenatured ethyl alcohol of an alcoholic strength by volume of 80 % vol or higher,22,Processed
220720,"Ethyl alcohol and other spirits, denatured, of any strength",22,Processed
230110,"Flours, meals and pellets, of meat or meat offal; greaves",22,Processed
230120,"Flours, meals and pellets, of fish or of crustaceans, molluscs or other aquatic invertebrates",22,Processed
230400,"Oilcake and other solid residues, whether or not ground or in the form of pellets, resulting from the extraction of soyabean oil.",22,Processed
230500,"Oilcake and other solid residues, whether or not ground or in the form of pellets, resulting from the extraction of groundnut oil.",22,Processed
230610,Of cotton seeds,22,Processed
230620,Of linseed,22,Processed
230630,Of sunflower seeds,22,Processed
230640,(-2001) Of rape or colza seeds,22,Processed
230641,(2002-) Of low erucic acid rape or colza seeds,22,Processed
230649,(2002-) Other,22,Processed
230650,Of coconut or copra,22,Processed
230660,Of palm nuts or kernels,22,Processed
230670,(1996-2006) Of maize (corn) germ,22,Processed
230690,Other,22,Processed
230910,"Dog or cat food, put up for retail sale",22,Processed
230990,Other,22,Processed
252020,Plasters,22,Processed
252210,Quicklime,22,Processed
252220,Slaked lime,22,Processed
252230,Hydraulic lime,22,Processed
252310,Cement clinkers,22,Processed
252321,"White cement, whether or not artificially coloured",22,Processed
252329,Other,22,Processed
252330,Aluminous cement,22,Processed
252390,Other hydraulic cements,22,Processed
270600,"Tar distilled from coal, from lignite or from peat, and other mineral tars, whether or not dehydrated or partially distilled, including reconstituted tars.",22,Processed
270710,Benzol (benzene),22,Processed
270720,Toluol (toluene),22,Processed
270730,Xylol (xylenes),22,Processed
270740,Naphthalene,22,Processed
270750,Other aromatic hydrocarbon mixtures of which 65 % or more by volume (including losses) distils at 250 °C by the ASTM D 86 method,22,Processed
270760,(-2006) Phenols,22,Processed
270791,Creosote oils,22,Processed
270799,Other,22,Processed
270810,Pitch,22,Processed
270820,Pitch coke,22,Processed
271210,Petroleum jelly,22,Processed
271220,Paraffin wax containing by weight less than 0.75 % of oil,22,Processed
271290,Other,22,Processed
271311,Not calcined,22,Processed
271312,Calcined,22,Processed
271320,Petroleum bitumen,22,Processed
271390,Other residues of petroleum oils or of oils obtained from bituminous minerals,22,Processed
271500,"Bituminous mixtures based on natural asphalt, on natural bitumen, on petroleum bitumen, on mineral tar or on mineral tar pitch (for example, bituminous mastics, cutbacks).",22,Processed
280110,Chlorine,22,Processed
280120,Iodine,22,Processed
280130,Fluorine; bromine,22,Processed
280200,"Sulphur, sublimed or precipitated; colloidal sulphur.",22,Processed
280300,Carbon (carbon blacks and other forms of carbon not elsewhere specified or included).,22,Processed
280410,Hydrogen,22,Processed
280421,Argon,22,Processed
280429,Other,22,Processed
280430,Nitrogen,22,Processed
280440,Oxygen,22,Processed
280450,Boron; tellurium,22,Processed
280461,Containing by weight not less than 99.99 % of silicon,22,Processed
280469,Other,22,Processed
280470,Phosphorus,22,Processed
280480,Arsenic,22,Processed
280490,Selenium,22,Processed
280511,Sodium,22,Processed
280512,(2002-) Calcium,22,Processed
280519,Other,22,Processed
280521,(-2001) Alkaline-earth metals :-- Calcium,22,Processed
280522,(-2001) Alkaline-earth metals :-- Strontium and barium,22,Processed
280530,"Rareearth metals, scandium and yttrium, whether or not intermixed or interalloyed",22,Processed
280540,Mercury,22,Processed
280610,Hydrogen chloride (hydrochloric acid),22,Processed
280620,Chlorosulphuric acid,22,Processed
280700,Sulphuric acid; oleum.,22,Processed
280800,Nitric acid; sulphonitric acids.,22,Processed
280910,Diphosphorus pentaoxide,22,Processed
280920,Phosphoric acid and polyphosphoric acids,22,Processed
281000,Oxides of boron; boric acids.,22,Processed
281111,Hydrogen fluoride (hydrofluoric acid),22,Processed
281119,Other,22,Processed
281121,Carbon dioxide,22,Processed
281122,Silicon dioxide,22,Processed
281123,(-2006) Sulphur dioxide,22,Processed
281129,Other,22,Processed
281210,Chlorides and chloride oxides,22,Processed
281290,Other,22,Processed
281310,Carbon disulphide,22,Processed
281390,Other,22,Processed
281410,Anhydrous ammonia,22,Processed
281420,Ammonia in aqueous solution,22,Processed
281511,Solid,22,Processed
281512,In aqueous solution (soda lye or liquid soda),22,Processed
281520,Potassium hydroxide (caustic potash),22,Processed
281530,Peroxides of sodium or potassium,22,Processed
281610,Hydroxide and peroxide of magnesium,22,Processed
281620,"(-2001) Oxide, hydroxide and peroxide of strontium",22,Processed
281630,"(-2001) Oxide, hydroxide and peroxide of barium",22,Processed
281640,"(2002-) Oxides, hydroxides and peroxides, of strontium or barium",22,Processed
281700,Zinc oxide; zinc peroxide.,22,Processed
281810,"Artificial corundum, whether or not chemically defined",22,Processed
281820,"Aluminium oxide, other than artificial corundum",22,Processed
281830,Aluminium hydroxide,22,Processed
281910,Chromium trioxide,22,Processed
281990,Other,22,Processed
282010,Manganese dioxide,22,Processed
282090,Other,22,Processed
282110,Iron oxides and hydroxides,22,Processed
282120,Earth colours,22,Processed
282200,Cobalt oxides and hydroxides; commercial cobalt oxides.,22,Processed
282300,Titanium oxides.,22,Processed
282410,"Lead monoxide (litharge, massicot)",22,Processed
282420,(-2006) Red lead and orange lead,22,Processed
282490,Other,22,Processed
282510,Hydrazine and hydroxylamine and their inorganic salts,22,Processed
282520,Lithium oxide and hydroxide,22,Processed
282530,Vanadium oxides and hydroxides,22,Processed
282540,Nickel oxides and hydroxides,22,Processed
282550,Copper oxides and hydroxides,22,Processed
282560,Germanium oxides and zirconium dioxide,22,Processed
282570,Molybdenum oxides and hydroxides,22,Processed
282580,Antimony oxides,22,Processed
282590,    Other,22,Processed
282611,(-2006) Of ammonium or of sodium,22,Processed
282612,Of aluminium,22,Processed
282619,Other,22,Processed
282620,(-2006) Fluorosilicates of sodium or of potassium,22,Processed
282630,Sodium hexafluoroaluminate (synthetic cryolite),22,Processed
282690,Other,22,Processed
282710,Ammonium chloride,22,Processed
282720,Calcium chloride,22,Processed
282731,Of magnesium,22,Processed
282732,Of aluminium,22,Processed
282733,(-2006) Of iron,22,Processed
282734,(-2006) Of cobalt,22,Processed
282735,Of nickel,22,Processed
282736,(-2006) Of zinc,22,Processed
282737,(-1995) Tin chloride,22,Processed
282738,(-2001) Other chlorides:-- Of barium,22,Processed
282739,Other,22,Processed
282741,Of copper,22,Processed
282749,Other,22,Processed
282751,Bromides of sodium or of potassium,22,Processed
282759,Other,22,Processed
282760,Iodides and iodide oxides,22,Processed
282810,Commercial calcium hypochlorite and other calcium hypochlorites,22,Processed
282890,Other,22,Processed
282911,Of sodium,22,Processed
282919,Other,22,Processed
282990,Other,22,Processed
283010,Sodium sulphides,22,Processed
283020,(-2006) Zinc sulphide,22,Processed
283030,(-2006) Cadmium sulphide,22,Processed
283090,Other,22,Processed
283110,Of sodium,22,Processed
283190,Other,22,Processed
283210,Sodium sulphites,22,Processed
283220,Other sulphites,22,Processed
283230,Thiosulphates,22,Processed
283311,Disodium sulphate,22,Processed
283319,Other,22,Processed
283321,Of magnesium,22,Processed
283322,Of aluminium,22,Processed
283323,(-2006) Of chromium,22,Processed
283324,Of nickel,22,Processed
283325,Of copper,22,Processed
283326,(-2006) Of zinc,22,Processed
283327,Of barium,22,Processed
283329,Other,22,Processed
283330,Alums,22,Processed
283340,Peroxosulphates (persulphates),22,Processed
283410,Nitrites,22,Processed
283421,Of potassium,22,Processed
283422,(-2001) Nitrates:-- Of bismuth,22,Processed
283429,Other,22,Processed
283510,Phosphinates (hypophosphites) and phosphonates (phosphites),22,Processed
283521,(-1995) Phosphates of triammonium,22,Processed
283522,Of mono or disodium,22,Processed
283523,(-2006) Of trisodium,22,Processed
283524,Of potassium,22,Processed
283525,Calcium hydrogenorthophosphate (dicalcium phosphate),22,Processed
283526,Other phosphates of calcium,22,Processed
283529,Other,22,Processed
283531,Sodium triphosphate (sodium tripolyphosphate),22,Processed
283539,Other,22,Processed
283610,(-2006) Commercial ammonium carbonate and other ammonium carbonates,22,Processed
283620,Disodium carbonate,22,Processed
283630,Sodium hydrogencarbonate (sodium bicarbonate),22,Processed
283640,Potassium carbonates,22,Processed
283650,Calcium carbonate,22,Processed
283660,Barium carbonate,22,Processed
283670,(-2006) Lead carbonates,22,Processed
283691,Lithium carbonates,22,Processed
283692,Strontium carbonate,22,Processed
283693,(-1995) Bismuth carbonate,22,Processed
283699,Other,22,Processed
283711,Of sodium,22,Processed
283719,Other,22,Processed
283720,Complex cyanides,22,Processed
283800,"(-2006) Fulminates, cyanates and thiocyanates.",22,Processed
283911,Sodium metasilicates,22,Processed
283919,Other,22,Processed
283920,(-2006) Of potassium,22,Processed
283990,Other,22,Processed
284011,Anhydrous,22,Processed
284019,Other,22,Processed
284020,Other borates,22,Processed
284030,Peroxoborates (perborates),22,Processed
284110,(-2006) Aluminates,22,Processed
284120,(-2006) Chromates of zinc or of lead,22,Processed
284130,Sodium dichromate,22,Processed
284140,(-2001) Potassium dichromate,22,Processed
284150,Other chromates and dichromates; peroxochromates,22,Processed
284160,"(-1995) Manganites, manganates and permanganates",22,Processed
284161,(1996-) Potassium permanganate,22,Processed
284169,(1996-) Other,22,Processed
284170,Molybdates,22,Processed
284180,Tungstates (wolframates),22,Processed
284190,Other,22,Processed
284210,"Double or complex silicates, including aluminosilicates whether or not chemically defined",22,Processed
284290,Other,22,Processed
284310,Colloidal precious metals,22,Processed
284321,Silver nitrate,22,Processed
284329,Other,22,Processed
284330,Gold compounds,22,Processed
284390,Other compounds; amalgams,22,Processed
284410,"Natural uranium and its compounds; alloys, dispersions (including cermets), ceramic products and mixtures containing natural uranium or natural uranium compounds",22,Processed
284420,"Uranium enriched in U 235 and its compounds; plutonium and its compounds; alloys, dispersions (including cermets), ceramic products and mixtures containing uranium enriched in U 235, plutonium or compounds of these products",22,Processed
284430,"Uranium depleted in U 235 and its compounds; thorium and its compounds; alloys, dispersions (including cermets), ceramic products and mixtures containing uranium depleted in U 235, thorium or compounds of these products",22,Processed
284440,"Radioactive elements and isotopes and compounds other than those of subheading 2844.10, 2844.20 or 2844.30; alloys, dispersions (including cermets), ceramic products and mixtures containing these elements, isotopes or compounds; radioactive residues",22,Processed
284450,Spent (irradiated) fuel elements (cartridges) of nuclear reactors,22,Processed
284510,Heavy water (deuterium oxide),22,Processed
284590,Other,22,Processed
284610,Cerium compounds,22,Processed
284690,Other,22,Processed
284700,"Hydrogen peroxide, whether or not solidified with urea.",22,Processed
284800,"(1996-) Phosphides, whether or not chemically defined, excluding ferrophosphorus.",22,Processed
284810,"(-1995) Phosphides of copper (phosphor copper), co",22,Processed
284890,"(-1995) Phosphides of other metals, nes, or of non",22,Processed
284910,Of calcium,22,Processed
284920,Of silicon,22,Processed
284990,Other,22,Processed
285000,"Hydrides, nitrides, azides, silicides and borides, whether or not chemically defined, other than compounds which are also carbides of heading 28.49.",22,Processed
285100,"(-2006) Other inorganic compounds (including distilled or conductivity water and water of similar purity); liquid air (whether or not rare gases have been removed); compressed air; amalgams, other than amalgams of precious metals.",22,Processed
290110,Saturated,22,Processed
290121,Ethylene,22,Processed
290122,Propene (propylene),22,Processed
290123,Butene (butylene) and isomers thereof,22,Processed
290124,"Buta1,3diene and isoprene",22,Processed
290129,Other,22,Processed
290211,Cyclohexane,22,Processed
290219,Other,22,Processed
290220,Benzene,22,Processed
290230,Toluene,22,Processed
290241,oXylene,22,Processed
290242,mXylene,22,Processed
290243,pXylene,22,Processed
290244,Mixed xylene isomers,22,Processed
290250,Styrene,22,Processed
290260,Ethylbenzene,22,Processed
290270,Cumene,22,Processed
290290,Other,22,Processed
290311,Chloromethane (methyl chloride) and chloroethane (ethyl chloride),22,Processed
290312,Dichloromethane (methylene chloride),22,Processed
290313,Chloroform (trichloromethane),22,Processed
290314,Carbon tetrachloride,22,Processed
290315,"1,2Dichloroethane (ethylene dichloride)",22,Processed
290316,(-2001) Saturated chlorinated derivatives of acyclic hydro,22,Processed
290319,Other,22,Processed
290321,Vinyl chloride (chloroethylene),22,Processed
290322,Trichloroethylene,22,Processed
290323,Tetrachloroethylene (perchloroethylene),22,Processed
290329,Other,22,Processed
290330,"(-2006) Fluorinated, brominated or iodinated derivatives of acyclic hydrocarbons",22,Processed
290340,(-1995) Halogenated derivatives of acyclic hydroca,22,Processed
290341,(1996-) Trichlorofluoromethane,22,Processed
290342,(1996-) Dichlorodifluoromethane,22,Processed
290343,(1996-) Trichlorotrifluoroethanes,22,Processed
290344,(1996-) Dichlorotetrafluoroethanes and chloropentafluoroethane,22,Processed
290345,(1996-) Other derivatives perhalogenated only with fluorine and chlorine,22,Processed
290346,"(1996-) Bromochlorodifluoromethane, bromotrifluoromethane and dibromotetrafluoroethanes",22,Processed
290347,(1996-) Other perhalogenated derivatives,22,Processed
290349,(1996-) Other,22,Processed
290351,"1,2,3,4,5,6Hexachlorocyclohexane",22,Processed
290359,Other,22,Processed
290361,"Chlorobenzene, odichlorobenzene and pdichlorobenzene",22,Processed
290362,"Hexachlorobenzene and DDT (1,1,1trichloro2,2bis(pchlorophenyl)ethane)",22,Processed
290369,Other,22,Processed
290410,"Derivatives containing only sulpho groups, their salts and ethyl esters",22,Processed
290420,Derivatives containing only nitro or only nitroso groups,22,Processed
290490,Other,22,Processed
290511,Methanol (methyl alcohol),22,Processed
290512,Propan-1-ol (propyl alcohol) and propan-2-ol (isopropyl alcohol),22,Processed
290513,Butan-1-ol (n-butyl alcohol),22,Processed
290514,Other butanols,22,Processed
290515,(-2006) Pentanol (amyl alcohol) and isomers thereof,22,Processed
290516,Octanol (octyl alcohol) and isomers thereof,22,Processed
290517,"Dodecan-1-ol (lauryl alcohol), hexadecan-1-ol (cetyl alcohol) and octadecan-1-ol (stearyl alcohol)",22,Processed
290519,Other,22,Processed
290521,(-1995) Allyl alcohol,22,Processed
290522,Acyclic terpene alcohols,22,Processed
290529,Other,22,Processed
290531,Ethylene glycol (ethanediol),22,Processed
290532,"Propylene glycol (propane-1,2-diol)",22,Processed
290539,Other,22,Processed
290541,"2-Ethyl-2-(hydroxymethyl)propane-1,3-diol (trimethylolpropane)",22,Processed
290542,Pentaerythritol,22,Processed
290543,Mannitol,22,Processed
290544,D-glucitol (sorbitol),22,Processed
290545,(1996-) Glycerol,22,Processed
290549,Other,22,Processed
290550,"(-2001) Halogenated, sulphonated, nitrated or nitrosated d",22,Processed
290551,(2002-) Ethchlorvynol (INN),22,Processed
290559,(2002-) Other,22,Processed
290611,Menthol,22,Processed
290612,"Cyclohexanol, methylcyclohexanols and dimethylcyclohexanols",22,Processed
290613,Sterols and inositols,22,Processed
290614,(-2006) Terpineols,22,Processed
290619,Other,22,Processed
290621,Benzyl alcohol,22,Processed
290629,Other,22,Processed
290711,Phenol (hydroxybenzene) and its salts,22,Processed
290712,Cresols and their salts,22,Processed
290713,"Octylphenol, nonylphenol and their isomers; salts thereof",22,Processed
290714,(-2006) Xylenols and their salts,22,Processed
290715,Naphthols and their salts,22,Processed
290719,Other,22,Processed
290721,Resorcinol and its salts,22,Processed
290722,Hydroquinone (quinol) and its salts,22,Processed
290723,"4,4'-Isopropylidenediphenol (bisphenol A, diphenylolpropane) and its salts",22,Processed
290729,Other,22,Processed
290730,(-2001) Phenol-alcohols,22,Processed
290810,(-2006) Derivatives containing only halogen substituents and their salts,22,Processed
290820,"(-2006) Derivatives containing only sulpho groups, their salts and esters",22,Processed
290890,(-2006) Other,22,Processed
290911,Diethyl ether,22,Processed
290919,Other,22,Processed
290920,"Cyclanic, cyclenic or cycloterpenic ethers and their halogenated, sulphonated, nitrated or nitrosated derivatives",22,Processed
290930,"Aromatic ethers and their halogenated, sulphonated, nitrated or nitrosated derivatives",22,Processed
290941,"2,2'-Oxydiethanol (diethylene glycol, digol)",22,Processed
290942,(-2006) Monomethyl ethers of ethylene glycol or of diethylene glycol,22,Processed
290943,Monobutyl ethers of ethylene glycol or of diethylene glycol,22,Processed
290944,Other monoalkylethers of ethylene glycol or of diethylene glycol,22,Processed
290949,Other,22,Processed
290950,"Ether-phenols, ether-alcohol-phenols and their halogenated, sulphonated, nitrated or nitrosated derivatives",22,Processed
290960,"Alcohol peroxides, ether peroxides, ketone peroxides and their halogenated, sulphonated, nitrated or nitrosated derivatives",22,Processed
291010,Oxirane (ethylene oxide),22,Processed
291020,Methyloxirane (propylene oxide),22,Processed
291030,"1-Chloro-2,3-epoxypropane (epichlorohydrin)",22,Processed
291090,Other,22,Processed
291100,"Acetals and hemiacetals, whether or not with other oxygen function, and their halogenated, sulphonated, nitrated or nitrosated derivatives.",22,Processed
291211,Methanal (formaldehyde),22,Processed
291212,Ethanal (acetaldehyde),22,Processed
291213,"(-2006) Butanal (butyraldehyde, normal isomer)",22,Processed
291219,Other,22,Processed
291221,Benzaldehyde,22,Processed
291229,Other,22,Processed
291230,Aldehyde-alcohols,22,Processed
291241,Vanillin (4hydroxy3methoxybenzaldehyde),22,Processed
291242,Ethylvanillin (3ethoxy4hydroxybenzaldehyde),22,Processed
291249,Other,22,Processed
291250,Cyclic polymers of aldehydes,22,Processed
291260,Paraformaldehyde,22,Processed
291300,"Halogenated, sulphonated, nitrated or nitrosated derivatives of products of heading 29.12.",22,Processed
291411,Acetone,22,Processed
291412,Butanone (methyl ethyl ketone),22,Processed
291413,4-Methylpentan-2-one (methyl isobutyl ketone),22,Processed
291419,Other,22,Processed
291421,Camphor,22,Processed
291422,Cyclohexanone and methylcyclohexanones,22,Processed
291423,Ionones and methylionones,22,Processed
291429,Other,22,Processed
291430,(-1995) Aromatic ketones without oxygen function,22,Processed
291431,(1996-) Phenylacetone (phenylpropan2one),22,Processed
291439,(1996-) Other,22,Processed
291440,(1996-) Ketonealcohols and ketonealdehydes,22,Processed
291441,(-1995) 4-Hydroxy-4-methylpentan-2-one (diacetone ,22,Processed
291449,(-1995) Ketone-alcohols and ketone-aldehydes (excl,22,Processed
291450,Ketone-phenols and ketones with other oxygen function,22,Processed
291461,Anthraquinone,22,Processed
291469,Other,22,Processed
291470,"Halogenated, sulphonated, nitrated or nitrosated derivatives",22,Processed
291511,Formic acid,22,Processed
291512,Salts of formic acid,22,Processed
291513,Esters of formic acid,22,Processed
291521,Acetic acid,22,Processed
291522,(-2006) Sodium acetate,22,Processed
291523,(-2006) Cobalt acetates,22,Processed
291524,Acetic anhydride,22,Processed
291529,Other,22,Processed
291531,Ethyl acetate,22,Processed
291532,Vinyl acetate,22,Processed
291533,n-Butyl acetate,22,Processed
291534,(-2006) Isobutyl acetate,22,Processed
291535,(-2006) 2-Ethoxyethyl acetate,22,Processed
291539,Other,22,Processed
291540,"Mono-, di- or trichloroacetic acids, their salts and esters",22,Processed
291550,"Propionic acid, its salts and esters",22,Processed
291560,"Butanoic acids, pentanoic acids, their salts and esters",22,Processed
291570,"Palmitic acid, stearic acid, their salts and esters",22,Processed
291590,Other,22,Processed
291611,Acrylic acid and its salts,22,Processed
291612,Esters of acrylic acid,22,Processed
291613,Methacrylic acid and its salts,22,Processed
291614,Esters of methacrylic acid,22,Processed
291615,"Oleic, linoleic or linolenic acids, their salts and esters",22,Processed
291619,Other,22,Processed
291620,"Cyclanic, cyclenic or cycloterpenic monocarboxylic acids, their anhydrides, halides, peroxides, peroxyacids and their derivatives",22,Processed
291631,"Benzoic acid, its salts and esters",22,Processed
291632,Benzoyl peroxide and benzoyl chloride,22,Processed
291633,"(-1995) Phenylacetic acid, its salts and esters",22,Processed
291634,(1996-) Phenylacetic acid and its salts,22,Processed
291635,(1996-) Esters of phenylacetic acid,22,Processed
291639,Other,22,Processed
291711,"Oxalic acid, its salts and esters",22,Processed
291712,"Adipic acid, its salts and esters",22,Processed
291713,"Azelaic acid, sebacic acid, their salts and esters",22,Processed
291714,Maleic anhydride,22,Processed
291719,Other,22,Processed
291720,"Cyclanic, cyclenic or cycloterpenic polycarboxylic acids, their anhydrides, halides, peroxides, peroxyacids and their derivatives",22,Processed
291731,(-2006) Dibutyl orthophthalates,22,Processed
291732,Dioctyl orthophthalates,22,Processed
291733,Dinonyl or didecyl orthophthalates,22,Processed
291734,Other esters of orthophthalic acid,22,Processed
291735,Phthalic anhydride,22,Processed
291736,Terephthalic acid and its salts,22,Processed
291737,Dimethyl terephthalate,22,Processed
291739,Other,22,Processed
291811,"Lactic acid, its salts and esters",22,Processed
291812,Tartaric acid,22,Processed
291813,Salts and esters of tartaric acid,22,Processed
291814,Citric acid,22,Processed
291815,Salts and esters of citric acid,22,Processed
291816,"Gluconic acid, its salts and esters",22,Processed
291817,(-2001) Carboxylic acids with alcohol function but without,22,Processed
291819,Other,22,Processed
291821,Salicylic acid and its salts,22,Processed
291822,"O-Acetylsalicylic acid, its salts and esters",22,Processed
291823,Other esters of salicylic acid and their salts,22,Processed
291829,Other,22,Processed
291830,"Carboxylic acids with aldehyde or ketone function but without other oxygen function, their anhydrides, halides, peroxides, peroxyacids and their derivatives",22,Processed
291890,(-2006) Other,22,Processed
291900,"(-2006) Phosphoric esters and their salts, including lactophosphates; their halogenated, sulphonated, nitrated or nitrosated derivatives.",22,Processed
292010,"(-2006) Thiophosphoric esters (phosphorothioates) and their salts; their halogenated, sulphonated, nitrated or nitrosated derivatives",22,Processed
292090,Other,22,Processed
292111,"Methylamine, di- or trimethylamine and their salts",22,Processed
292112,(-2006) Diethylamine and its salts,22,Processed
292119,Other,22,Processed
292121,Ethylenediamine and its salts,22,Processed
292122,Hexamethylenediamine and its salts,22,Processed
292129,Other,22,Processed
292130,"Cyclanic, cyclenic or cycloterpenic mono or polyamines, and their derivatives; salts thereof",22,Processed
292141,Aniline and its salts,22,Processed
292142,Aniline derivatives and their salts,22,Processed
292143,Toluidines and their derivatives; salts thereof,22,Processed
292144,Diphenylamine and its derivatives; salts thereof,22,Processed
292145,"1-Naphthylamine (alpha-naphthylamine), 2-naphthylamine (beta-naphthylamine) and their derivatives; salts thereof",22,Processed
292146,"(2002-) Amfetamine (INN), benzfetamine (INN), dexamfetamine (INN), etilamfetamine (INN), fencamfamin (INN), lefetamine (INN), levamfetamine (INN), mefenorex (INN) and phentermine (INN); salts thereof",22,Processed
292149,Other,22,Processed
292151,"o-, m-, p-Phenylenediamine, diaminotoluenes, and their derivatives; salts thereof",22,Processed
292159,Other,22,Processed
292211,Monoethanolamine and its salts,22,Processed
292212,Diethanolamine and its salts,22,Processed
292213,Triethanolamine and its salts,22,Processed
292214,(2002-) Dextropropoxyphene (INN) and its salts,22,Processed
292219,Other,22,Processed
292221,Aminohydroxynaphthalenesulphonic acids and their salts,22,Processed
292222,"(-2006) Anisidines, dianisidines, phenetidines, and their salts",22,Processed
292229,Other,22,Processed
292230,"(-2001) Amino-aldehydes, amino-ketones and amino-quinones,",22,Processed
292231,"(2002-) Amfepramone (INN), methadone (INN) and normethadone (INN); salts thereof",22,Processed
292239,(2002-) Other,22,Processed
292241,Lysine and its esters; salts thereof,22,Processed
292242,Glutamic acid and its salts,22,Processed
292243,(1996-) Anthranilic acid and its salts,22,Processed
292244,(2002-) Tilidine (INN) and its salts,22,Processed
292249,Other,22,Processed
292250,"Amino-alcohol-phenols, amino-acid-phenols and other aminocompounds with oxygen function",22,Processed
292310,Choline and its salts,22,Processed
292320,Lecithins and other phosphoaminolipids,22,Processed
292390,Other,22,Processed
292410,(-2001) Acyclic amides (including acyclic carbamates) and ,22,Processed
292411,(2002-) Meprobamate (INN),22,Processed
292419,(2002-) Other,22,Processed
292421,Ureines and their derivatives; salts thereof,22,Processed
292422,(1996-2001) Cyclic amides (including cyclic carbamates,22,Processed
292423,(2002-) 2Acetamidobenzoic acid (Nacetylanthranilic acid) and its salts,22,Processed
292424,(2002-) Ethinamate (INN),22,Processed
292429,Other,22,Processed
292511,Saccharin and its salts,22,Processed
292512,(2002-) Glutethimide (INN),22,Processed
292519,Other,22,Processed
292520,(-2006) Imines and their derivatives; salts thereof,22,Processed
292610,Acrylonitrile,22,Processed
292620,1-Cyanoguanidine (dicyandiamide),22,Processed
292630,"(2002-) Fenproporex (INN) and its salts; methadone (INN) intermediate (4cyano2dimethylamino4,4diphenylbutane)",22,Processed
292690,Other,22,Processed
292700,"Diazo, azo or azoxycompounds.",22,Processed
292800,Organic derivatives of hydrazine or of hydroxylamine.,22,Processed
292910,Isocyanates,22,Processed
292990,Other,22,Processed
293010,(-2006) Dithiocarbonates (xanthates),22,Processed
293020,Thiocarbamates and dithiocarbamates,22,Processed
293030,"Thiuram mono, di or tetrasulphides",22,Processed
293040,Methionine,22,Processed
293090,Other,22,Processed
293100,Other organoinorganic compounds.,22,Processed
293211,Tetrahydrofuran,22,Processed
293212,2-Furaldehyde (furfuraldehyde),22,Processed
293213,Furfuryl alcohol and tetrahydrofurfuryl alcohol,22,Processed
293219,Other,22,Processed
293221,"Coumarin, methylcoumarins and ethylcoumarins",22,Processed
293229,Other lactones,22,Processed
293290,(-1995) Heterocyclic compounds with oxygen hetero-,22,Processed
293291,(1996-) Isosafrole,22,Processed
293292,"(1996-) 1(1,3Benzodioxol5yl)propan2one",22,Processed
293293,(1996-) Piperonal,22,Processed
293294,(1996-) Safrole,22,Processed
293295,(2002-) Tetrahydrocannabinols (all isomers),22,Processed
293299,(1996-) Other,22,Processed
293311,Phenazone (antipyrin) and its derivatives,22,Processed
293319,Other,22,Processed
293321,Hydantoin and its derivatives,22,Processed
293329,Other,22,Processed
293331,Pyridine and its salts,22,Processed
293332,(1996-) Piperidine and its salts,22,Processed
293333,"(2002-) Alfentanil (INN), anileridine (INN), bezitramide (INN), bromazepam (INN), difenoxin (INN), diphenoxylate (INN), dipipanone (INN), fentanyl (INN), ketobemidone (INN), methylphenidate (INN), pentazocine (INN), pethidine (INN), pethidine (INN) interm",22,Processed
293339,Other,22,Processed
293340,(-2001) Compounds containing a quinoline or isoquinoline r,22,Processed
293341,(2002-) Levorphanol (INN) and its salts,22,Processed
293349,(2002-) Other,22,Processed
293351,(-2001) Compounds containing a pyrimidine ring (whether or,22,Processed
293352,(2002-) Malonylurea (barbituric acid) and its salts,22,Processed
293353,"(2002-) Allobarbital (INN), amobarbital (INN), barbital (INN), butalbital (INN), butobarbital, cyclobarbital (INN), methylphenobarbital (INN), pentobarbital (INN), phenobarbital (INN), secbutabarbital (INN), secobarbital (INN) and vinylbital (INN); salts ",22,Processed
293354,(2002-) Other derivatives of malonylurea (barbituric acid); salts thereof,22,Processed
293355,"(2002-) Loprazolam (INN), mecloqualone (INN), methaqualone (INN) and zipeprol (INN); salts thereof",22,Processed
293359,Other,22,Processed
293361,Melamine,22,Processed
293369,Other,22,Processed
293371,6-Hexanelactam (epsilon-caprolactam),22,Processed
293372,(2002-) Clobazam (INN) and methyprylon (INN),22,Processed
293379,Other lactams,22,Processed
293390,(-2001) Other,22,Processed
293391,"(2002-) Alprazolam (INN), camazepam (INN), chlordiazepoxide (INN), clonazepam (INN), clorazepate, delorazepam (INN), diazepam (INN), estazolam (INN), ethyl loflazepate (INN), fludiazepam (INN), flunitrazepam (INN), flurazepam (INN), halazepam (INN), loraz",22,Processed
293399,(2002-) Other,22,Processed
293410,Compounds containing an unfused thiazole ring (whether or not hydrogenated) in the structure,22,Processed
293420,"Compounds containing in the structure a benzothiazole ringsystem (whether or not hydrogenated), not further fused",22,Processed
293430,"Compounds containing in the structure a phenothiazine ringsystem (whether or not hydrogenated), not further fused",22,Processed
293490,(-2001) Other,22,Processed
293491,"(2002-) Aminorex (INN), brotizolam (INN), clotiazepam (INN), cloxazolam (INN), dextromoramide (INN), haloxazolam (INN), ketazolam (INN), mesocarb (INN), oxazolam (INN), pemoline (INN), phendimetrazine (INN), phenmetrazine (INN) and sufentanil (INN); salts",22,Processed
293499,(2002-) Other,22,Processed
293500,Sulphonamides.,22,Processed
293610,"(-2006) Provitamins, unmixed",22,Processed
293621,Vitamins A and their derivatives,22,Processed
293622,Vitamin B1 and its derivatives,22,Processed
293623,Vitamin B2 and its derivatives,22,Processed
293624,D- or DL-Pantothenic acid (Vitamin B3 or Vitamin B5) and its derivatives,22,Processed
293625,Vitamin B6 and its derivatives,22,Processed
293626,Vitamin B12 and its derivatives,22,Processed
293627,Vitamin C and its derivatives,22,Processed
293628,Vitamin E and its derivatives,22,Processed
293629,Other vitamins and their derivatives,22,Processed
293690,"Other, including natural concentrates",22,Processed
293710,"(-2001) Pituitary (anterior) or similar hormones, and thei",22,Processed
293711,"(2002-) Somatotropin, its derivatives and structural analogues",22,Processed
293712,(2002-) Insulin and its salts,22,Processed
293719,(2002-) Other,22,Processed
293721,"Cortisone, hydrocortisone, prednisone (dehydrocortisone) and prednisolone (dehydrohydrocortisone)",22,Processed
293722,Halogenated derivatives of corticosteroidal hormones,22,Processed
293723,(2002-) Oestrogens and progestogens,22,Processed
293729,Other,22,Processed
293731,(2002-) Epinephrine,22,Processed
293739,(2002-) Other,22,Processed
293740,(2002-) Aminoacid derivatives,22,Processed
293750,"(2002-) Prostaglandins, thromboxanes and leukotrienes, their derivatives and structural analogues",22,Processed
293790,(2002-) Other,22,Processed
293791,(-2001) Other hormones and their derivatives; other steroi,22,Processed
293792,(-2001) Other hormones and their derivatives; other steroi,22,Processed
293799,(-2001) Other hormones and their derivatives; other steroi,22,Processed
293810,Rutoside (rutin) and its derivatives,22,Processed
293890,Other,22,Processed
293910,(-2001) Alkaloids of opium and their derivatives; salts th,22,Processed
293911,"(2002-) Concentrates of poppy straw; buprenorphine (INN), codeine, dihydrocodeine (INN), ethylmorphine, etorphine (INN), heroin, hydrocodone (INN), hydromorphone (INN), morphine, nicomorphine (INN), oxycodone (INN), oxymorphone (INN), pholcodine (INN), th",22,Processed
293919,(2002-) Other,22,Processed
293921,(-2006) Quinine and its salts,22,Processed
293929,(-2006) Other,22,Processed
293930,Caffeine and its salts,22,Processed
293940,(-1995) Ephedrines and their salts,22,Processed
293941,(1996-) Ephedrine and its salts,22,Processed
293942,(1996-) Pseudoephedrine (INN) and its salts,22,Processed
293943,(2002-) Cathine (INN) and its salts,22,Processed
293949,(1996-) Other,22,Processed
293950,(-2001) Theophylline and aminophylline (theophylline- ethy,22,Processed
293951,(2002-) Fenetylline (INN) and its salts,22,Processed
293959,(2002-) Other,22,Processed
293960,(-1995) Alkaloids of rye ergot and their derivativ,22,Processed
293961,(1996-) Ergometrine (INN) and its salts,22,Processed
293962,(1996-) Ergotamine (INN) and its salts,22,Processed
293963,(1996-) Lysergic acid and its salts,22,Processed
293969,(1996-) Other,22,Processed
293970,(-2001) Nicotine and its salts,22,Processed
293990,(-2001) Other,22,Processed
293991,"(2002-) Cocaine, ecgonine, levometamfetamine, metamfetamine (INN), metamfetamine racemate; salts, esters and other derivatives thereof",22,Processed
293999,(2002-) Other,22,Processed
294000,"Sugars, chemically pure, other than sucrose, lactose, maltose, glucose and fructose; sugar ethers, sugar acetals and sugar esters, and their salts, other than products of heading 29.37, 29.38 or 29.39.",22,Processed
294110,Penicillins and their derivatives with a penicillanic acid structure; salts thereof,22,Processed
294120,Streptomycins and their derivatives; salts thereof,22,Processed
294130,Tetracyclines and their derivatives; salts thereof,22,Processed
294140,Chloramphenicol and its derivatives; salts thereof,22,Processed
294150,Erythromycin and its derivatives; salts thereof,22,Processed
294190,Other,22,Processed
294200,Other organic compounds.,22,Processed
300110,"(-2006) Glands and other organs, dried, whether or not powdered",22,Processed
300120,Extracts of glands or other organs or of their secretions,22,Processed
300190,Other,22,Processed
300210,"Antisera and other blood fractions and modified immunological products, whether or not obtained by means of biotechnological processes",22,Processed
300220,Vaccines for human medicine,22,Processed
300230,(1996-) Vaccines for veterinary medicine,22,Processed
300231,(-1995) Vaccines against foot-and-mouth disease,22,Processed
300239,(-1995) Other vaccines for veterinary medicine (ex,22,Processed
300290,Other,22,Processed
300610,"Sterile surgical catgut, similar sterile suture materials and sterile tissue adhesives for surgical wound closure; sterile laminaria and sterile laminaria tents; sterile absorbable surgical or dental haemostatics",22,Processed
300620,Bloodgrouping reagents,22,Processed
300630,Opacifying preparations for Xray examinations; diagnostic reagents designed to be administered to the patient,22,Processed
300640,Dental cements and other dental fillings; bone reconstruction cements,22,Processed
300650,Firstaid boxes and kits,22,Processed
300660,"Chemical contraceptive preparations based on hormones, on other products of heading 29.37 or on spermicides",22,Processed
300670,(2002-) Gel preparations designed to be used in human or veterinary medicine as a lubricant for parts of the body for surgical operations or physical examinations or as a coupling agent between the body and medical instruments,22,Processed
300680,(2002-2006) Waste pharmaceuticals,22,Processed
310210,"Urea, whether or not in aqueous solution",22,Processed
310221,Ammonium sulphate,22,Processed
310229,Other,22,Processed
310230,"Ammonium nitrate, whether or not in aqueous solution",22,Processed
310240,Mixtures of ammonium nitrate with calcium carbonate or other inorganic nonfertilising substances,22,Processed
310260,Double salts and mixtures of calcium nitrate and ammonium nitrate,22,Processed
310270,(-2006) Calcium cyanamide,22,Processed
310280,Mixtures of urea and ammonium nitrate in aqueous or ammoniacal solution,22,Processed
310290,"Other, including mixtures not specified in the foregoing subheadings",22,Processed
310310,Superphosphates,22,Processed
310320,(-2006) Basic slag,22,Processed
310390,Other,22,Processed
310420,Potassium chloride,22,Processed
310430,Potassium sulphate,22,Processed
310490,Other,22,Processed
310510,Goods of this Chapter in tablets or similar forms or in packages of a gross weight not exceeding 10 kg,22,Processed
310520,"Mineral or chemical fertilisers containing the three fertilising elements nitrogen, phosphorus and potassium",22,Processed
310530,Diammonium hydrogenorthophosphate (diammonium phosphate),22,Processed
310540,Ammonium dihydrogenorthophosphate (monoammonium phosphate) and mixtures thereof with diammonium hydrogenorthophosphate (diammonium phosphate),22,Processed
310551,Containing nitrates and phosphates,22,Processed
310559,Other,22,Processed
310560,Mineral or chemical fertilisers containing the two fertilising elements phosphorus and potassium,22,Processed
310590,Other,22,Processed
320110,Quebracho extract,22,Processed
320120,Wattle extract,22,Processed
320130,(-1995) Oak or chestnut extract,22,Processed
320190,Other,22,Processed
320210,Synthetic organic tanning substances,22,Processed
320290,Other,22,Processed
320300,"Colouring matter of vegetable or animal origin (including dyeing extracts but excluding animal black), whether or not chemically defined; preparations as specified in Note 3 to this Chapter based on colouring matter of vegetable or animal origin.",22,Processed
320411,Disperse dyes and preparations based thereon,22,Processed
320412,"Acid dyes, whether or not premetallised, and preparations based thereon; mordant dyes and preparations based thereon",22,Processed
320413,Basic dyes and preparations based thereon,22,Processed
320414,Direct dyes and preparations based thereon,22,Processed
320415,Vat dyes (including those usable in that state as pigments)  and preparations based thereon,22,Processed
320416,Reactive dyes and preparations based thereon,22,Processed
320417,Pigments and preparations based thereon,22,Processed
320419,"Other, including mixtures of colouring matter of two or more  of the subheadings 3204.11 to 3204.19",22,Processed
320420,Synthetic organic products of a kind used as fluorescent rightening agents,22,Processed
320490,Other,22,Processed
320500,Colour lakes; preparations as specified in Note 3 to this Chapter based on colour lakes.,22,Processed
320610,(-1995) Pigments and preparations based on titaniu,22,Processed
320611,(1996-) Containing 80 % or more by weight of titanium dioxide  calculated on the dry matter,22,Processed
320619,(1996-) Other,22,Processed
320620,Pigments and preparations based on chromium compounds,22,Processed
320630,(-2006) Pigments and preparations based on cadmium compounds,22,Processed
320641,Ultramarine and preparations based thereon,22,Processed
320642,Lithopone and other pigments and preparations based on zinc  sulphide,22,Processed
320643,(-2006) Pigments and preparations based on hexacyanoferrates (ferrocyanides and ferricyanides),22,Processed
320649,Other,22,Processed
320650,Inorganic products of a kind used as luminophores,22,Processed
320710,"Prepared pigments, prepared opacifiers, prepared colours and similar preparations",22,Processed
320720,"Vitrifiable enamels and glazes, engobes (slips) and similar preparations",22,Processed
320730,Liquid lustres and similar preparations,22,Processed
320740,"Glass frit and other glass, in the form of powder, granules or flakes",22,Processed
320810,Based on polyesters,22,Processed
320820,Based on acrylic or vinyl polymers,22,Processed
320890,Other,22,Processed
320910,Based on acrylic or vinyl polymers,22,Processed
320990,Other,22,Processed
321000,"Other paints and varnishes (including enamels, lacquers and distempers); prepared water pigments of a kind used for finishing leather.",22,Processed
321100,Prepared driers.,22,Processed
321210,Stamping foils,22,Processed
321290,Other,22,Processed
321410,"Glaziers' putty, grafting putty, resin cements, caulking compounds and other mastics; painters' fillings",22,Processed
321490,Other,22,Processed
321511,Black,22,Processed
321519,Other,22,Processed
321590,Other,22,Processed
330111,(-2006) Of bergamot,22,Processed
330112,Of orange,22,Processed
330113,Of lemon,22,Processed
330114,(-2006) Of lime,22,Processed
330119,Other,22,Processed
330121,(-2006) Of geranium,22,Processed
330122,(-2006) Of jasmin,22,Processed
330123,(-2006) Of lavender or of lavandin,22,Processed
330124,Of peppermint (Mentha piperita),22,Processed
330125,Of other mints,22,Processed
330126,(-2006) Of vetiver,22,Processed
330129,Other,22,Processed
330130,Resinoids,22,Processed
330190,Other,22,Processed
330210,Of a kind used in the food or drink industries,22,Processed
330290,Other,22,Processed
330620,(1996-) Yarn used to clean between the teeth (dental floss),22,Processed
340410,(-2006) Of chemically modified lignite,22,Processed
340420,Of poly(oxyethylene) (polyethylene glycol),22,Processed
340490,Other,22,Processed
340700,"Modelling pastes, including those put up for children's amusement; preparations known as dental wax or as dental impression compounds, put up in sets, in packings for retail sale or in plates, horseshoe shapes, sticks or similar forms; other preparati",22,Processed
350110,Casein,22,Processed
350190,Other,22,Processed
350220,"(1996-) Milk albumin, including concentrates of two or more whey proteins",22,Processed
350290,Other,22,Processed
350300,"Gelatin (including gelatin in rectangular (including square) sheets, whether or not surfaceworked or coloured) and gelatin derivatives; isinglass; other glues of animal origin, excluding casein glues of heading 35.01.",22,Processed
350400,"Peptones and their derivatives; other protein substances and their derivatives, not elsewhere specified or included; hide powder, whether or not chromed.",22,Processed
350510,Dextrins and other modified starches,22,Processed
350520,Glues,22,Processed
350610,"Products suitable for use as glues or adhesives, put up for retail sale as glues or adhesives, not exceeding a net weight of 1 kg",22,Processed
350691,Adhesives based on polymers of headings 39.01 to 39.13 or on rubber,22,Processed
350699,Other,22,Processed
350710,Rennet and concentrates thereof,22,Processed
350790,Other,22,Processed
360100,Propellent powders.,22,Processed
360200,"Prepared explosives, other than propellent powders.",22,Processed
360300,Safety fuses; detonating fuses; percussion or detonating caps; igniters; electric detonators.,22,Processed
360410,Fireworks,22,Processed
360490,Other,22,Processed
370110,For Xray,22,Processed
370120,Instant print film,22,Processed
370130,"Other plates and film, with any side exceeding 255 mm",22,Processed
370191,For colour photography (polychrome),22,Processed
370199,Other,22,Processed
370210,For Xray,22,Processed
370220,(-2006) Instant print film,22,Processed
370231,For colour photography (polychrome),22,Processed
370232,"Other, with silver halide emulsion",22,Processed
370239,Other,22,Processed
370241,"Of a width exceeding 610 mm and of a length exceeding   200 m, for colour photography (polychrome)",22,Processed
370242,"Of a width exceeding 610 mm and of a length exceeding   200 m, other than for colour photography",22,Processed
370243,Of a width exceeding 610 mm and of a length not exceeding 200 m,22,Processed
370244,Of a width exceeding 105 mm but not exceeding 610 mm,22,Processed
370251,Of a width not exceeding 16 mm and of a length not exceeding 14 m,22,Processed
370252,Of a width not exceeding 16 mm and of a length exceeding  14 m,22,Processed
370253,"Of a width exceeding 16 mm but not exceeding 35 mm and of a length not exceeding 30 m, for slides",22,Processed
370254,"Of a width exceeding 16 mm but not exceeding 35 mm and of a length not exceeding 30 m, other than for slides",22,Processed
370255,Of a width exceeding 16 mm but not exceeding 35 mm and of a length exceeding 30 m,22,Processed
370256,Of a width exceeding 35 mm,22,Processed
370291,Of a width not exceeding 16 mm,22,Processed
370292,(-2001) Other :-- Of a width not exceeding 16 mm and of a ,22,Processed
370293,Of a width exceeding 16 mm but not exceeding 35 mm and of a length not exceeding 30 m,22,Processed
370294,Of a width exceeding 16 mm but not exceeding 35 mm and of a length exceeding 30 m,22,Processed
370295,Of a width exceeding 35 mm,22,Processed
370310,In rolls of a width exceeding 610 mm,22,Processed
370320,"Other, for colour photography (polychrome)",22,Processed
370390,Other,22,Processed
370400,"Photographic plates, film, paper, paperboard and textiles, exposed but not developed.",22,Processed
370510,For offset reproduction,22,Processed
370520,(-2006) Microfilms,22,Processed
370590,Other,22,Processed
370610,Of a width of 35 mm or more,22,Processed
370690,Other,22,Processed
370710,Sensitising emulsions,22,Processed
370790,Other,22,Processed
380110,Artificial graphite,22,Processed
380120,Colloidal or semicolloidal graphite,22,Processed
380130,Carbonaceous pastes for electrodes and similar pastes for furnace linings,22,Processed
380190,Other,22,Processed
380210,Activated carbon,22,Processed
380290,Other,22,Processed
380300,"Tall oil, whether or not refined.",22,Processed
380400,"Residual lyes from the manufacture of wood pulp, whether or not concentrated, desugared or chemically treated, including lignin sulphonates, but excluding tall oil of heading 38.03.",22,Processed
380510,"Gum, wood or sulphate turpentine oils",22,Processed
380520,(-2006) Pine oil,22,Processed
380590,Other,22,Processed
380610,Rosin and resin acids,22,Processed
380620,"Salts of rosin, of resin acids or of derivatives of rosin or resin acids, other than salts of rosin adducts",22,Processed
380630,Ester gums,22,Processed
380690,Other,22,Processed
380700,"Wood tar; wood tar oils; wood creosote; wood naphtha; vegetable pitch; brewers' pitch and similar preparations based on rosin, resin acids or on vegetable pitch.",22,Processed
380810,(-2006) Insecticides,22,Processed
380820,(-2006) Fungicides,22,Processed
380830,"(-2006) Herbicides, antisprouting products and plantgrowth regulators",22,Processed
380840,(-2006) Disinfectants,22,Processed
380890,(-2006) Other,22,Processed
380910,With a basis of amylaceous substances,22,Processed
380991,Of a kind used in the textile or like industries,22,Processed
380992,Of a kind used in the paper or like industries,22,Processed
380993,Of a kind used in the leather or like industries,22,Processed
381010,"Pickling preparations for metal surfaces; soldering, brazing or welding powders and pastes consisting of metal and other materials",22,Processed
381090,Other,22,Processed
381111,Based on lead compounds,22,Processed
381119,Other,22,Processed
381121,Containing petroleum oils or oils obtained from bituminous minerals,22,Processed
381129,Other,22,Processed
381190,Other,22,Processed
381210,Prepared rubber accelerators,22,Processed
381220,Compound plasticisers for rubber or plastics,22,Processed
381230,Antioxidising preparations and other compound stabilisers for rubber or plastics,22,Processed
381300,Preparations and charges for fireextinguishers; charged fireextinguishing grenades.,22,Processed
381400,"Organic composite solvents and thinners, not elsewhere specified or included; prepared paint or varnish removers.",22,Processed
381511,With nickel or nickel compounds as the active substance,22,Processed
381512,With precious metal or precious metal compounds as the active substance,22,Processed
381519,Other,22,Processed
381590,Other,22,Processed
381600,"Refractory cements, mortars, concretes and similar compositions, other than products of heading 38.01.",22,Processed
381700,"(2002-) Mixed alkylbenzenes and mixed alkylnaphthalenes, other than those of heading 27.07 or 29.02.",22,Processed
381710,(-2001) Mixed alkylbenzenes,22,Processed
381720,(-2001) Mixed alkylnaphthalenes,22,Processed
381800,"Chemical elements doped for use in electronics, in the form of discs, wafers or similar forms; chemical compounds doped for use in electronics.",22,Processed
381900,"Hydraulic brake fluids and other prepared liquids for hydraulic transmission, not containing or containing less than 70 % by weight of petroleum oils or oils obtained from bituminous minerals.",22,Processed
382000,Antifreezing preparations and prepared deicing fluids.,22,Processed
382100,Prepared culture media for development of microorganisms.,22,Processed
382200,"Diagnostic or laboratory reagents on a backing, prepared diagnostic or laboratory reagents whether or not on a backing, other than those of heading 30.02 or 30.06; certified reference materials.",22,Processed
382310,(-1995) Prepared binders for foundry moulds or cor,22,Processed
382311,(1996-) Stearic acid,22,Processed
382312,(1996-) Oleic acid,22,Processed
382313,(1996-) Tall oil fatty acids,22,Processed
382319,(1996-) Other,22,Processed
382320,"(-1995) Naphthenic acids, their water-insoluble sa",22,Processed
382330,(-1995) Non-agglomerated metal carbides mixed toge,22,Processed
382340,"(-1995) Prepared additives for cements, mortars or",22,Processed
382350,(-1995) Non-refractory mortars and concretes,22,Processed
382360,(-1995) Sorbitol (excl. that of 2905.44),22,Processed
382370,(1996-) Industrial fatty alcohols,22,Processed
382390,(-1995) Chemical products and residual products of,22,Processed
382410,(1996-) Prepared binders for foundry moulds or cores,22,Processed
382420,"(1996-2006) Naphthenic acids, their waterinsoluble salts and their esters",22,Processed
382430,(1996-) Nonagglomerated metal carbides mixed together or with metallic binders,22,Processed
382440,"(1996-) Prepared additives for cements, mortars or concretes",22,Processed
382450,(1996-) Nonrefractory mortars and concretes,22,Processed
382460,(1996-) Sorbitol other than that of subheading 2905.44,22,Processed
382471,(1996-) Containing acyclic hydrocarbons perhalogenated only with fluorine and chlorine,22,Processed
382479,(1996-) Other,22,Processed
382490,(1996-) Other,22,Processed
382510,(2002-) Municipal waste,22,Processed
382520,(2002-) Sewage sludge,22,Processed
382530,(2002-) Clinical waste,22,Processed
382541,(2002-) Halogenated,22,Processed
382549,(2002-) Other,22,Processed
382550,"(2002-) Wastes of metal pickling liquors, hydraulic fluids, brake  fluids and antifreeze fluids",22,Processed
382561,(2002-) Mainly containing organic constituents,22,Processed
382569,(2002-) Other,22,Processed
382590,(2002-) Other,22,Processed
390110,Polyethylene having a specific gravity of less than 0.94,22,Processed
390120,Polyethylene having a specific gravity of 0.94 or more,22,Processed
390130,Ethylenevinyl acetate copolymers,22,Processed
390190,Other,22,Processed
390210,Polypropylene,22,Processed
390220,Polyisobutylene,22,Processed
390230,Propylene copolymers,22,Processed
390290,Other,22,Processed
390311,Expansible,22,Processed
390319,Other,22,Processed
390320,Styreneacrylonitrile (SAN) copolymers,22,Processed
390330,Acrylonitrilebutadienestyrene (ABS) copolymers,22,Processed
390390,Other,22,Processed
390410,"Poly(vinyl chloride), not mixed with any other substances",22,Processed
390421,Nonplasticised,22,Processed
390422,Plasticised,22,Processed
390430,Vinyl chloridevinyl acetate copolymers,22,Processed
390440,Other vinyl chloride copolymers,22,Processed
390450,Vinylidene chloride polymers,22,Processed
390461,Polytetrafluoroethylene,22,Processed
390469,Other,22,Processed
390490,Other,22,Processed
390511,"(-1995) Polymers of vinyl acetate, in aqueous disp",22,Processed
390512,(1996-) In aqueous dispersion,22,Processed
390519,Other,22,Processed
390520,"(-1995) Polyvinyl alcohols, in primary forms",22,Processed
390521,(1996-) In aqueous dispersion,22,Processed
390529,(1996-) Other,22,Processed
390530,"(1996-) Poly(vinyl alcohol), whether or not containing unhydrolysed acetate groups",22,Processed
390590,(-1995) Polymers of vinyl esters or vinyl polymers,22,Processed
390591,(1996-) Copolymers,22,Processed
390599,(1996-) Other,22,Processed
390610,Poly(methyl methacrylate),22,Processed
390690,Other,22,Processed
390710,Polyacetals,22,Processed
390720,Other polyethers,22,Processed
390730,Epoxide resins,22,Processed
390740,Polycarbonates,22,Processed
390750,Alkyd resins,22,Processed
390760,Poly(ethylene terephthalate),22,Processed
390791,Unsaturated,22,Processed
390799,Other,22,Processed
390810,"Polyamide-6, -11, -12, -6,6, -6,9, -6,10 or -6,12",22,Processed
390890,Other,22,Processed
390910,Urea resins; thiourea resins,22,Processed
390920,Melamine resins,22,Processed
390930,Other aminoresins,22,Processed
390940,Phenolic resins,22,Processed
390950,Polyurethanes,22,Processed
391000,Silicones in primary forms.,22,Processed
391110,"Petroleum resins, coumarone, indene or coumaroneindene resins and polyterpenes",22,Processed
391190,Other,22,Processed
391211,Nonplasticised,22,Processed
391212,Plasticised,22,Processed
391220,Cellulose nitrates (including collodions),22,Processed
391231,Carboxymethylcellulose and its salts,22,Processed
391239,Other,22,Processed
391290,Other,22,Processed
391310,"Alginic acid, its salts and esters",22,Processed
391390,Other,22,Processed
391400,"Ionexchangers based on polymers of headings 39.01 to 39.13, in primary forms.",22,Processed
391510,Of polymers of ethylene,22,Processed
391520,Of polymers of styrene,22,Processed
391530,Of polymers of vinyl chloride,22,Processed
391590,Of other plastics,22,Processed
391610,Of polymers of ethylene,22,Processed
391620,Of polymers of vinyl chloride,22,Processed
391690,Of other plastics,22,Processed
391710,Artificial guts (sausage casings) of hardened protein or of cellulosic materials,22,Processed
391721,Of polymers of ethylene,22,Processed
391722,Of polymers of propylene,22,Processed
391723,Of polymers of vinyl chloride,22,Processed
391729,Of other plastics,22,Processed
391731,"Flexible tubes, pipes and hoses, having a minimum burst pressure of 27.6 MPa",22,Processed
391732,"Other, not reinforced or otherwise combined with other materials, without fittings",22,Processed
391733,"Other, not reinforced or otherwise combined with other materials, with fittings",22,Processed
391739,Other,22,Processed
391740,Fittings,22,Processed
391810,Of polymers of vinyl chloride,22,Processed
391890,Of other plastics,22,Processed
391910,In rolls of a width not exceeding 20 cm,22,Processed
391990,Other,22,Processed
392010,Of polymers of ethylene,22,Processed
392020,Of polymers of propylene,22,Processed
392030,Of polymers of styrene,22,Processed
392041,(-2001) Of polymers of vinyl chloride :-- Rigid,22,Processed
392042,(-2001) Of polymers of vinyl chloride :-- Flexible,22,Processed
392043,(2002-) Containing by weight not less than 6 % of plasticisers,22,Processed
392049,(2002-) Other,22,Processed
392051,Of poly(methyl methacrylate),22,Processed
392059,Other,22,Processed
392061,Of polycarbonates,22,Processed
392062,Of poly(ethylene terephthalate),22,Processed
392063,Of unsaturated polyesters,22,Processed
392069,Of other polyesters,22,Processed
392071,Of regenerated cellulose,22,Processed
392072,(-2006) Of vulcanised fibre,22,Processed
392073,Of cellulose acetate,22,Processed
392079,Of other cellulose derivatives,22,Processed
392091,Of poly(vinyl butyral),22,Processed
392092,Of polyamides,22,Processed
392093,Of aminoresins,22,Processed
392094,Of phenolic resins,22,Processed
392099,Of other plastics,22,Processed
392111,Of polymers of styrene,22,Processed
392112,Of polymers of vinyl chloride,22,Processed
392113,Of polyurethanes,22,Processed
392114,Of regenerated cellulose,22,Processed
392119,Of other plastics,22,Processed
392190,Other,22,Processed
392310,"Boxes, cases, crates and similar articles",22,Processed
392321,Of polymers of ethylene,22,Processed
392329,Of other plastics,22,Processed
392330,"Carboys, bottles, flasks and similar articles",22,Processed
392340,"Spools, cops, bobbins and similar supports",22,Processed
392350,"Stoppers, lids, caps and other closures",22,Processed
392390,Other,22,Processed
392610,Office or school supplies,22,Processed
392630,"Fittings for furniture, coachwork or the like",22,Processed
400211,Latex,22,Processed
400219,Other,22,Processed
400220,Butadiene rubber (BR),22,Processed
400231,Isobutene-isoprene (butyl) rubber (IIR),22,Processed
400239,Other,22,Processed
400241,Latex,22,Processed
400249,Other,22,Processed
400251,Latex,22,Processed
400259,Other,22,Processed
400260,Isoprene rubber (IR),22,Processed
400270,Ethylenepropylenenonconjugated diene rubber (EPDM),22,Processed
400280,Mixtures of any product of heading 40.01 with any product of this heading,22,Processed
400291,Latex,22,Processed
400299,Other,22,Processed
400510,Compounded with carbon black or silica,22,Processed
400520,Solutions; dispersions other than those of subheading 4005.10,22,Processed
400591,"Plates, sheets and strip",22,Processed
400599,Other,22,Processed
400610,Camelback strips for retreading rubber tyres,22,Processed
400690,Other,22,Processed
400700,Vulcanised rubber thread and cord.,22,Processed
400811,"Plates, sheets and strip",22,Processed
400819,Other,22,Processed
400821,"Plates, sheets and strip",22,Processed
400829,Other,22,Processed
400910,(-2001) Not reinforced or otherwise combined with other ma,22,Processed
400911,(2002-) Without fittings,22,Processed
400912,(2002-) With fittings,22,Processed
400920,"(-2001) Reinforced or otherwise combined only with metal, ",22,Processed
400921,(2002-) Without fittings,22,Processed
400922,(2002-) With fittings,22,Processed
400930,(-2001) Reinforced or otherwise combined only with textile,22,Processed
400931,(2002-) Without fittings,22,Processed
400932,(2002-) With fittings,22,Processed
400940,(-2001) Reinforced or otherwise combined with other materi,22,Processed
400941,(2002-) Without fittings,22,Processed
400942,(2002-) With fittings,22,Processed
400950,(-2001) With fittings,22,Processed
401410,Sheath contraceptives,22,Processed
401490,Other,22,Processed
401700,"Hard rubber (for example, ebonite) in all forms, including waste and scrap; articles of hard rubber.",22,Processed
410410,"(-2001) Whole bovine skin leather, of a unit surface area ",22,Processed
410411,"(2002-) Full grains, unsplit; grain splits",22,Processed
410419,(2002-) Other,22,Processed
410421,"(-2001) Other bovine leather and equine leather, tanned or",22,Processed
410422,"(-2001) Other bovine leather and equine leather, tanned or",22,Processed
410429,"(-2001) Other bovine leather and equine leather, tanned or",22,Processed
410431,"(-2001) Other bovine leather and equine leather, parchment",22,Processed
410439,"(-2001) Other bovine leather and equine leather, parchment",22,Processed
410441,"(2002-) Full grains, unsplit; grain splits",22,Processed
410449,(2002-) Other,22,Processed
410510,(2002-) In the wet state (including wetblue),22,Processed
410511,"(-2001) Tanned or retanned but not further prepared, wheth",22,Processed
410512,"(-2001) Tanned or retanned but not further prepared, wheth",22,Processed
410519,"(-2001) Tanned or retanned but not further prepared, wheth",22,Processed
410520,(-2001) Parchment-dressed or prepared after tanning,22,Processed
410530,(2002-) In the dry state (crust),22,Processed
410611,"(-2001) Tanned or retanned but not further prepared, wheth",22,Processed
410612,"(-2001) Tanned or retanned but not further prepared, wheth",22,Processed
410619,"(-2001) Tanned or retanned but not further prepared, wheth",22,Processed
410620,(-2001) Parchment-dressed or prepared after tanning,22,Processed
410621,(2002-) In the wet state (including wetblue),22,Processed
410622,(2002-) In the dry state (crust),22,Processed
410631,(2002-) In the wet state (including wetblue),22,Processed
410632,(2002-) In the dry state (crust),22,Processed
410640,(2002-) Of reptiles,22,Processed
410691,(2002-) In the wet state (including wetblue),22,Processed
410692,(2002-) In the dry state (crust),22,Processed
410710,(-2001) Of swine,22,Processed
410711,"(2002-) Full grains, unsplit",22,Processed
410712,(2002-) Grain splits,22,Processed
410719,(2002-) Other,22,Processed
410721,(-2001) Of reptiles :-- Vegetable pre-tanned,22,Processed
410729,(-2001) Of reptiles :-- Other,22,Processed
410790,(-2001) Of other animals,22,Processed
410791,"(2002-) Full grains, unsplit",22,Processed
410792,(2002-) Grain splits,22,Processed
410799,(2002-) Other,22,Processed
410800,(-2001) Chamois (including combination chamois) leather.,22,Processed
410900,(-2001) Patent leather and patent laminated leather; metal,22,Processed
411100,(-2001) Composition leather with a basis of leather or lea,22,Processed
411200,"(2002-) Leather further prepared after tanning or crusting, including parchmentdressed leather, of sheep or lamb, without wool on, whether or not split, other than leather of heading 41.14.",22,Processed
411310,(2002-) Of goats or kids,22,Processed
411320,(2002-) Of swine,22,Processed
411330,(2002-) Of reptiles,22,Processed
411390,(2002-) Other,22,Processed
411410,(2002-) Chamois (including combination chamois) leather,22,Processed
411420,(2002-) Patent leather and patent laminated leather; metallised  leather,22,Processed
411510,"(2002-) Composition leather with a basis of leather or leather fibre, in slabs, sheets or strip, whether or not in rolls",22,Processed
420610,(-2006) Catgut,22,Processed
420690,(-2006) Other,22,Processed
430211,Of mink,22,Processed
430212,"(-2001) Whole skins, with or without head, tail or paws, n",22,Processed
430213,"(-2006) Of lamb, the following : Astrakhan, Broadtail, Caracul, Persian and similar lamb, Indian, Chinese, Mongolian or Tibetan lamb",22,Processed
430219,Other,22,Processed
430220,"Heads, tails, paws and other pieces or cuttings, not assembled",22,Processed
430230,"Whole skins and pieces or cuttings thereof, assembled",22,Processed
440500,Wood wool; wood flour.,22,Processed
440610,Not impregnated,22,Processed
440690,Other,22,Processed
440710,Coniferous,22,Processed
440721,"(-1995, 2007-) Specified tropical woods (Meranti, etc) sa",22,Processed
440722,"(-1995, 2007-) Specified tropical woods (OKoume..., etc) ",22,Processed
440723,"(-1995) Baboen, Mahogany, Imbuia and Balsa wood, s",22,Processed
440724,"(1996-2006) Virola, Mahogany (Swietenia spp.), Imbuia and Balsa",22,Processed
440725,"(1996-) Dark Red Meranti, Light Red Meranti and Meranti Bakau",22,Processed
440726,"(1996-) White Lauan, White Meranti, White Seraya, Yellow Meranti and Alan",22,Processed
440729,(1996-) Other,22,Processed
440791,Of oak (Quercus spp.),22,Processed
440792,Of beech (Fagus spp.),22,Processed
440799,Other,22,Processed
440810,Coniferous,22,Processed
440820,(-1995) Specified tropical wood veneer sheets and ,22,Processed
440831,"(1996-) Dark Red Meranti, Light Red Meranti and Meranti Bakau",22,Processed
440839,(1996-) Other,22,Processed
440890,Other,22,Processed
440910,Coniferous,22,Processed
440920,(-2006) Nonconiferous,22,Processed
441010,"(-1995) Particle board and similar board of wood, ",22,Processed
441011,"(1996-2001, 2007-) Of wood :-- Waferboard, including oriented",22,Processed
441019,"(1996-2001, 2007-) Of wood :-- Other",22,Processed
441021,(2002-2006) Unworked or not further worked than sanded,22,Processed
441029,(2002-2006) Other,22,Processed
441031,(2002-2006) Unworked or not further worked than sanded,22,Processed
441032,(2002-2006) Surfacecovered with melamineimpregnated paper,22,Processed
441033,(2002-2006) Surfacecovered with decorative laminates of plastics,22,Processed
441039,(2002-2006) Other,22,Processed
441090,Other,22,Processed
441211,(-1995) Plywood with >=1 outer ply of tropical woo,22,Processed
441212,(-1995) Plywood with >=1 outer ply of non-conifero,22,Processed
441213,(1996-2006) With at least one outer ply of tropical wood specified in Subheading Note 1 to this Chapter,22,Processed
441214,"(1996-2006) Other, with at least one outer ply of nonconiferous wood",22,Processed
441219,(-2006) Other,22,Processed
441221,"(-1995) Plywood... >6mm non-coniferous outer ply, ",22,Processed
441222,(1996-2006) With at least one ply of tropical wood specified in Subheading Note 1 to this Chapter,22,Processed
441223,"(1996-2006) Other, containing at least one layer of particle board",22,Processed
441229,(-2006) Other,22,Processed
441291,(-1995) Plywood... containing at least one layer o,22,Processed
441292,(1996-2006) With at least one ply of tropical wood specified in Subheading Note 1 to this Chapter,22,Processed
441293,"(1996-2006) Other, containing at least one layer of particle board",22,Processed
441299,Other,22,Processed
441300,"Densified wood, in blocks, plates, strips or profile shapes.",22,Processed
441510,"Cases, boxes, crates, drums and similar packings; cabledrums",22,Processed
441520,"Pallets, box pallets and other load boards; pallet collars",22,Processed
441600,"Casks, barrels, vats, tubs and other coopers' products and parts thereof, of wood, including staves.",22,Processed
441700,"Tools, tool bodies, tool handles, broom or brush bodies and handles, of wood; boot or shoe lasts and trees, of wood.",22,Processed
441810,"Windows, Frenchwindows and their frames",22,Processed
441820,Doors and their frames and thresholds,22,Processed
441830,(-2006) Parquet panels,22,Processed
441840,Shuttering for concrete constructional work,22,Processed
441850,Shingles and shakes,22,Processed
441890,Other,22,Processed
442110,Clothes hangers,22,Processed
442190,Other,22,Processed
450310,Corks and stoppers,22,Processed
450390,Other,22,Processed
450410,"Blocks, plates, sheets and strip; tiles of any shape; solid cylinders, including discs",22,Processed
450490,Other,22,Processed
470100,Mechanical wood pulp.,22,Processed
470200,"Chemical wood pulp, dissolving grades.",22,Processed
470311,Coniferous,22,Processed
470319,Nonconiferous,22,Processed
470321,Coniferous,22,Processed
470329,Nonconiferous,22,Processed
470411,Coniferous,22,Processed
470419,Nonconiferous,22,Processed
470421,Coniferous,22,Processed
470429,Nonconiferous,22,Processed
470500,Wood pulp obtained by a combination of mechanical and chemical pulping processes.,22,Processed
470610,Cotton linters pulp,22,Processed
470620,(1996-) Pulps of fibres derived from recovered (waste and scrap) paper or paperboard,22,Processed
470691,Mechanical,22,Processed
470692,Chemical,22,Processed
470693,Semichemical,22,Processed
480100,"Newsprint, in rolls or sheets.",22,Processed
480210,Handmade paper and paperboard,22,Processed
480220,"Paper and paperboard of a kind used as a base for photosensitive, heatsensitive or electrosensitive paper or paperboard",22,Processed
480230,(-2006) Carbonising base paper,22,Processed
480240,Wallpaper base,22,Processed
480251,"(-2001) Other paper and paperboard, not containing fibres ",22,Processed
480252,"(-2001) Other paper and paperboard, not containing fibres ",22,Processed
480253,"(-2001) Other paper and paperboard, not containing fibres ",22,Processed
480254,(2002-) Weighing less than 40 g/m²,22,Processed
480255,"(2002-) Weighing 40 g/m² or more but not more than 150 g/m², in rolls",22,Processed
480256,"(2002-) Weighing 40 g/m² or more but not more than 150 g/m², in sheets with one side not exceeding 435 mm and the other side not exceeding 297 mm in the unfolded state",22,Processed
480257,"(2002-) Other, weighing 40 g/m² or more but not more than 150 g/m²",22,Processed
480258,(2002-) Weighing more than 150 g/m²,22,Processed
480260,"(-2001) Other paper and paperboard, of which more than 10 ",22,Processed
480261,(2002-) In rolls,22,Processed
480262,(2002-) In sheets with one side not exceeding 435 mm and the other side not exceeding 297 mm in the unfolded state,22,Processed
480269,(2002-) Other,22,Processed
480300,"Toilet or facial tissue stock, towel or napkin stock and similar paper of a kind used for household or sanitary purposes, cellulose wadding and webs of cellulose fibres, whether or not creped, crinkled, embossed, perforated, surfacecoloured, surfacedecora",22,Processed
480411,Unbleached,22,Processed
480419,Other,22,Processed
480421,Unbleached,22,Processed
480429,Other,22,Processed
480431,Unbleached,22,Processed
480439,Other,22,Processed
480441,Unbleached,22,Processed
480442,Bleached uniformly throughout the mass and of which more than 95 % by weight of the total fibre content consists of wood fibres obtained by a chemical process,22,Processed
480449,Other,22,Processed
480451,Unbleached,22,Processed
480452,Bleached uniformly throughout the mass and of which more than 95 % by weight of the total fibre content consists of wood obtained by a chemical process,22,Processed
480459,Other,22,Processed
480510,(-2001) Semi-chemical fluting paper (corrugating medium),22,Processed
480511,(2002-) Semichemical fluting paper,22,Processed
480512,(2002-) Straw fluting paper,22,Processed
480519,(2002-) Other,22,Processed
480521,(-2001) Multi-ply paper and paperboard :-- Each layer blea,22,Processed
480522,(-2001) Multi-ply paper and paperboard :-- With only one o,22,Processed
480523,(-2001) Multi-ply paper and paperboard :-- Having three or,22,Processed
480524,(2002-) Weighing 150 g/m² or less,22,Processed
480525,(2002-) Weighing more than 150 g/m²,22,Processed
480529,(-2001) Multi-ply paper and paperboard :-- Other,22,Processed
480530,Sulphite wrapping paper,22,Processed
480540,Filter paper and paperboard,22,Processed
480550,Felt paper and paperboard,22,Processed
480560,"(-2001) Other paper and paperboard, weighing 150 g/m2 or l",22,Processed
480570,"(-2001) Other paper and paperboard, weighing more than 150",22,Processed
480580,"(-2001) Other paper and paperboard, weighing 225 g/m2 or m",22,Processed
480591,(2002-) Weighing 150 g/m² or less,22,Processed
480592,(2002-) Weighing more than 150 g/m² but less than 225 g/m²,22,Processed
480593,(2002-) Weighing 225 g/m² or more,22,Processed
480610,Vegetable parchment,22,Processed
480620,Greaseproof papers,22,Processed
480630,Tracing papers,22,Processed
480640,Glassine and other glazed transparent or translucent papers,22,Processed
480700,"(2002-) Composite paper and paperboard (made by sticking flat layers of paper or paperboard together with an adhesive), not surfacecoated or impregnated, whether or not internally reinforced, in rolls or sheets.",22,Processed
480710,"(-2001) Paper and paperboard, laminated internally with bi",22,Processed
480790,(1996-2001) Other,22,Processed
480791,"(-1995) Straw paper and paperboard, in rolls or sh",22,Processed
480799,"(-1995) Composite paper and paperboard, in rolls o",22,Processed
480810,"Corrugated paper and paperboard, whether or not perforated",22,Processed
480820,"Sack kraft paper, creped or crinkled, whether or not embossed or perforated",22,Processed
480830,"Other kraft paper, creped or crinkled, whether or not embossed or perforated",22,Processed
480890,Other,22,Processed
480910,(-2006) Carbon or similar copying papers,22,Processed
480920,Selfcopy paper,22,Processed
480990,Other,22,Processed
481011,"(-2001) Paper and paperboard of a kind used for writing, p",22,Processed
481012,"(-2001) Paper and paperboard of a kind used for writing, p",22,Processed
481013,(2002-) In rolls,22,Processed
481014,(2002-) In sheets with one side not exceeding 435 mm and the other side not exceeding 297 mm in the unfolded state,22,Processed
481019,(2002-) Other,22,Processed
481021,"(-2001) Paper and paperboard of a kind used for writing, p",22,Processed
481022,(2002-) Lightweight coated paper,22,Processed
481029,Other,22,Processed
481031,"Bleached uniformly throughout the mass and of which more than 95 % by weight of the total fibre content consists of wood fibres obtained by a chemical process, and weighing 150 g/m² or less",22,Processed
481032,"Bleached uniformly throughout the mass and of which more than 95 % by weight of the total fibre content consists of wood fibres obtained by a chemical process, and weighing more than 150 g/m²",22,Processed
481039,Other,22,Processed
481091,(-2001) Other paper and paperboard :-- Multi-ply,22,Processed
481092,(2002-) Multiply,22,Processed
481099,Other,22,Processed
481110,"Tarred, bituminised or asphalted paper and paperboard",22,Processed
481121,(-2001) Gummed or adhesive paper and paperboard :-- Self-a,22,Processed
481129,(-2001) Gummed or adhesive paper and paperboard :-- Other,22,Processed
481131,"(-2001) Paper and paperboard coated, impregnated or covere",22,Processed
481139,"(-2001) Paper and paperboard coated, impregnated or covere",22,Processed
481140,"(-2001) Paper and paperboard, coated, impregnated or cover",22,Processed
481141,(2002-) Self-adhesive,22,Processed
481149,(2002-) Other,22,Processed
481151,"(2002-) Bleached, weighing more than 150 g/m²",22,Processed
481159,(2002-) Other,22,Processed
481160,"(2002-) Paper and paperboard, coated, impregnated or covered with wax, paraffin wax, stearin, oil or glycerol",22,Processed
481190,"Other paper, paperboard, cellulose wadding and webs of cellulose fibres",22,Processed
481200,"Filter blocks, slabs and plates, of paper pulp.",22,Processed
481310,In the form of booklets or tubes,22,Processed
481320,In rolls of a width not exceeding 5 cm,22,Processed
481390,Other,22,Processed
481410,Ingrain paper,22,Processed
481420,"Wallpaper and similar wall coverings, consisting of paper coated or covered, on the face side, with a grained, embossed, coloured, designprinted or otherwise decorated layer of plastics",22,Processed
481430,"(-2006) Wallpaper and similar wall coverings, consisting of paper covered, on the face side, with plaiting material, whether or not bound together in parallel strands or woven",22,Processed
481490,Other,22,Processed
481610,(-2006) Carbon or similar copying papers,22,Processed
481620,Selfcopy paper,22,Processed
481630,(-2006) Duplicator stencils,22,Processed
481690,Other,22,Processed
481910,"Cartons, boxes and cases, of corrugated paper or paperboard",22,Processed
481920,"Folding cartons, boxes and cases, of noncorrugated paper or paperboard",22,Processed
481930,"Sacks and bags, having a base of a width of 40 cm or more",22,Processed
481940,"Other sacks and bags, including cones",22,Processed
481950,"Other packing containers, including record sleeves",22,Processed
481960,"Box files, letter trays, storage boxes and similar articles, of a kind used in offices, shops or the like",22,Processed
482010,"Registers, account books, note books, order books, receipt books, letter pads, memorandum pads, diaries and similar articles",22,Processed
482020,Exercise books,22,Processed
482030,"Binders (other than book covers), folders and file covers",22,Processed
482040,Manifold business forms and interleaved carbon sets,22,Processed
482050,Albums for samples or for collections,22,Processed
482090,Other,22,Processed
482110,Printed,22,Processed
482190,Other,22,Processed
482210,Of a kind used for winding textile yarn,22,Processed
482290,Other,22,Processed
482311,"(-2001) Gummed or adhesive paper, in strips or rolls :-- S",22,Processed
482312,(2002-2006) Selfadhesive,22,Processed
482319,(-2006) Other,22,Processed
482320,Filter paper and paperboard,22,Processed
482330,"(-1995) Cards, not punched, for punch card machine",22,Processed
482340,"Rolls, sheets and dials, printed for selfrecording apparatus",22,Processed
482351,"(-2001) Other paper and paperboard, of a kind used for wri",22,Processed
482359,"(-2001) Other paper and paperboard, of a kind used for wri",22,Processed
482370,Moulded or pressed articles of paper pulp,22,Processed
482390,Other,22,Processed
490600,"Plans and drawings for architectural, engineering, industrial, commercial, topographical or similar purposes, being originals drawn by hand; handwritten texts; photographic reproductions on sensitised paper and carbon copies of the foregoing.",22,Processed
490700,"Unused postage, revenue or similar stamps of current or new issue in the country in which they have, or will have, a recognised face value; stampimpressed paper; banknotes; cheque forms; stock, share or bond certificates and similar documents of title.",22,Processed
491110,"Trade advertising material, commercial catalogues and the like",22,Processed
500200,Raw silk (not thrown).,22,Processed
500400,Silk yarn (other than yarn spun from silk waste) not put up for retail sale.,22,Processed
500500,"Yarn spun from silk waste, not put up for retail sale.",22,Processed
500710,Fabrics of noil silk,22,Processed
500720,"Other fabrics, containing 85 % or more by weight of silk or of silk waste other than noil silk",22,Processed
500790,Other fabrics,22,Processed
510510,Carded wool,22,Processed
510521,Combed wool in fragments,22,Processed
510529,Other,22,Processed
510530,"(-2001) Fine animal hair, carded or combed",22,Processed
510531,(2002-) Of Kashmir (cashmere) goats,22,Processed
510539,(2002-) Other,22,Processed
510540,"Coarse animal hair, carded or combed",22,Processed
510610,Containing 85 % or more by weight of wool,22,Processed
510620,Containing less than 85 % by weight of wool,22,Processed
510710,Containing 85 % or more by weight of wool,22,Processed
510720,Containing less than 85 % by weight of wool,22,Processed
510810,Carded,22,Processed
510820,Combed,22,Processed
511000,"Yarn of coarse animal hair or of horsehair (including gimped horsehair yarn), whether or not put up for retail sale.",22,Processed
511111,Of a weight not exceeding 300 g/m²,22,Processed
511119,Other,22,Processed
511120,"Other, mixed mainly or solely with manmade filaments",22,Processed
511130,"Other, mixed mainly or solely with manmade staple fibres",22,Processed
511190,Other,22,Processed
511211,Of a weight not exceeding 200 g/m²,22,Processed
511219,Other,22,Processed
511220,"Other, mixed mainly or solely with manmade filaments",22,Processed
511230,"Other, mixed mainly or solely with manmade staple fibres",22,Processed
511290,Other,22,Processed
511300,Woven fabrics of coarse animal hair or of horsehair.,22,Processed
520300,"Cotton, carded or combed.",22,Processed
520411,Containing 85 % or more by weight of cotton,22,Processed
520419,Other,22,Processed
520511,Measuring 714.29 decitex or more (not exceeding 14 metric number),22,Processed
520512,Measuring less than 714.29 decitex but not less than 232.56 decitex (exceeding 14 metric number but not exceeding 43 metric number),22,Processed
520513,Measuring less than 232.56 decitex but not less than 192.31 decitex (exceeding 43 metric number but not exceeding 52 metric number),22,Processed
520514,Measuring less than 192.31 decitex but not less than 125 decitex (exceeding 52 metric number but not exceeding 80 metric number),22,Processed
520515,Measuring less than 125 decitex (exceeding 80 metric number),22,Processed
520521,Measuring 714.29 decitex or more (not exceeding 14 metric number),22,Processed
520522,Measuring less than 714.29 decitex but not less than 232.56 decitex (exceeding 14 metric number but not exceeding 43 metric number),22,Processed
520523,Measuring less than 232.56 decitex but not less than 192.31 decitex (exceeding 43 metric number but not exceeding 52 metric number),22,Processed
520524,Measuring less than 192.31 decitex but not less than 125 decitex (exceeding 52 metric number but not exceeding 80 metric number),22,Processed
520525,"(-1995) Combed single cotton yarn, with >=85% cott",22,Processed
520526,(1996-) Measuring less than 125 decitex but not less than 106.38 decitex (exceeding 80 metric number but not exceeding 94 metric number),22,Processed
520527,(1996-) Measuring less than 106.38 decitex but not less than 83.33 decitex (exceeding 94 metric number but not exceeding 120 metric number),22,Processed
520528,(1996-) Measuring less than 83.33 decitex (exceeding 120 metric number),22,Processed
520531,Measuring per single yarn 714.29 decitex or more (not exceeding 14 metric number per single yarn),22,Processed
520532,Measuring per single yarn less than 714.29 decitex but not less than 232.56 decitex (exceeding 14 metric number but not exceeding 43 metric number per single yarn),22,Processed
520533,Measuring per single yarn less than 232.56 decitex but not less than 192.31 decitex (exceeding 43 metric number but not exceeding 52 metric number per single yarn),22,Processed
520534,Measuring per single yarn less than 192.31 decitex but not less than  125 decitex (exceeding 52 metric number but not exceeding 80 metric number per single yarn),22,Processed
520535,Measuring per single yarn less than 125 decitex (exceeding 80 metric number per single yarn),22,Processed
520541,Measuring per single yarn 714.29 decitex or more (not exceeding 14 metric number per single yarn),22,Processed
520542,Measuring per single yarn less than 714.29 decitex but not less than 232.56 decitex (exceeding 14 metric number but not exceeding 43 metric number per single yarn),22,Processed
520543,Measuring per single yarn less than 232.56 decitex but not less than 192.31 decitex (exceeding 43 metric number but not exceeding 52 metric number per single yarn),22,Processed
520544,Measuring per single yarn less than 192.31 decitex but not less than 125 decitex (exceeding 52 metric number but not exceeding 80 metric number per single yarn),22,Processed
520545,"(-1995) Combed cabled cotton yarn, with >=85% cott",22,Processed
520546,(1996-) Measuring per single yarn less than 125 decitex but not less than 106.38 decitex (exceeding 80 metric number but not exceeding 94 metric number per single yarn),22,Processed
520547,(1996-) Measuring per single yarn less than 106.38 decitex but not less than 83.33 decitex (exceeding 94 metric number but not exceeding 120 metric number per single yarn),22,Processed
520548,(1996-) Measuring per single yarn less than 83.33 decitex (exceeding 120 metric number per single yarn),22,Processed
520611,Measuring 714.29 decitex or more (not exceeding 14 metric number),22,Processed
520612,Measuring less than 714.29 decitex but not less than 232.56 decitex (exceeding 14 metric number but not  exceeding 43 metric number),22,Processed
520613,Measuring less than 232.56 decitex but not less than 192.31 decitex (exceeding 43 metric number but not exceeding 52 metric number),22,Processed
520614,Measuring less than 192.31 decitex but not less than 125 decitex (exceeding 52 metric number but not exceeding 80 metric number),22,Processed
520615,Measuring less than 125 decitex (exceeding 80 metric number),22,Processed
520621,Measuring 714.29 decitex or more (not exceeding 14 metric number),22,Processed
520622,Measuring less than 714.29 decitex but not less than 232.56 decitex (exceeding 14 metric number but not exceeding 43 metric number),22,Processed
520623,Measuring less than 232.56 decitex but not less than 192.31 decitex (exceeding 43 metric number but not exceeding 52 metric number),22,Processed
520624,Measuring less than 192.31 decitex but not less than 125 decitex (exceeding 52 metric number but not exceeding 80 metric number),22,Processed
520625,Measuring less than 125 decitex (exceeding 80 metric number),22,Processed
520631,Measuring per single yarn 714.29 decitex or more (not exceeding 14 metric number per single yarn),22,Processed
520632,Measuring per single yarn less than 714.29 decitex but not less than 232.56 decitex (exceeding 14 metric number but not exceeding 43 metric number per single yarn),22,Processed
520633,Measuring per single yarn less than 232.56 decitex but not less than 192.31 decitex (exceeding 43 metric number but not exceeding 52 metric number per single yarn),22,Processed
520634,Measuring per single yarn less than 192.31 decitex but not less than 125 decitex (exceeding 52 metric number but not exceeding 80 metric number per single yarn),22,Processed
520635,Measuring per single yarn less than 125 decitex (exceeding 80 metric number per single yarn),22,Processed
520641,Measuring per single yarn 714.29 decitex or more (not exceeding 14 metric number per single yarn),22,Processed
520642,Measuring per single yarn less than 714.29 decitex but not less than 232.56 decitex (exceeding 14 metric number but not exceeding 43 metric number per single yarn),22,Processed
520643,Measuring per single yarn less than 232.56 decitex but not less than 192.31 decitex (exceeding 43 metric number but not exceeding 52 metric number per single yarn),22,Processed
520644,Measuring per single yarn less than 192.31 decitex but not less than 125 decitex (exceeding 52 metric number but not exceeding 80 metric number per single yarn),22,Processed
520645,Measuring per single yarn less than 125 decitex  (exceeding 80 metric number per single yarn),22,Processed
520811,"Plain weave, weighing not more than 100 g/m2",22,Processed
520812,"Plain weave, weighing more than 100 g/m2",22,Processed
520813,"3thread or 4thread twill, including cross twill",22,Processed
520819,Other fabrics,22,Processed
520821,"Plain weave, weighing not more than 100 g/m2",22,Processed
520822,"Plain weave, weighing more than 100 g/m2",22,Processed
520823,"3thread or 4thread twill, including cross twill",22,Processed
520829,Other fabrics,22,Processed
520831,"Plain weave, weighing not more than 100 g/m2",22,Processed
520832,"Plain weave, weighing more than 100 g/m2",22,Processed
520833,"3thread or 4thread twill, including cross twill",22,Processed
520839,Other fabrics,22,Processed
520841,"Plain weave, weighing not more than 100 g/m2",22,Processed
520842,"Plain weave, weighing more than 100 g/m2",22,Processed
520843,"3thread or 4thread twill, including cross twill",22,Processed
520849,Other fabrics,22,Processed
520851,"Plain weave, weighing not more than 100 g/m2",22,Processed
520852,"Plain weave, weighing more than 100 g/m2",22,Processed
520853,"(-2006) 3thread or 4thread twill, including cross twill",22,Processed
520859,Other fabrics,22,Processed
520911,Plain weave,22,Processed
520912,"3thread or 4thread twill, including cross twill",22,Processed
520919,Other fabrics,22,Processed
520921,Plain weave,22,Processed
520922,"3thread or 4thread twill, including cross twill",22,Processed
520929,Other fabrics,22,Processed
520931,Plain weave,22,Processed
520932,"3thread or 4thread twill, including cross twill",22,Processed
520939,Other fabrics,22,Processed
520941,Plain weave,22,Processed
520942,Denim,22,Processed
520943,"Other fabrics of 3thread or 4thread twill, including cross twill",22,Processed
520949,Other fabrics,22,Processed
520951,Plain weave,22,Processed
520952,"3thread or 4thread twill, including cross twill",22,Processed
520959,Other fabrics,22,Processed
521011,Plain weave,22,Processed
521012,"(-2006) 3thread or 4thread twill, including cross twill",22,Processed
521019,Other fabrics,22,Processed
521021,Plain weave,22,Processed
521022,"(-2006) 3thread or 4thread twill, including cross twill",22,Processed
521029,Other fabrics,22,Processed
521031,Plain weave,22,Processed
521032,"3thread or 4thread twill, including cross twill",22,Processed
521039,Other fabrics,22,Processed
521041,Plain weave,22,Processed
521042,"(-2006) 3thread or 4thread twill, including cross twill",22,Processed
521049,Other fabrics,22,Processed
521051,Plain weave,22,Processed
521052,"(-2006) 3thread or 4thread twill, including cross twill",22,Processed
521059,Other fabrics,22,Processed
521111,Plain weave,22,Processed
521112,"3thread or 4thread twill, including cross twill",22,Processed
521119,Other fabrics,22,Processed
521121,(-2006) Plain weave,22,Processed
521122,"(-2006) 3thread or 4thread twill, including cross twill",22,Processed
521129,(-2006) Other fabrics,22,Processed
521131,Plain weave,22,Processed
521132,"3thread or 4thread twill, including cross twill",22,Processed
521139,Other fabrics,22,Processed
521141,Plain weave,22,Processed
521142,Denim,22,Processed
521143,"Other fabrics of 3thread or 4thread twill, including  cross twill",22,Processed
521149,Other fabrics,22,Processed
521151,Plain weave,22,Processed
521152,"3thread or 4thread twill, including cross twill",22,Processed
521159,Other fabrics,22,Processed
521211,Unbleached,22,Processed
521212,Bleached,22,Processed
521213,Dyed,22,Processed
521214,Of yarns of different colours,22,Processed
521215,Printed,22,Processed
521221,Unbleached,22,Processed
521222,Bleached,22,Processed
521223,Dyed,22,Processed
521224,Of yarns of different colours,22,Processed
521225,Printed,22,Processed
530121,Broken or scutched,22,Processed
530129,Other,22,Processed
530610,Single,22,Processed
530620,Multiple (folded) or cabled,22,Processed
530710,Single,22,Processed
530720,Multiple (folded) or cabled,22,Processed
530810,Coir yarn,22,Processed
530820,True hemp yarn,22,Processed
530830,(-2001) Paper yarn,22,Processed
530890,Other,22,Processed
530911,Unbleached or bleached,22,Processed
530919,Other,22,Processed
530921,Unbleached or bleached,22,Processed
530929,Other,22,Processed
531010,Unbleached,22,Processed
531090,Other,22,Processed
531100,Woven fabrics of other vegetable textile fibres; woven fabrics of paper yarn.,22,Processed
540110,Of synthetic filaments,22,Processed
540120,Of artificial filaments,22,Processed
540210,(-2006) High tenacity yarn of nylon or other polyamides,22,Processed
540220,High tenacity yarn of polyesters,22,Processed
540231,"Of nylon or other polyamides, measuring per single yarn not more than 50 tex",22,Processed
540232,"Of nylon or other polyamides, measuring per single yarn more than 50 tex",22,Processed
540233,Of polyesters,22,Processed
540239,Other,22,Processed
540241,(-2006) Of nylon or other polyamides,22,Processed
540242,"(-2006) Of polyesters, partially oriented",22,Processed
540243,"(-2006) Of polyesters, other",22,Processed
540249,Other,22,Processed
540251,Of nylon or other polyamides,22,Processed
540252,Of polyesters,22,Processed
540259,Other,22,Processed
540261,Of nylon or other polyamides,22,Processed
540262,Of polyesters,22,Processed
540269,Other,22,Processed
540310,High tenacity yarn of viscose rayon,22,Processed
540320,(-2006) Textured yarn,22,Processed
540331,"Of viscose rayon, untwisted or with a twist not exceeding 120 turns per metre",22,Processed
540332,"Of viscose rayon, with a twist exceeding 120 turns per metre",22,Processed
540333,Of cellulose acetate,22,Processed
540339,Other,22,Processed
540341,Of viscose rayon,22,Processed
540342,Of cellulose acetate,22,Processed
540349,Other,22,Processed
540410,(-2006) Monofilament,22,Processed
540490,Other,22,Processed
540500,"Artificial monofilament of 67 decitex or more and of which no crosssectional dimension exceeds 1 mm; strip and the  like (for example, artificial straw) of artificial textile materials of an apparent width not exceeding 5 mm.",22,Processed
540710,Woven fabrics obtained from high tenacity yarn of nylon or other polyamides or of polyesters,22,Processed
540720,Woven fabrics obtained from strip or the like,22,Processed
540730,Fabrics specified in Note 9 to Section XI,22,Processed
540741,Unbleached or bleached,22,Processed
540742,Dyed,22,Processed
540743,Of yarns of different colours,22,Processed
540744,Printed,22,Processed
540751,Unbleached or bleached,22,Processed
540752,Dyed,22,Processed
540753,Of yarns of different colours,22,Processed
540754,Printed,22,Processed
540760,"(-1995) Other woven fabrics of synthetic yarn, >=8",22,Processed
540761,(1996-) Containing 85 % or more by weight of nontextured polyester filaments,22,Processed
540769,(1996-) Other,22,Processed
540771,Unbleached or bleached,22,Processed
540772,Dyed,22,Processed
540773,Of yarns of different colours,22,Processed
540774,Printed,22,Processed
540781,Unbleached or bleached,22,Processed
540782,Dyed,22,Processed
540783,Of yarns of different colours,22,Processed
540784,Printed,22,Processed
540791,Unbleached or bleached,22,Processed
540792,Dyed,22,Processed
540793,Of yarns of different colours,22,Processed
540794,Printed,22,Processed
540810,Woven fabrics obtained from high tenacity yarn of viscose rayon,22,Processed
540821,Unbleached or bleached,22,Processed
540822,Dyed,22,Processed
540823,Of yarns of different colours,22,Processed
540824,Printed,22,Processed
540831,Unbleached or bleached,22,Processed
540832,Dyed,22,Processed
540833,Of yarns of different colours,22,Processed
540834,Printed,22,Processed
550110,Of nylon or other polyamides,22,Processed
550120,Of polyesters,22,Processed
550130,Acrylic or modacrylic,22,Processed
550190,Other,22,Processed
550200,Artificial filament tow.,22,Processed
550310,(-2006) Of nylon or other polyamides,22,Processed
550320,Of polyesters,22,Processed
550330,Acrylic or modacrylic,22,Processed
550340,Of polypropylene,22,Processed
550390,Other,22,Processed
550410,Of viscose rayon,22,Processed
550490,Other,22,Processed
550610,Of nylon or other polyamides,22,Processed
550620,Of polyesters,22,Processed
550630,Acrylic or modacrylic,22,Processed
550690,Other,22,Processed
550700,"Artificial staple fibres, carded, combed or otherwise processed for spinning.",22,Processed
550810,Of synthetic staple fibres,22,Processed
550820,Of artificial staple fibres,22,Processed
550911,Single yarn,22,Processed
550912,Multiple (folded) or cabled yarn,22,Processed
550921,Single yarn,22,Processed
550922,Multiple (folded) or cabled yarn,22,Processed
550931,Single yarn,22,Processed
550932,Multiple (folded) or cabled yarn,22,Processed
550941,Single yarn,22,Processed
550942,Multiple (folded) or cabled yarn,22,Processed
550951,Mixed mainly or solely with artificial staple fibres,22,Processed
550952,Mixed mainly or solely with wool or fine animal hair,22,Processed
550953,Mixed mainly or solely with cotton,22,Processed
550959,Other,22,Processed
550961,Mixed mainly or solely with wool or fine animal hair,22,Processed
550962,Mixed mainly or solely with cotton,22,Processed
550969,Other,22,Processed
550991,Mixed mainly or solely with wool or fine animal hair,22,Processed
550992,Mixed mainly or solely with cotton,22,Processed
550999,Other,22,Processed
551011,Single yarn,22,Processed
551012,Multiple (folded) or cabled yarn,22,Processed
551020,"Other yarn, mixed mainly or solely with wool or fine animal hair",22,Processed
551030,"Other yarn, mixed mainly or solely with cotton",22,Processed
551090,Other yarn,22,Processed
551211,Unbleached or bleached,22,Processed
551219,Other,22,Processed
551221,Unbleached or bleached,22,Processed
551229,Other,22,Processed
551291,Unbleached or bleached,22,Processed
551299,Other,22,Processed
551311,"Of polyester staple fibres, plain weave",22,Processed
551312,"3thread or 4thread twill, including cross twill, of polyester staple fibres",22,Processed
551313,Other woven fabrics of polyester staple fibres,22,Processed
551319,Other woven fabrics,22,Processed
551321,"Of polyester staple fibres, plain weave",22,Processed
551322,"(-2006) 3thread or 4thread twill, including cross twill, of polyester staple fibres",22,Processed
551323,Other woven fabrics of polyester staple fibres,22,Processed
551329,Other woven fabrics,22,Processed
551331,"Of polyester staple fibres, plain weave",22,Processed
551332,"(-2006) 3thread or 4thread twill, including cross twill, of polyester staple fibres",22,Processed
551333,(-2006) Other woven fabrics of polyester staple fibres,22,Processed
551339,Other woven fabrics,22,Processed
551341,"Of polyester staple fibres, plain weave",22,Processed
551342,"(-2006) 3thread or 4thread twill, including cross twill, of polyester staple fibres",22,Processed
551343,(-2006) Other woven fabrics of polyester staple fibres,22,Processed
551349,Other woven fabrics,22,Processed
551411,"Of polyester staple fibres, plain weave",22,Processed
551412,"3thread or 4thread twill, including cross twill, of polyester staple fibres",22,Processed
551413,(-2006) Other woven fabrics of polyester staple fibres,22,Processed
551419,Other woven fabrics,22,Processed
551421,"Of polyester staple fibres, plain weave",22,Processed
551422,"3thread or 4thread twill, including cross twill, of polyester staple fibres",22,Processed
551423,Other woven fabrics of polyester staple fibres,22,Processed
551429,Other woven fabrics,22,Processed
551431,"(-2006) Of polyester staple fibres, plain weave",22,Processed
551432,"(-2006) 3thread or 4thread twill, including cross twill, of polyester staple fibres",22,Processed
551433,(-2006) Other woven fabrics of polyester staple fibres,22,Processed
551439,(-2006) Other woven fabrics,22,Processed
551441,"Of polyester staple fibres, plain weave",22,Processed
551442,"3thread or 4thread twill, including cross twill, of polyester staple fibres",22,Processed
551443,Other woven fabrics of polyester staple fibres,22,Processed
551449,Other woven fabrics,22,Processed
551511,Mixed mainly or solely with viscose rayon staple fibres,22,Processed
551512,Mixed mainly or solely with manmade filaments,22,Processed
551513,Mixed mainly or solely with wool or fine animal hair,22,Processed
551519,Other,22,Processed
551521,Mixed mainly or solely with manmade filaments,22,Processed
551522,Mixed mainly or solely with wool or fine animal hair,22,Processed
551529,Other,22,Processed
551591,Mixed mainly or solely with manmade filaments,22,Processed
551592,(-2006) Mixed mainly or solely with wool or fine animal hair,22,Processed
551599,Other,22,Processed
551611,Unbleached or bleached,22,Processed
551612,Dyed,22,Processed
551613,Of yarns of different colours,22,Processed
551614,Printed,22,Processed
551621,Unbleached or bleached,22,Processed
551622,Dyed,22,Processed
551623,Of yarns of different colours,22,Processed
551624,Printed,22,Processed
551631,Unbleached or bleached,22,Processed
551632,Dyed,22,Processed
551633,Of yarns of different colours,22,Processed
551634,Printed,22,Processed
551641,Unbleached or bleached,22,Processed
551642,Dyed,22,Processed
551643,Of yarns of different colours,22,Processed
551644,Printed,22,Processed
551691,Unbleached or bleached,22,Processed
551692,Dyed,22,Processed
551693,Of yarns of different colours,22,Processed
551694,Printed,22,Processed
560110,"Sanitary towels and tampons, napkins and napkin liners for babies and similar sanitary articles, of wadding",22,Processed
560121,Of cotton,22,Processed
560122,Of manmade fibres,22,Processed
560129,Other,22,Processed
560130,Textile flock and dust and mill neps,22,Processed
560210,Needleloom felt and stitchbonded fibre fabrics,22,Processed
560221,Of wool or fine animal hair,22,Processed
560229,Of other textile materials,22,Processed
560290,Other,22,Processed
560300,(-1995) Nonwovens,22,Processed
560311,(1996-) Weighing not more than 25 g/m²,22,Processed
560312,(1996-) Weighing more than 25 g/m² but not more than 70 g/m²,22,Processed
560313,(1996-) Weighing more than 70 g/m² but not more than 150 g/m²,22,Processed
560314,(1996-) Weighing more than 150 g/m²,22,Processed
560391,(1996-) Weighing not more than 25 g/m²,22,Processed
560392,(1996-) Weighing more than 25 g/m² but not more than 70 g/m²,22,Processed
560393,(1996-) Weighing more than 70 g/m² but not more than 150 g/m²,22,Processed
560394,(1996-) Weighing more than 150 g/m²,22,Processed
560410,"Rubber thread and cord, textile covered",22,Processed
560420,"(-2006) High tenacity yarn of polyesters, of nylon or other polyamides or of viscose rayon, impregnated or coated",22,Processed
560490,Other,22,Processed
560500,"Metallised yarn, whether or not gimped, being textile yarn, or strip or the like of heading 54.04 or 54.05, combined with metal in the form of thread, strip or powder or covered with metal.",22,Processed
560600,"Gimped yarn, and strip and the like of heading 54.04 or 54.05, gimped (other than those of heading 56.05 and gimped horsehair yarn); chenille yarn (including flock chenille yarn); loop waleyarn.",22,Processed
560710,(-2006) Of jute or other textile bast fibres of heading 53.03,22,Processed
560721,Binder or baler twine,22,Processed
560729,Other,22,Processed
560730,(-2001) Of abaca (Manila hemp or Musa textilis Nee) or oth,22,Processed
560741,Binder or baler twine,22,Processed
560749,Other,22,Processed
560750,Of other synthetic fibres,22,Processed
560790,Other,22,Processed
560811,Made up fishing nets,22,Processed
560819,Other,22,Processed
560890,Other,22,Processed
560900,"Articles of yarn, strip or the like of heading 54.04 or 54.05, twine, cordage, rope or cables, not elsewhere specified or included.",22,Processed
580110,Of wool or fine animal hair,22,Processed
580121,Uncut weft pile fabrics,22,Processed
580122,Cut corduroy,22,Processed
580123,Other weft pile fabrics,22,Processed
580124,"Warp pile fabrics, épinglé (uncut)",22,Processed
580125,"Warp pile fabrics, cut",22,Processed
580126,Chenille fabrics,22,Processed
580131,Uncut weft pile fabrics,22,Processed
580132,Cut corduroy,22,Processed
580133,Other weft pile fabrics,22,Processed
580134,"Warp pile fabrics, épinglé (uncut)",22,Processed
580135,"Warp pile fabrics, cut",22,Processed
580136,Chenille fabrics,22,Processed
580190,Of other textile materials,22,Processed
580211,Unbleached,22,Processed
580219,Other,22,Processed
580220,"Terry towelling and similar woven terry fabrics, of other  textile materials",22,Processed
580230,Tufted textile fabrics,22,Processed
580310,(-2006) Of cotton,22,Processed
580390,(-2006) Of other textile materials,22,Processed
580410,Tulles and other net fabrics,22,Processed
580421,Of manmade fibres,22,Processed
580429,Of other textile materials,22,Processed
580430,Handmade lace,22,Processed
580610,Woven pile fabrics (including terry towelling and similar terry fabrics) and chenille fabrics,22,Processed
580620,"Other woven fabrics, containing by weight 5 % or more of lastomeric yarn or rubber thread",22,Processed
580631,Of cotton,22,Processed
580632,Of manmade fibres,22,Processed
580639,Of other textile materials,22,Processed
580640,Fabrics consisting of warp without weft assembled by means of an adhesive (bolducs),22,Processed
580710,Woven,22,Processed
580790,Other,22,Processed
580810,Braids in the piece,22,Processed
580890,Other,22,Processed
580900,"Woven fabrics of metal thread and woven fabrics of metallised yarn of heading 56.05, of a kind used in apparel, as furnishing fabrics or for similar purposes, not elsewhere specified or included.",22,Processed
581010,Embroidery without visible ground,22,Processed
581091,Of cotton,22,Processed
581092,Of manmade fibres,22,Processed
581099,Of other textile materials,22,Processed
581100,"Quilted textile products in the piece, composed of one or more layers of textile materials assembled with padding by stitching or otherwise, other than embroidery of heading 58.10.",22,Processed
590110,"Textile fabrics coated with gum or amylaceous substances, of a kind used for the outer covers of books or the like",22,Processed
590190,Other,22,Processed
590210,Of nylon or other polyamides,22,Processed
590220,Of polyesters,22,Processed
590290,Other,22,Processed
590310,With poly(vinyl chloride),22,Processed
590320,With polyurethane,22,Processed
590390,Other,22,Processed
590500,Textile wall coverings.,22,Processed
590610,Adhesive tape of a width not exceeding 20 cm,22,Processed
590691,Knitted or crocheted,22,Processed
590699,Other,22,Processed
590700,"Textile fabrics otherwise impregnated, coated or covered; painted canvas being theatrical scenery, studio backcloths or the like.",22,Processed
590800,"Textile wicks, woven, plaited or knitted , for lamps, stoves, lighters, candles or the like; incandescent gas mantles and tubular knitted gas mantle fabric therefor, whether or not impregnated.",22,Processed
600110,Long pile fabrics,22,Processed
600121,Of cotton,22,Processed
600122,Of manmade fibres,22,Processed
600129,Of other textile materials,22,Processed
600191,Of cotton,22,Processed
600192,Of manmade fibres,22,Processed
600199,Of other textile materials,22,Processed
600210,"(-2001) Of a width not exceeding 30 cm, containing by weig",22,Processed
600220,"(-2001) Other, of a width not exceeding 30 cm",22,Processed
600230,"(-2001) Of a width exceeding 30 cm, containing by weight 5",22,Processed
600240,(2002-) Containing by weight 5 % or more of elastomeric yarn but not containing rubber thread,22,Processed
600241,"(-2001) Other fabrics, warp knit (including those made on ",22,Processed
600242,"(-2001) Other fabrics, warp knit (including those made on ",22,Processed
600243,"(-2001) Other fabrics, warp knit (including those made on ",22,Processed
600249,"(-2001) Other fabrics, warp knit (including those made on ",22,Processed
600290,(2002-) Other,22,Processed
600291,(-2001) Other :-- Of wool or fine animal hair,22,Processed
600292,(-2001) Other :-- Of cotton,22,Processed
600293,(-2001) Other :-- Of man-made fibres,22,Processed
600299,(-2001) Other,22,Processed
600310,(2002-) Of wool or fine animal hair,22,Processed
600320,(2002-) Of cotton,22,Processed
600330,(2002-) Of synthetic fibres,22,Processed
600340,(2002-) Of artificial fibres,22,Processed
600390,(2002-) Other,22,Processed
600410,(2002-) Containing by weight 5 % or more of elastomeric yarn but not containing rubber thread,22,Processed
600490,(2002-) Other,22,Processed
600510,(2002-2006) Of wool or fine animal hair,22,Processed
600521,(2002-) Unbleached or bleached,22,Processed
600522,(2002-) Dyed,22,Processed
600523,(2002-) Of yarns of different colours,22,Processed
600524,(2002-) Printed,22,Processed
600531,(2002-) Unbleached or bleached,22,Processed
600532,(2002-) Dyed,22,Processed
600533,(2002-) Of yarns of different colours,22,Processed
600534,(2002-) Printed,22,Processed
600541,(2002-) Unbleached or bleached,22,Processed
600542,(2002-) Dyed,22,Processed
600543,(2002-) Of yarns of different colours,22,Processed
600544,(2002-) Printed,22,Processed
600590,(2002-) Other,22,Processed
600610,(2002-) Of wool or fine animal hair,22,Processed
600621,(2002-) Unbleached or bleached,22,Processed
600622,(2002-) Dyed,22,Processed
600623,(2002-) Of yarns of different colours,22,Processed
600624,(2002-) Printed,22,Processed
600631,(2002-) Unbleached or bleached,22,Processed
600632,(2002-) Dyed,22,Processed
600633,(2002-) Of yarns of different colours,22,Processed
600634,(2002-) Printed,22,Processed
600641,(2002-) Unbleached or bleached,22,Processed
600642,(2002-) Dyed,22,Processed
600643,(2002-) Of yarns of different colours,22,Processed
600644,(2002-) Printed,22,Processed
600690,(2002-) Other,22,Processed
630510,Of jute or of other textile bast fibres of heading 53.03,22,Processed
630520,Of cotton,22,Processed
630531,"(-1995) Sacks and bags, used for packing goods, of",22,Processed
630532,(1996-) Flexible intermediate bulk containers,22,Processed
630533,"(1996-) Other, of polyethylene or polypropylene strip or the like",22,Processed
630539,Other,22,Processed
630590,Of other textile materials,22,Processed
650100,"Hatforms, hat bodies and hoods of felt, neither blocked to shape nor with made brims; plateaux and manchons (including slit manchons), of felt.",22,Processed
650200,"Hatshapes, plaited or made by assembling strips of any material, neither blocked to shape, nor with made brims, nor lined, nor trimmed.",22,Processed
660310,(-2006) Handles and knobs,22,Processed
660320,"Umbrella frames, including frames mounted on shafts (sticks)",22,Processed
660390,Other,22,Processed
670100,"Skins and other parts of birds with their feathers or down, feathers, parts of feathers, down and articles thereof (other than goods of heading 05.05 and worked quills and scapes).",22,Processed
670210,Of plastics,22,Processed
670290,Of other materials,22,Processed
670300,"Human hair, dressed, thinned, bleached or otherwise worked; wool or other animal hair or other textile materials, prepared for use in making wigs or the like.",22,Processed
680100,"Setts, curbstones and flagstones, of natural stone (except slate).",22,Processed
680210,"Tiles, cubes and similar articles, whether or not rectangular (including square), the largest surface area of which is capable of being enclosed in a square the side of which is less than 7 cm; artificially coloured granules, chippings and powder",22,Processed
680221,"Marble, travertine and alabaster",22,Processed
680222,(-2006) Other calcareous stone,22,Processed
680223,Granite,22,Processed
680229,Other stone,22,Processed
680291,"Marble, travertine and alabaster",22,Processed
680292,Other calcareous stone,22,Processed
680293,Granite,22,Processed
680299,Other stone,22,Processed
680300,Worked slate and articles of slate or of agglomerated slate.,22,Processed
680410,"Millstones and grindstones for milling, grinding or pulping",22,Processed
680421,Of agglomerated synthetic or natural diamond,22,Processed
680422,Of other agglomerated abrasives or of ceramics,22,Processed
680423,Of natural stone,22,Processed
680430,Hand sharpening or polishing stones,22,Processed
680510,On a base of woven textile fabric only,22,Processed
680520,On a base of paper or paperboard only,22,Processed
680530,On a base of other materials,22,Processed
680610,"Slag wool, rock wool and similar mineral wools (including intermixtures thereof), in bulk, sheets or rolls",22,Processed
680620,"Exfoliated vermiculite, expanded clays, foamed slag and  similar expanded mineral materials (including intermixtures thereof)",22,Processed
680690,Other,22,Processed
680710,In rolls,22,Processed
680790,Other,22,Processed
680800,"Panels, boards, tiles, blocks and similar articles of vegetable fibre, of straw or of shavings, chips,",22,Processed
680911,Faced or reinforced with paper or paperboard only,22,Processed
680919,Other,22,Processed
680990,Other articles,22,Processed
681011,Building blocks and bricks,22,Processed
681019,Other,22,Processed
681020,(-1995) Pipes of cement or concrete,22,Processed
681091,Prefabricated structural components for building or civil engineering,22,Processed
681099,Other,22,Processed
681110,(-2006) Corrugated sheets,22,Processed
681120,"(-2006) Other sheets, panels, tiles and similar articles",22,Processed
681130,"(-2006) Tubes, pipes and tube or pipe fittings",22,Processed
681190,(-2006) Other articles,22,Processed
681210,(-2001) Fabricated asbestos fibres; mixtures with a basis ,22,Processed
681220,(-2001) Yarn and thread,22,Processed
681230,"(-2001) Cords and string, whether or not plaited",22,Processed
681240,(-2001) Woven or knitted fabric,22,Processed
681250,"(-2006) Clothing, clothing accessories, footwear and headgear",22,Processed
681260,"(-2006) Paper, millboard and felt",22,Processed
681270,"(-2006) Compressed asbestos fibre jointing, in sheets or rolls",22,Processed
681290,(-2006) Other,22,Processed
681310,(-2006) Brake linings and pads,22,Processed
681390,(-2006) Other,22,Processed
681410,"Plates, sheets and strips of agglomerated or reconstituted mica, whether or not on a support",22,Processed
681490,Other,22,Processed
681510,Nonelectrical articles of graphite or other carbon,22,Processed
681520,Articles of peat,22,Processed
681591,"Containing magnesite, dolomite or chromite",22,Processed
681599,Other,22,Processed
690100,"Bricks, blocks, tiles and other ceramic goods of siliceous fossil meals (for example, kieselguhr, tripolite or diatomite) or of similar siliceous earths.",22,Processed
690210,"Containing by weight, singly or together, more than 50 % of the elements Mg, Ca or Cr, expressed as MgO, CaO or Cr2O3",22,Processed
690220,"Containing by weight more than 50 % of alumina (Al2O3), of silica (SiO2) or of a mixture or compound of these products",22,Processed
690290,Other,22,Processed
690310,Containing by weight more than 50 % of graphite or other carbon or of a mixture of these products,22,Processed
690320,Containing by weight more than 50 % of alumina (Al2O3) or of a mixture or compound of alumina and of silica (SiO2),22,Processed
690390,Other,22,Processed
690410,Building bricks,22,Processed
690490,Other,22,Processed
690510,Roofing tiles,22,Processed
690590,Other,22,Processed
690600,"Ceramic pipes, conduits, guttering and pipe fittings.",22,Processed
690710,"Tiles, cubes and similar articles, whether or not rectangular, the largest surface area of which is capable of being enclosed in a square the side of which is less than 7 cm",22,Processed
690790,Other,22,Processed
690810,"Tiles, cubes and similar articles, whether or not rectangular, the largest surface area of which is capable of being enclosed in a square the side of which is less than 7 cm",22,Processed
690890,Other,22,Processed
690911,Of porcelain or china,22,Processed
690912,(1996-) Articles having a hardness equivalent to 9 or more on the Mohs scale,22,Processed
690919,Other,22,Processed
690990,Other,22,Processed
691010,Of porcelain or china,22,Processed
691090,Other,22,Processed
691410,Of porcelain or china,22,Processed
691490,Other,22,Processed
700100,Cullet and other waste and scrap of glass; glass in the mass.,22,Processed
700210,Balls,22,Processed
700220,Rods,22,Processed
700231,Of fused quartz or other fused silica,22,Processed
700232,Of other glass having a linear coefficient of expansion not exceeding 5 x 106 per Kelvin within a temperature range of  0 °C to 300 °C,22,Processed
700239,Other,22,Processed
700311,(-1995) Cast gls sheets non-wired coloured etc hav,22,Processed
700312,"(1996-) Coloured throughout the mass (body tinted), opacified, flashed or having an absorbent, reflecting or nonreflecting layer",22,Processed
700319,Other,22,Processed
700320,Wired sheets,22,Processed
700330,Profiles,22,Processed
700410,"(-1995) Drawn glass sheets, coloured etc having an",22,Processed
700420,"(1996-) Glass, coloured throughout the mass (body tinted), opacified, flashed or having an absorbent, reflecting or nonreflecting layer",22,Processed
700490,Other glass,22,Processed
700510,"Nonwired glass, having an absorbent, reflecting or nonreflecting layer",22,Processed
700521,"Coloured throughout the mass (body tinted), opacified, flashed or merely surface ground",22,Processed
700529,Other,22,Processed
700530,Wired glass,22,Processed
700600,"Glass of heading 70.03, 70.04 or 70.05, bent, edgeworked, engraved, drilled, enamelled or otherwise worked, but not framed or fitted with other materials.",22,Processed
700711,"Of size and shape suitable for incorporation in vehicles, aircraft, spacecraft or vessels",22,Processed
700719,Other,22,Processed
700721,"Of size and shape suitable for incorporation in vehicles, aircraft, spacecraft or vessels",22,Processed
700729,Other,22,Processed
700800,Multiplewalled insulating units of glass.,22,Processed
700910,Rearview mirrors for vehicles,22,Processed
700991,Unframed,22,Processed
700992,Framed,22,Processed
701010,Ampoules,22,Processed
701020,"(1996-) Stoppers, lids and other closures",22,Processed
701090,"(-1995, 2002-) Other",22,Processed
701091,"(1996-2001) Other, of a capacity :-- Exceeding 1 l",22,Processed
701092,"(1996-2001) Other, of a capacity :-- Exceeding 0.33 l",22,Processed
701093,"(1996-2001) Other, of a capacity :-- Exceeding 0.15 l",22,Processed
701094,"(1996-2001) Other, of a capacity :-- Not exceeding 0.1",22,Processed
701110,For electric lighting,22,Processed
701120,For cathoderay tubes,22,Processed
701190,Other,22,Processed
701200,(-2006) Glass inners for vacuum flasks or for other vacuum vessels.,22,Processed
701400,"Signalling glassware and optical elements of glass (other than those of heading 70.15), not optically worked.",22,Processed
701510,Glasses for corrective spectacles,22,Processed
701590,Other,22,Processed
701610,"Glass cubes and other glass smallwares, whether or not on a backing, for mosaics or similar decorative purposes",22,Processed
701690,Other,22,Processed
701710,Of fused quartz or other fused silica,22,Processed
701720,Of other glass having a linear coefficient of expansion not exceeding  5 x 106 per  Kelvin  within  a  temperature  range of 0 °C to 300 °C,22,Processed
701790,Other,22,Processed
701810,"Glass beads, imitation pearls, imitation precious or semiprecious stones and similar glass smallwares",22,Processed
701820,Glass microspheres not exceeding 1 mm in diameter,22,Processed
701890,Other,22,Processed
701910,"(-1995) Slivers, rovings, yarn and chopped strands",22,Processed
701911,"(1996-) Chopped strands, of a length of not more than 50 mm",22,Processed
701912,(1996-) Rovings,22,Processed
701919,(1996-) Other,22,Processed
701920,"(-1995) Woven fabrics, including narrow fabrics of",22,Processed
701931,Mats,22,Processed
701932,Thin sheets (voiles),22,Processed
701939,Other,22,Processed
701940,(1996-) Woven fabrics of rovings,22,Processed
701951,(1996-) Of a width not exceeding 30 cm,22,Processed
701952,"(1996-) Of a width exceeding 30 cm, plain weave, weighing less than 250 g/m², of filaments measuring per single yarn not more than 136 tex",22,Processed
701959,(1996-) Other,22,Processed
701990,Other,22,Processed
702000,Other articles of glass.,22,Processed
710239,Other,22,Processed
710391,"Rubies, sapphires and emeralds",22,Processed
710399,Other,22,Processed
710410,Piezoelectric quartz,22,Processed
710420,"Other, unworked or simply sawn or roughly shaped",22,Processed
710490,Other,22,Processed
710610,Powder,22,Processed
710691,Unwrought,22,Processed
710692,Semimanufactured,22,Processed
710700,"Base metals clad with silver, not further worked than semimanufactured.",22,Processed
710811,Powder,22,Processed
710812,Other unwrought forms,22,Processed
710813,Other semimanufactured forms,22,Processed
710900,"Base metals or silver, clad with gold, not further worked than semimanufactured.",22,Processed
711011,Unwrought or in powder form,22,Processed
711019,Other,22,Processed
711021,Unwrought or in powder form,22,Processed
711029,Other,22,Processed
711031,Unwrought or in powder form,22,Processed
711039,Other,22,Processed
711041,Unwrought or in powder form,22,Processed
711049,Other,22,Processed
711100,"Base metals, silver or gold, clad with platinum, not further worked than semimanufactured.",22,Processed
720110,  Nonalloy pig iron containing by weight 0.5 % or less of phosphorus,22,Processed
720120,Nonalloy pig iron containing by weight more than 0.5 % of phosphorus,22,Processed
720130,"(-1995) Pig iron, alloy in primary forms",22,Processed
720140,(-1995) Spiegeleisen in primary forms,22,Processed
720150,(1996-) Alloy pig iron; spiegeleisen,22,Processed
720211,Containing by weight more than 2 % of carbon,22,Processed
720219,Other,22,Processed
720221,Containing by weight more than 55 % of silicon,22,Processed
720229,Other,22,Processed
720230,Ferrosilicomanganese,22,Processed
720241,Containing by weight more than 4 % of carbon,22,Processed
720249,Other,22,Processed
720250,Ferrosilicochromium,22,Processed
720260,Ferronickel,22,Processed
720270,Ferromolybdenum,22,Processed
720280,Ferrotungsten and ferrosilicotungsten,22,Processed
720291,Ferrotitanium and ferrosilicotitanium,22,Processed
720292,Ferrovanadium,22,Processed
720293,Ferroniobium,22,Processed
720299,Other,22,Processed
720310,Ferrous products obtained by direct reduction of iron ore,22,Processed
720390,Other,22,Processed
720510,Granules,22,Processed
720521,Of alloy steel,22,Processed
720529,Other,22,Processed
720610,Ingots,22,Processed
720690,Other,22,Processed
720711,"Of rectangular (including square) crosssection, the width measuring less than twice the thickness",22,Processed
720712,"Other, of rectangular (other than square) crosssection",22,Processed
720719,Other,22,Processed
720720,Containing by weight 0.25 % or more of carbon,22,Processed
720810,"(1996-) In coils, not further worked than hotrolled, with patterns in relief",22,Processed
720811,"(-1995) Flat rlld prod, i/nas, in coil, hr,=>600mm",22,Processed
720812,"(-1995) Flat rlld prod, i/nas, in coil, hr,=>600mm",22,Processed
720813,"(-1995) Flat rlld prod, i/nas, in coil, hr,=>600mm",22,Processed
720814,"(-1995) Flat rolled prod, i/nas, in coil, hr, =>60",22,Processed
720821,"(-1995) Flat rolled prod, i/nas, in coil, hr, =>60",22,Processed
720822,"(-1995) Flat rlld prod, i/nas, in coil, hr,=>600mm",22,Processed
720823,"(-1995) Flat rlld prod, i/nas, in coil, hr,=>600mm",22,Processed
720824,"(-1995) Flat rlld prod, i/nas, in coil, hr,=>600mm",22,Processed
720825,(1996-) Of a thickness of 4.75 mm or more,22,Processed
720826,(1996-) Of a thickness of 3 mm or more but less than 4.75 mm,22,Processed
720827,(1996-) Of a thickness of less than 3 mm,22,Processed
720831,"(-1995) Flat rolled prod, i/nas,nic,hr,=>600mm wid",22,Processed
720832,"(-1995) Flat rolled prod, i/nas, nic, hr =>600mm w",22,Processed
720833,"(-1995) Flat rlld prod, i/nas, nic, hr=>600mm w, 4",22,Processed
720834,"(-1995) Flat rolled prod, i/nas,nic,hr=>600mm wide",22,Processed
720835,"(-1995) Flat rolled prod, i/nas,nic,hr=>600mm wide",22,Processed
720836,(1996-) Of a thickness exceeding 10 mm,22,Processed
720837,(1996-) Of a thickness of 4.75 mm or more but not exceeding 10 mm,22,Processed
720838,(1996-) Of a thickness of 3 mm or more but less than 4.75 mm,22,Processed
720839,(1996-) Of a thickness of less than 3 mm,22,Processed
720840,"(1996-) Not in coils, not further worked than hotrolled, with patterns in relief",22,Processed
720841,"(-1995) Flat rolled prod, i/nas, nic, hr 600mm =<w",22,Processed
720842,"(-1995) Flat rolled prod, i/nas, not in coil, hr =",22,Processed
720843,"(-1995) Flat rlld prod, i/nas, not in coil, hr=>60",22,Processed
720844,"(-1995) Flat rolled prod, i/nas, not in coil, hr =",22,Processed
720845,"(-1995) Flat rolled prod, i/nas, not in coil, hr =",22,Processed
720851,(1996-) Of a thickness exceeding 10 mm,22,Processed
720852,(1996-) Of a thickness of 4.75 mm or more but not exceeding 10 mm,22,Processed
720853,(1996-) Of a thickness of 3 mm or more but less than 4.75 mm,22,Processed
720854,(1996-) Of a thickness of less than 3 mm,22,Processed
720890,Other,22,Processed
720911,"(-1995) Flat rolled prod, i/nas, in coil, cr, =>60",22,Processed
720912,"(-1995) Flat rlld prod, i/nas, in coil, cr,=>600mm",22,Processed
720913,"(-1995) Flat rlld prod,i/nas,in coil,cr,=>600mm w,",22,Processed
720914,"(-1995) Flat rlld prod, i/nas, in coil, cr,=>600mm",22,Processed
720915,(1996-) Of a thickness of 3 mm or more,22,Processed
720916,(1996-) Of a thickness exceeding 1 mm but less than 3 mm,22,Processed
720917,(1996-) Of a thickness of 0.5 mm or more but not exceeding 1 mm,22,Processed
720918,(1996-) Of a thickness of less than 0.5 mm,22,Processed
720921,"(-1995) Flat rolled prod, i/nas, in coil, cr, =>60",22,Processed
720922,"(-1995) Flat rolled prod, i/nas, in coil, cr, =>60",22,Processed
720923,"(-1995) Flat rlld prod, i/nas, in coil, cr,=>600mm",22,Processed
720924,"(-1995) Flat rlld prod, i/nas, in coil, cr,=>600mm",22,Processed
720925,(1996-) Of a thickness of 3 mm or more,22,Processed
720926,(1996-) Of a thickness exceeding 1 mm but less than 3 mm,22,Processed
720927,(1996-) Of a thickness of 0.5 mm or more but not exceeding 1 mm,22,Processed
720928,(1996-) Of a thickness of less than 0.5 mm,22,Processed
720931,"(-1995) Flat rlld prod, i/nas, not in coil, cr=>60",22,Processed
720932,"(-1995) Flat rolled prod, i/nas, not in coil,cr=>6",22,Processed
720933,"(-1995) Flat rlld prod,i/nas,not in coil,cr=>600mm",22,Processed
720934,"(-1995) Flat rlld prod, i/nas, not in coil, cr=>60",22,Processed
720941,"(-1995) Flat rlld prod, i/nas, not in coil, cr=>60",22,Processed
720942,"(-1995) Flat rolled prod, i/nas, not in coil, cr =",22,Processed
720943,"(-1995) Flat rolled prod, i/nas, not in coil, cr =",22,Processed
720944,"(-1995) Flat rlld prod, i/nas, not in coil, cr=>60",22,Processed
720990,Other,22,Processed
721011,Of a thickness of 0.5 mm or more,22,Processed
721012,Of a thickness of less than 0.5 mm,22,Processed
721020,"Plated or coated with lead, including terneplate",22,Processed
721030,(1996-) Electrolytically plated or coated with zinc,22,Processed
721031,"(-1995) Flat rolled prod,steel,electro pltd/w/ zin",22,Processed
721039,"(-1995) Flat rolled prod, i/nas, electro pltd or c",22,Processed
721041,Corrugated,22,Processed
721049,Other,22,Processed
721050,Plated or coated with chromium oxides or with chromium and chromium oxides,22,Processed
721060,"(-1995) Flat rolled prod, i/nas, plated or coated ",22,Processed
721061,(1996-) Plated or coated with aluminiumzinc alloys,22,Processed
721069,(1996-) Other,22,Processed
721070,"Painted, varnished or coated with plastics",22,Processed
721090,Other,22,Processed
721111,"(-1995) Flat rlld prod,i/nas,hr,rlld on 4 face,150",22,Processed
721112,"(-1995) Flat rolled prod, i/nas, hr, <600mm wide =",22,Processed
721113,"(1996-) Rolled on four faces or in a closed box pass, of a width exceeding 150 mm and a thickness of not less than 4 mm, not in coils and without patterns in relief",22,Processed
721114,"(1996-) Other, of a thickness of 4.75 mm or more",22,Processed
721119,Other,22,Processed
721121,"(-1995) Flat rlld prod,i/nas,hr,rlld on 4 faces,15",22,Processed
721122,"(-1995) Flat rolled prod, i/nas, hr, <600mm wide, ",22,Processed
721123,(1996-) Containing by weight less than 0.25 % of carbon,22,Processed
721129,Other,22,Processed
721130,"(-1995) Flat rlld prod,i/nas,cr,<600mm wide<3mm th",22,Processed
721141,"(-1995) Flat rlld prod,i/nas,cr,<600mm wide cntg b",22,Processed
721149,"(-1995) Flat rolled prod, i/nas, cold rolled or co",22,Processed
721190,Other,22,Processed
721210,Plated or coated with tin,22,Processed
721220,(1996-) Electrolytically plated or coated with zinc,22,Processed
721221,"(-1995) Flat rlld prod, steel, <600mm w, <3mm thk ",22,Processed
721229,"(-1995) Flat rolled prod, i/nas, <600mm wide, clad",22,Processed
721230,Otherwise plated or coated with zinc,22,Processed
721240,"Painted, varnished or coated with plastics",22,Processed
721250,Otherwise plated or coated,22,Processed
721260,Clad,22,Processed
721310,"Containing indentations, ribs, grooves or other deformations produced during the rolling process",22,Processed
721320,"Other, of freecutting steel",22,Processed
721331,"(-1995) Bars/rods,i/nas,hr,in irreg wnd coils of c",22,Processed
721339,"(-1995) Bars & rods, i/nas, hr, containing by weig",22,Processed
721341,"(-1995) Bars&rods,i/nas,hr,of circ cross sect<14mm",22,Processed
721349,"(-1995) Bars & rods, i/nas, hr, containing by wght",22,Processed
721350,"(-1995) Bars&rods,iron or non-alloy steel,hr conta",22,Processed
721391,(1996-) Of circular crosssection measuring less than 14 mm in diameter,22,Processed
721399,(1996-) Other,22,Processed
721410,Forged,22,Processed
721420,"Containing indentations, ribs, grooves or other deformations produced during the rolling process or twisted after rolling",22,Processed
721430,"Other, of freecutting steel",22,Processed
721440,"(-1995) Bars&rods,i/nas,hot rlld,drawn/extruded,cn",22,Processed
721450,"(-1995) Bars & rods, i/nas, hr, hd or he, cntg by ",22,Processed
721460,"(-1995) Bars & rods, i/nas, hr, hd or he, cntg by ",22,Processed
721491,(1996-) Of rectangular (other than square) crosssection,22,Processed
721499,(1996-) Other,22,Processed
721510,"Of freecutting steel, not further worked than coldformed or coldfinished",22,Processed
721520,"(-1995) Bars & rods, i/nas, nfw than cold formed o",22,Processed
721530,"(-1995) Bars&rods,i/nas,nfw than cold formed or fi",22,Processed
721540,"(-1995) Bars & rods, i/nas, nfw than cold formed o",22,Processed
721550,"(1996-) Other, not further worked than coldformed or coldfinished",22,Processed
721590,Other,22,Processed
721610,"U, I or H sections, not further worked than hotrolled, hotdrawn or extruded, of a height of less than 80 mm",22,Processed
721621,L sections,22,Processed
721622,T sections,22,Processed
721631,U sections,22,Processed
721632,I sections,22,Processed
721633,H sections,22,Processed
721640,"L or T sections, not further worked than hotrolled, hotdrawn or extruded, of a height of 80 mm or more",22,Processed
721650,"Other angles, shapes and sections, not further worked than hotrolled, hotdrawn or extruded",22,Processed
721660,"(-1995) Angles, shapes and sections, i/nas, nfw th",22,Processed
721661,(1996-) Obtained from flatrolled products,22,Processed
721669,(1996-) Other,22,Processed
721690,"(-1995) Angles, shapes and sections, iron or non-a",22,Processed
721691,(1996-) Coldformed or coldfinished from flatrolled products,22,Processed
721699,(1996-) Other,22,Processed
721710,"(1996-) Not plated or coated, whether or not polished",22,Processed
721711,"(-1995) Wire,i/nas,polished or not,but not plated ",22,Processed
721712,"(-1995) Wire,i/nas,plated or coated with zinc,cont",22,Processed
721713,"(-1995) Wire,i/nas,plated or coated with oth base ",22,Processed
721719,"(-1995) Wire, i/nas, containing by weight less tha",22,Processed
721720,(1996-) Plated or coated with zinc,22,Processed
721721,"(-1995) Wire, i/nas,polished or not,but not pltd o",22,Processed
721722,"(-1995) Wire, i/nas, plated or coated with zinc co",22,Processed
721723,"(-1995) Wire,i/nas,pltd or ctd with oth base mtls ",22,Processed
721729,"(-1995) Wire, iron or non-alloy steel, nes contain",22,Processed
721730,(1996-) Plated or coated with other base metals,22,Processed
721731,"(-1995) Wire,i/nas,polished or not,but not pltd or",22,Processed
721732,"(-1995) Wire,i/nas,plated or coated with zinc cont",22,Processed
721733,"(-1995) Wire,i/nas,pltd or ctd with oth base mtls ",22,Processed
721739,"(-1995) Wire, iron or non-alloy steel, nes contain",22,Processed
721790,(1996-) Other,22,Processed
721810,Ingots and other primary forms,22,Processed
721890,"(-1995) Semi-finished products, stainless steel",22,Processed
721891,(1996-) Of rectangular (other than square) crosssection,22,Processed
721899,(1996-) Other,22,Processed
721911,Of a thickness exceeding 10 mm,22,Processed
721912,Of a thickness of 4.75 mm or more but not exceeding 10 mm,22,Processed
721913,Of a thickness of 3 mm or more but less than 4.75 mm,22,Processed
721914,Of a thickness of less than 3 mm,22,Processed
721921,Of a thickness exceeding 10 mm,22,Processed
721922,Of a thickness of 4.75 mm or more but not exceeding 10 mm,22,Processed
721923,Of a thickness of 3 mm or more but less than 4.75 mm,22,Processed
721924,Of a thickness of less than 3 mm,22,Processed
721931,Of a thickness of 4.75 mm or more,22,Processed
721932,Of a thickness of 3 mm or more but less than 4.75 mm,22,Processed
721933,Of a thickness exceeding 1 mm but less than 3 mm,22,Processed
721934,Of a thickness of 0.5 mm or more but not exceeding 1 mm,22,Processed
721935,Of a thickness of less than 0.5 mm,22,Processed
721990,Other,22,Processed
722011,Of a thickness of 4.75 mm or more,22,Processed
722012,Of a thickness of less than 4.75 mm,22,Processed
722020,Not further worked than coldrolled (coldreduced),22,Processed
722090,Other,22,Processed
722100,"Bars and rods, hotrolled, in irregularly wound coils, of stainless steel.",22,Processed
722210,"(-1995) Bars & rods, stainless steel, nfw than hot",22,Processed
722211,(1996-) Of circular crosssection,22,Processed
722219,(1996-) Other,22,Processed
722220,"Bars and rods, not further worked than coldformed or coldfinished",22,Processed
722230,Other bars and rods,22,Processed
722240,"Angles, shapes and sections",22,Processed
722300,Wire of stainless steel.,22,Processed
722410,Ingots and other primary forms,22,Processed
722490,Other,22,Processed
722510,(-1995) Flat rolled products of silicon-electrical,22,Processed
722511,(1996-) Grainoriented,22,Processed
722519,(1996-) Other,22,Processed
722520,(-2006) Of high speed steel,22,Processed
722530,"Other, not further worked than hotrolled, in coils",22,Processed
722540,"Other, not further worked than hotrolled, not in coils",22,Processed
722550,"Other, not further worked than coldrolled (coldreduced)",22,Processed
722590,"(-1995) Flat rolled prod, as, o/t stainless, =>600",22,Processed
722591,(1996-) Electrolytically plated or coated with zinc,22,Processed
722592,(1996-) Otherwise plated or coated with zinc,22,Processed
722599,(1996-) Other,22,Processed
722610,"(-1995) Flat rolled prod, of silicon electrical st",22,Processed
722611,(1996-) Grainoriented,22,Processed
722619,(1996-) Other,22,Processed
722620,Of high speed steel,22,Processed
722691,Not further worked than hotrolled,22,Processed
722692,Not further worked than coldrolled (coldreduced),22,Processed
722693,(1996-2006) Electrolytically plated or coated with zinc,22,Processed
722694,(1996-2006) Otherwise plated or coated with zinc,22,Processed
722699,Other,22,Processed
722710,Of high speed steel,22,Processed
722720,Of silicomanganese steel,22,Processed
722790,Other,22,Processed
722810,"Bars and rods, of high speed steel",22,Processed
722820,"Bars and rods, of silicomanganese steel",22,Processed
722830,"Other bars and rods, not further worked than hotrolled, hotdrawn or extruded",22,Processed
722840,"Other bars and rods, not further worked than forged",22,Processed
722850,"Other bars and rods, not further worked than coldformed or coldfinished",22,Processed
722860,Autres barres,22,Processed
722870,Profilés,22,Processed
722880,Barres creuses pour le forage,22,Processed
722910,(-2006) En aciers à coupe rapide,22,Processed
722920,En aciers silico-manganeux,22,Processed
722990,Autres,22,Processed
730110,Sheet piling,22,Processed
730120,"Angles, shapes and sections",22,Processed
730210,Rails,22,Processed
730220,(-2001) Sleepers (cross-ties),22,Processed
730230,"Switch blades, crossing frogs, point rods and other crossing pieces",22,Processed
730240,Fishplates and sole plates,22,Processed
730290,Other,22,Processed
730300,"Tubes, pipes and hollow profiles, of cast iron.",22,Processed
730410,(-2006) Line pipe of a kind used for oil or gas pipelines,22,Processed
730420,"(-1995) Casings,tubing&drill pipe,i/st,smls,for us",22,Processed
730421,(1996-2006) Drill pipe,22,Processed
730429,(1996-) Other,22,Processed
730431,Cold-drawn or cold-rolled (cold-reduced),22,Processed
730439,Other,22,Processed
730441,Cold-drawn or cold-rolled (cold-reduced),22,Processed
730449,Other,22,Processed
730451,Cold-drawn or cold-rolled (cold-reduced),22,Processed
730459,Other,22,Processed
730490,Other,22,Processed
730511,Longitudinally submerged arc welded,22,Processed
730512,"Other, longitudinally welded",22,Processed
730519,Other,22,Processed
730520,Casing of a kind used in drilling for oil or gas,22,Processed
730531,Longitudinally welded,22,Processed
730539,Other,22,Processed
730590,Other,22,Processed
730610,(-2006) Line pipe of a kind used for oil or gas pipelines,22,Processed
730620,(-2006) Casing and tubing of a kind used in drilling for oil or gas,22,Processed
730630,"Other, welded, of circular crosssection, of iron or nonalloy steel",22,Processed
730640,"Other, welded, of circular crosssection, of stainless steel",22,Processed
730650,"Other, welded, of circular crosssection, of other alloy steel",22,Processed
730660,"(-2006) Other, welded, of noncircular crosssection",22,Processed
730690,Other,22,Processed
730711,Of nonmalleable cast iron,22,Processed
730719,Other,22,Processed
730721,Flanges,22,Processed
730722,"Threaded elbows, bends and sleeves",22,Processed
730723,Butt welding fittings,22,Processed
730729,Other,22,Processed
730791,Flanges,22,Processed
730792,"Threaded elbows, bends and sleeves",22,Processed
730793,Butt welding fittings,22,Processed
730799,Other,22,Processed
730810,Bridges and bridge-sections,22,Processed
730820,Towers and lattice masts,22,Processed
730830,"Doors, windows and their frames and thresholds for doors",22,Processed
730840,"Equipment for scaffolding, shuttering, propping or pitpropping",22,Processed
730890,Other,22,Processed
731210,"Stranded wire, ropes and cables",22,Processed
731290,Other,22,Processed
731300,"Barbed wire of iron or steel; twisted hoop or single flat wire, barbed or not, and loosely twisted double wire, of a kind used for fencing, of iron or steel.",22,Processed
731411,"(-1995) Woven products, stainless steel",22,Processed
731412,"(1996-) Endless bands for machinery, of stainless steel",22,Processed
731413,(1996-2006) Other endless bands for machinery,22,Processed
731414,"(1996-) Other woven cloth, of stainless steel",22,Processed
731419,Other,22,Processed
731420,"Grill, netting and fencing, welded at the intersection, of wire with a maximum crosssectional dimension of 3 mm or more and having a mesh size of 100 cm² or more",22,Processed
731430,"(-1995) Grill, netting, fencing, iron or steel, we",22,Processed
731431,(1996-) Plated or coated with zinc,22,Processed
731439,(1996-) Other,22,Processed
731441,Plated or coated with zinc,22,Processed
731442,Coated with plastics,22,Processed
731449,Other,22,Processed
731450,Expanded metal,22,Processed
731511,Roller chain,22,Processed
731512,Other chain,22,Processed
731519,Parts,22,Processed
731520,Skid chain,22,Processed
731581,Studlink,22,Processed
731582,"Other, welded link",22,Processed
731589,Other,22,Processed
731590,Other parts,22,Processed
731700,"Nails, tacks, drawing pins, corrugated nails, staples (other than those of heading 83.05) and similar articles, of iron or steel, whether or not with heads of other material, but excluding such articles with heads of copper.",22,Processed
731811,Coach screws,22,Processed
731812,Other wood screws,22,Processed
731813,Screw hooks and screw rings,22,Processed
731814,Selftapping screws,22,Processed
731815,"Other screws and bolts, whether or not with their nuts or washers",22,Processed
731816,Nuts,22,Processed
731819,Other,22,Processed
731821,Spring washers and other lock washers,22,Processed
731822,Other washers,22,Processed
731823,Rivets,22,Processed
731824,Cotters and cotterpins,22,Processed
731829,Other,22,Processed
732010,Leafsprings and leaves therefor,22,Processed
732020,Helical springs,22,Processed
732090,Other,22,Processed
732190,Parts,22,Processed
732410,"Sinks and wash basins, of stainless steel",22,Processed
732421,"Of cast iron, whether or not enamelled",22,Processed
732429,Other,22,Processed
732490,"Other, including parts",22,Processed
732510,Of nonmalleable cast iron,22,Processed
732591,Grinding balls and similar articles for mills,22,Processed
732599,Other,22,Processed
732611,Grinding balls and similar articles for mills,22,Processed
732619,Other,22,Processed
732620,Articles of iron or steel wire,22,Processed
732690,Other,22,Processed
740110,(-2006) Copper mattes,22,Processed
740120,(-2006) Cement copper (precipitated copper),22,Processed
740200,Unrefined copper; copper anodes for electrolytic refining.,22,Processed
740311,Cathodes and sections of cathodes,22,Processed
740312,Wirebars,22,Processed
740313,Billets,22,Processed
740319,Other,22,Processed
740321,Copperzinc base alloys (brass),22,Processed
740322,Coppertin base alloys (bronze),22,Processed
740323,(-2006) Coppernickel base alloys (cupronickel) or coppernickelzinc base alloys (nickel silver),22,Processed
740329,Other copper alloys (other than master alloys of heading 74.05),22,Processed
740500,Master alloys of copper.,22,Processed
740610,Powders of nonlamellar structure,22,Processed
740620,Powders of lamellar structure; flakes,22,Processed
740710,Of refined copper,22,Processed
740721,Of copperzinc base alloys (brass),22,Processed
740722,(-2006) Of coppernickel base alloys (cupronickel) or coppernickelzinc base alloys (nickel silver),22,Processed
740729,Other,22,Processed
740811,Of which the maximum crosssectional dimension exceeds 6 mm,22,Processed
740819,Other,22,Processed
740821,Of copperzinc base alloys (brass),22,Processed
740822,Of coppernickel base alloys (cupronickel) or coppernickelzinc base alloys (nickel silver),22,Processed
740829,Other,22,Processed
740911,In coils,22,Processed
740919,Other,22,Processed
740921,In coils,22,Processed
740929,Other,22,Processed
740931,In coils,22,Processed
740939,Other,22,Processed
740940,Of  coppernickel  base  alloys (cupronickel) or copper nickelzinc base alloys (nickel silver),22,Processed
740990,Of other copper alloys,22,Processed
741011,Of refined copper,22,Processed
741012,Of copper alloys,22,Processed
741021,Of refined copper,22,Processed
741022,Of copper alloys,22,Processed
741110,Of refined copper,22,Processed
741121,Of copperzinc base alloys (brass),22,Processed
741122,Of coppernickel base alloys (cupronickel) or coppernickelzinc base alloys (nickel silver),22,Processed
741129,Other,22,Processed
741210,Of refined copper,22,Processed
741220,Of copper alloys,22,Processed
741300,"Stranded wire, cables, plaited bands and the like, of copper, not electrically insulated.",22,Processed
741410,(-1995) Endless bands of copper wire for machinery,22,Processed
741420,(1996-2006) Cloth,22,Processed
741490,(-2006) Other,22,Processed
741510,"Nails and tacks, drawing pins, staples and similar articles",22,Processed
741521,Washers (including spring washers),22,Processed
741529,Other,22,Processed
741531,(-2001) Other threaded articles :-- Screws for wood,22,Processed
741532,(-2001) Other threaded articles :-- Other screws; bolts an,22,Processed
741533,(2002-) Screws; bolts and nuts,22,Processed
741539,Other,22,Processed
741600,(-2006) Copper springs.,22,Processed
741820,Sanitary ware and parts thereof,22,Processed
741910,Chain and parts thereof,22,Processed
741991,"Cast, moulded, stamped or forged, but not further worked",22,Processed
741999,Other,22,Processed
750110,Nickel mattes,22,Processed
750120,Nickel oxide sinters and other intermediate products of nickel metallurgy,22,Processed
750210,"Nickel, not alloyed",22,Processed
750220,Nickel alloys,22,Processed
750400,Nickel powders and flakes.,22,Processed
750511,"Of nickel, not alloyed",22,Processed
750512,Of nickel alloys,22,Processed
750521,"Of nickel, not alloyed",22,Processed
750522,Of nickel alloys,22,Processed
750610,"Of nickel, not alloyed",22,Processed
750620,Of nickel alloys,22,Processed
750711,"Of nickel, not alloyed",22,Processed
750712,Of nickel alloys,22,Processed
750720,Tube or pipe fittings,22,Processed
750800,"(-1995) Articles of nickel, nes",22,Processed
750810,"(1996-) Cloth, grill and netting, of nickel wire",22,Processed
750890,(1996-) Other,22,Processed
760110,"Aluminium, not alloyed",22,Processed
760120,Aluminium alloys,22,Processed
760310,Powders of nonlamellar structure,22,Processed
760320,Powders of lamellar structure; flakes,22,Processed
760410,"Of aluminium, not alloyed",22,Processed
760421,Hollow profiles,22,Processed
760429,Other,22,Processed
760511,Of which the maximum crosssectional dimension exceeds 7 mm,22,Processed
760519,Other,22,Processed
760521,Of which the maximum crosssectional dimension exceeds 7 mm,22,Processed
760529,Other,22,Processed
760611,"Of aluminium, not alloyed",22,Processed
760612,Of aluminium alloys,22,Processed
760691,"Of aluminium, not alloyed",22,Processed
760692,Of aluminium alloys,22,Processed
760711,Rolled but not further worked,22,Processed
760719,Other,22,Processed
760720,Backed,22,Processed
760810,"Of aluminium, not alloyed",22,Processed
760820,Of aluminium alloys,22,Processed
760900,"Aluminium tube or pipe fittings (for example, couplings, elbows, sleeves).",22,Processed
761010,"Doors, windows and their frames and thresholds for doors",22,Processed
761090,Other,22,Processed
761410,With steel core,22,Processed
761490,Other,22,Processed
761520,Sanitary ware and parts thereof,22,Processed
761610,"Nails, tacks, staples (other than those of heading 83.05), screws, bolts, nuts, screw hooks, rivets, cotters, cotterpins, washers and similar articles",22,Processed
761690,"(-1995) Articles of aluminium, nes, for example ca",22,Processed
761691,"(1996-) Cloth, grill, netting and fencing, of aluminium wire",22,Processed
761699,(1996-) Other,22,Processed
780110,Refined lead,22,Processed
780191,Containing by weight antimony as the principal other element,22,Processed
780199,Other,22,Processed
780300,"(-2006) Lead bars, rods, profiles and wire.",22,Processed
780411,"Sheets, strip and foil of a thickness (excluding any backing) not exceeding 0.2 mm",22,Processed
780419,Other,22,Processed
780420,Powders and flakes,22,Processed
780500,"(-2006) Lead tubes, pipes and tube or pipe fittings (for example, couplings, elbows, sleeves).",22,Processed
780600,Other articles of lead.,22,Processed
790111,Containing by weight 99.99 % or more of zinc,22,Processed
790112,Containing by weight less than 99.99 % of zinc,22,Processed
790120,Zinc alloys,22,Processed
790310,Zinc dust,22,Processed
790390,Other,22,Processed
790400,"Zinc bars, rods, profiles and wire.",22,Processed
790500,"Zinc plates, sheets, strip and foil.",22,Processed
790600,"(-2006) Zinc tubes, pipes and tube or pipe fittings (for example, couplings, elbows, sleeves).",22,Processed
790700,(1996-) Other articles of zinc.,22,Processed
790710,(-1995) Zinc fabricated building components(ex gut,22,Processed
790790,(-1995) Articles of zinc nes,22,Processed
800110,"Tin, not alloyed",22,Processed
800120,Tin alloys,22,Processed
800300,"Tin bars, rods, profiles and wire.",22,Processed
800400,"(-2006) Tin plates, sheets and strip, of a thickness exceeding 0.2 mm.",22,Processed
800500,"(1996-2006) Tin foil (whether or not printed or backed with paper, paperboard, plastics or similar backing materials), of a thickness (excluding any backing) not exceeding 0.2 mm; tin powders and flakes.",22,Processed
800510,(-1995) Tin foil (w/n printed or backed of a thick,22,Processed
800520,(-1995) Tin powders and flakes,22,Processed
800600,"(-2006) Tin tubes, pipes and tube or pipe fittings (for example, couplings, elbows, sleeves).",22,Processed
810110,Powders,22,Processed
810191,"(-2001) Other :-- Unwrought tungsten, including bars and r",22,Processed
810192,"(-2001) Other :-- Bars and rods, other than those obtained",22,Processed
810193,(-2001) Other :-- Wire,22,Processed
810194,"(2002-) Unwrought tungsten, including bars and rods obtained simply by sintering",22,Processed
810195,"(2002-2006) Bars and rods, other than those obtained simply by sintering, profiles, plates, sheets, strip and foil",22,Processed
810196,(2002-) Wire,22,Processed
810197,(2002-) Waste and scrap,22,Processed
810199,Other,22,Processed
810210,Powders,22,Processed
810291,"(-2001) Other :-- Unwrought molybdenum, including bars and",22,Processed
810292,"(-2001) Other :-- Bars and rods, other than those obtained",22,Processed
810293,(-2001) Other :-- Wire,22,Processed
810294,"(2002-) Unwrought molybdenum, including bars and rods obtained simply by sintering",22,Processed
810295,"(2002-) Bars and rods, other than those obtained simply by sintering, profiles, plates, sheets, strip and foil",22,Processed
810296,(2002-) Wire,22,Processed
810297,(2002-) Waste and scrap,22,Processed
810299,Other,22,Processed
810310,"(-2001) Unwrought tantalum, including bars and rods obtain",22,Processed
810320,"(2002-) Unwrought tantalum, including bars and rods obtained simply by sintering; powders",22,Processed
810330,(2002-) Waste and scrap,22,Processed
810390,Other,22,Processed
810411,Containing at least 99.8 % by weight of magnesium,22,Processed
810419,Other,22,Processed
810430,"Raspings, turnings and granules, graded according to size; powders",22,Processed
810490,Other,22,Processed
810510,(-2001) Cobalt mattes and other intermediate products of c,22,Processed
810520,(2002-) Cobalt mattes and other intermediate products of cobalt metallurgy; unwrought cobalt; powders,22,Processed
810530,(2002-) Waste and scrap,22,Processed
810590,Other,22,Processed
810600,"Bismuth and articles thereof, including waste and scrap.",22,Processed
810710,(-2001) Unwrought cadmium; waste and scrap; powders,22,Processed
810720,(2002-) Unwrought cadmium; powders,22,Processed
810730,(2002-) Waste and scrap,22,Processed
810790,Other,22,Processed
810810,(-2001) Unwrought titanium; waste and scrap; powders,22,Processed
810820,(2002-) Unwrought titanium; powders,22,Processed
810830,(2002-) Waste and scrap,22,Processed
810890,Other,22,Processed
810910,(-2001) Unwrought zirconium; waste and scrap; powders,22,Processed
810920,(2002-) Unwrought zirconium; powders,22,Processed
810930,(2002-) Waste and scrap,22,Processed
810990,Other,22,Processed
811000,"(-2001) Antimony and articles thereof, including waste and",22,Processed
811010,(2002-) Unwrought antimony; powders,22,Processed
811020,(2002-) Waste and scrap,22,Processed
811090,(2002-) Other,22,Processed
811100,"Manganese and articles thereof, including waste and scrap.",22,Processed
811211,(-2001) Beryllium :-- Unwrought; waste and scrap; powders,22,Processed
811212,(2002-) Unwrought; powders,22,Processed
811213,(2002-) Waste and scrap,22,Processed
811219,Other,22,Processed
811220,(-2001) Chromium,22,Processed
811221,(2002-) Unwrought; powders,22,Processed
811222,(2002-) Waste and scrap,22,Processed
811229,(2002-) Other,22,Processed
811230,(-2006) Germanium,22,Processed
811240,(-2006) Vanadium,22,Processed
811251,(2002-) Unwrought; powders,22,Processed
811252,(2002-) Waste and scrap,22,Processed
811259,(2002-) Other,22,Processed
811291,(-2001) Other :-- Unwrought; waste and scrap; powders,22,Processed
811292,(2002-) Unwrought; waste and scrap; powders,22,Processed
811299,Other,22,Processed
811300,"Cermets and articles thereof, including waste and scrap.",22,Processed
830110,Padlocks,22,Processed
830120,Locks of a kind used for motor vehicles,22,Processed
830130,Locks of a kind used for furniture,22,Processed
830140,Other locks,22,Processed
830150,"Clasps and frames with clasps, incorporating locks",22,Processed
830160,Parts,22,Processed
830170,Keys presented separately,22,Processed
830210,Hinges,22,Processed
830220,Castors,22,Processed
830241,Suitable for buildings,22,Processed
830242,"Other, suitable for furniture",22,Processed
830249,Other,22,Processed
830250,"Hatracks, hatpegs, brackets and similar fixtures",22,Processed
830260,Automatic door closers,22,Processed
830510,Fittings for looseleaf binders or files,22,Processed
830520,Staples in strips,22,Processed
830590,"Other, including parts",22,Processed
830610,"Bells, gongs and the like",22,Processed
830710,Of iron or steel,22,Processed
830790,Of other base metal,22,Processed
830810,"Hooks, eyes and eyelets",22,Processed
830820,Tubular or bifurcated rivets,22,Processed
830890,"Other, including parts",22,Processed
830910,Crown corks,22,Processed
830990,Other,22,Processed
831000,"Signplates, nameplates, addressplates and similar plates, numbers, letters and other symbols, of base metal, excluding those of heading 94.05.",22,Processed
831110,"Coated electrodes of base metal, for electric arcwelding",22,Processed
831120,"Cored wire of base metal, for electric arcwelding",22,Processed
831130,"Coated rods and cored wire, of base metal, for soldering, brazing or welding by flame",22,Processed
831190,"Other, including parts",22,Processed
845230,Sewing machine needles,22,Processed
845240,"Furniture, bases and covers for sewing machines and parts thereof",22,Processed
845290,Other parts of sewing machines,22,Processed
850690,Parts,22,Processed
850790,Parts,22,Processed
850990,Parts,22,Processed
851090,Parts,22,Processed
851190,Parts,22,Processed
851290,Parts,22,Processed
851310,Lamps,22,Processed
851390,Parts,22,Processed
851610,Electric instantaneous or storage water heaters and immersion heaters,22,Processed
851680,Electric heating resistors,22,Processed
851690,Parts,22,Processed
853931,"Fluorescent, hot cathode",22,Processed
853932,(1996-) Mercury or sodium vapour lamps; metal halide lamps,22,Processed
853939,Other,22,Processed
853940,(-1995) Ultra-violet or infra-red lamps; arc lamps,22,Processed
853941,(1996-) Arclamps,22,Processed
853949,(1996-) Other,22,Processed
853990,Parts,22,Processed
854411,Of copper,22,Processed
854419,Other,22,Processed
854420,Coaxial cable and other coaxial electric conductors,22,Processed
854430,"Ignition wiring sets and other wiring sets of a kind used in vehicles, aircraft or ships",22,Processed
854441,(-2006) Fitted with connectors,22,Processed
854449,Other,22,Processed
854451,(-2006) Fitted with connectors,22,Processed
854459,(-2006) Other,22,Processed
854460,"Other electric conductors, for a voltage exceeding 1,000 V",22,Processed
854470,Optical fibre cables,22,Processed
854690,Other,22,Processed
854710,Insulating fittings of ceramics,22,Processed
854720,Insulating fittings of plastics,22,Processed
854790,Other,22,Processed
900110,"Optical fibres, optical fibre bundles and cables",22,Processed
900120,Sheets and plates of polarising material,22,Processed
900130,Contact lenses,22,Processed
900140,Spectacle lenses of glass,22,Processed
900150,Spectacle lenses of other materials,22,Processed
900190,Other,22,Processed
900211,"For cameras, projectors or photographic enlargers or reducers",22,Processed
900219,Other,22,Processed
900220,Filters,22,Processed
900290,Other,22,Processed
900691,For cameras,22,Processed
900699,Other,22,Processed
910811,With mechanical display only or with a device to which a mechanical display can be incorporated,22,Processed
910812,With optoelectronic display only,22,Processed
910819,Other,22,Processed
910820,With automatic winding,22,Processed
910890,(2002-) Other,22,Processed
910891,(-2001) Other :-- Measuring 33.8 mm or less,22,Processed
910899,(-2001) Other,22,Processed
910911,Of alarm clocks,22,Processed
910919,Other,22,Processed
910990,Other,22,Processed
911011,"Complete movements, unassembled or partly assembled (movement sets)",22,Processed
911012,"Incomplete movements, assembled",22,Processed
911019,Rough movements,22,Processed
911090,Other,22,Processed
911110,Cases of precious metal or of metal clad with precious metal,22,Processed
911120,"Cases of base metal, whether or not gold or silverplated",22,Processed
911180,Other cases,22,Processed
911190,Parts,22,Processed
911210,(-2001) Cases of metal,22,Processed
911220,(2002-) Cases,22,Processed
911280,(-2001) Other cases,22,Processed
911290,Parts,22,Processed
911410,"Springs, including hairsprings",22,Processed
911420,Jewels,22,Processed
911430,Dials,22,Processed
911440,Plates and bridges,22,Processed
911490,Other,22,Processed
920910,"(-2006) Metronomes, tuning forks and pitch pipes",22,Processed
920920,(-2006) Mechanisms for musical boxes,22,Processed
920930,Musical instrument strings,22,Processed
920991,Parts and accessories for pianos,22,Processed
920992,Parts and accessories for the musical instruments of heading 92.02,22,Processed
920993,(-2006) Parts and accessories for the musical instruments of heading 92.03,22,Processed
920994,Parts and accessories for the musical instruments of heading 92.07,22,Processed
920999,Other,22,Processed
940190,Parts,22,Processed
940510,"Chandeliers and other electric ceiling or wall lighting fittings, excluding those of a kind used for lighting public open spaces or thoroughfares",22,Processed
940520,"Electric table, desk, bedside or floorstanding lamps",22,Processed
940540,Other electric lamps and lighting fittings,22,Processed
940550,Nonelectrical lamps and lighting fittings,22,Processed
940560,"Illuminated signs, illuminated nameplates and the like",22,Processed
940591,Of glass,22,Processed
940592,Of plastics,22,Processed
940599,Other,22,Processed
940600,Prefabricated buildings.,22,Processed
960310,"- Brooms and brushes, consisting of twigs or other vegetable materials bound together, with or without handles ",22,Processed
960321,"Tooth brushes, including dental-plate brushes",22,Processed
960329,-- Other,22,Processed
960330,"- Artists' brushes, writing brushes and similar brushes for the application of cosmetics",22,Processed
960340,"- Paint, distemper, varnish or similar brushes (other than brushes of subheading 9603.30); paint pads and rollers",22,Processed
960350,"- Other brushes constituting parts of machines, appliances or vehicles",22,Processed
960390,- Other,22,Processed
960400,Hand sieves and hand riddles.,22,Processed
960610,"Pressfasteners, snapfasteners and pressstuds and parts therefor",22,Processed
960621,"Of plastics, not covered with textile material",22,Processed
960622,"Of base metal, not covered with textile material",22,Processed
960629,Other,22,Processed
960630,Button moulds and other parts of buttons; button blanks,22,Processed
960711,Fitted with chain scoops of base metal,22,Processed
960719,Other,22,Processed
960720,Parts,22,Processed
961100,"Date, sealing or numbering stamps, and the like (including devices for printing or embossing labels), designed for operating in the hand; handoperated composing sticks and hand printing sets incorporating such composing sticks.",22,Processed
961210,Ribbons,22,Processed
961220,Inkpads,22,Processed
961390,Parts,22,Processed
961410,"(-1995) Roughly shpd blocks of wood or root,for th",22,Processed
270111,Anthracite,31,Primary
270112,Bituminous coal,31,Primary
270119,Other coal,31,Primary
270210,"Lignite, whether or not pulverised, but not agglomerated",31,Primary
270300,"Peat (including peat litter), whether or not agglomerated.",31,Primary
270900,"Petroleum oils and oils obtained from bituminous minerals, crude.",31,Primary
271121,Natural gas,31,Primary
271129,Other,31,Primary
440110,"Fuel wood, in logs, in billets, in twigs, in faggots or in similar forms",31,Primary
010210,Purebred breeding animals,41,Capital goods (except for transport equipment)
010310,Purebred breeding animals,41,Capital goods (except for transport equipment)
711510,"Catalysts in the form of wire cloth or grill, of platinum",41,Capital goods (except for transport equipment)
711590,Other,41,Capital goods (except for transport equipment)
730900,"Reservoirs, tanks, vats and similar containers for any material (other than compressed or liquefied gas), of iron or steel, of a capacity exceeding 300 l, whether or not lined or heat-insulated, but not fitted with mechanical or thermal equipment.",41,Capital goods (except for transport equipment)
731010,Of a capacity of 50 l or more,41,Capital goods (except for transport equipment)
731021,Cans which are to be closed by soldering or crimping,41,Capital goods (except for transport equipment)
731029,Other,41,Capital goods (except for transport equipment)
731100,"Containers for compressed or liquefied gas, of iron or steel.",41,Capital goods (except for transport equipment)
732211,Of cast iron,41,Capital goods (except for transport equipment)
732219,Other,41,Capital goods (except for transport equipment)
732290,Other,41,Capital goods (except for transport equipment)
761100,"Aluminium reservoirs, tanks, vats and similar containers, for any material (other than compressed or liquefied gas), of a capacity exceeding 300 l, whether or not lined or heatinsulated, but not fitted with mechanical or thermal equipment.",41,Capital goods (except for transport equipment)
761210,Collapsible tubular containers,41,Capital goods (except for transport equipment)
761290,Other,41,Capital goods (except for transport equipment)
761300,Aluminium containers for compressed or liquefied gas.,41,Capital goods (except for transport equipment)
820110,Spades and shovels,41,Capital goods (except for transport equipment)
820120,Forks,41,Capital goods (except for transport equipment)
820130,"Mattocks, picks, hoes and rakes",41,Capital goods (except for transport equipment)
820140,"Axes, bill hooks and similar hewing tools",41,Capital goods (except for transport equipment)
820150,Secateurs and similar onehanded pruners and shears (including poultry shears),41,Capital goods (except for transport equipment)
820160,"Hedge shears, twohanded pruning shears and similar twohanded shears",41,Capital goods (except for transport equipment)
820190,"Other hand tools of a kind used in agriculture, horticulture or forestry",41,Capital goods (except for transport equipment)
820210,Hand saws,41,Capital goods (except for transport equipment)
820310,"Files, rasps and similar tools",41,Capital goods (except for transport equipment)
820320,"Pliers (including cutting pliers), pincers, tweezers and similar tools",41,Capital goods (except for transport equipment)
820330,Metal cutting shears and similar tools,41,Capital goods (except for transport equipment)
820340,"Pipecutters, bolt croppers, perforating punches and similar tools",41,Capital goods (except for transport equipment)
820411,Nonadjustable,41,Capital goods (except for transport equipment)
820412,Adjustable,41,Capital goods (except for transport equipment)
820420,"Interchangeable spanner sockets, with or without handles",41,Capital goods (except for transport equipment)
820510,"Drilling, threading or tapping tools",41,Capital goods (except for transport equipment)
820520,Hammers and sledge hammers,41,Capital goods (except for transport equipment)
820530,"Planes, chisels, gouges and similar cutting tools for working wood",41,Capital goods (except for transport equipment)
820540,Screwdrivers,41,Capital goods (except for transport equipment)
820551,Household tools,41,Capital goods (except for transport equipment)
820559,Other,41,Capital goods (except for transport equipment)
820560,Blow lamps,41,Capital goods (except for transport equipment)
820570,"Vices, clamps and the like",41,Capital goods (except for transport equipment)
820580,Anvils; portable forges; hand or pedaloperated grinding wheels with frameworks,41,Capital goods (except for transport equipment)
820590,Sets of articles of two or more of the foregoing subheadings,41,Capital goods (except for transport equipment)
820600,"Tools of two or more of the headings 82.02 to 82.05, put up in sets for retail sale.",41,Capital goods (except for transport equipment)
830300,"Armoured or reinforced safes, strongboxes and doors and safe deposit lockers for strongrooms, cash or deed boxes and the like, of base metal.",41,Capital goods (except for transport equipment)
830400,"Filing cabinets, cardindex cabinets, paper trays, paper rests, pen trays, officestamp stands and similar office or desk equipment, of base metal, other than office furniture of heading 94.03.",41,Capital goods (except for transport equipment)
840110,Nuclear reactors,41,Capital goods (except for transport equipment)
840120,"Machinery and apparatus for isotopic separation, and parts thereof",41,Capital goods (except for transport equipment)
840130,"Fuel elements (cartridges), nonirradiated",41,Capital goods (except for transport equipment)
840211,Watertube boilers with a steam production exceeding 45 t per  hour,41,Capital goods (except for transport equipment)
840212,Watertube boilers with a steam production not exceeding 45 t  per hour,41,Capital goods (except for transport equipment)
840219,"Other vapour generating boilers, including hybrid boilers",41,Capital goods (except for transport equipment)
840220,Superheated water boilers,41,Capital goods (except for transport equipment)
840310,Boilers,41,Capital goods (except for transport equipment)
840390,Parts,41,Capital goods (except for transport equipment)
840410,Auxiliary plant for use with boilers of heading 84.02 or 84.03,41,Capital goods (except for transport equipment)
840420,Condensers for steam or other vapour power units,41,Capital goods (except for transport equipment)
840510,"Producer gas or water gas generators, with or without their purifiers; acetylene gas generators and similar water process gas generators, with or without their purifiers",41,Capital goods (except for transport equipment)
840610,(1996-) Turbines for marine propulsion,41,Capital goods (except for transport equipment)
840611,(-1995) Steam and vapour turbines for marine propu,41,Capital goods (except for transport equipment)
840619,(-1995) Steam and vapour turbines nes,41,Capital goods (except for transport equipment)
840681,(1996-) Of an output exceeding 40 MW,41,Capital goods (except for transport equipment)
840682,(1996-) Of an output not exceeding 40 MW,41,Capital goods (except for transport equipment)
840790,Other engines,41,Capital goods (except for transport equipment)
840890,Other engines,41,Capital goods (except for transport equipment)
841011,"Of a power not exceeding 1,000 kW",41,Capital goods (except for transport equipment)
841012,"Of a power exceeding 1,000 kW but not exceeding 10,000 kW",41,Capital goods (except for transport equipment)
841013,"Of a power exceeding 10,000 kW",41,Capital goods (except for transport equipment)
841221,Linear acting (cylinders),41,Capital goods (except for transport equipment)
841229,Other,41,Capital goods (except for transport equipment)
841231,Linear acting (cylinders),41,Capital goods (except for transport equipment)
841239,Other,41,Capital goods (except for transport equipment)
841280,Other,41,Capital goods (except for transport equipment)
841311,"Pumps for dispensing fuel or lubricants, of the type used in fillingstations or in garages",41,Capital goods (except for transport equipment)
841319,Other,41,Capital goods (except for transport equipment)
841320,"Hand pumps, other than those of subheading 8413.11 or 8413.19",41,Capital goods (except for transport equipment)
841330,"Fuel, lubricating or cooling medium pumps for internal combustion piston engines",41,Capital goods (except for transport equipment)
841340,Concrete pumps,41,Capital goods (except for transport equipment)
841350,Other reciprocating positive displacement pumps,41,Capital goods (except for transport equipment)
841360,Other rotary positive displacement pumps,41,Capital goods (except for transport equipment)
841370,Other centrifugal pumps,41,Capital goods (except for transport equipment)
841381,Pumps,41,Capital goods (except for transport equipment)
841382,Liquid elevators,41,Capital goods (except for transport equipment)
841410,Vacuum pumps,41,Capital goods (except for transport equipment)
841420,Hand or footoperated air pumps,41,Capital goods (except for transport equipment)
841430,Compressors of a kind used in refrigerating equipment,41,Capital goods (except for transport equipment)
841440,Air compressors mounted on a wheeled chassis for towing,41,Capital goods (except for transport equipment)
841459,Other,41,Capital goods (except for transport equipment)
841480,Other,41,Capital goods (except for transport equipment)
841510,"Window or wall types, selfcontained or  splitsystem",41,Capital goods (except for transport equipment)
841520,"(1996-) Of a kind used for persons, in motor vehicles",41,Capital goods (except for transport equipment)
841581,Incorporating a refrigerating unit and a valve for reversal of  the cooling/heat cycle (reversible heat pumps),41,Capital goods (except for transport equipment)
841582,"Other, incorporating a refrigerating unit",41,Capital goods (except for transport equipment)
841583,Not incorporating a refrigerating unit,41,Capital goods (except for transport equipment)
841610,Furnace burners for liquid fuel,41,Capital goods (except for transport equipment)
841620,"Other furnace burners, including combination burners",41,Capital goods (except for transport equipment)
841630,"Mechanical stokers, including their mechanical grates, mechanical ash dischargers and similar appliances",41,Capital goods (except for transport equipment)
841710,"Furnaces and ovens for the roasting, melting or other heattreatment of ores, pyrites or of metals",41,Capital goods (except for transport equipment)
841720,"Bakery ovens, including biscuit ovens",41,Capital goods (except for transport equipment)
841780,Other,41,Capital goods (except for transport equipment)
841850,"Other refrigerating or freezing chests, cabinets, display counters, showcases and similar refrigerating or freezing furniture",41,Capital goods (except for transport equipment)
841861,Compression type units whose condensers are heat exchangers,41,Capital goods (except for transport equipment)
841869,Other,41,Capital goods (except for transport equipment)
841911,Instantaneous gas water heaters,41,Capital goods (except for transport equipment)
841919,Other,41,Capital goods (except for transport equipment)
841920,"Medical, surgical or laboratory sterilisers",41,Capital goods (except for transport equipment)
841931,For agricultural products,41,Capital goods (except for transport equipment)
841932,"For wood, paper pulp, paper or paperboard",41,Capital goods (except for transport equipment)
841939,Other,41,Capital goods (except for transport equipment)
841940,Distilling or rectifying plant,41,Capital goods (except for transport equipment)
841950,Heat exchange units,41,Capital goods (except for transport equipment)
841960,Machinery for liquefying air or other gases,41,Capital goods (except for transport equipment)
841981,For making hot drinks or for cooking or heating food,41,Capital goods (except for transport equipment)
841989,Other,41,Capital goods (except for transport equipment)
842010,Calendering or other rolling machines,41,Capital goods (except for transport equipment)
842111,Cream separators,41,Capital goods (except for transport equipment)
842112,Clothesdryers,41,Capital goods (except for transport equipment)
842119,Other,41,Capital goods (except for transport equipment)
842121,For filtering or purifying water,41,Capital goods (except for transport equipment)
842122,For filtering or purifying beverages other than water,41,Capital goods (except for transport equipment)
842123,Oil or petrolfilters for internal combustion engines,41,Capital goods (except for transport equipment)
842129,Other,41,Capital goods (except for transport equipment)
842131,Intake air filters for internal combustion engines,41,Capital goods (except for transport equipment)
842139,Other,41,Capital goods (except for transport equipment)
842219,Other,41,Capital goods (except for transport equipment)
842220,Machinery for cleaning or drying bottles or other containers,41,Capital goods (except for transport equipment)
842230,"Machinery for filling, closing, sealing, or labelling bottles, cans, boxes, bags or other containers; machinery for capsuling bottles, jars, tubes and similar containers; machinery for aerating beverages",41,Capital goods (except for transport equipment)
842240,Other packing or wrapping machinery (including heatshrink wrapping machinery),41,Capital goods (except for transport equipment)
842310,"Personal weighing machines, including baby scales; household scales",41,Capital goods (except for transport equipment)
842320,Scales for continuous weighing of goods on conveyors,41,Capital goods (except for transport equipment)
842330,"Constant weight scales and scales for discharging a predetermined weight of material into a bag or container, including hopper scales",41,Capital goods (except for transport equipment)
842381,Having a maximum weighing capacity not exceeding 30 kg,41,Capital goods (except for transport equipment)
842382,"Having a maximum weighing capacity exceeding 30 kg but  not exceeding 5,000 kg",41,Capital goods (except for transport equipment)
842389,Other,41,Capital goods (except for transport equipment)
842410,"Fire extinguishers, whether or not charged",41,Capital goods (except for transport equipment)
842420,Spray guns and similar appliances,41,Capital goods (except for transport equipment)
842430,Steam or sand blasting machines and similar jet projecting machines,41,Capital goods (except for transport equipment)
842481,Agricultural or horticultural,41,Capital goods (except for transport equipment)
842489,Other,41,Capital goods (except for transport equipment)
842511,Powered by electric motor,41,Capital goods (except for transport equipment)
842519,Other,41,Capital goods (except for transport equipment)
842520,(-2006) Pit-head winding gear; winches specially designed for use underground,41,Capital goods (except for transport equipment)
842531,Powered by electric motor,41,Capital goods (except for transport equipment)
842539,Other,41,Capital goods (except for transport equipment)
842541,Built-in jacking systems of a type used in garages,41,Capital goods (except for transport equipment)
842542,"Other jacks and hoists, hydraulic",41,Capital goods (except for transport equipment)
842549,Other,41,Capital goods (except for transport equipment)
842611,Overhead travelling cranes on fixed support,41,Capital goods (except for transport equipment)
842612,Mobile lifting frames on tyres and straddle carriers,41,Capital goods (except for transport equipment)
842619,Other,41,Capital goods (except for transport equipment)
842620,Tower cranes,41,Capital goods (except for transport equipment)
842630,Portal or pedestal jib cranes,41,Capital goods (except for transport equipment)
842641,On tyres,41,Capital goods (except for transport equipment)
842649,Other,41,Capital goods (except for transport equipment)
842691,Designed for mounting on road vehicles,41,Capital goods (except for transport equipment)
842699,Other,41,Capital goods (except for transport equipment)
842710,Selfpropelled trucks powered by an electric motor,41,Capital goods (except for transport equipment)
842720,Other selfpropelled trucks,41,Capital goods (except for transport equipment)
842790,Other trucks,41,Capital goods (except for transport equipment)
842810,Lifts and skip hoists,41,Capital goods (except for transport equipment)
842820,Pneumatic elevators and conveyors,41,Capital goods (except for transport equipment)
842831,Specially designed for underground use,41,Capital goods (except for transport equipment)
842832,"Other, bucket type",41,Capital goods (except for transport equipment)
842833,"Other, belt type",41,Capital goods (except for transport equipment)
842839,Other,41,Capital goods (except for transport equipment)
842840,Escalators and moving walkways,41,Capital goods (except for transport equipment)
842850,"(-2006) Mine wagon pushers, locomotive or wagon traversers, wagon tippers and similar railway wagon handling equipment",41,Capital goods (except for transport equipment)
842860,"Teleferics, chairlifts, skidraglines; traction mechanisms for funiculars",41,Capital goods (except for transport equipment)
842890,Other machinery,41,Capital goods (except for transport equipment)
842911,Track laying,41,Capital goods (except for transport equipment)
842919,Other,41,Capital goods (except for transport equipment)
842920,Graders and levellers,41,Capital goods (except for transport equipment)
842930,Scrapers,41,Capital goods (except for transport equipment)
842940,Tamping machines and road rollers,41,Capital goods (except for transport equipment)
842951,Frontend shovel loaders,41,Capital goods (except for transport equipment)
842952,Machinery with a 360° revolving superstructure,41,Capital goods (except for transport equipment)
842959,Other,41,Capital goods (except for transport equipment)
843010,Piledrivers and pileextractors,41,Capital goods (except for transport equipment)
843020,Snowploughs and snowblowers,41,Capital goods (except for transport equipment)
843031,Selfpropelled,41,Capital goods (except for transport equipment)
843039,Other,41,Capital goods (except for transport equipment)
843041,Selfpropelled,41,Capital goods (except for transport equipment)
843049,Other,41,Capital goods (except for transport equipment)
843050,"Other machinery, selfpropelled",41,Capital goods (except for transport equipment)
843061,Tamping or compacting machinery,41,Capital goods (except for transport equipment)
843062,"(-2001) Other machinery, not self-propelled :- Scrapers",41,Capital goods (except for transport equipment)
843069,Other,41,Capital goods (except for transport equipment)
843210,Ploughs,41,Capital goods (except for transport equipment)
843221,Disc harrows,41,Capital goods (except for transport equipment)
843229,Other,41,Capital goods (except for transport equipment)
843230,"Seeders, planters and transplanters",41,Capital goods (except for transport equipment)
843240,Manure spreaders and fertiliser distributors,41,Capital goods (except for transport equipment)
843280,Other machinery,41,Capital goods (except for transport equipment)
843320,"Other mowers, including cutter bars for tractor mounting",41,Capital goods (except for transport equipment)
843330,Other haymaking machinery,41,Capital goods (except for transport equipment)
843340,"Straw or fodder balers, including pickup balers",41,Capital goods (except for transport equipment)
843351,Combine harvesterthreshers,41,Capital goods (except for transport equipment)
843352,Other threshing machinery,41,Capital goods (except for transport equipment)
843353,Root or tuber harvesting machines,41,Capital goods (except for transport equipment)
843359,Other,41,Capital goods (except for transport equipment)
843360,"Machines for cleaning, sorting or grading eggs, fruit or other agricultural produce",41,Capital goods (except for transport equipment)
843410,Milking machines,41,Capital goods (except for transport equipment)
843420,Dairy machinery,41,Capital goods (except for transport equipment)
843510,Machinery,41,Capital goods (except for transport equipment)
843610,Machinery for preparing animal feeding stuffs,41,Capital goods (except for transport equipment)
843621,Poultry incubators and brooders,41,Capital goods (except for transport equipment)
843629,Other,41,Capital goods (except for transport equipment)
843680,Other machinery,41,Capital goods (except for transport equipment)
843710,"Machines for cleaning, sorting or grading seed, grain or dried leguminous vegetables",41,Capital goods (except for transport equipment)
843780,Other machinery,41,Capital goods (except for transport equipment)
843810,"Bakery machinery and machinery for the manufacture of macaroni, spaghetti or similar products",41,Capital goods (except for transport equipment)
843820,"Machinery for the manufacture of confectionery, cocoa or chocolate",41,Capital goods (except for transport equipment)
843830,Machinery for sugar manufacture,41,Capital goods (except for transport equipment)
843840,Brewery machinery,41,Capital goods (except for transport equipment)
843850,Machinery for the preparation of meat or poultry,41,Capital goods (except for transport equipment)
843860,"Machinery for the preparation of fruits, nuts or vegetables",41,Capital goods (except for transport equipment)
843880,Other machinery,41,Capital goods (except for transport equipment)
843910,Machinery for making pulp of fibrous cellulosic material,41,Capital goods (except for transport equipment)
843920,Machinery for making paper or paperboard,41,Capital goods (except for transport equipment)
843930,Machinery for finishing paper or paperboard,41,Capital goods (except for transport equipment)
844010,Machinery,41,Capital goods (except for transport equipment)
844110,Cutting machines,41,Capital goods (except for transport equipment)
844120,"Machines for making bags, sacks or envelopes",41,Capital goods (except for transport equipment)
844130,"Machines for making cartons, boxes, cases, tubes, drums or similar containers, other than by moulding",41,Capital goods (except for transport equipment)
844140,"Machines for moulding articles in paper pulp, paper or paperboard",41,Capital goods (except for transport equipment)
844180,Other machinery,41,Capital goods (except for transport equipment)
844210,(-2006) Phototypesetting and composing machines,41,Capital goods (except for transport equipment)
844220,"(-2006) Machinery, apparatus and equipment for typesetting or composing by other processes, with or without founding device",41,Capital goods (except for transport equipment)
844230,"Other machinery, apparatus and equipment",41,Capital goods (except for transport equipment)
844311,Reel fed,41,Capital goods (except for transport equipment)
844312,"Sheet fed, office type (sheet size not exceeding 22 x 36 cm)",41,Capital goods (except for transport equipment)
844319,Other,41,Capital goods (except for transport equipment)
844321,(-2006) Reel fed,41,Capital goods (except for transport equipment)
844329,(-2006) Other,41,Capital goods (except for transport equipment)
844330,(-2006) Flexographic printing machinery,41,Capital goods (except for transport equipment)
844340,(-2006) Gravure printing machinery,41,Capital goods (except for transport equipment)
844350,(-1995) Printing machinery nes,41,Capital goods (except for transport equipment)
844351,(1996-2006) Inkjet printing machines,41,Capital goods (except for transport equipment)
844359,(1996-2006) Other,41,Capital goods (except for transport equipment)
844360,(-2006) Machines for uses ancillary to printing,41,Capital goods (except for transport equipment)
844400,"Machines for extruding, drawing, texturing or cutting manmade textile materials.",41,Capital goods (except for transport equipment)
844511,Carding machines,41,Capital goods (except for transport equipment)
844512,Combing machines,41,Capital goods (except for transport equipment)
844513,Drawing or roving machines,41,Capital goods (except for transport equipment)
844519,Other,41,Capital goods (except for transport equipment)
844520,Textile spinning machines,41,Capital goods (except for transport equipment)
844530,Textile doubling or twisting machines,41,Capital goods (except for transport equipment)
844540,Textile winding (including weftwinding) or reeling machines,41,Capital goods (except for transport equipment)
844590,Other,41,Capital goods (except for transport equipment)
844610,For weaving fabrics of a width not exceeding 30 cm,41,Capital goods (except for transport equipment)
844621,Power looms,41,Capital goods (except for transport equipment)
844629,Other,41,Capital goods (except for transport equipment)
844630,"For weaving fabrics of a width exceeding 30 cm, shuttleless type",41,Capital goods (except for transport equipment)
844711,With cylinder diameter not exceeding 165 mm,41,Capital goods (except for transport equipment)
844712,With cylinder diameter exceeding 165 mm,41,Capital goods (except for transport equipment)
844720,Flat knitting machines; stitchbonding machines,41,Capital goods (except for transport equipment)
844790,Other,41,Capital goods (except for transport equipment)
844900,"Machinery for the manufacture or finishing of felt or nonwovens in the piece or in shapes, including machinery for making felt hats; blocks for making hats.",41,Capital goods (except for transport equipment)
845020,"Machines, each of a dry linen capacity exceeding 10 kg",41,Capital goods (except for transport equipment)
845110,Drycleaning machines,41,Capital goods (except for transport equipment)
845129,Other,41,Capital goods (except for transport equipment)
845130,Ironing machines and presses (including fusing presses),41,Capital goods (except for transport equipment)
845140,"Washing, bleaching or dyeing machines",41,Capital goods (except for transport equipment)
845150,"Machines for reeling, unreeling, folding, cutting or pinking textile fabrics",41,Capital goods (except for transport equipment)
845180,Other machinery,41,Capital goods (except for transport equipment)
845221,Automatic units,41,Capital goods (except for transport equipment)
845229,Other,41,Capital goods (except for transport equipment)
845310,"Machinery for preparing, tanning or working hides, skins or leather",41,Capital goods (except for transport equipment)
845320,Machinery for making or repairing footwear,41,Capital goods (except for transport equipment)
845380,Other machinery,41,Capital goods (except for transport equipment)
845410,Converters,41,Capital goods (except for transport equipment)
845420,Ingot moulds and ladles,41,Capital goods (except for transport equipment)
845430,Casting machines,41,Capital goods (except for transport equipment)
845510,Tube mills,41,Capital goods (except for transport equipment)
845521,Hot or combination hot and cold,41,Capital goods (except for transport equipment)
845522,Cold,41,Capital goods (except for transport equipment)
845610,Operated by laser or other light or photon beam processes,41,Capital goods (except for transport equipment)
845620,Operated by ultrasonic processes,41,Capital goods (except for transport equipment)
845630,Operated by electrodischarge processes,41,Capital goods (except for transport equipment)
845690,"(-1995, 2007-) Mach-tls for work any mat by rem of mat op",41,Capital goods (except for transport equipment)
845691,(1996-2006) For dryetching patterns on semiconductor materials,41,Capital goods (except for transport equipment)
845699,(1996-2006) Other,41,Capital goods (except for transport equipment)
845710,Machining centres,41,Capital goods (except for transport equipment)
845720,Unit construction machines (single station),41,Capital goods (except for transport equipment)
845730,Multistation transfer machines,41,Capital goods (except for transport equipment)
845811,Numerically controlled,41,Capital goods (except for transport equipment)
845819,Other,41,Capital goods (except for transport equipment)
845891,Numerically controlled,41,Capital goods (except for transport equipment)
845899,Other,41,Capital goods (except for transport equipment)
845910,Waytype unit head machines,41,Capital goods (except for transport equipment)
845921,Numerically controlled,41,Capital goods (except for transport equipment)
845929,Other,41,Capital goods (except for transport equipment)
845931,Numerically controlled,41,Capital goods (except for transport equipment)
845939,Other,41,Capital goods (except for transport equipment)
845940,Other boring machines,41,Capital goods (except for transport equipment)
845951,Numerically controlled,41,Capital goods (except for transport equipment)
845959,Other,41,Capital goods (except for transport equipment)
845961,Numerically controlled,41,Capital goods (except for transport equipment)
845969,Other,41,Capital goods (except for transport equipment)
845970,Other threading or tapping machines,41,Capital goods (except for transport equipment)
846011,Numerically controlled,41,Capital goods (except for transport equipment)
846019,Other,41,Capital goods (except for transport equipment)
846021,Numerically controlled,41,Capital goods (except for transport equipment)
846029,Other,41,Capital goods (except for transport equipment)
846031,Numerically controlled,41,Capital goods (except for transport equipment)
846039,Other,41,Capital goods (except for transport equipment)
846040,Honing or lapping machines,41,Capital goods (except for transport equipment)
846090,Other,41,Capital goods (except for transport equipment)
846110,(-2001) Planing machines,41,Capital goods (except for transport equipment)
846120,Shaping or slotting machines,41,Capital goods (except for transport equipment)
846130,Broaching machines,41,Capital goods (except for transport equipment)
846140,"Gear cutting, gear grinding or gear finishing machines",41,Capital goods (except for transport equipment)
846150,Sawing or cuttingoff machines,41,Capital goods (except for transport equipment)
846190,Other,41,Capital goods (except for transport equipment)
846210,Forging or diestamping machines (including presses) and hammers,41,Capital goods (except for transport equipment)
846221,Numerically controlled,41,Capital goods (except for transport equipment)
846229,Other,41,Capital goods (except for transport equipment)
846231,Numerically controlled,41,Capital goods (except for transport equipment)
846239,Other,41,Capital goods (except for transport equipment)
846241,Numerically controlled,41,Capital goods (except for transport equipment)
846249,Other,41,Capital goods (except for transport equipment)
846291,Hydraulic presses,41,Capital goods (except for transport equipment)
846299,Other,41,Capital goods (except for transport equipment)
846310,"Drawbenches for bars, tubes, profiles, wire or the like",41,Capital goods (except for transport equipment)
846320,Thread rolling machines,41,Capital goods (except for transport equipment)
846330,Machines for working wire,41,Capital goods (except for transport equipment)
846390,Other,41,Capital goods (except for transport equipment)
846410,Sawing machines,41,Capital goods (except for transport equipment)
846420,Grinding or polishing machines,41,Capital goods (except for transport equipment)
846490,Other,41,Capital goods (except for transport equipment)
846510,Machines which can carry out different types of machining operations without tool change between such operations,41,Capital goods (except for transport equipment)
846591,Sawing machines,41,Capital goods (except for transport equipment)
846592,"Planing, milling or moulding (by cutting) machines",41,Capital goods (except for transport equipment)
846593,"Grinding, sanding or polishing machines",41,Capital goods (except for transport equipment)
846594,Bending or assembling machines,41,Capital goods (except for transport equipment)
846595,Drilling or morticing machines,41,Capital goods (except for transport equipment)
846596,"Splitting, slicing or paring machines",41,Capital goods (except for transport equipment)
846599,Other,41,Capital goods (except for transport equipment)
846610,Tool holders and selfopening dieheads,41,Capital goods (except for transport equipment)
846620,Work holders,41,Capital goods (except for transport equipment)
846630,Dividing heads and other special attachments for machinetools,41,Capital goods (except for transport equipment)
846711,Rotary type (including combined rotarypercussion),41,Capital goods (except for transport equipment)
846719,Other,41,Capital goods (except for transport equipment)
846721,(2002-) Drills of all kinds,41,Capital goods (except for transport equipment)
846722,(2002-) Saws,41,Capital goods (except for transport equipment)
846729,(2002-) Other,41,Capital goods (except for transport equipment)
846781,Chain saws,41,Capital goods (except for transport equipment)
846789,Other,41,Capital goods (except for transport equipment)
846810,Handheld blow pipes,41,Capital goods (except for transport equipment)
846820,Other gas-operated machinery and apparatus,41,Capital goods (except for transport equipment)
846880,Other machinery and apparatus,41,Capital goods (except for transport equipment)
846910,(-1995) Automatic typewriters and word-processing ,41,Capital goods (except for transport equipment)
846911,(1996-2006) Wordprocessing machines,41,Capital goods (except for transport equipment)
846912,(1996-2006) Automatic typewriters,41,Capital goods (except for transport equipment)
846920,"(1996-2006) Other typewriters, electric",41,Capital goods (except for transport equipment)
846921,"(-1995) Typewriters, electric, weighing not more t",41,Capital goods (except for transport equipment)
846929,"(-1995) Typewriters, electric, nes",41,Capital goods (except for transport equipment)
846930,"(1996-2006) Other typewriters, nonelectric",41,Capital goods (except for transport equipment)
846931,"(-1995) Typewriters, non-electric, weighing not mo",41,Capital goods (except for transport equipment)
846939,"(-1995) Typewriters, non-electric, nes",41,Capital goods (except for transport equipment)
847010,"Electronic calculators capable of operation without an external source of electric power and pocketsize data recording, reproducing and displaying machines with calculating functions",41,Capital goods (except for transport equipment)
847021,Incorporating a printing device,41,Capital goods (except for transport equipment)
847029,Other,41,Capital goods (except for transport equipment)
847030,Other calculating machines,41,Capital goods (except for transport equipment)
847040,(-2006) Accounting machines,41,Capital goods (except for transport equipment)
847050,Cash registers,41,Capital goods (except for transport equipment)
847090,Other,41,Capital goods (except for transport equipment)
847110,(-2006) Analogue or hybrid automatic data processing machines,41,Capital goods (except for transport equipment)
847120,(-1995) Digital auto data process mach cntg in the,41,Capital goods (except for transport equipment)
847130,"(1996-) Portable digital automatic data processing machines, weighing not more than 10 kg, consisting of a least a central processing unit, a keyboard and a display",41,Capital goods (except for transport equipment)
847141,"(1996-) Comprising in the same housing at least a central processing unit and an input and output unit, whether or not combined",41,Capital goods (except for transport equipment)
847149,"(1996-) Other, presented in the form of systems",41,Capital goods (except for transport equipment)
847150,"(1996-) Digital processing units other than those of subheading 8471.41 or 8471.49, whether or not containing in the same housing one or two of the following types of unit : storage units, input units, output units",41,Capital goods (except for transport equipment)
847160,"(1996-) Input or output units, whether or not containing storage units in the same housing",41,Capital goods (except for transport equipment)
847170,(1996-) Storage units,41,Capital goods (except for transport equipment)
847180,(1996-) Other units of automatic data processing machines,41,Capital goods (except for transport equipment)
847190,(1996-) Other,41,Capital goods (except for transport equipment)
847191,(-1995) Digital process units whether or not prese,41,Capital goods (except for transport equipment)
847192,"(-1995) Input or output units, whether or not pres",41,Capital goods (except for transport equipment)
847193,"(-1995) Storage units, whether or not presented wi",41,Capital goods (except for transport equipment)
847199,(-1995) Automatic data processing machines and uni,41,Capital goods (except for transport equipment)
847210,Duplicating machines,41,Capital goods (except for transport equipment)
847220,(-2006) Addressing machines and address plate embossing machines,41,Capital goods (except for transport equipment)
847230,"Machines for sorting or folding mail or for inserting mail in envelopes or bands, machines for opening, closing or sealing mail and machines for affixing or cancelling postage stamps",41,Capital goods (except for transport equipment)
847290,Other,41,Capital goods (except for transport equipment)
847410,"Sorting, screening, separating or washing machines",41,Capital goods (except for transport equipment)
847420,Crushing or grinding machines,41,Capital goods (except for transport equipment)
847431,Concrete or mortar mixers,41,Capital goods (except for transport equipment)
847432,Machines for mixing mineral substances with bitumen,41,Capital goods (except for transport equipment)
847439,Other,41,Capital goods (except for transport equipment)
847480,Other machinery,41,Capital goods (except for transport equipment)
847510,"Machines for assembling electric or electronic lamps,  tubes or valves or flashbulbs, in glass envelopes",41,Capital goods (except for transport equipment)
847520,(-1995) Machines for manufacturing or hot working ,41,Capital goods (except for transport equipment)
847521,(1996-) Machines for making optical fibres and preforms thereof,41,Capital goods (except for transport equipment)
847529,(1996-) Other,41,Capital goods (except for transport equipment)
847611,(-1995) Automatic gds-vending mach incorporating h,41,Capital goods (except for transport equipment)
847619,"(-1995) Automatic goods-vending machines, nes",41,Capital goods (except for transport equipment)
847621,(1996-) Incorporating heating or refrigerating devices,41,Capital goods (except for transport equipment)
847629,(1996-) Other,41,Capital goods (except for transport equipment)
847681,(1996-) Incorporating heating or refrigerating devices,41,Capital goods (except for transport equipment)
847689,(1996-) Other,41,Capital goods (except for transport equipment)
847710,Injectionmoulding machines,41,Capital goods (except for transport equipment)
847720,Extruders,41,Capital goods (except for transport equipment)
847730,Blow moulding machines,41,Capital goods (except for transport equipment)
847740,Vacuum moulding machines and other thermoforming machines,41,Capital goods (except for transport equipment)
847751,For moulding or retreading pneumatic tyres or for moulding or otherwise forming inner tubes,41,Capital goods (except for transport equipment)
847759,Other,41,Capital goods (except for transport equipment)
847780,Other machinery,41,Capital goods (except for transport equipment)
847810,Machinery,41,Capital goods (except for transport equipment)
847910,"Machinery for public works, building or the like",41,Capital goods (except for transport equipment)
847920,Machinery for the extraction or preparation of animal or fixed vegetable fats or oils,41,Capital goods (except for transport equipment)
847930,Presses for the manufacture of particle board or fibre building board of wood or other ligneous materials and  other machinery for treating wood or cork,41,Capital goods (except for transport equipment)
847940,Rope or cablemaking machines,41,Capital goods (except for transport equipment)
847950,"(1996-) Industrial robots, not elsewhere specified or included",41,Capital goods (except for transport equipment)
847960,(1996-) Evaporative air coolers,41,Capital goods (except for transport equipment)
847981,"For treating metal, including electric wire coilwinders",41,Capital goods (except for transport equipment)
847982,"Mixing, kneading, crushing, grinding, screening, sifting, homogenising, emulsifying or stirring machines",41,Capital goods (except for transport equipment)
847989,Other,41,Capital goods (except for transport equipment)
848010,Moulding boxes for metal foundry,41,Capital goods (except for transport equipment)
848020,Mould bases,41,Capital goods (except for transport equipment)
848030,Moulding patterns,41,Capital goods (except for transport equipment)
848041,Injection or compression types,41,Capital goods (except for transport equipment)
848049,Other,41,Capital goods (except for transport equipment)
848050,Moulds for glass,41,Capital goods (except for transport equipment)
848060,Moulds for mineral materials,41,Capital goods (except for transport equipment)
848071,Injection or compression types,41,Capital goods (except for transport equipment)
848079,Other,41,Capital goods (except for transport equipment)
850110,Motors of an output not exceeding 37.5 W,41,Capital goods (except for transport equipment)
850120,Universal AC/DC motors of an output exceeding 37.5 W,41,Capital goods (except for transport equipment)
850131,Of an output not exceeding 750 W,41,Capital goods (except for transport equipment)
850132,Of an output exceeding 750 W but not exceeding 75 kW,41,Capital goods (except for transport equipment)
850133,Of an output exceeding 75 kW but not exceeding 375 kW,41,Capital goods (except for transport equipment)
850134,Of an output exceeding 375 kW,41,Capital goods (except for transport equipment)
850140,"Other AC motors, singlephase",41,Capital goods (except for transport equipment)
850151,Of an output not exceeding 750 W,41,Capital goods (except for transport equipment)
850152,Of an output exceeding 750 W but not exceeding 75 kW,41,Capital goods (except for transport equipment)
850153,Of an output exceeding 75 kW,41,Capital goods (except for transport equipment)
850161,Of an output not exceeding 75 kVA,41,Capital goods (except for transport equipment)
850162,Of an output exceeding 75 kVA but not exceeding 375 kVA,41,Capital goods (except for transport equipment)
850163,Of an output exceeding 375 kVA but not exceeding 750 kVA,41,Capital goods (except for transport equipment)
850164,Of an output exceeding 750 kVA,41,Capital goods (except for transport equipment)
850211,Of an output not exceeding 75 kVA,41,Capital goods (except for transport equipment)
850212,Of an output exceeding 75 kVA but not exceeding 375 kVA,41,Capital goods (except for transport equipment)
850213,Of an output exceeding 375 kVA,41,Capital goods (except for transport equipment)
850220,Generating sets with sparkignition internal combustion piston engines,41,Capital goods (except for transport equipment)
850230,"(-1995) Electric generating sets, nes",41,Capital goods (except for transport equipment)
850231,(1996-) Windpowered,41,Capital goods (except for transport equipment)
850239,(1996-) Other,41,Capital goods (except for transport equipment)
850240,Electric rotary converters,41,Capital goods (except for transport equipment)
850410,Ballasts for discharge lamps or tubes,41,Capital goods (except for transport equipment)
850421,Having a power handling capacity not exceeding 650 kVA,41,Capital goods (except for transport equipment)
850422,"Having a power handling capacity exceeding 650 kVA but not exceeding 10,000 kVA",41,Capital goods (except for transport equipment)
850423,"Having a power handling capacity exceeding 10,000 kVA",41,Capital goods (except for transport equipment)
850431,Having a power handling capacity not exceeding 1 kVA,41,Capital goods (except for transport equipment)
850432,Having a power handling capacity exceeding 1 kVA but not exceeding 16 kVA,41,Capital goods (except for transport equipment)
850433,Having a power handling capacity exceeding 16 kVA but  not exceeding 500 kVA,41,Capital goods (except for transport equipment)
850434,Having a power handling capacity exceeding 500 kVA,41,Capital goods (except for transport equipment)
850440,Static converters,41,Capital goods (except for transport equipment)
850450,Other inductors,41,Capital goods (except for transport equipment)
850511,Of metal,41,Capital goods (except for transport equipment)
850519,Other,41,Capital goods (except for transport equipment)
850520,"Electromagnetic couplings, clutches and brakes",41,Capital goods (except for transport equipment)
850530,(-2006) Electromagnetic lifting heads,41,Capital goods (except for transport equipment)
850590,"Other, including parts",41,Capital goods (except for transport equipment)
850810,(-2001) Drills of all kinds,41,Capital goods (except for transport equipment)
850820,(-2001) Saws,41,Capital goods (except for transport equipment)
850880,(-2001) Other tools,41,Capital goods (except for transport equipment)
851410,Resistance heated furnaces and ovens,41,Capital goods (except for transport equipment)
851420,Furnaces and ovens functioning by induction or dielectric loss,41,Capital goods (except for transport equipment)
851430,Other furnaces and ovens,41,Capital goods (except for transport equipment)
851440,Other equipment for the heat treatment of materials by induction or dielectric loss,41,Capital goods (except for transport equipment)
851511,Soldering irons and guns,41,Capital goods (except for transport equipment)
851519,Other,41,Capital goods (except for transport equipment)
851521,Fully or partly automatic,41,Capital goods (except for transport equipment)
851529,Other,41,Capital goods (except for transport equipment)
851531,Fully or partly automatic,41,Capital goods (except for transport equipment)
851539,Other,41,Capital goods (except for transport equipment)
851580,Other machines and apparatus,41,Capital goods (except for transport equipment)
851710,(-1995) Telephone sets,41,Capital goods (except for transport equipment)
851711,(1996-) Line telephone sets with cordless handsets,41,Capital goods (except for transport equipment)
851719,(1996-2006) Other,41,Capital goods (except for transport equipment)
851720,(-1995) Teleprinters,41,Capital goods (except for transport equipment)
851721,(1996-2006) Facsimile machines,41,Capital goods (except for transport equipment)
851722,(1996-2006) Teleprinters,41,Capital goods (except for transport equipment)
851730,(-2006) Telephonic or telegraphic switching apparatus,41,Capital goods (except for transport equipment)
851740,"(-1995) Apparatus, for carrier-current line system",41,Capital goods (except for transport equipment)
851750,"(1996-2006) Other apparatus, for carriercurrent line systems or for digital line systems",41,Capital goods (except for transport equipment)
851780,(1996-2006) Other apparatus,41,Capital goods (except for transport equipment)
851781,"(-1995) Telephonic apparatus, nes",41,Capital goods (except for transport equipment)
851782,"(-1995) Telegraphic apparatus, nes",41,Capital goods (except for transport equipment)
851810,Microphones and stands therefor,41,Capital goods (except for transport equipment)
851821,"Single loudspeakers, mounted in their enclosures",41,Capital goods (except for transport equipment)
851822,"Multiple loudspeakers, mounted in the same enclosure",41,Capital goods (except for transport equipment)
851829,Other,41,Capital goods (except for transport equipment)
851830,"Headphones and earphones, whether or not combined with a microphone, and sets consisting of a microphone and one or more loudspeakers",41,Capital goods (except for transport equipment)
851840,Audiofrequency electric amplifiers,41,Capital goods (except for transport equipment)
851850,Electric sound amplifier sets,41,Capital goods (except for transport equipment)
851910,(-2006) Coin or discoperated recordplayers,41,Capital goods (except for transport equipment)
852010,(-2006) Dictating machines not capable of operating without an external source of power,41,Capital goods (except for transport equipment)
852020,(-2006) Telephone answering machines,41,Capital goods (except for transport equipment)
852031,(-1995) Magnetic tape rec incorporating sound repr,41,Capital goods (except for transport equipment)
852032,(1996-2006) Digital audio type,41,Capital goods (except for transport equipment)
852033,"(1996-2006) Other, cassettetype",41,Capital goods (except for transport equipment)
852039,(-2006) Other,41,Capital goods (except for transport equipment)
852090,(-2006) Other,41,Capital goods (except for transport equipment)
852110,Magnetic tape-type,41,Capital goods (except for transport equipment)
852190,Other,41,Capital goods (except for transport equipment)
852510,(-2006) Transmission apparatus,41,Capital goods (except for transport equipment)
852520,(-2006) Transmission apparatus incorporating reception apparatus,41,Capital goods (except for transport equipment)
852530,(-2006) Television cameras,41,Capital goods (except for transport equipment)
852540,(1996-2006) Still image video cameras and other video camera recorders; digital cameras,41,Capital goods (except for transport equipment)
852610,Radar apparatus,41,Capital goods (except for transport equipment)
852691,Radio navigational aid apparatus,41,Capital goods (except for transport equipment)
852692,Radio remote control apparatus,41,Capital goods (except for transport equipment)
852790,(-2006) Other apparatus,41,Capital goods (except for transport equipment)
853010,Equipment for railways or tramways,41,Capital goods (except for transport equipment)
853080,Other equipment,41,Capital goods (except for transport equipment)
853110,Burglar or fire alarms and similar apparatus,41,Capital goods (except for transport equipment)
853120,Indicator panels incorporating liquid crystal devices (LCD) or light emitting diodes (LED),41,Capital goods (except for transport equipment)
853180,Other apparatus,41,Capital goods (except for transport equipment)
853210,Fixed capacitors designed for use in 50/60 Hz circuits and having a reactive power handling capacity of not less than 0.5 kvar (power capacitors),41,Capital goods (except for transport equipment)
853221,Tantalum,41,Capital goods (except for transport equipment)
853222,Aluminium electrolytic,41,Capital goods (except for transport equipment)
853223,"Ceramic dielectric, single layer",41,Capital goods (except for transport equipment)
853224,"Ceramic dielectric, multilayer",41,Capital goods (except for transport equipment)
853225,Dielectric of paper or plastics,41,Capital goods (except for transport equipment)
853229,Other,41,Capital goods (except for transport equipment)
853230,Variable or adjustable (preset) capacitors,41,Capital goods (except for transport equipment)
854310,"(-1995, 2007-) Particle accelerators",41,Capital goods (except for transport equipment)
854311,(1996-2006) Ion implanters for doping semiconductor materials,41,Capital goods (except for transport equipment)
854319,(1996-2006) Other,41,Capital goods (except for transport equipment)
854320,Signal generators,41,Capital goods (except for transport equipment)
854330,"Machines and apparatus for electroplating, electrolysis or electrophoresis",41,Capital goods (except for transport equipment)
854340,(1996-2006) Electric fence energisers,41,Capital goods (except for transport equipment)
854380,"(-1995) Electrical machines and apparatus, having ",41,Capital goods (except for transport equipment)
854381,(1996-2006) Proximity cards and tags,41,Capital goods (except for transport equipment)
854389,(1996-2006) Other,41,Capital goods (except for transport equipment)
860800,"Railway or tramway track fixtures and fittings; mechanical (including electromechanical) signalling, safety or traffic control equipment for railways, tramways, roads, inland waterways, parking facilities, port installations or airfields; parts of the for",41,Capital goods (except for transport equipment)
870110,Pedestrian controlled tractors,41,Capital goods (except for transport equipment)
870130,Track-laying tractors,41,Capital goods (except for transport equipment)
870190,Other,41,Capital goods (except for transport equipment)
870911,Electrical,41,Capital goods (except for transport equipment)
870919,Other,41,Capital goods (except for transport equipment)
890510,Dredgers,41,Capital goods (except for transport equipment)
890520,Floating or submersible drilling or production platforms,41,Capital goods (except for transport equipment)
890590,Other,41,Capital goods (except for transport equipment)
890790,Other,41,Capital goods (except for transport equipment)
900580,Other instruments,41,Capital goods (except for transport equipment)
900711,For film of less than 16 mm width or for double8 mm film,41,Capital goods (except for transport equipment)
900719,Other,41,Capital goods (except for transport equipment)
900720,(1996-) Projectors,41,Capital goods (except for transport equipment)
900721,(-1995) Cinematographic projectors for film of les,41,Capital goods (except for transport equipment)
900729,"(-1995) Cinematographic projectors, nes",41,Capital goods (except for transport equipment)
900911,(-2006) Operating by reproducing the original image directly onto the copy (direct process),41,Capital goods (except for transport equipment)
900912,(-2006) Operating by reproducing the original image via an intermediate onto the copy (indirect process),41,Capital goods (except for transport equipment)
900921,(-2006) Incorporating an optical system,41,Capital goods (except for transport equipment)
900922,(-2006) Of the contact type,41,Capital goods (except for transport equipment)
900930,(-2006) Thermocopying apparatus,41,Capital goods (except for transport equipment)
901110,Stereoscopic microscopes,41,Capital goods (except for transport equipment)
901120,"Other microscopes, for photomicrography, cinephotomicrography or microprojection",41,Capital goods (except for transport equipment)
901210,Microscopes other than optical microscopes; diffraction apparatus,41,Capital goods (except for transport equipment)
901310,"Telescopic sights for fitting to arms; periscopes; telescopes designed to form parts of machines, appliances, instruments or apparatus of this Chapter or Section XVI",41,Capital goods (except for transport equipment)
901320,"Lasers, other than laser diodes",41,Capital goods (except for transport equipment)
901380,"Other devices, appliances and instruments",41,Capital goods (except for transport equipment)
901410,Direction finding compasses,41,Capital goods (except for transport equipment)
901420,Instruments and appliances for aeronautical or space navigation (other than compasses),41,Capital goods (except for transport equipment)
901480,Other instruments and appliances,41,Capital goods (except for transport equipment)
901510,Rangefinders,41,Capital goods (except for transport equipment)
901520,Theodolites and tachymeters (tacheometers),41,Capital goods (except for transport equipment)
901530,Levels,41,Capital goods (except for transport equipment)
901540,Photogrammetrical surveying instruments and appliances,41,Capital goods (except for transport equipment)
901580,Other instruments and appliances,41,Capital goods (except for transport equipment)
901600,"Balances of a sensitivity of 5 cg or better, with or without weights.",41,Capital goods (except for transport equipment)
901710,"Drafting tables and machines, whether or not automatic",41,Capital goods (except for transport equipment)
901720,"Other drawing, markingout or mathematical calculating instruments",41,Capital goods (except for transport equipment)
901730,"Micrometers, callipers and gauges",41,Capital goods (except for transport equipment)
901780,Other instruments,41,Capital goods (except for transport equipment)
901811,Electrocardiographs,41,Capital goods (except for transport equipment)
901812,(1996-) Ultrasonic scanning apparatus,41,Capital goods (except for transport equipment)
901813,(1996-) Magnetic resonance imaging apparatus,41,Capital goods (except for transport equipment)
901814,(1996-) Scintigraphic apparatus,41,Capital goods (except for transport equipment)
901819,Other,41,Capital goods (except for transport equipment)
901820,Ultraviolet or infrared ray apparatus,41,Capital goods (except for transport equipment)
901831,"Syringes, with or without needles",41,Capital goods (except for transport equipment)
901832,Tubular metal needles and needles for sutures,41,Capital goods (except for transport equipment)
901839,Other,41,Capital goods (except for transport equipment)
901841,"Dental drill engines, whether or not combined on a single base with other dental equipment",41,Capital goods (except for transport equipment)
901849,Other,41,Capital goods (except for transport equipment)
901850,Other ophthalmic instruments and appliances,41,Capital goods (except for transport equipment)
901890,Other instruments and appliances,41,Capital goods (except for transport equipment)
901910,Mechanotherapy appliances; massage apparatus; psychological aptitudetesting apparatus,41,Capital goods (except for transport equipment)
901920,"Ozone therapy, oxygen therapy, aerosol therapy, artificial respiration or other therapeutic respiration apparatus",41,Capital goods (except for transport equipment)
902000,"Other breathing appliances and gas masks, excluding protective masks having neither mechanical parts nor replaceable filters.",41,Capital goods (except for transport equipment)
902211,(-1995) Apparatus based on the use of X-rays for m,41,Capital goods (except for transport equipment)
902212,(1996-) Computed tomography apparatus,41,Capital goods (except for transport equipment)
902213,"(1996-) Other, for dental uses",41,Capital goods (except for transport equipment)
902214,"(1996-) Other, for medical, surgical or veterinary uses",41,Capital goods (except for transport equipment)
902219,For other uses,41,Capital goods (except for transport equipment)
902221,"For medical, surgical, dental or veterinary uses",41,Capital goods (except for transport equipment)
902229,For other uses,41,Capital goods (except for transport equipment)
902230,Xray tubes,41,Capital goods (except for transport equipment)
902290,"Other, including parts and accessories",41,Capital goods (except for transport equipment)
902300,"Instruments, apparatus and models, designed for demonstrational purposes (for example, in education or exhibitions), unsuitable for other uses.",41,Capital goods (except for transport equipment)
902410,Machines and appliances for testing metals,41,Capital goods (except for transport equipment)
902480,Other machines and appliances,41,Capital goods (except for transport equipment)
902511,"Liquid-filled, for direct reading",41,Capital goods (except for transport equipment)
902519,Other,41,Capital goods (except for transport equipment)
902520,"(-1995) Barometers, not combined with other instru",41,Capital goods (except for transport equipment)
902580,Other instruments,41,Capital goods (except for transport equipment)
902610,For measuring or checking the flow or level of liquids,41,Capital goods (except for transport equipment)
902620,For measuring or checking pressure,41,Capital goods (except for transport equipment)
902680,Other instruments or apparatus,41,Capital goods (except for transport equipment)
902710,Gas or smoke analysis apparatus,41,Capital goods (except for transport equipment)
902720,Chromatographs and electrophoresis instruments,41,Capital goods (except for transport equipment)
902730,"Spectrometers, spectrophotometers and spectrographs using optical radiations (UV, visible, IR)",41,Capital goods (except for transport equipment)
902740,(-2006) Exposure meters,41,Capital goods (except for transport equipment)
902750,"Other instruments and apparatus using optical radiations (UV, visible, IR)",41,Capital goods (except for transport equipment)
902780,Other instruments and apparatus,41,Capital goods (except for transport equipment)
902790,Microtomes; parts and accessories,41,Capital goods (except for transport equipment)
902810,Gas meters,41,Capital goods (except for transport equipment)
902820,Liquid meters,41,Capital goods (except for transport equipment)
902830,Electricity meters,41,Capital goods (except for transport equipment)
902910,"Revolution counters, production counters, taximeters, mileometers, pedometers and the like",41,Capital goods (except for transport equipment)
902920,Speed indicators and tachometers; stroboscopes,41,Capital goods (except for transport equipment)
903010,Instruments and apparatus for measuring or detecting ionising radiations,41,Capital goods (except for transport equipment)
903020,Cathode-ray oscilloscopes and cathode-ray oscillographs,41,Capital goods (except for transport equipment)
903031,Multimeters,41,Capital goods (except for transport equipment)
903039,Other,41,Capital goods (except for transport equipment)
903040,"Other instruments and apparatus, specially designed for telecommunications (for example, cross-talk meters, gain measuring instruments, distortion factor meters, psophometers)",41,Capital goods (except for transport equipment)
903081,(-1995) Inst&app for measuring or checking elec qt,41,Capital goods (except for transport equipment)
903082,(1996-) For measuring or checking semiconductor wafers or devices,41,Capital goods (except for transport equipment)
903083,"(1996-2006) Other, with a recording device",41,Capital goods (except for transport equipment)
903089,Other,41,Capital goods (except for transport equipment)
903110,Machines for balancing mechanical parts,41,Capital goods (except for transport equipment)
903120,Test benches,41,Capital goods (except for transport equipment)
903130,(-2006) Profile projectors,41,Capital goods (except for transport equipment)
903140,"(-1995) Optical instruments and appliances, nes",41,Capital goods (except for transport equipment)
903141,(1996-) For inspecting semiconductor wafers or devices or for inspecting photomasks or reticles used in manufacturing semiconductor devices,41,Capital goods (except for transport equipment)
903149,(1996-) Other,41,Capital goods (except for transport equipment)
903180,"Other instruments, appliances and machines",41,Capital goods (except for transport equipment)
903210,Thermostats,41,Capital goods (except for transport equipment)
903220,Manostats,41,Capital goods (except for transport equipment)
903281,Hydraulic or pneumatic,41,Capital goods (except for transport equipment)
903289,Other,41,Capital goods (except for transport equipment)
910610,Timeregisters; timerecorders,41,Capital goods (except for transport equipment)
910620,(-2006) Parking meters,41,Capital goods (except for transport equipment)
910690,Other,41,Capital goods (except for transport equipment)
910700,Time switches with clock or watch movement or with synchronous motor.,41,Capital goods (except for transport equipment)
940210,"Dentists', barbers' or similar chairs and parts thereof",41,Capital goods (except for transport equipment)
940290,Other,41,Capital goods (except for transport equipment)
950800,"(-2001) Roundabouts, swings, shooting galleries and other ",41,Capital goods (except for transport equipment)
950810,(2002-) Travelling circuses and travelling menageries,41,Capital goods (except for transport equipment)
950890,(2002-) Other,41,Capital goods (except for transport equipment)
961800,Tailors' dummies and other lay figures; automata and other animated displays used for shop window dressing.,41,Capital goods (except for transport equipment)
401010,"(-1995) Conveyor... belting, of vulcanized rubber ",42,Parts and accessories
401011,(1996-) Reinforced only with metal,42,Parts and accessories
401012,(1996-) Reinforced only with textile materials,42,Parts and accessories
401013,(1996-2006) Reinforced only with plastics,42,Parts and accessories
401019,(1996-) Other,42,Parts and accessories
401021,(1996-2001) Transmission belts or belting :-- Endless,42,Parts and accessories
401022,(1996-2001) Transmission belts or belting :-- Endless,42,Parts and accessories
401023,(1996-2001) Transmission belts or belting :-- Endless,42,Parts and accessories
401024,(1996-2001) Transmission belts or belting :-- Endless,42,Parts and accessories
401029,(1996-2001) Transmission belts or belting :-- Other,42,Parts and accessories
401031,"(2002-) Endless transmission belts of trapezoidal crosssection     (V belts), Vribbed, of an outside circumference exceeding 60  cm but not exceeding 180 cm",42,Parts and accessories
401032,"(2002-) Endless transmission belts of trapezoidal crosssection     (Vbelts), other than Vribbed, of an outside circumference exceeding 60 cm but not exceeding 180 cm",42,Parts and accessories
401033,"(2002-) Endless transmission belts of trapezoidal crosssection     (V belts), Vribbed, of an outside circumference exceeding 180 cm but not exceeding 240 cm",42,Parts and accessories
401034,"(2002-) Endless transmission belts of trapezoidal crosssection     (V belts), other than Vribbed, of an outside circumference exceeding 180 cm but not exceeding 240 cm",42,Parts and accessories
401035,"(2002-) Endless synchronous belts, of an outside circumference exceeding 60 cm but not exceeding 150 cm",42,Parts and accessories
401036,"(2002-) Endless synchronous belts, of an outside circumference exceeding 150 cm but not exceeding 198 cm",42,Parts and accessories
401039,(2002-) Other,42,Parts and accessories
401091,"(-1995) Conveyor... belting, of vulcanized rubber ",42,Parts and accessories
401099,"(-1995) Conveyor... belting, of vulcanized rubber ",42,Parts and accessories
420400,"(-2006) Articles of leather or of composition leather, of a kind used in machinery or mechanical appliances or for other technical uses.",42,Parts and accessories
590900,"Textile hosepiping and similar textile tubing, with or without lining, armour or accessories of other materials.",42,Parts and accessories
591000,"Transmission or conveyor belts or belting, of textile material, whether or not impregnated, coated, covered or laminated with plastics, or reinforced with metal or other material.",42,Parts and accessories
591110,"Textile fabrics, felt and feltlined woven fabrics, coated, covered or laminated with rubber, leather or other material, of a kind used for card clothing, and similar fabrics of a kind used for other technical purposes, including narrow fabrics made of ve",42,Parts and accessories
591120,"Bolting cloth, whether or not made up",42,Parts and accessories
591131,Weighing less than 650 g/m2,42,Parts and accessories
591132,Weighing 650 g/m2 or more,42,Parts and accessories
591140,"Straining cloth of a kind used in oil presses or the  like, including that of human hair",42,Parts and accessories
591190,Other,42,Parts and accessories
820220,Band saw blades,42,Parts and accessories
820231,With working part of steel,42,Parts and accessories
820232,(-1995) Circular saw blades with working part of o,42,Parts and accessories
820239,"(1996-) Other, including parts",42,Parts and accessories
820240,Chain saw blades,42,Parts and accessories
820291,"Straight saw blades, for working metal",42,Parts and accessories
820299,Other,42,Parts and accessories
820711,(-1995) Rock drilling or earth boring tools with w,42,Parts and accessories
820712,(-1995) Rock drilling or earth boring tools with w,42,Parts and accessories
820713,(1996-) With working part of cermets,42,Parts and accessories
820719,"(1996-) Other, including parts",42,Parts and accessories
820720,Dies for drawing or extruding metal,42,Parts and accessories
820730,"Tools for pressing, stamping or punching",42,Parts and accessories
820740,Tools for tapping or threading,42,Parts and accessories
820750,"Tools for drilling, other than for rock drilling",42,Parts and accessories
820760,Tools for boring or broaching,42,Parts and accessories
820770,Tools for milling,42,Parts and accessories
820780,Tools for turning,42,Parts and accessories
820790,Other interchangeable tools,42,Parts and accessories
820810,For metal working,42,Parts and accessories
820820,For wood working,42,Parts and accessories
820830,For kitchen appliances or for machines used by the food industry,42,Parts and accessories
820840,"For agricultural, horticultural or forestry machines",42,Parts and accessories
820890,Other,42,Parts and accessories
820900,"Plates, sticks, tips and the like for tools, unmounted, of cermets.",42,Parts and accessories
840140,Parts of nuclear reactors,42,Parts and accessories
840290,Parts,42,Parts and accessories
840490,Parts,42,Parts and accessories
840590,Parts,42,Parts and accessories
840690,Parts,42,Parts and accessories
841090,"Parts, including regulators",42,Parts and accessories
841290,Parts,42,Parts and accessories
841391,Of pumps,42,Parts and accessories
841392,Of liquid elevators,42,Parts and accessories
841490,Parts,42,Parts and accessories
841590,Parts,42,Parts and accessories
841690,Parts,42,Parts and accessories
841790,Parts,42,Parts and accessories
841891,Furniture designed to receive refrigerating or freezing equipment,42,Parts and accessories
841899,Other,42,Parts and accessories
841990,Parts,42,Parts and accessories
842091,Cylinders,42,Parts and accessories
842099,Other,42,Parts and accessories
842191,"Of centrifuges, including centrifugal dryers",42,Parts and accessories
842199,Other,42,Parts and accessories
842290,Parts,42,Parts and accessories
842390,Weighing machine weights of all kinds; parts of weighing machinery,42,Parts and accessories
842490,Parts,42,Parts and accessories
843110,Of machinery of heading 84.25,42,Parts and accessories
843120,Of machinery of heading 84.27,42,Parts and accessories
843131,"Of lifts, skip hoists or escalators",42,Parts and accessories
843139,Other,42,Parts and accessories
843141,"Buckets, shovels, grabs and grips",42,Parts and accessories
843142,Bulldozer or angledozer blades,42,Parts and accessories
843143,Parts for boring or sinking machinery of subheading 8430.41 or 8430.49,42,Parts and accessories
843149,Other,42,Parts and accessories
843290,Parts,42,Parts and accessories
843390,Parts,42,Parts and accessories
843490,Parts,42,Parts and accessories
843590,Parts,42,Parts and accessories
843691,Of poultrykeeping machinery or poultry incubators and brooders,42,Parts and accessories
843699,Other,42,Parts and accessories
843790,Parts,42,Parts and accessories
843890,Parts,42,Parts and accessories
843991,Of machinery for making pulp of fibrous cellulosic material,42,Parts and accessories
843999,Other,42,Parts and accessories
844090,Parts,42,Parts and accessories
844190,Parts,42,Parts and accessories
844240,"Parts of the foregoing machinery, apparatus or equipment",42,Parts and accessories
844250,"Printing type, blocks, plates, cylinders and other printing components; blocks, plates, cylinders and lithographic stones, prepared for printing purposes (for example, planed, grained or polished)",42,Parts and accessories
844390,(-2006) Parts,42,Parts and accessories
844811,"Dobbies and Jacquards; card reducing, copying, punching or assembling machines for use therewith",42,Parts and accessories
844819,Other,42,Parts and accessories
844820,Parts and accessories of machines of heading 84.44 or of their auxiliary machinery,42,Parts and accessories
844831,Card clothing,42,Parts and accessories
844832,"Of machines for preparing textile fibres, other than card clothing",42,Parts and accessories
844833,"Spindles, spindle flyers, spinning rings and ring travellers",42,Parts and accessories
844839,Other,42,Parts and accessories
844841,(-2006) Shuttles,42,Parts and accessories
844842,"Reeds for looms, healds and healdframes",42,Parts and accessories
844849,Other,42,Parts and accessories
844851,"Sinkers, needles and other articles used in forming stitches",42,Parts and accessories
844859,Other,42,Parts and accessories
845090,Parts,42,Parts and accessories
845190,Parts,42,Parts and accessories
845390,Parts,42,Parts and accessories
845490,Parts,42,Parts and accessories
845530,Rolls for rolling mills,42,Parts and accessories
845590,Other parts,42,Parts and accessories
846691,For machines of heading 84.64,42,Parts and accessories
846692,For machines of heading 84.65,42,Parts and accessories
846693,For machines of headings 84.56 to 84.61,42,Parts and accessories
846694,For machines of heading 84.62 or 84.63,42,Parts and accessories
846791,Of chain saws,42,Parts and accessories
846792,Of pneumatic tools,42,Parts and accessories
846799,Other,42,Parts and accessories
846890,Parts,42,Parts and accessories
847310,Parts and accessories of the machines of heading 84.69,42,Parts and accessories
847321,"Of the electronic calculating machines of subheading 8470.10, 8470.21 or 8470.29",42,Parts and accessories
847329,Other,42,Parts and accessories
847330,Parts and accessories of the machines of heading 84.71,42,Parts and accessories
847340,Parts and accessories of the machines of heading 84.72,42,Parts and accessories
847350,(1996-) Parts and accessories equally suitable for use with machines of two or more of the headings 84.69 to 84.72,42,Parts and accessories
847490,Parts,42,Parts and accessories
847590,Parts,42,Parts and accessories
847690,Parts,42,Parts and accessories
847790,Parts,42,Parts and accessories
847890,Parts,42,Parts and accessories
847990,Parts,42,Parts and accessories
848110,Pressurereducing valves,42,Parts and accessories
848120,Valves for oleohydraulic or pneumatic transmissions,42,Parts and accessories
848130,Check (nonreturn) valves,42,Parts and accessories
848140,Safety or relief valves,42,Parts and accessories
848180,Other appliances,42,Parts and accessories
848190,Parts,42,Parts and accessories
848210,Ball bearings,42,Parts and accessories
848220,"Tapered roller bearings, including cone and tapered roller assemblies",42,Parts and accessories
848230,Spherical roller bearings,42,Parts and accessories
848240,Needle roller bearings,42,Parts and accessories
848250,Other cylindrical roller bearings,42,Parts and accessories
848280,"Other, including combined ball/roller bearings",42,Parts and accessories
848291,"Balls, needles and rollers",42,Parts and accessories
848299,Other,42,Parts and accessories
848310,Transmission shafts (including cam shafts and crank shafts) and cranks,42,Parts and accessories
848320,"Bearing housings, incorporating ball or roller bearings",42,Parts and accessories
848330,"Bearing housings, not incorporating ball or roller bearings; plain shaft bearings",42,Parts and accessories
848340,"Gears and gearing, other than toothed wheels, chain sprockets and other transmission elements presented separately; ball or roller screws; gear boxes and other speed changers, including torque converters",42,Parts and accessories
848350,"Flywheels and pulleys, including pulley blocks",42,Parts and accessories
848360,Clutches and shaft couplings (including universal joints),42,Parts and accessories
848390,"Toothed wheels, chain sprockets and other transmission elements presented separately; parts",42,Parts and accessories
848410,Gaskets and similar joints of metal sheeting combined with other material or of two or more layers of metal,42,Parts and accessories
848420,(1996-) Mechanical seals,42,Parts and accessories
848490,Other,42,Parts and accessories
848510,(-2006) Ships' or boats' propellers and blades therefor,42,Parts and accessories
848590,(-2006) Other,42,Parts and accessories
850300,Parts suitable for use solely or principally with the machines of heading 85.01 or 85.02.,42,Parts and accessories
850490,Parts,42,Parts and accessories
850890,(-2001) Parts,42,Parts and accessories
851490,Parts,42,Parts and accessories
851590,Parts,42,Parts and accessories
851790,(-2006) Parts,42,Parts and accessories
851890,Parts,42,Parts and accessories
852210,Pick-up cartridges,42,Parts and accessories
852290,Other,42,Parts and accessories
852910,Aerials and aerial reflectors of all kinds; parts suitable for use therewith,42,Parts and accessories
852990,Other,42,Parts and accessories
853090,Parts,42,Parts and accessories
853190,Parts,42,Parts and accessories
853290,Parts,42,Parts and accessories
853310,"Fixed carbon resistors, composition or film types",42,Parts and accessories
853321,For a power handling capacity not exceeding 20 W,42,Parts and accessories
853329,Other,42,Parts and accessories
853331,For a power handling capacity not exceeding 20 W,42,Parts and accessories
853339,Other,42,Parts and accessories
853340,"Other variable resistors, including rheostats and potentiometers",42,Parts and accessories
853390,Parts,42,Parts and accessories
853400,Printed circuits.,42,Parts and accessories
853510,Fuses,42,Parts and accessories
853521,For a voltage of less than 72.5 kV,42,Parts and accessories
853529,Other,42,Parts and accessories
853530,Isolating switches and makeandbreak switches,42,Parts and accessories
853540,"Lightning arresters, voltage limiters and surge suppressors",42,Parts and accessories
853590,Other,42,Parts and accessories
853610,Fuses,42,Parts and accessories
853620,Automatic circuit breakers,42,Parts and accessories
853630,Other apparatus for protecting electrical circuits,42,Parts and accessories
853641,For a voltage not exceeding 60 V,42,Parts and accessories
853649,Other,42,Parts and accessories
853650,Other switches,42,Parts and accessories
853661,Lampholders,42,Parts and accessories
853669,Other,42,Parts and accessories
853690,Other apparatus,42,Parts and accessories
853710,"For a voltage not exceeding 1,000 V",42,Parts and accessories
853720,"For a voltage exceeding 1,000 V",42,Parts and accessories
853810,"Boards, panels, consoles, desks, cabinets and other bases for the goods of heading 85.37, not equipped with their apparatus",42,Parts and accessories
853890,Other,42,Parts and accessories
854011,Colour,42,Parts and accessories
854012,Black and white or other monochrome,42,Parts and accessories
854020,Television camera tubes; image converters and intensifiers; other photocathode tubes,42,Parts and accessories
854030,"(-1995) Cathode-ray tubes, nes",42,Parts and accessories
854040,"(1996-) Data/graphic display tubes, colour, with a phosphor dot screen pitch smaller than 0.4 mm",42,Parts and accessories
854041,(-1995) Magnetron tubes,42,Parts and accessories
854042,(-1995) Klystron tubes,42,Parts and accessories
854049,"(-1995) Microwave tubes, nes",42,Parts and accessories
854050,"(1996-) Data/graphic display tubes, black and white or other monochrome",42,Parts and accessories
854060,(1996-) Other cathoderay tubes,42,Parts and accessories
854071,(1996-) Magnetrons,42,Parts and accessories
854072,(1996-) Klystrons,42,Parts and accessories
854079,(1996-) Other,42,Parts and accessories
854081,Receiver or amplifier valves and tubes,42,Parts and accessories
854089,Other,42,Parts and accessories
854091,Of cathoderay tubes,42,Parts and accessories
854099,Other,42,Parts and accessories
854110,"Diodes, other than photosensitive or light emitting diodes",42,Parts and accessories
854121,With a dissipation rate of less than 1 W,42,Parts and accessories
854129,Other,42,Parts and accessories
854130,"Thyristors, diacs and triacs, other than photosensitive devices",42,Parts and accessories
854140,"Photosensitive semiconductor devices, including photovoltaic cells whether or not assembled in modules or made up into panels; light emitting diodes",42,Parts and accessories
854150,Other semiconductor devices,42,Parts and accessories
854160,Mounted piezoelectric crystals,42,Parts and accessories
854190,Parts,42,Parts and accessories
854210,(2002-2006) Cards incorporating an electronic integrated circuit (smart cards),42,Parts and accessories
854211,"(-1995) Monolithic integrated circuits, digital",42,Parts and accessories
854212,(1996-2001) Monolithic digital integrated circuits,42,Parts and accessories
854213,(1996-2001) Monolithic digital integrated circuits,42,Parts and accessories
854214,(1996-2001) Monolithic digital integrated circuits,42,Parts and accessories
854219,"(-2001) Monolithic digital integrated circuits :-- Other, ",42,Parts and accessories
854220,(-1995) Hybrid integrated circuits,42,Parts and accessories
854221,(2002-2006) Digital,42,Parts and accessories
854229,(2002-2006) Other,42,Parts and accessories
854230,(1996-2001) Other monolithic integrated circuits,42,Parts and accessories
854240,(1996-2001) Hybrid integrated circuits,42,Parts and accessories
854250,(1996-2001) Electronic microassemblies,42,Parts and accessories
854260,(2002-2006) Hybrid integrated circuits,42,Parts and accessories
854270,(2002-2006) Electronic microassemblies,42,Parts and accessories
854280,(-1995) Electronic integrated circuits and microas,42,Parts and accessories
854290,Parts,42,Parts and accessories
854390,Parts,42,Parts and accessories
854511,Of a kind used for furnaces,42,Parts and accessories
854519,Other,42,Parts and accessories
854520,Brushes,42,Parts and accessories
854590,Other,42,Parts and accessories
854610,Of glass,42,Parts and accessories
854620,Of ceramics,42,Parts and accessories
854800,(-1995) Electrical parts of machinery or apparatus,42,Parts and accessories
854890,(1996-) Other,42,Parts and accessories
870990,Parts,42,Parts and accessories
900590,Parts and accessories (including mountings),42,Parts and accessories
900791,For cameras,42,Parts and accessories
900792,For projectors,42,Parts and accessories
900990,(-2001) Parts and accessories,42,Parts and accessories
900991,(2002-2006) Automatic document feeders,42,Parts and accessories
900992,(2002-2006) Paper feeders,42,Parts and accessories
900993,(2002-2006) Sorters,42,Parts and accessories
900999,(2002-2006) Other,42,Parts and accessories
901180,Other microscopes,42,Parts and accessories
901190,Parts and accessories,42,Parts and accessories
901290,Parts and accessories,42,Parts and accessories
901390,Parts and accessories,42,Parts and accessories
901490,Parts and accessories,42,Parts and accessories
901590,Parts and accessories,42,Parts and accessories
901790,Parts and accessories,42,Parts and accessories
902490,Parts and accessories,42,Parts and accessories
902590,Parts and accessories,42,Parts and accessories
902690,Parts and accessories,42,Parts and accessories
902890,Parts and accessories,42,Parts and accessories
902990,Parts and accessories,42,Parts and accessories
903090,Parts and accessories,42,Parts and accessories
903190,Parts and accessories,42,Parts and accessories
903290,Parts and accessories,42,Parts and accessories
903300,"Parts and accessories (not specified or included elsewhere in this Chapter) for machines, appliances, instruments or apparatus of Chapter 90.",42,Parts and accessories
870310,Vehicles specially designed for travelling on snow; golf cars and similar vehicles,51,Passenger motor cars
870321,"Of a cylinder capacity not exceeding 1,000 cc",51,Passenger motor cars
870322,"Of a cylinder capacity exceeding 1,000 cc but not exceeding 1,500 cc",51,Passenger motor cars
870323,"Of a cylinder capacity exceeding 1,500 cc but not exceeding 3,000 cc",51,Passenger motor cars
870324,"Of a cylinder capacity exceeding 3,000 cc",51,Passenger motor cars
870331,"Of a cylinder capacity not exceeding 1,500 cc",51,Passenger motor cars
870332,"Of a cylinder capacity exceeding 1,500 cc but not exceeding 2,500 cc",51,Passenger motor cars
870333,"Of a cylinder capacity exceeding 2,500 cc",51,Passenger motor cars
870390,Other,51,Passenger motor cars
401110,Of a kind used on motor cars (including station wagons and racing cars),53,Parts and accessories
401120,Of a kind used on buses or lorries,53,Parts and accessories
401130,Of a kind used on aircraft,53,Parts and accessories
401140,Of a kind used on motorcycles,53,Parts and accessories
401150,Of a kind used on bicycles,53,Parts and accessories
401161,(2002-) Of a kind used on agricultural or forestry vehicles and machines,53,Parts and accessories
401162,(2002-) Of a kind used on construction or industrial handling vehicles and machines and having a rim size not exceeding 61cm,53,Parts and accessories
401163,(2002-) Of a kind used on construction or industrial handling vehicles and machines and having a rim size exceeding 61 cm,53,Parts and accessories
401169,(2002-) Other,53,Parts and accessories
401191,(-2001) Other :-- Having a herring-bone or similar tread,53,Parts and accessories
401192,(2002-) Of a kind used on agricultural or forestry vehicles and machines,53,Parts and accessories
401193,(2002-) Of a kind used on construction or industrial handling vehicles and machines and having a rim size not exceeding 61 cm,53,Parts and accessories
401194,(2002-) Of a kind used on construction or industrial handling vehicles and machines and having a rim size exceeding 61cm,53,Parts and accessories
401199,Other,53,Parts and accessories
401210,(-2001) Retreaded tyres,53,Parts and accessories
401211,(2002-) Of a kind used on motor cars (including station wagons and  racing cars),53,Parts and accessories
401212,(2002-) Of a kind used on buses or lorries,53,Parts and accessories
401213,(2002-) Of a kind used on aircraft,53,Parts and accessories
401219,(2002-) Other,53,Parts and accessories
401220,Used pneumatic tyres,53,Parts and accessories
401290,Other,53,Parts and accessories
401310,"Of a kind used on motor cars (including station wagons and racing cars), buses or lorries",53,Parts and accessories
401320,Of a kind used on bicycles,53,Parts and accessories
401390,Other,53,Parts and accessories
731600,"Anchors, grapnels and parts thereof, of iron or steel.",53,Parts and accessories
830230,"Other mountings, fittings and similar articles suitable for motor vehicles",53,Parts and accessories
840710,Aircraft engines,53,Parts and accessories
840729,Other,53,Parts and accessories
840731,Of a cylinder capacity not exceeding 50 cc,53,Parts and accessories
840732,Of a cylinder capacity exceeding 50 cc but not exceeding   250 cc,53,Parts and accessories
840733,"Of a cylinder capacity exceeding 250 cc but not exceeding 1,000 cc",53,Parts and accessories
840734,"Of a cylinder capacity exceeding 1,000 cc",53,Parts and accessories
840810,Marine propulsion engines,53,Parts and accessories
840820,Engines of a kind used for the propulsion of vehicles of Chapter 87,53,Parts and accessories
840910,For aircraft engines,53,Parts and accessories
840991,Suitable for use solely or principally with sparkignition internal combustion piston engines,53,Parts and accessories
840999,Other,53,Parts and accessories
841111,Of a thrust not exceeding 25 kN,53,Parts and accessories
841112,Of a thrust exceeding 25 kN,53,Parts and accessories
841121,"Of a power not exceeding 1,100 kW",53,Parts and accessories
841122,"Of a power exceeding 1,100 kW",53,Parts and accessories
841181,"Of a power not exceeding 5,000 kW",53,Parts and accessories
841182,"Of a power exceeding 5,000 kW",53,Parts and accessories
841191,Of turbojets or turbopropellers,53,Parts and accessories
841199,Other,53,Parts and accessories
841210,Reaction engines other than turbojets,53,Parts and accessories
850710,"Leadacid, of a kind used for starting piston engines",53,Parts and accessories
850720,Other leadacid accumulators,53,Parts and accessories
850730,Nickelcadmium,53,Parts and accessories
850740,Nickeliron,53,Parts and accessories
850780,Other accumulators,53,Parts and accessories
851110,Sparking plugs,53,Parts and accessories
851120,Ignition magnetos; magnetodynamos; magnetic flywheels,53,Parts and accessories
851130,Distributors; ignition coils,53,Parts and accessories
851140,Starter motors and dual purpose startergenerators,53,Parts and accessories
851150,Other generators,53,Parts and accessories
851180,Other equipment,53,Parts and accessories
851210,Lighting or visual signalling equipment of a kind used on bicycles,53,Parts and accessories
851220,Other lighting or visual signalling equipment,53,Parts and accessories
851230,Sound signalling equipment,53,Parts and accessories
851240,"Windscreen wipers, defrosters and demisters",53,Parts and accessories
853910,Sealed beam lamp units,53,Parts and accessories
854810,"(1996-) Waste and scrap of primary cells, primary batteries and electric accumulators; spent primary cells, spent primary batteries and spent electric accumulators",53,Parts and accessories
860711,Driving bogies and bisselbogies,53,Parts and accessories
860712,Other bogies and bisselbogies,53,Parts and accessories
860719,"Other, including parts",53,Parts and accessories
860721,Air brakes and parts thereof,53,Parts and accessories
860729,Other,53,Parts and accessories
860730,"Hooks and other coupling devices, buffers, and parts thereof",53,Parts and accessories
860791,Of locomotives,53,Parts and accessories
860799,Other,53,Parts and accessories
870600,"Chassis fitted with engines, for the motor vehicles of headings 87.01 to 87.05.",53,Parts and accessories
870710,For the vehicles of heading 87.03,53,Parts and accessories
870790,Other,53,Parts and accessories
870810,Bumpers and parts thereof,53,Parts and accessories
870821,Safety seat belts,53,Parts and accessories
870829,Other,53,Parts and accessories
870831,(-2006) Mounted brake linings,53,Parts and accessories
870839,(-2006) Other,53,Parts and accessories
870840,Gear boxes,53,Parts and accessories
870850,"  Driveaxles with differential, whether or not provided with other transmission components",53,Parts and accessories
870860,(-2006) Nondriving axles and parts thereof,53,Parts and accessories
870870,Road wheels and parts and accessories thereof,53,Parts and accessories
870880,Suspension shockabsorbers,53,Parts and accessories
870891,Radiators,53,Parts and accessories
870892,Silencers and exhaust pipes,53,Parts and accessories
870893,Clutches and parts thereof,53,Parts and accessories
870894,"Steering wheels, steering columns and steering boxes",53,Parts and accessories
870899,Other,53,Parts and accessories
871411,Saddles,53,Parts and accessories
871419,Other,53,Parts and accessories
871420,Of carriages for disabled persons,53,Parts and accessories
871491,"Frames and forks, and parts thereof",53,Parts and accessories
871492,Wheel rims and spokes,53,Parts and accessories
871493,"Hubs, other than coaster braking hubs and hub brakes, and freewheel sprocketwheels",53,Parts and accessories
871494,"Brakes, including coaster braking hubs and hub brakes, and parts thereof",53,Parts and accessories
871495,Saddles,53,Parts and accessories
871496,"Pedals and crankgear, and parts thereof",53,Parts and accessories
871499,Other,53,Parts and accessories
871690,Parts,53,Parts and accessories
880310,Propellers and rotors and parts thereof,53,Parts and accessories
880320,Undercarriages and parts thereof,53,Parts and accessories
880330,Other parts of aeroplanes or helicopters,53,Parts and accessories
880390,Other,53,Parts and accessories
910400,"Instrument panel clocks and clocks of a similar type for vehicles, aircraft, spacecraft or vessels.",53,Parts and accessories
940110,Seats of a kind used for aircraft,53,Parts and accessories
940120,Seats of a kind used for motor vehicles,53,Parts and accessories
481500,"(-2006) Floor coverings on a base of paper or of paperboard, whether or not cut to size.",61,Durable
570110,Of wool or fine animal hair,61,Durable
570190,Of other textile materials,61,Durable
570210,"Kelem, Schumacks, Karamanie and similar handwoven rugs",61,Durable
570220,Floor coverings of coconut fibres (coir),61,Durable
570231,Of wool or fine animal hair,61,Durable
570232,Of manmade textile materials,61,Durable
570239,Of other textile materials,61,Durable
570241,Of wool or fine animal hair,61,Durable
570242,Of manmade textile materials,61,Durable
570249,Of other textile materials,61,Durable
570251,(-2006) Of wool or fine animal hair,61,Durable
570252,(-2006) Of manmade textile materials,61,Durable
570259,(-2006) Of other textile materials,61,Durable
570291,Of wool or fine animal hair,61,Durable
570292,Of manmade textile materials,61,Durable
570299,Of other textile materials,61,Durable
570310,Of wool or fine animal hair,61,Durable
570320,Of nylon or other polyamides,61,Durable
570330,Of other manmade textile materials,61,Durable
570390,Of other textile materials,61,Durable
570410,"Tiles, having a maximum surface area of 0.3 m²",61,Durable
570490,Other,61,Durable
570500,"Other carpets and other textile floor coverings, whether or not made up.",61,Durable
590410,Linoleum,61,Durable
590490,(2002-) Other,61,Durable
590491,(-2001) Other :-- With a base consisting of needleloom fel,61,Durable
590492,(-2001) Other :-- With other textile base,61,Durable
711311,"Of silver, whether or not plated or clad with other precious metal",61,Durable
711319,"Of other precious metal, whether or not plated or clad with precious metal",61,Durable
711320,Of base metal clad with precious metal,61,Durable
711411,"Of silver, whether or not plated or clad with other precious metal",61,Durable
711419,"Of other precious metal, whether or not plated or clad with precious metal",61,Durable
711420,Of base metal clad with precious metal,61,Durable
711610,Of natural or cultured pearls,61,Durable
711620,"Of precious or semiprecious stones (natural, synthetic or reconstructed)",61,Durable
732111,For gas fuel or for both gas and other fuels,61,Durable
732112,For liquid fuel,61,Durable
732113,(-2006) For solid fuel,61,Durable
732181,For gas fuel or for both gas and other fuels,61,Durable
732182,For liquid fuel,61,Durable
732183,(-2006) For solid fuel,61,Durable
741700,"(-2006) Cooking or heating apparatus of a kind used for domestic purposes, nonelectric, and parts thereof, of copper.",61,Durable
821000,"Handoperated mechanical appliances, weighing 10 kg or less, used in the preparation, conditioning or serving of food or drink.",61,Durable
841451,"Table, floor, wall, window, ceiling or roof fans, with a selfcontained electric motor of an output not exceeding 125 W",61,Durable
841460,Hoods having a maximum horizontal side not exceeding 120 cm,61,Durable
841810,"Combined refrigeratorfreezers, fitted with separate external doors",61,Durable
841821,Compressiontype,61,Durable
841822,"(-2006) Absorptiontype, electrical",61,Durable
841829,Other,61,Durable
841830,"Freezers of the chest type, not exceeding 800 l capacity",61,Durable
841840,"Freezers of the upright type, not exceeding 900 l capacity",61,Durable
842211,Of the household type,61,Durable
843311,"Powered, with the cutting device rotating in a horizontal plane",61,Durable
843319,Other,61,Durable
845011,Fullyautomatic machines,61,Durable
845012,"Other machines, with builtin centrifugal drier",61,Durable
845019,Other,61,Durable
845121,Each of a dry linen capacity not exceeding 10 kg,61,Durable
845210,Sewing machines of the household type,61,Durable
850910,"(-2006) Vacuum cleaners, including dry and wet vacuum cleaners",61,Durable
850920,(-2006) Floor polishers,61,Durable
850930,(-2006) Kitchen waste disposers,61,Durable
850940,Food grinders and mixers; fruit or vegetable juice extractors,61,Durable
850980,Other appliances,61,Durable
851010,Shavers,61,Durable
851030,(1996-) Hairremoving appliances,61,Durable
851621,Storage heating radiators,61,Durable
851629,Other,61,Durable
851631,Hair dryers,61,Durable
851632,Other hairdressing apparatus,61,Durable
851633,Handdrying apparatus,61,Durable
851640,Electric smoothing irons,61,Durable
851650,Microwave ovens,61,Durable
851660,"Other ovens; cookers, cooking plates, boiling rings, grillers and roasters",61,Durable
851671,Coffee or tea makers,61,Durable
851672,Toasters,61,Durable
851679,Other,61,Durable
851921,(-2006) Without loudspeaker,61,Durable
851929,(-2006) Other,61,Durable
851931,(-2006) With automatic record changing mechanism,61,Durable
851939,(-2006) Other,61,Durable
851940,(-2006) Transcribing machines,61,Durable
851991,"(-1995) Sound reproducing apparatus,cassette type,",61,Durable
851992,(1996-2006) Pocketsize cassetteplayers,61,Durable
851993,"(1996-2006) Other, cassettetype",61,Durable
851999,(-2006) Other,61,Durable
852711,(-1995) Radio broad rece capable of op w/o an exte,61,Durable
852712,(1996-) Pocketsize radio cassetteplayers,61,Durable
852713,(1996-) Other apparatus combined with sound recording or reproducing apparatus,61,Durable
852719,Other,61,Durable
852721,Combined with sound recording or reproducing apparatus,61,Durable
852729,Other,61,Durable
852731,(-2006) Combined with sound recording or reproducing apparatus,61,Durable
852732,(-2006) Not combined with sound recording or reproducing apparatus but combined with a clock,61,Durable
852739,(-2006) Other,61,Durable
852810,(-1995) Television receivers including video monit,61,Durable
852812,(1996-2006) Colour,61,Durable
852813,(1996-2006) Black and white or other monochrome,61,Durable
852820,(-1995) Television receivers an including video mo,61,Durable
852821,(1996-2006) Colour,61,Durable
852822,(1996-2006) Black and white or other monochrome,61,Durable
852830,(1996-2006) Video projectors,61,Durable
871500,Baby carriages and parts thereof.,61,Durable
900510,Binoculars,61,Durable
900610,Cameras of a kind used for preparing printing plates or cylinders,61,Durable
900620,"(-2006) Cameras of a kind used for recording documents on microfilm, microfiche or other microforms",61,Durable
900630,"Cameras specially designed for underwater use, for aerial survey or for medical or surgical examination of internal organs; comparison cameras for forensic or criminological purposes",61,Durable
900640,Instant print cameras,61,Durable
900651,"With a throughthelens viewfinder (single lens reflex (SLR)), for roll film of a width not exceeding 35 mm",61,Durable
900652,"Other, for roll film of a width less than 35 mm",61,Durable
900653,"Other, for roll film of a width of 35 mm",61,Durable
900659,Other,61,Durable
900661,Discharge lamp (electronic) flashlight apparatus,61,Durable
900669,Other,61,Durable
900810,Slide projectors,61,Durable
900820,"Microfilm, microfiche or other microform readers, whether or not capable of producing copies",61,Durable
900830,Other image projectors,61,Durable
900840,Photographic (other than cinematographic) enlargers and reducers,61,Durable
900890,Parts and accessories,61,Durable
901010,Apparatus and equipment for automatically developing photographic (including cinematographic) film or paper in rolls or for automatically exposing developed film to rolls of photographic paper,61,Durable
901020,(-1995) Apparatus and equipment for photographic (,61,Durable
901030,(-1995) Projection screens,61,Durable
901041,(1996-2006) Direct writeonwafer apparatus,61,Durable
901042,(1996-2006) Step and repeat aligners,61,Durable
901049,(1996-2006) Other,61,Durable
901050,(1996-) Other apparatus and equipment for photographic (including cinematographic) laboratories; negatoscopes,61,Durable
901060,(1996-) Projection screens,61,Durable
901090,Parts and accessories,61,Durable
902110,(2002-) Orthopaedic or fracture appliances,61,Durable
902111,(-2001) Artificial joints and other orthopaedic or fractur,61,Durable
902119,(-2001) Artificial joints and other orthopaedic or fractur,61,Durable
902121,Artificial teeth,61,Durable
902129,Other,61,Durable
902130,(-2001) Other artificial parts of the body,61,Durable
902131,(2002-) Artificial joints,61,Durable
902139,(2002-) Other,61,Durable
902140,"Hearing aids, excluding parts and accessories",61,Durable
902150,"Pacemakers for stimulating heart muscles, excluding parts and accessories",61,Durable
902190,Other,61,Durable
910111,With mechanical display only,61,Durable
910112,(-2006) With optoelectronic display only,61,Durable
910119,Other,61,Durable
910121,With automatic winding,61,Durable
910129,Other,61,Durable
910191,Electrically operated,61,Durable
910199,Other,61,Durable
910211,With mechanical display only,61,Durable
910212,With optoelectronic display only,61,Durable
910219,Other,61,Durable
910221,With automatic winding,61,Durable
910229,Other,61,Durable
910291,Electrically operated,61,Durable
910299,Other,61,Durable
910310,Electrically operated,61,Durable
910390,Other,61,Durable
910511,Electrically operated,61,Durable
910519,Other,61,Durable
910521,Electrically operated,61,Durable
910529,Other,61,Durable
910591,Electrically operated,61,Durable
910599,Other,61,Durable
920110,Upright pianos,61,Durable
920120,Grand pianos,61,Durable
920190,Other,61,Durable
920210,Played with a bow,61,Durable
920290,Other,61,Durable
920300,(-2006) Keyboard pipe organs; harmoniums and similar keyboard instruments with free metal reeds.,61,Durable
920410,(-2006) Accordions and similar instruments,61,Durable
920420,(-2006) Mouth organs,61,Durable
920510,Brasswind instruments,61,Durable
920590,Other,61,Durable
920600,"Percussion musical instruments (for example, drums, xylophones, cymbals, castanets, maracas).",61,Durable
920710,"Keyboard instruments, other than accordions",61,Durable
920790,Other,61,Durable
920810,Musical boxes,61,Durable
920890,Other,61,Durable
930310,Muzzleloading firearms,61,Durable
930320,"Other sporting, hunting or targetshooting shotguns, including combination shotgunrifles",61,Durable
930330,"Other sporting, hunting or targetshooting rifles",61,Durable
930390,Other,61,Durable
930400,"Other arms (for example, spring, air or gas guns and pistols, truncheons), excluding those of heading 93.07.",61,Durable
930521,Shotgun barrels,61,Durable
930529,Other,61,Durable
940130,Swivel seats with variable height adjustment,61,Durable
940140,"Seats other than garden seats or camping equipment, convertible into beds",61,Durable
940161,Upholstered,61,Durable
940169,Other,61,Durable
940171,Upholstered,61,Durable
940179,Other,61,Durable
940180,Other seats,61,Durable
940310,Metal furniture of a kind used in offices,61,Durable
940320,Other metal furniture,61,Durable
940330,Wooden furniture of a kind used in offices,61,Durable
940340,Wooden furniture of a kind used in the kitchen,61,Durable
940350,Wooden furniture of a kind used in the bedroom,61,Durable
940360,Other wooden furniture,61,Durable
940370,Furniture of plastics,61,Durable
940380,"(-2006) Furniture of other materials, including cane, osier, bamboo or similar materials",61,Durable
940390,Parts,61,Durable
970110,"Paintings, drawings and pastels",61,Durable
970200,"Original engravings, prints and lithographs.",61,Durable
970300,"Original sculptures and statuary, in any material.",61,Durable
970400,"Postage or revenue stamps, stamppostmarks, firstday covers, postal stationery (stamped paper), and the like, used or unused, other than those of heading 49.07.",61,Durable
970500,"Collections and collectors' pieces of zoological, botanical, mineralogical, anatomical, historical, archaeological, palaeontological, ethnographic or numismatic interest.",61,Durable
970600,Antiques of an age exceeding one hundred years.,61,Durable
392210,"Baths, showerbaths, sinks and washbasins",62,Semi-durable
392220,Lavatory seats and covers,62,Semi-durable
392290,Other,62,Semi-durable
392410,Tableware and kitchenware,62,Semi-durable
392490,Other,62,Semi-durable
392510,"Reservoirs, tanks, vats and similar containers, of a capacity exceeding 300 l",62,Semi-durable
392520,"Doors, windows and their frames and thresholds for doors",62,Semi-durable
392530,"Shutters, blinds (including Venetian blinds) and similar articles and parts thereof",62,Semi-durable
392590,Other,62,Semi-durable
392640,Statuettes and other ornamental articles,62,Semi-durable
392690,Other,62,Semi-durable
420100,"Saddlery and harness for any animal (including traces, leads, knee pads, muzzles, saddle cloths, saddle bags, dog coats and the like), of any material.",62,Semi-durable
420211,"With outer surface of leather, of composition leather or of patent leather",62,Semi-durable
420212,With outer surface of plastics or of textile materials,62,Semi-durable
420219,Other,62,Semi-durable
420221,"With outer surface of leather, of composition leather or of patent leather",62,Semi-durable
420222,With outer surface of plastic sheeting or of textile materials,62,Semi-durable
420229,Other,62,Semi-durable
420231,"With outer surface of leather, of composition leather or of patent leather",62,Semi-durable
420232,With outer surface of plastic sheeting or of textile materials,62,Semi-durable
420239,Other,62,Semi-durable
420291,"With outer surface of leather, of composition leather or of patent leather",62,Semi-durable
420292,With outer surface of plastic sheeting or of textile materials,62,Semi-durable
420299,Other,62,Semi-durable
420310,Articles of apparel,62,Semi-durable
420321,Specially designed for use in sports,62,Semi-durable
420329,Other,62,Semi-durable
420330,Belts and bandoliers,62,Semi-durable
420340,Other clothing accessories,62,Semi-durable
420500,Other articles of leather or of composition leather.,62,Semi-durable
430310,Articles of apparel and clothing accessories,62,Semi-durable
430390,Other,62,Semi-durable
430400,Artificial fur and articles thereof.,62,Semi-durable
441400,"Wooden frames for paintings, photographs, mirrors or similar objects.",62,Semi-durable
441900,"Tableware and kitchenware, of wood.",62,Semi-durable
442010,"Statuettes and other ornaments, of wood",62,Semi-durable
442090,Other,62,Semi-durable
460110,"(-2001) Plaits and similar products of plaiting materials,",62,Semi-durable
460120,"(-2006) Mats, matting and screens of vegetable materials",62,Semi-durable
460191,(-2006) Of vegetable materials,62,Semi-durable
460199,Other,62,Semi-durable
460210,(-2006) Of vegetable materials,62,Semi-durable
460290,Other,62,Semi-durable
490400,"Music, printed or in manuscript, whether or not bound or illustrated.",62,Semi-durable
580500,"Handwoven tapestries of the type Gobelins, Flanders, Aubusson, Beauvais and the like, and needleworked tapestries (for example, petit point, cross stitch), whether or not made up.",62,Semi-durable
610110,(-2006) Of wool or fine animal hair,62,Semi-durable
610120,Of cotton,62,Semi-durable
610130,Of man-made fibres,62,Semi-durable
610190,Of other textile materials,62,Semi-durable
610210,Of wool or fine animal hair,62,Semi-durable
610220,Of cotton,62,Semi-durable
610230,Of man-made fibres,62,Semi-durable
610290,Of other textile materials,62,Semi-durable
610311,(-2006) Of wool or fine animal hair,62,Semi-durable
610312,(-2006) Of synthetic fibres,62,Semi-durable
610319,(-2006) Of other textile materials,62,Semi-durable
610321,(-2006) Of wool or fine animal hair,62,Semi-durable
610322,Of cotton,62,Semi-durable
610323,Of synthetic fibres,62,Semi-durable
610329,Of other textile materials,62,Semi-durable
610331,Of wool or fine animal hair,62,Semi-durable
610332,Of cotton,62,Semi-durable
610333,Of synthetic fibres,62,Semi-durable
610339,Of other textile materials,62,Semi-durable
610341,Of wool or fine animal hair,62,Semi-durable
610342,Of cotton,62,Semi-durable
610343,Of synthetic fibres,62,Semi-durable
610349,Of other textile materials,62,Semi-durable
610411,(-2006) Of wool or fine animal hair,62,Semi-durable
610412,(-2006) Of cotton,62,Semi-durable
610413,Of synthetic fibres,62,Semi-durable
610419,Of other textile materials,62,Semi-durable
610421,(-2006) Of wool or fine animal hair,62,Semi-durable
610422,Of cotton,62,Semi-durable
610423,Of synthetic fibres,62,Semi-durable
610429,Of other textile materials,62,Semi-durable
610431,Of wool or fine animal hair,62,Semi-durable
610432,Of cotton,62,Semi-durable
610433,Of synthetic fibres,62,Semi-durable
610439,Of other textile materials,62,Semi-durable
610441,Of wool or fine animal hair,62,Semi-durable
610442,Of cotton,62,Semi-durable
610443,Of synthetic fibres,62,Semi-durable
610444,Of artificial fibres,62,Semi-durable
610449,Of other textile materials,62,Semi-durable
610451,Of wool or fine animal hair,62,Semi-durable
610452,Of cotton,62,Semi-durable
610453,Of synthetic fibres,62,Semi-durable
610459,Of other textile materials,62,Semi-durable
610461,Of wool or fine animal hair,62,Semi-durable
610462,Of cotton,62,Semi-durable
610463,Of synthetic fibres,62,Semi-durable
610469,Of other textile materials,62,Semi-durable
610610,Of cotton,62,Semi-durable
610620,Of manmade fibres,62,Semi-durable
610690,Of other textile materials,62,Semi-durable
610791,Of cotton,62,Semi-durable
610792,(-2006) Of manmade fibres,62,Semi-durable
610799,Of other textile materials,62,Semi-durable
611010,(-2001) Of wool or fine animal hair,62,Semi-durable
611011,(2002-) Of wool,62,Semi-durable
611012,(2002-) Of Kashmir (cashmere) goats,62,Semi-durable
611019,(2002-) Other,62,Semi-durable
611020,Of cotton,62,Semi-durable
611030,Of manmade fibres,62,Semi-durable
611090,Of other textile materials,62,Semi-durable
611110,(-2006) Of wool or fine animal hair,62,Semi-durable
611120,Of cotton,62,Semi-durable
611130,Of synthetic fibres,62,Semi-durable
611190,Of other textile materials,62,Semi-durable
611211,Of cotton,62,Semi-durable
611212,Of synthetic fibres,62,Semi-durable
611219,Of other textile materials,62,Semi-durable
611220,Ski suits,62,Semi-durable
611231,Of synthetic fibres,62,Semi-durable
611239,Of other textile materials,62,Semi-durable
611241,Of synthetic fibres,62,Semi-durable
611249,Of other textile materials,62,Semi-durable
611300,"Garments, made up of knitted or crocheted fabrics of heading 59.03, 59.06 or 59.07.",62,Semi-durable
611410,(-2006) Of wool or fine animal hair,62,Semi-durable
611420,Of cotton,62,Semi-durable
611430,Of manmade fibres,62,Semi-durable
611490,Of other textile materials,62,Semi-durable
611710,"Shawls, scarves, mufflers, mantillas, veils and the like",62,Semi-durable
611720,"(-2006) Ties, bow ties and cravats",62,Semi-durable
620111,Of wool or fine animal hair,62,Semi-durable
620112,Of cotton,62,Semi-durable
620113,Of man-made fibres,62,Semi-durable
620119,Of other textile materials,62,Semi-durable
620191,Of wool or fine animal hair,62,Semi-durable
620192,Of cotton,62,Semi-durable
620193,Of man-made fibres,62,Semi-durable
620199,Of other textile materials,62,Semi-durable
620211,Of wool or fine animal hair,62,Semi-durable
620212,Of cotton,62,Semi-durable
620213,Of manmade fibres,62,Semi-durable
620219,Of other textile materials,62,Semi-durable
620291,Of wool or fine animal hair,62,Semi-durable
620292,Of cotton,62,Semi-durable
620293,Of manmade fibres,62,Semi-durable
620299,Of other textile materials,62,Semi-durable
620311,Of wool or fine animal hair,62,Semi-durable
620312,Of synthetic fibres,62,Semi-durable
620319,Of other textile materials,62,Semi-durable
620321,(-2006) Of wool or fine animal hair,62,Semi-durable
620322,Of cotton,62,Semi-durable
620323,Of synthetic fibres,62,Semi-durable
620329,Of other textile materials,62,Semi-durable
620331,Of wool or fine animal hair,62,Semi-durable
620332,Of cotton,62,Semi-durable
620333,Of synthetic fibres,62,Semi-durable
620339,Of other textile materials,62,Semi-durable
620341,Of wool or fine animal hair,62,Semi-durable
620342,Of cotton,62,Semi-durable
620343,Of synthetic fibres,62,Semi-durable
620349,Of other textile materials,62,Semi-durable
620411,Of wool or fine animal hair,62,Semi-durable
620412,Of cotton,62,Semi-durable
620413,Of synthetic fibres,62,Semi-durable
620419,Of other textile materials,62,Semi-durable
620421,Of wool or fine animal hair,62,Semi-durable
620422,Of cotton,62,Semi-durable
620423,Of synthetic fibres,62,Semi-durable
620429,Of other textile materials,62,Semi-durable
620431,Of wool or fine animal hair,62,Semi-durable
620432,Of cotton,62,Semi-durable
620433,Of synthetic fibres,62,Semi-durable
620439,Of other textile materials,62,Semi-durable
620441,Of wool or fine animal hair,62,Semi-durable
620442,Of cotton,62,Semi-durable
620443,Of synthetic fibres,62,Semi-durable
620444,Of artificial fibres,62,Semi-durable
620449,Of other textile materials,62,Semi-durable
620451,Of wool or fine animal hair,62,Semi-durable
620452,Of cotton,62,Semi-durable
620453,Of synthetic fibres,62,Semi-durable
620459,Of other textile materials,62,Semi-durable
620461,Of wool or fine animal hair,62,Semi-durable
620462,Of cotton,62,Semi-durable
620463,Of synthetic fibres,62,Semi-durable
620469,Of other textile materials,62,Semi-durable
620610,Of silk or silk waste,62,Semi-durable
620620,Of wool or fine animal hair,62,Semi-durable
620630,Of cotton,62,Semi-durable
620640,Of manmade fibres,62,Semi-durable
620690,Of other textile materials,62,Semi-durable
620910,(-2006) Of wool or fine animal hair,62,Semi-durable
620920,Of cotton,62,Semi-durable
620930,Of synthetic fibres,62,Semi-durable
620990,Of other textile materials,62,Semi-durable
621010,Of fabrics of heading 56.02 or 56.03,62,Semi-durable
621020,"Other garments, of the type described in subheadings 6201.11 to 6201.19",62,Semi-durable
621030,"Other garments, of the type described in subheadings 6202.11 to 6202.19",62,Semi-durable
621040,Other men's or boys' garments,62,Semi-durable
621050,Other women's or girls' garments,62,Semi-durable
621111,Men's or boys',62,Semi-durable
621112,Women's or girls',62,Semi-durable
621120,Ski suits,62,Semi-durable
621131,(-2006) Of wool or fine animal hair,62,Semi-durable
621132,Of cotton,62,Semi-durable
621133,Of manmade fibres,62,Semi-durable
621139,Of other textile materials,62,Semi-durable
621141,Of wool or fine animal hair,62,Semi-durable
621142,Of cotton,62,Semi-durable
621143,Of manmade fibres,62,Semi-durable
621149,Of other textile materials,62,Semi-durable
630110,Electric blankets,62,Semi-durable
630120,"Blankets (other than electric blankets) and travelling  rugs, of wool or of fine animal hair",62,Semi-durable
630130,"Blankets (other than electric blankets) and travelling rugs, of cotton",62,Semi-durable
630140,"Blankets (other than electric blankets) and travelling rugs, of synthetic fibres",62,Semi-durable
630190,Other blankets and travelling rugs,62,Semi-durable
630210,"Bed linen, knitted or crocheted",62,Semi-durable
630221,Of cotton,62,Semi-durable
630222,Of manmade fibres,62,Semi-durable
630229,Of other textile materials,62,Semi-durable
630231,Of cotton,62,Semi-durable
630232,Of manmade fibres,62,Semi-durable
630239,Of other textile materials,62,Semi-durable
630240,"Table linen, knitted or crocheted",62,Semi-durable
630251,Of cotton,62,Semi-durable
630252,(-2006) Of flax,62,Semi-durable
630253,Of manmade fibres,62,Semi-durable
630259,Of other textile materials,62,Semi-durable
630260,"Toilet linen and kitchen linen, of terry towelling or similar terry fabrics, of cotton",62,Semi-durable
630291,Of cotton,62,Semi-durable
630292,(-2006) Of flax,62,Semi-durable
630293,Of manmade fibres,62,Semi-durable
630299,Of other textile materials,62,Semi-durable
630311,(-2006) Of cotton,62,Semi-durable
630312,Of synthetic fibres,62,Semi-durable
630319,Of other textile materials,62,Semi-durable
630391,Of cotton,62,Semi-durable
630392,Of synthetic fibres,62,Semi-durable
630399,Of other textile materials,62,Semi-durable
630411,Knitted or crocheted,62,Semi-durable
630419,Other,62,Semi-durable
630491,Knitted or crocheted,62,Semi-durable
630492,"Not knitted or crocheted, of cotton",62,Semi-durable
630493,"Not knitted or crocheted, of synthetic fibres",62,Semi-durable
630499,"Not knitted or crocheted, of other textile materials",62,Semi-durable
630611,(-2006) Of cotton,62,Semi-durable
630612,Of synthetic fibres,62,Semi-durable
630619,Of other textile materials,62,Semi-durable
630621,(-2006) Of cotton,62,Semi-durable
630622,Of synthetic fibres,62,Semi-durable
630629,Of other textile materials,62,Semi-durable
630631,(-2006) Of synthetic fibres,62,Semi-durable
630639,(-2006) Of other textile materials,62,Semi-durable
630641,(-2006) Of cotton,62,Semi-durable
630649,(-2006) Of other textile materials,62,Semi-durable
630691,Of cotton,62,Semi-durable
630699,Of other textile materials,62,Semi-durable
630710,"Floorcloths, dishcloths, dusters and similar cleaning cloths",62,Semi-durable
630720,Lifejackets and lifebelts,62,Semi-durable
630790,Other,62,Semi-durable
630800,"Sets consisting of woven fabric and yarn, whether or not with accessories, for making up into rugs, tapestries, embroidered table cloths or serviettes, or similar textile articles, put up in packings for retail sale.",62,Semi-durable
640110,Footwear incorporating a protective metal toecap,62,Semi-durable
640191,(-2006) Covering the knee,62,Semi-durable
640192,Covering the ankle but not covering the knee,62,Semi-durable
640199,Other,62,Semi-durable
640211,(-1995) Ski-boots and cross-country ski footwear o,62,Semi-durable
640212,"(1996-) Skiboots, crosscountry ski footwear and snowboard boots",62,Semi-durable
640219,Other,62,Semi-durable
640220,Footwear with upper straps or thongs assembled to the sole by means of plugs,62,Semi-durable
640230,"(-2006) Other footwear, incorporating a protective metal toecap",62,Semi-durable
640291,Covering the ankle,62,Semi-durable
640299,Other,62,Semi-durable
640311,"(-1995) Ski-boots, etc, with rubber, plastics, lea",62,Semi-durable
640312,"(1996-) Skiboots, crosscountry ski footwear and snowboard boots",62,Semi-durable
640319,Other,62,Semi-durable
640320,"Footwear with outer soles of leather, and uppers which consist of leather straps across the instep and around the big toe",62,Semi-durable
640330,"(-2006) Footwear made on a base or platform of wood, not having an inner sole or a protective metal toecap",62,Semi-durable
640340,"Other footwear, incorporating a protective metal toecap",62,Semi-durable
640351,Covering the ankle,62,Semi-durable
640359,Other,62,Semi-durable
640391,Covering the ankle,62,Semi-durable
640399,Other,62,Semi-durable
640411,"Sports footwear; tennis shoes, basketball shoes, gym shoes, training shoes and the like",62,Semi-durable
640419,Other,62,Semi-durable
640420,- Footwear with outer soles of leather or composition leather,62,Semi-durable
640510,-  With uppers of leather or composition leather,62,Semi-durable
640520,-  With uppers of textile materials,62,Semi-durable
640590,-  Other,62,Semi-durable
640610,"Uppers and parts thereof, other than stiffeners",62,Semi-durable
640620,"Outer soles and heels, of rubber or plastics",62,Semi-durable
640691,Of wood,62,Semi-durable
640699,Of other materials,62,Semi-durable
650300,"(-2006) Felt hats and other felt headgear, made from the hat bodies, hoods or plateaux of heading 65.01, whether or not lined or trimmed.",62,Semi-durable
650400,"Hats and other headgear, plaited or made by assembling strips of any material, whether or not lined or trimmed.",62,Semi-durable
650510,Hairnets,62,Semi-durable
650590,Other,62,Semi-durable
650610,Safety headgear,62,Semi-durable
650691,Of rubber or of plastics,62,Semi-durable
650692,(-2006) Of furskin,62,Semi-durable
650699,Of other materials,62,Semi-durable
650700,"Headbands, linings, covers, hat foundations, hat frames, peaks and chinstraps, for headgear.",62,Semi-durable
660110,Garden or similar umbrellas,62,Semi-durable
660191,Having a telescopic shaft,62,Semi-durable
660199,Other,62,Semi-durable
660200,"Walkingsticks, seatsticks, whips, ridingcrops and the like.",62,Semi-durable
670411,Complete wigs,62,Semi-durable
670419,Other,62,Semi-durable
670420,Of human hair,62,Semi-durable
670490,Of other materials,62,Semi-durable
691110,Tableware and kitchenware,62,Semi-durable
691190,Other,62,Semi-durable
691200,"Ceramic tableware, kitchenware, other household articles and toilet articles, other than of porcelain or china.",62,Semi-durable
691310,Of porcelain or china,62,Semi-durable
691390,Other,62,Semi-durable
701310,Of glassceramics,62,Semi-durable
701321,(-2006) Of lead crystal,62,Semi-durable
701329,(-2006) Other,62,Semi-durable
701331,(-2006) Of lead crystal,62,Semi-durable
701332,(-2006) Of glass having a linear coefficient of expansion not exceeding 5 x 106 per Kelvin within a temperature range of   0 °C to 300 °C,62,Semi-durable
701339,(-2006) Other,62,Semi-durable
701391,Of lead crystal,62,Semi-durable
701399,Other,62,Semi-durable
711711,Cufflinks and studs,62,Semi-durable
711719,Other,62,Semi-durable
711790,Other,62,Semi-durable
732310,"Iron or steel wool; pot scourers and scouring or polishing pads, gloves and the like",62,Semi-durable
732391,"Of cast iron, not enamelled",62,Semi-durable
732392,"Of cast iron, enamelled",62,Semi-durable
732393,Of stainless steel,62,Semi-durable
732394,"Of iron (other than cast iron) or steel, enamelled",62,Semi-durable
732399,Other,62,Semi-durable
741810,"(-1995) Table, kitchen or other household articles",62,Semi-durable
741811,"(1996-) Pot scourers and scouring or polishing pads, gloves and the like",62,Semi-durable
741819,(1996-) Other,62,Semi-durable
761510,"(-1995) Table,kitchen&household art,alum&parts,nes",62,Semi-durable
761511,"(1996-) Pot scourers and scouring or polishing pads, gloves and the  like",62,Semi-durable
761519,(1996-) Other,62,Semi-durable
800700,Other articles of tin.,62,Semi-durable
821110,Sets of assorted articles,62,Semi-durable
821191,Table knives having fixed blades,62,Semi-durable
821192,Other knives having fixed blades,62,Semi-durable
821193,Knives having other than fixed blades,62,Semi-durable
821194,Blades,62,Semi-durable
821195,(1996-) Handles of base metal,62,Semi-durable
821300,"Scissors, tailors' shears and similar shears, and blades therefor.",62,Semi-durable
821410,"Paper knives, letter openers, erasing knives, pencil sharpeners and blades therefor",62,Semi-durable
821420,Manicure or pedicure sets and instruments (including nail files),62,Semi-durable
821490,Other,62,Semi-durable
821510,Sets of assorted articles containing at least one article plated with precious metal,62,Semi-durable
821520,Other sets of assorted articles,62,Semi-durable
821591,Plated with precious metal,62,Semi-durable
821599,Other,62,Semi-durable
830621,Plated with precious metal,62,Semi-durable
830629,Other,62,Semi-durable
830630,"Photograph, picture or similar frames; mirrors",62,Semi-durable
851020,Hair clippers,62,Semi-durable
852311,(-2006) Of a width not exceeding 4 mm,62,Semi-durable
852312,(-2006) Of a width exceeding 4 mm but not exceeding 6.5 mm,62,Semi-durable
852313,(-2006) Of a width exceeding 6.5 mm,62,Semi-durable
852320,(-2006) Magnetic discs,62,Semi-durable
852330,(1996-2006) Cards incorporating a magnetic stripe,62,Semi-durable
852390,(-2006) Other,62,Semi-durable
852410,(-2006) Gramophone records,62,Semi-durable
852421,"(-1995) Recorded magnetic tapes, of a width not ex",62,Semi-durable
852422,"(-1995) Recorded magnetic tapes,of a width exceedi",62,Semi-durable
852423,"(-1995) Recorded magnetic tapes, of a width exceed",62,Semi-durable
852431,(1996-2006) For reproducing phenomena other than sound or image,62,Semi-durable
852432,(1996-2006) For reproducing sound only,62,Semi-durable
852439,(1996-2006) Other,62,Semi-durable
852440,(1996-2006) Magnetic tapes for reproducing phenomena other than sound or image,62,Semi-durable
852451,(1996-2006) Of a width not exceeding 4 mm,62,Semi-durable
852452,(1996-2006) Of a width exceeding 4 mm but not exceeding 6.5 mm,62,Semi-durable
852453,(1996-2006) Of a width exceeding 6.5 mm,62,Semi-durable
852460,(1996-2006) Cards incorporating a magnetic stripe,62,Semi-durable
852490,(-1995) Recorded media for sound or other similarl,62,Semi-durable
852491,(1996-2006) For reproducing phenomena other than sound or image,62,Semi-durable
852499,(1996-2006) Other,62,Semi-durable
900311,Of plastics,62,Semi-durable
900319,Of other materials,62,Semi-durable
900390,Parts,62,Semi-durable
900410,Sunglasses,62,Semi-durable
900490,Other,62,Semi-durable
911310,Of precious metal or of metal clad with precious metal,62,Semi-durable
911320,"Of base metal, whether or not gold or silverplated",62,Semi-durable
911390,Other,62,Semi-durable
940150,"(-2006) Seats of cane, osier, bamboo or similar materials",62,Semi-durable
940410,Mattress supports,62,Semi-durable
940421,"Of cellular rubber or plastics, whether or not covered",62,Semi-durable
940429,Of other materials,62,Semi-durable
940430,Sleeping bags,62,Semi-durable
940490,Other,62,Semi-durable
950100,"(-2006) Wheeled toys designed to be ridden by children (for example, tricycles, scooters, pedal cars); dolls' carriages.",62,Semi-durable
950210,"(-2006) Dolls, whether or not dressed",62,Semi-durable
950291,"(-2006) Garments and accessories therefor, footwear and headgear",62,Semi-durable
950299,(-2006) Other,62,Semi-durable
950310,"(-2006) Electric trains, including tracks, signals and other accessories therefor",62,Semi-durable
950320,"(-2006) Reducedsize (scale) model assembly kits, whether or not working models, excluding those of subheading 9503.10",62,Semi-durable
950330,(-2006) Other construction sets and constructional toys,62,Semi-durable
950341,(-2006) Stuffed,62,Semi-durable
950349,(-2006) Other,62,Semi-durable
950350,(-2006) Toy musical instruments and apparatus,62,Semi-durable
950360,(-2006) Puzzles,62,Semi-durable
950370,"(-2006) Other toys, put up in sets or outfits",62,Semi-durable
950380,"(-2006) Other toys and models, incorporating a motor",62,Semi-durable
950390,(-2006) Other,62,Semi-durable
950410,Video games of a kind used with a television receiver,62,Semi-durable
950420,Articles and accessories for billiards,62,Semi-durable
950430,"Other games, operated by coins, banknotes (paper currency), discs or other similar articles, other than bowling alley equipment",62,Semi-durable
950440,Playing cards,62,Semi-durable
950490,Other,62,Semi-durable
950611,Skis,62,Semi-durable
950612,Ski-fastenings (ski-bindings),62,Semi-durable
950619,Other,62,Semi-durable
950621,Sailboards,62,Semi-durable
950629,Other,62,Semi-durable
950631,"Clubs, complete",62,Semi-durable
950632,Balls,62,Semi-durable
950639,Other,62,Semi-durable
950640,Articles and equipment for table-tennis,62,Semi-durable
950651,"Lawn-tennis rackets, whether or not strung",62,Semi-durable
950659,Other,62,Semi-durable
950661,Lawn-tennis balls,62,Semi-durable
950662,Inflatable,62,Semi-durable
950669,Other,62,Semi-durable
950670,"Ice skates and roller skates, including skating boots with skates attached",62,Semi-durable
950691,"Articles and equipment for general physical exercise, gymnastics or athletics",62,Semi-durable
950699,Other,62,Semi-durable
950710,Fishing rods,62,Semi-durable
950720,"Fish-hooks, whether or not snelled",62,Semi-durable
950730,Fishing reels,62,Semi-durable
950790,Other,62,Semi-durable
960110,Worked ivory and articles of ivory,62,Semi-durable
960190,Other,62,Semi-durable
960200,"Worked vegetable or mineral carving material and articles of these materials; moulded or carved articles of wax, of stearin, of natural gums or natural resins or of modelling pastes, and other moulded or carved articles, not elsewhere specified or include",62,Semi-durable
960500,"Travel sets for personal toilet, sewing or shoe or clothes cleaning.",62,Semi-durable
961000,"Slates and boards, with writing or drawing surfaces, whether or not framed.",62,Semi-durable
961310,"Pocket lighters, gas fuelled, nonrefillable",62,Semi-durable
961320,"Pocket lighters, gas fuelled, refillable",62,Semi-durable
961330,(-2001) Table lighters,62,Semi-durable
961380,Other lighters,62,Semi-durable
961420,(-2006) Pipes and pipe bowls,62,Semi-durable
961490,(-2006) Other,62,Semi-durable
961511,Of hard rubber or plastics,62,Semi-durable
961519,Other,62,Semi-durable
961590,Other,62,Semi-durable
961610,"Scent sprays and similar toilet sprays, and mounts and heads therefor",62,Semi-durable
961700,"Vacuum flasks and other vacuum vessels, complete with cases; parts thereof other than glass inners.",62,Semi-durable
060310,(-2006) Fresh,63,Non-durable
060390,Other,63,Non-durable
060410,Mosses and lichens,63,Non-durable
060491,Fresh,63,Non-durable
060499,Other,63,Non-durable
240210,"Cigars, cheroots and cigarillos, containing tobacco",63,Non-durable
240220,Cigarettes containing tobacco,63,Non-durable
240290,Other,63,Non-durable
240310,"Smoking tobacco, whether or not containing tobacco substitutes  in any proportion",63,Non-durable
240391,Homogenised or reconstituted tobacco,63,Non-durable
240399,Other,63,Non-durable
300310,"Containing penicillins or derivatives thereof, with a penicillanic acid structure, or streptomycins or their derivatives",63,Non-durable
300320,Containing other antibiotics,63,Non-durable
300331,Containing insulin,63,Non-durable
300339,Other,63,Non-durable
300340,Containing alkaloids or derivatives thereof but not containing hormones or other products of heading 29.37 or antibiotics,63,Non-durable
300390,Other,63,Non-durable
300410,"Containing penicillins or derivatives thereof, with a penicillanic acid structure, or streptomycins or their derivatives",63,Non-durable
300420,Containing other antibiotics,63,Non-durable
300431,Containing insulin,63,Non-durable
300432,"Containing corticosteroid hormones, their derivatives and  structural analogues",63,Non-durable
300439,Other,63,Non-durable
300440,"Containing alkaloids or derivatives thereof but not containing hormones, other products of heading 29.37 or antibiotics",63,Non-durable
300450,Other medicaments containing vitamins or other products of heading 29.36,63,Non-durable
300490,Other,63,Non-durable
300510,Adhesive dressings and other articles having an adhesive layer,63,Non-durable
300590,Other,63,Non-durable
321310,Colours in sets,63,Non-durable
321390,Other,63,Non-durable
330300,Perfumes and toilet waters.,63,Non-durable
330410,Lip makeup preparations,63,Non-durable
330420,Eye makeup preparations,63,Non-durable
330430,Manicure or pedicure preparations,63,Non-durable
330491,"Powders, whether or not compressed",63,Non-durable
330499,Other,63,Non-durable
330510,Shampoos,63,Non-durable
330520,Preparations for permanent waving or straightening,63,Non-durable
330530,Hair lacquers,63,Non-durable
330590,Other,63,Non-durable
330610,Dentifrices,63,Non-durable
330690,Other,63,Non-durable
330710,"Preshave, shaving or aftershave preparations",63,Non-durable
330720,Personal deodorants and antiperspirants,63,Non-durable
330730,Perfumed bath salts and other bath preparations,63,Non-durable
330741,Agarbatti and other odoriferous preparations which operate by burning,63,Non-durable
330749,Other,63,Non-durable
330790,Other,63,Non-durable
340111,For toilet use (including medicated products),63,Non-durable
340119,Other,63,Non-durable
340120,Soap in other forms,63,Non-durable
340130,"(2002-) Organic surfaceactive products and preparations for washing the  skin,  in  the  form  of  liquid or cream and put up for retail sale, whether or not containing soap",63,Non-durable
340211,Anionic,63,Non-durable
340212,Cationic,63,Non-durable
340213,Non-ionic,63,Non-durable
340219,Other,63,Non-durable
340220,Preparations put up for retail sale,63,Non-durable
340290,Other,63,Non-durable
340510,"Polishes, creams and similar preparations for footwear or leather",63,Non-durable
340520,"Polishes, creams and similar preparations for the maintenance of wooden furniture, floors or other woodwork",63,Non-durable
340530,"Polishes and similar preparations for coachwork, other than metal polishes",63,Non-durable
340540,Scouring pastes and powders and other scouring preparations,63,Non-durable
340590,Other,63,Non-durable
340600,"Candles, tapers and the like.",63,Non-durable
360500,"Matches, other than pyrotechnic articles of heading 36.04.",63,Non-durable
360610,Liquid or liquefiedgas fuels in containers of a kind used for filling or refilling cigarette or similar lighters and of a capacity not exceeding 300 cm3,63,Non-durable
360690,Other,63,Non-durable
392620,"Articles of apparel and clothing accessories (including gloves, mittens and mitts)",63,Non-durable
401511,Surgical,63,Non-durable
401519,Other,63,Non-durable
401590,Other,63,Non-durable
401610,Of cellular rubber,63,Non-durable
401691,Floor coverings and mats,63,Non-durable
401692,Erasers,63,Non-durable
401693,"Gaskets, washers and other seals",63,Non-durable
401694,"Boat or dock fenders, whether or not inflatable",63,Non-durable
401695,Other inflatable articles,63,Non-durable
401699,Other,63,Non-durable
481710,Envelopes,63,Non-durable
481720,"Letter cards, plain postcards and correspondence cards",63,Non-durable
481730,"Boxes, pouches, wallets and writing compendiums, of paper or paperboard, containing an assortment of paper stationery",63,Non-durable
481810,Toilet paper,63,Non-durable
481820,"Handkerchiefs, cleansing or facial tissues and towels",63,Non-durable
481830,Tablecloths and serviettes,63,Non-durable
481840,"Sanitary towels and tampons, napkins and napkin liners for babies and similar sanitary articles",63,Non-durable
481850,Articles of apparel and clothing accessories,63,Non-durable
481890,Other,63,Non-durable
482360,"(-2006) Trays, dishes, plates, cups and the like, of paper or paperboard",63,Non-durable
490110,"In single sheets, whether or not folded",63,Non-durable
490191,"Dictionaries and encyclopaedias, and serial instalments thereof",63,Non-durable
490199,Other,63,Non-durable
490210,Appearing at least four times a week,63,Non-durable
490290,Other,63,Non-durable
490300,"Children's picture, drawing or colouring books.",63,Non-durable
490510,Globes,63,Non-durable
490591,In book form,63,Non-durable
490599,Other,63,Non-durable
490810,"Transfers (decalcomanias), vitrifiable",63,Non-durable
490890,Other,63,Non-durable
490900,"Printed or illustrated postcards; printed cards bearing personal greetings, messages or announcements, whether or not illustrated, with or without envelopes or trimmings.",63,Non-durable
491000,"Calendars of any kind, printed, including calendar blocks.",63,Non-durable
491191,"Pictures, designs and photographs",63,Non-durable
491199,Other,63,Non-durable
500600,"Silk yarn and yarn spun from silk waste, put up for retail sale; silkworm gut.",63,Non-durable
510910,Containing 85 % or more by weight of wool or of fine animal hair,63,Non-durable
510990,Other,63,Non-durable
520420,Put up for retail sale,63,Non-durable
520710,Containing 85 % or more by weight of cotton,63,Non-durable
520790,Other,63,Non-durable
540610,(-2006) Synthetic filament yarn,63,Non-durable
540620,(-2006) Artificial filament yarn,63,Non-durable
551110,"Of synthetic staple fibres, containing 85 % or more by weight of such fibres",63,Non-durable
551120,"Of synthetic staple fibres, containing less than 85 % by weight of such fibres",63,Non-durable
551130,Of artificial staple fibres,63,Non-durable
610510,Of cotton,63,Non-durable
610520,Of manmade fibres,63,Non-durable
610590,Of other textile materials,63,Non-durable
610711,Of cotton,63,Non-durable
610712,Of manmade fibres,63,Non-durable
610719,Of other textile materials,63,Non-durable
610721,Of cotton,63,Non-durable
610722,Of manmade fibres,63,Non-durable
610729,Of other textile materials,63,Non-durable
610811,Of manmade fibres,63,Non-durable
610819,Of other textile materials,63,Non-durable
610821,Of cotton,63,Non-durable
610822,Of manmade fibres,63,Non-durable
610829,Of other textile materials,63,Non-durable
610831,Of cotton,63,Non-durable
610832,Of manmade fibres,63,Non-durable
610839,Of other textile materials,63,Non-durable
610891,Of cotton,63,Non-durable
610892,Of manmade fibres,63,Non-durable
610899,Of other textile materials,63,Non-durable
610910,Of cotton,63,Non-durable
610990,Of other textile materials,63,Non-durable
611511,"(-2006) Of synthetic fibres, measuring per single yarn less than 67 decitex",63,Non-durable
611512,"(-2006) Of synthetic fibres, measuring per single yarn 67 decitex or more",63,Non-durable
611519,(-2006) Of other textile materials,63,Non-durable
611520,"(-2006) Women's fulllength or kneelength hosiery, measuring per single yarn less than 67 decitex",63,Non-durable
611591,(-2006) Of wool or fine animal hair,63,Non-durable
611592,(-2006) Of cotton,63,Non-durable
611593,(-2006) Of synthetic fibres,63,Non-durable
611599,Of other textile materials,63,Non-durable
611610,"Impregnated, coated or covered with plastics or rubber",63,Non-durable
611691,Of wool or fine animal hair,63,Non-durable
611692,Of cotton,63,Non-durable
611693,Of synthetic fibres,63,Non-durable
611699,Of other textile materials,63,Non-durable
611780,Other accessories,63,Non-durable
611790,Parts,63,Non-durable
620510,(-2006) Of wool or fine animal hair,63,Non-durable
620520,Of cotton,63,Non-durable
620530,Of manmade fibres,63,Non-durable
620590,Of other textile materials,63,Non-durable
620711,Of cotton,63,Non-durable
620719,Of other textile materials,63,Non-durable
620721,Of cotton,63,Non-durable
620722,Of manmade fibres,63,Non-durable
620729,Of other textile materials,63,Non-durable
620791,Of cotton,63,Non-durable
620792,(-2006) Of manmade fibres,63,Non-durable
620799,Of other textile materials,63,Non-durable
620811,Of manmade fibres,63,Non-durable
620819,Of other textile materials,63,Non-durable
620821,Of cotton,63,Non-durable
620822,Of manmade fibres,63,Non-durable
620829,Of other textile materials,63,Non-durable
620891,Of cotton,63,Non-durable
620892,Of manmade fibres,63,Non-durable
620899,Of other textile materials,63,Non-durable
621210,Brassières,63,Non-durable
621220,Girdles and pantygirdles,63,Non-durable
621230,Corselettes,63,Non-durable
621290,Other,63,Non-durable
621310,(-2006) Of silk or silk waste,63,Non-durable
621320,Of cotton,63,Non-durable
621390,Of other textile materials,63,Non-durable
621410,Of silk or silk waste,63,Non-durable
621420,Of wool or fine animal hair,63,Non-durable
621430,Of synthetic fibres,63,Non-durable
621440,Of artificial fibres,63,Non-durable
621490,Of other textile materials,63,Non-durable
621510,Of silk or silk waste,63,Non-durable
621520,Of manmade fibres,63,Non-durable
621590,Of other textile materials,63,Non-durable
621600,"Gloves, mittens and mitts.",63,Non-durable
621710,Accessories,63,Non-durable
621790,Parts,63,Non-durable
731910,"(-2006) Sewing, darning or embroidery needles",63,Non-durable
731920,Safety pins,63,Non-durable
731930,Other pins,63,Non-durable
731990,Other,63,Non-durable
821210,Razors,63,Non-durable
821220,"Safety razor blades, including razor blade blanks in strips",63,Non-durable
821290,Other parts,63,Non-durable
850610,(1996-) Manganese dioxide,63,Non-durable
850611,(-1995) Manganese dioxide primary cells&batt of an,63,Non-durable
850612,(-1995) Mercuric oxide primary cells & batteries o,63,Non-durable
850613,(-1995) Silver oxide primary cells&batteries of an,63,Non-durable
850619,(-1995) Primary cells and primary batteries of an ,63,Non-durable
850620,(-1995) Primary cells and primary batteries of an ,63,Non-durable
850630,(1996-) Mercuric oxide,63,Non-durable
850640,(1996-) Silver oxide,63,Non-durable
850650,(1996-) Lithium,63,Non-durable
850660,(1996-) Airzinc,63,Non-durable
850680,(1996-) Other primary cells and primary batteries,63,Non-durable
853921,Tungsten halogen,63,Non-durable
853922,"Other, of a power not exceeding 200 W and for a voltage exceeding 100 V",63,Non-durable
853929,Other,63,Non-durable
900662,"(-2006) Flashbulbs, flashcubes and the like",63,Non-durable
940530,Lighting sets of a kind used for Christmas trees,63,Non-durable
950510,Articles for Christmas festivities,63,Non-durable
950590,Other,63,Non-durable
960810,Ball point pens,63,Non-durable
960820,Felt tipped and other poroustipped pens and markers,63,Non-durable
960831,Indian ink drawing pens,63,Non-durable
960839,Other,63,Non-durable
960840,Propelling or sliding pencils,63,Non-durable
960850,Sets of articles from two or more of the foregoing subheadings,63,Non-durable
960860,"Refills for ball point pens, comprising the ball point and inkreservoir",63,Non-durable
960891,Pen nibs and nib points,63,Non-durable
960899,Other,63,Non-durable
960910,"Pencils and crayons, with leads encased in a rigid sheath",63,Non-durable
960920,"Pencil leads, black or coloured",63,Non-durable
960990,Other,63,Non-durable
961620,Powderpuffs and pads for the application of cosmetics or toilet preparations,63,Non-durable
970190,Other,63,Non-durable
010110,(2002-) Purebred breeding animals,111,Mainly for industry
010111,(-2001) Horses :-- Pure-bred breeding animals,111,Mainly for industry
010119,(-2001) Horses :-- Other,111,Mainly for industry
010120,"(-2001) Asses, mules and hinnies",111,Mainly for industry
010190,(2002-) Other,111,Mainly for industry
010290,Other,111,Mainly for industry
010391,Weighing less than 50 kg,111,Mainly for industry
010392,Weighing 50 kg or more,111,Mainly for industry
010410,Sheep,111,Mainly for industry
010420,Goats,111,Mainly for industry
010511,Fowls of the species Gallus domesticus,111,Mainly for industry
010512,(1996-) Turkeys,111,Mainly for industry
010519,Other,111,Mainly for industry
010591,(-1995) Live fowls of species Gallus domesticus (c,111,Mainly for industry
010592,"(1996-2006) Fowls of the species Gallus domesticus, weighing not more than 2,000 g",111,Mainly for industry
010593,"(1996-2006) Fowls of the species Gallus domesticus, weighing more than 2,000 g",111,Mainly for industry
010599,Other,111,Mainly for industry
010600,(-2001) Other live animals.,111,Mainly for industry
010611,(2002-) Primates,111,Mainly for industry
010612,"(2002-) Whales, dolphins and porpoises (mammals of the order       Cetacea); manatees and dugongs (mammals of the order  Sirenia)",111,Mainly for industry
010619,(2002-) Other,111,Mainly for industry
010620,(2002-) Reptiles (including snakes and turtles),111,Mainly for industry
010631,(2002-) Birds of prey,111,Mainly for industry
010632,"(2002-) Psittaciformes (including parrots, parakeets, macaws and cockatoos)",111,Mainly for industry
010639,(2002-) Other,111,Mainly for industry
010690,(2002-) Other,111,Mainly for industry
071410,Manioc (cassava),111,Mainly for industry
071420,Sweet potatoes,111,Mainly for industry
071490,Other,111,Mainly for industry
080110,"(-1995) Coconuts, fresh or dried",111,Mainly for industry
080111,(1996-) Desiccated,111,Mainly for industry
080119,(1996-) Other,111,Mainly for industry
081210,Cherries,111,Mainly for industry
081220,(-2001) Strawberries,111,Mainly for industry
081290,Other,111,Mainly for industry
081400,"Peel of citrus fruit or melons (including watermelons), fresh, frozen, dried or provisionally preserved in brine, in sulphur water or in other preservative solutions.",111,Mainly for industry
090111,Not decaffeinated,111,Mainly for industry
090112,Decaffeinated,111,Mainly for industry
090130,(-1995) Coffee husks and skins,111,Mainly for industry
100110,Durum wheat,111,Mainly for industry
100190,Other,111,Mainly for industry
100200,Rye.,111,Mainly for industry
100300,Barley.,111,Mainly for industry
100610,Rice in the husk (paddy or rough),111,Mainly for industry
100620,Husked (brown) rice,111,Mainly for industry
100700,Grain sorghum.,111,Mainly for industry
100810,Buckwheat,111,Mainly for industry
100820,Millet,111,Mainly for industry
100830,Canary seed,111,Mainly for industry
100890,Other cereals,111,Mainly for industry
120100,"Soya beans, whether or not broken.",111,Mainly for industry
120210,In shell,111,Mainly for industry
120220,"Shelled, whether or not broken",111,Mainly for industry
120300,Copra.,111,Mainly for industry
120500,"(-2001) Rape or colza seeds, whether or not broken.",111,Mainly for industry
120510,(2002-) Low erucic acid rape or colza seeds,111,Mainly for industry
120590,(2002-) Other,111,Mainly for industry
120600,"Sunflower seeds, whether or not broken.",111,Mainly for industry
120710,(-2006) Palm nuts and kernels,111,Mainly for industry
120720,Cotton seeds,111,Mainly for industry
120740,Sesamum seeds,111,Mainly for industry
120750,Mustard seeds,111,Mainly for industry
121010,"Hop cones, neither ground nor powdered nor in the form of pellets",111,Mainly for industry
121020,"Hop cones, ground, powdered or in the form of pellets; lupulin",111,Mainly for industry
121210,"(-2006) Locust beans, including locust bean seeds",111,Mainly for industry
121230,"(-2006) Apricot, peach (including nectarine) or plum stones and kernels",111,Mainly for industry
121291,Sugar beet,111,Mainly for industry
121292,(-2001) Other :-- Sugar cane,111,Mainly for industry
121299,Other,111,Mainly for industry
180100,"Cocoa beans, whole or broken, raw or roasted.",111,Mainly for industry
350210,(-1995) Egg albumin,111,Mainly for industry
350211,(1996-) Dried,111,Mainly for industry
350219,(1996-) Other,111,Mainly for industry
030110,Ornamental fish,112,Mainly for household consumption
030191,"Trout (Salmo trutta, Oncorhynchus mykiss, Oncorhynchus clarki, Oncorhynchus aguabonita, Oncorhynchus gilae, Oncorhynchus apache and Oncorhynchus chrysogaster)",112,Mainly for household consumption
030192,Eels (Anguilla spp.),112,Mainly for household consumption
030193,Carp,112,Mainly for household consumption
030199,Other,112,Mainly for household consumption
030211,"Trout (Salmo trutta, Oncorhynchus mykiss, Oncorhynchus clarki, Oncorhynchus aguabonita, Oncorhynchus gilae, Oncorhynchus apache and Oncorhynchus chrysogaster)",112,Mainly for household consumption
030212,"Pacific salmon (Oncorhynchus nerka, Oncorhynchus gorbuscha, Oncorhynchus keta, Oncorhynchus tschawytscha, Oncorhynchus kisutch, Oncorhynchus masou and Oncorhynchus rhodurus), Atlantic salmon (Salmo salar) and Danube salmon (Hucho hucho)",112,Mainly for household consumption
030219,Other,112,Mainly for household consumption
030221,"Halibut (Reinhardtius hippoglossoides, Hippoglossus hippoglossus, Hippoglossus stenolepis)",112,Mainly for household consumption
030222,Plaice (Pleuronectes platessa),112,Mainly for household consumption
030223,Sole (Solea spp.),112,Mainly for household consumption
030229,Other,112,Mainly for household consumption
030231,Albacore or longfinned tunas (Thunnus alalunga),112,Mainly for household consumption
030232,Yellowfin tunas (Thunnus albacares),112,Mainly for household consumption
030233,Skipjack or stripebellied bonito,112,Mainly for household consumption
030234,(2002-) Bigeye tunas (Thunnus obesus),112,Mainly for household consumption
030235,(2002-) Bluefin tunas (Thunnus thynnus),112,Mainly for household consumption
030236,(2002-) Southern bluefin tunas (Thunnus maccoyii),112,Mainly for household consumption
030239,Other,112,Mainly for household consumption
030240,"Herrings (Clupea harengus, Clupea pallasii), excluding livers and roes",112,Mainly for household consumption
030250,"Cod (Gadus morhua, Gadus ogac, Gadus macrocephalus), excluding livers and roes",112,Mainly for household consumption
030261,"Sardines (Sardina pilchardus, Sardinops spp.), sardinella (Sardinella spp.), brisling or sprats (Sprattus sprattus)",112,Mainly for household consumption
030262,Haddock (Melanogrammus aeglefinus),112,Mainly for household consumption
030263,Coalfish (Pollachius virens),112,Mainly for household consumption
030264,"Mackerel (Scomber scombrus, Scomber australasicus, Scomber japonicus)",112,Mainly for household consumption
030265,Dogfish and other sharks,112,Mainly for household consumption
030266,Eels (Anguilla spp.),112,Mainly for household consumption
030269,Other,112,Mainly for household consumption
030270,Livers and roes,112,Mainly for household consumption
030530,"Fish fillets, dried, salted or in brine, but not smoked",112,Mainly for household consumption
030551,"Cod (Gadus morhua, Gadus ogac, Gadus macrocephalus)",112,Mainly for household consumption
030559,Other,112,Mainly for household consumption
030561,"Herrings (Clupea harengus, Clupea pallasii)",112,Mainly for household consumption
030562,"Cod (Gadus morhua, Gadus ogac, Gadus macrocephalus)",112,Mainly for household consumption
030563,Anchovies (Engraulis spp.),112,Mainly for household consumption
030569,Other,112,Mainly for household consumption
030611,"Rock lobster and other sea crawfish (Palinurus spp., Panulirus spp., Jasus spp.)",112,Mainly for household consumption
030612,Lobsters (Homarus spp.),112,Mainly for household consumption
030613,Shrimps and prawns,112,Mainly for household consumption
030614,Crabs,112,Mainly for household consumption
030619,"Other, including flours, meals and pellets of crustaceans, fit for human consumption",112,Mainly for household consumption
030710,Oysters,112,Mainly for household consumption
030721,"Live, fresh or chilled",112,Mainly for household consumption
030729,Other,112,Mainly for household consumption
030731,"Live, fresh or chilled",112,Mainly for household consumption
030739,Other,112,Mainly for household consumption
030741,"Live, fresh or chilled",112,Mainly for household consumption
030749,Other,112,Mainly for household consumption
030751,"Live, fresh or chilled",112,Mainly for household consumption
030759,Other,112,Mainly for household consumption
030791,"Live, fresh or chilled",112,Mainly for household consumption
030799,Other,112,Mainly for household consumption
040110,"Of a fat content, by weight, not exceeding 1 %",112,Mainly for household consumption
040120,"Of a fat content, by weight, exceeding 1 % but not exceeding     6 %",112,Mainly for household consumption
040130,"Of a fat content, by weight, exceeding 6 %",112,Mainly for household consumption
040310,Yogurt,112,Mainly for household consumption
040390,Other,112,Mainly for household consumption
040700,"Birds' eggs, in shell, fresh, preserved or cooked.",112,Mainly for household consumption
040900,Natural honey.,112,Mainly for household consumption
070110,Seed,112,Mainly for household consumption
070190,Other,112,Mainly for household consumption
070200,"Tomatoes, fresh or chilled.",112,Mainly for household consumption
070310,Onions and shallots,112,Mainly for household consumption
070320,Garlic,112,Mainly for household consumption
070390,Leeks and other alliaceous vegetables,112,Mainly for household consumption
070410,Cauliflowers and headed broccoli,112,Mainly for household consumption
070420,Brussels sprouts,112,Mainly for household consumption
070490,Other,112,Mainly for household consumption
070511,Cabbage lettuce (head lettuce),112,Mainly for household consumption
070519,Other,112,Mainly for household consumption
070521,Witloof chicory (Cichorium intybus var. foliosum),112,Mainly for household consumption
070529,Other,112,Mainly for household consumption
070610,Carrots and turnips,112,Mainly for household consumption
070690,Other,112,Mainly for household consumption
070700,"Cucumbers and gherkins, fresh or chilled.",112,Mainly for household consumption
070810,Peas (Pisum sativum),112,Mainly for household consumption
070820,"Beans (Vigna spp., Phaseolus spp.)",112,Mainly for household consumption
070890,Other leguminous vegetables,112,Mainly for household consumption
070910,(-2006) Globe artichokes,112,Mainly for household consumption
070920,Asparagus,112,Mainly for household consumption
070930,Aubergines (eggplants),112,Mainly for household consumption
070940,Celery other than celeriac,112,Mainly for household consumption
070951,Mushrooms of the genus Agaricus,112,Mainly for household consumption
070952,(-2006) Truffles,112,Mainly for household consumption
070959,(2002-) Other,112,Mainly for household consumption
070960,Fruits of the genus Capsicum or of the genus Pimenta,112,Mainly for household consumption
070970,"Spinach, New Zealand spinach and orache spinach (garden spinach)",112,Mainly for household consumption
070990,Other,112,Mainly for household consumption
071010,Potatoes,112,Mainly for household consumption
071021,Peas (Pisum sativum),112,Mainly for household consumption
071022,"Beans (Vigna spp., Phaseolus spp.)",112,Mainly for household consumption
071029,Other,112,Mainly for household consumption
071030,"Spinach, New Zealand spinach and orache spinach (garden spinach)",112,Mainly for household consumption
071040,Sweet corn,112,Mainly for household consumption
071080,Other vegetables,112,Mainly for household consumption
071090,Mixtures of vegetables,112,Mainly for household consumption
071310,Peas (Pisum sativum),112,Mainly for household consumption
071320,Chickpeas (garbanzos),112,Mainly for household consumption
071331,Beans of the species Vigna mungo (L.) Hepper or Vigna radiata (L.) Wilczek,112,Mainly for household consumption
071332,Small red (Adzuki) beans (Phaseolus or Vigna angularis),112,Mainly for household consumption
071333,"Kidney beans, including white pea beans (Phaseolus vulgaris)",112,Mainly for household consumption
071339,Other,112,Mainly for household consumption
071340,Lentils,112,Mainly for household consumption
071350,"Broad beans (Vicia faba var. major) and horse beans (Vicia faba var. equina, Vicia faba var. minor)",112,Mainly for household consumption
071390,Other,112,Mainly for household consumption
080120,"(-1995) Brazil nuts, fresh or dried",112,Mainly for household consumption
080121,(1996-) In shell,112,Mainly for household consumption
080122,(1996-) Shelled,112,Mainly for household consumption
080130,"(-1995) Cashew nuts, fresh or dried",112,Mainly for household consumption
080131,(1996-) In shell,112,Mainly for household consumption
080132,(1996-) Shelled,112,Mainly for household consumption
080211,In shell,112,Mainly for household consumption
080212,Shelled,112,Mainly for household consumption
080221,In shell,112,Mainly for household consumption
080222,Shelled,112,Mainly for household consumption
080231,In shell,112,Mainly for household consumption
080232,Shelled,112,Mainly for household consumption
080240,Chestnuts (Castanea spp.),112,Mainly for household consumption
080250,Pistachios,112,Mainly for household consumption
080290,Other,112,Mainly for household consumption
080300,"Bananas, including plantains, fresh or dried.",112,Mainly for household consumption
080410,Dates,112,Mainly for household consumption
080420,Figs,112,Mainly for household consumption
080430,Pineapples,112,Mainly for household consumption
080440,Avocados,112,Mainly for household consumption
080450,"Guavas, mangoes and mangosteens",112,Mainly for household consumption
080510,Oranges,112,Mainly for household consumption
080520,"Mandarins (including tangerines and satsumas); clementines, wilkings and similar citrus hybrids",112,Mainly for household consumption
080530,"(-2001) Lemons (Citrus limon, Citrus limonum) and limes (C",112,Mainly for household consumption
080540,Grapefruit,112,Mainly for household consumption
080550,"(2002-) Lemons (Citrus limon, Citrus limonum) and limes (Citrus aurantifolia, Citrus latifolia)",112,Mainly for household consumption
080590,Other,112,Mainly for household consumption
080610,Fresh,112,Mainly for household consumption
080620,Dried,112,Mainly for household consumption
080710,"(-1995) Melons and watermelons, fresh",112,Mainly for household consumption
080711,(1996-) Watermelons,112,Mainly for household consumption
080719,(1996-) Other,112,Mainly for household consumption
080720,Papaws (papayas),112,Mainly for household consumption
080810,Apples,112,Mainly for household consumption
080820,Pears and quinces,112,Mainly for household consumption
080910,Apricots,112,Mainly for household consumption
080920,Cherries,112,Mainly for household consumption
080930,"Peaches, including nectarines",112,Mainly for household consumption
080940,Plums and sloes,112,Mainly for household consumption
081010,Strawberries,112,Mainly for household consumption
081020,"Raspberries, blackberries, mulberries and loganberries",112,Mainly for household consumption
081030,"(-2006) Black, white or red currants and gooseberries",112,Mainly for household consumption
081040,"Cranberries, bilberries and other fruits of the genus Vaccinium",112,Mainly for household consumption
081050,(1996-) Kiwifruit,112,Mainly for household consumption
081060,(2002-) Durians,112,Mainly for household consumption
081090,Other,112,Mainly for household consumption
081310,Apricots,112,Mainly for household consumption
081320,Prunes,112,Mainly for household consumption
081330,Apples,112,Mainly for household consumption
081340,Other fruit,112,Mainly for household consumption
081350,Mixtures of nuts or dried fruits of this Chapter,112,Mainly for household consumption
090210,Green tea (not fermented) in immediate packings of a content not exceeding 3 kg,112,Mainly for household consumption
090220,Other green tea (not fermented),112,Mainly for household consumption
090230,"Black tea (fermented) and partly fermented tea, in immediate packings of a content not exceeding 3 kg",112,Mainly for household consumption
090240,Other black tea (fermented) and other partly fermented tea,112,Mainly for household consumption
090300,Maté.,112,Mainly for household consumption
090411,Neither crushed nor ground,112,Mainly for household consumption
090412,Crushed or ground,112,Mainly for household consumption
090420,"Fruits of the genus Capsicum or of the genus Pimenta, dried or crushed or ground",112,Mainly for household consumption
090500,Vanilla.,112,Mainly for household consumption
090610,(-2006) Neither crushed nor ground,112,Mainly for household consumption
090620,Crushed or ground,112,Mainly for household consumption
090700,"Cloves (whole fruit, cloves and stems).",112,Mainly for household consumption
090810,Nutmeg,112,Mainly for household consumption
090820,Mace,112,Mainly for household consumption
090830,Cardamoms,112,Mainly for household consumption
090910,Seeds of anise or badian,112,Mainly for household consumption
090920,Seeds of coriander,112,Mainly for household consumption
090930,Seeds of cumin,112,Mainly for household consumption
090940,Seeds of caraway,112,Mainly for household consumption
090950,Seeds of fennel; juniper berries,112,Mainly for household consumption
091010,Ginger,112,Mainly for household consumption
091020,Saffron,112,Mainly for household consumption
091030,Turmeric (curcuma),112,Mainly for household consumption
091040,(-2006) Thyme; bay leaves,112,Mainly for household consumption
091050,(-2006) Curry,112,Mainly for household consumption
091091,Mixtures referred to in Note 1 (b) to this Chapter,112,Mainly for household consumption
091099,Other,112,Mainly for household consumption
210120,"Extracts, essences and concentrates, of tea or maté, and preparations with a basis of these extracts, essences or concentrates or with a basis of tea or maté",112,Mainly for household consumption
020900,"Pig fat, free of lean meat, and poultry fat, not rendered or otherwise extracted, fresh, chilled, frozen, salted, in brine, dried or smoked.",121,Mainly for industry
030510,"Flours, meals and pellets of fish, fit for human consumption",121,Mainly for industry
040210,"In powder, granules or other solid forms, of a fat content, by weight, not exceeding 1.5 %",121,Mainly for industry
040410,"Whey and modified whey, whether or not concentrated or containing added sugar or other sweetening matter",121,Mainly for industry
040811,Dried,121,Mainly for industry
040819,Other,121,Mainly for industry
040891,Dried,121,Mainly for industry
040899,Other,121,Mainly for industry
081110,Strawberries,121,Mainly for industry
081120,"Raspberries, blackberries, mulberries, loganberries, black, white or red currants and gooseberries",121,Mainly for industry
081190,Other,121,Mainly for industry
110100,Wheat or meslin flour.,121,Mainly for industry
110210,Rye flour,121,Mainly for industry
110220,Maize (corn) flour,121,Mainly for industry
110230,(-2006) Rice flour,121,Mainly for industry
110290,Other,121,Mainly for industry
110311,Of wheat,121,Mainly for industry
110312,(-2001) Groats and meal :-- Of oats,121,Mainly for industry
110313,Of maize (corn),121,Mainly for industry
110314,(-2001) Groats and meal :-- Of rice,121,Mainly for industry
110319,Of other cereals,121,Mainly for industry
110320,(2002-) Pellets,121,Mainly for industry
110321,(-2001) Pellets :-- Of wheat,121,Mainly for industry
110329,(-2001) Pellets :-- Of other cereals,121,Mainly for industry
110510,"Flour, meal and powder",121,Mainly for industry
110520,"Flakes, granules and pellets",121,Mainly for industry
110610,Of the dried leguminous vegetables of heading 07.13,121,Mainly for industry
110620,Of sago or of roots or tubers of heading 07.14,121,Mainly for industry
110630,Of the products of Chapter 8,121,Mainly for industry
110710,Not roasted,121,Mainly for industry
110720,Roasted,121,Mainly for industry
110900,"Wheat gluten, whether or not dried.",121,Mainly for industry
120810,Of soya beans,121,Mainly for industry
120890,Other,121,Mainly for industry
150420,"Fats and oils and their fractions, of fish, other than liver oils",121,Mainly for industry
150430,"Fats and oils and their fractions, of marine mammals",121,Mainly for industry
150710,"Crude oil, whether or not degummed",121,Mainly for industry
150790,Other,121,Mainly for industry
150810,Crude oil,121,Mainly for industry
150890,Other,121,Mainly for industry
151000,"Other oils and their fractions, obtained solely from olives, whether or not refined, but not chemically modified, including blends of these oils or fractions with oils or fractions of heading 15.09.",121,Mainly for industry
151190,Other,121,Mainly for industry
151221,"Crude oil, whether or not gossypol has been removed",121,Mainly for industry
151229,Other,121,Mainly for industry
151319,Other,121,Mainly for industry
151329,Other,121,Mainly for industry
151419,(2002-) Other,121,Mainly for industry
151490,(-2001) Other,121,Mainly for industry
151499,(2002-) Other,121,Mainly for industry
151529,Other,121,Mainly for industry
151550,Sesame oil and its fractions,121,Mainly for industry
151610,Animal fats and oils and their fractions,121,Mainly for industry
151620,Vegetable fats and oils and their fractions,121,Mainly for industry
160300,"Extracts and juices of meat, fish or crustaceans, molluscs or other aquatic invertebrates.",121,Mainly for industry
170111,Cane sugar,121,Mainly for industry
170112,Beet sugar,121,Mainly for industry
170191,Containing added flavouring or colouring matter,121,Mainly for industry
170210,(-1995) Lactose and lactose syrup,121,Mainly for industry
170211,"(1996-) Containing by weight 99 % or more lactose, expressed as anhydrous lactose, calculated on the dry matter",121,Mainly for industry
170219,(1996-) Other,121,Mainly for industry
170220,Maple sugar and maple syrup,121,Mainly for industry
170230,"Glucose and glucose syrup, not containing fructose or containing in the dry state less than 20 % by weight of fructose",121,Mainly for industry
170240,"Glucose and glucose syrup, containing in the dry state at least  20 % but less than 50 % by weight of fructose, excluding invert sugar",121,Mainly for industry
170250,Chemically pure fructose,121,Mainly for industry
170260,"Other fructose and fructose syrup, containing in the dry state more than 50 % by weight of fructose, excluding invert sugar",121,Mainly for industry
170290,"Other, including invert sugar and other sugar and sugar syrup blends containing in the dry state 50 % by weight of fructose",121,Mainly for industry
170310,Cane molasses,121,Mainly for industry
170390,Other,121,Mainly for industry
180200,"Cocoa shells, husks, skins and other cocoa waste.",121,Mainly for industry
180310,Not defatted,121,Mainly for industry
180320,Wholly or partly defatted,121,Mainly for industry
180400,"Cocoa butter, fat and oil.",121,Mainly for industry
180500,"Cocoa powder, not containing added sugar or other sweetening matter.",121,Mainly for industry
190300,"Tapioca and substitutes therefor prepared from starch, in the form of flakes, grains, pearls, siftings or in similar forms.",121,Mainly for industry
210210,Active yeasts,121,Mainly for industry
210220,"Inactive yeasts; other singlecell microorganisms, dead",121,Mainly for industry
210230,Prepared baking powders,121,Mainly for industry
220430,Other grape must,121,Mainly for industry
230210,Of maize (corn),121,Mainly for industry
230220,(-2006) Of rice,121,Mainly for industry
230230,Of wheat,121,Mainly for industry
230240,Of other cereals,121,Mainly for industry
230250,Of leguminous plants,121,Mainly for industry
230310,Residues of starch manufacture and similar residues,121,Mainly for industry
230320,"Beetpulp, bagasse and other waste of sugar manufacture",121,Mainly for industry
230330,Brewing or distilling dregs and waste,121,Mainly for industry
230700,Wine lees; argol.,121,Mainly for industry
020110,Carcasses and halfcarcasses,122,Mainly for household consumption
020120,Other cuts with bone in,122,Mainly for household consumption
020130,Boneless,122,Mainly for household consumption
020210,Carcasses and halfcarcasses,122,Mainly for household consumption
020220,Other cuts with bone in,122,Mainly for household consumption
020230,Boneless,122,Mainly for household consumption
020311,Carcasses and halfcarcasses,122,Mainly for household consumption
020312,"Hams, shoulders and cuts thereof, with bone in",122,Mainly for household consumption
020319,Other,122,Mainly for household consumption
020321,Carcasses and halfcarcasses,122,Mainly for household consumption
020322,"Hams, shoulders and cuts thereof, with bone in",122,Mainly for household consumption
020329,Other,122,Mainly for household consumption
020410,"Carcasses and halfcarcasses of lamb, fresh or chilled",122,Mainly for household consumption
020421,Carcasses and halfcarcasses,122,Mainly for household consumption
020422,Other cuts with bone in,122,Mainly for household consumption
020423,Boneless,122,Mainly for household consumption
020430,"Carcasses and halfcarcasses of lamb, frozen",122,Mainly for household consumption
020441,Carcasses and halfcarcasses,122,Mainly for household consumption
020442,Other cuts with bone in,122,Mainly for household consumption
020443,Boneless,122,Mainly for household consumption
020450,Meat of goats,122,Mainly for household consumption
020500,"Meat of horses, asses, mules or hinnies, fresh, chilled or frozen.",122,Mainly for household consumption
020610,"Of bovine animals, fresh or chilled",122,Mainly for household consumption
020621,Tongues,122,Mainly for household consumption
020622,Livers,122,Mainly for household consumption
020629,Other,122,Mainly for household consumption
020630,"Of swine, fresh or chilled",122,Mainly for household consumption
020641,Livers,122,Mainly for household consumption
020649,Other,122,Mainly for household consumption
020680,"Other, fresh or chilled",122,Mainly for household consumption
020690,"Other, frozen",122,Mainly for household consumption
020710,(-1995) Fresh or chilled whole poultry,122,Mainly for household consumption
020711,"(1996-) Not cut in pieces, fresh or chilled",122,Mainly for household consumption
020712,"(1996-) Not cut in pieces, frozen",122,Mainly for household consumption
020713,"(1996-) Cuts and offal, fresh or chilled",122,Mainly for household consumption
020714,"(1996-) Cuts and offal, frozen",122,Mainly for household consumption
020721,(-1995) Frozen whole chickens,122,Mainly for household consumption
020722,(-1995) Frozen whole turkeys,122,Mainly for household consumption
020723,"(-1995) Frozen whole ducks, geese and guinea fowls",122,Mainly for household consumption
020724,"(1996-) Not cut in pieces, fresh or chilled",122,Mainly for household consumption
020725,"(1996-) Not cut in pieces, frozen",122,Mainly for household consumption
020726,"(1996-) Cuts and offal, fresh or chilled",122,Mainly for household consumption
020727,"(1996-) Cuts and offal, frozen",122,Mainly for household consumption
020731,(-1995) Fresh or chilled fatty livers of geese or ,122,Mainly for household consumption
020732,"(1996-) Not cut in pieces, fresh or chilled",122,Mainly for household consumption
020733,"(1996-) Not cut in pieces, frozen",122,Mainly for household consumption
020734,"(1996-) Fatty livers, fresh or chilled",122,Mainly for household consumption
020735,"(1996-) Other, fresh or chilled",122,Mainly for household consumption
020736,"(1996-) Other, frozen",122,Mainly for household consumption
020739,(-1995) Fresh or chilled poultry cuts and offal (e,122,Mainly for household consumption
020741,(-1995) Frozen cuts and offal of chicken (excl. li,122,Mainly for household consumption
020742,(-1995) Frozen cuts and offal of turkey (excl. liv,122,Mainly for household consumption
020743,"(-1995) Frozen cuts and offal of geese, ducks and ",122,Mainly for household consumption
020750,(-1995) Frozen poultry livers,122,Mainly for household consumption
020810,Of rabbits or hares,122,Mainly for household consumption
020820,(-2006) Frogs' legs,122,Mainly for household consumption
020830,(2002-) Of primates,122,Mainly for household consumption
020840,"(2002-) Of whales, dolphins and porpoises (mammals of the order Cetacea); of manatees and dugongs (mammals of the order Sirenia)",122,Mainly for household consumption
020850,(2002-) Of reptiles (including snakes and turtles),122,Mainly for household consumption
020890,Other,122,Mainly for household consumption
021011,"Hams, shoulders and cuts thereof, with bone in",122,Mainly for household consumption
021012,Bellies (streaky) and cuts thereof,122,Mainly for household consumption
021019,Other,122,Mainly for household consumption
021020,Meat of bovine animals,122,Mainly for household consumption
021090,"(-2001) Other, including edible flours and meals of meat o",122,Mainly for household consumption
021091,(2002-) Of primates,122,Mainly for household consumption
021092,"(2002-) Of whales, dolphins and porpoises (mammals of the order Cetacea); of  manatees and dugongs (mammals of the order Sirenia)",122,Mainly for household consumption
021093,(2002-) Of reptiles (including snakes and turtles),122,Mainly for household consumption
021099,(2002-) Other,122,Mainly for household consumption
030310,"(-2001) Pacific salmon (Oncorhynchus nerka, Oncorhynchus g",122,Mainly for household consumption
030311,(2002-) Sockeye salmon (red salmon) (Oncorhynchus nerka),122,Mainly for household consumption
030319,(2002-) Other,122,Mainly for household consumption
030321,"Trout (Salmo trutta, Oncorhynchus mykiss, Oncorhynchus clarki, Oncorhynchus aguabonita, Oncorhynchus gilae, Oncorhynchus apache and Oncorhynchus chrysogaster)",122,Mainly for household consumption
030322,Atlantic salmon (Salmo salar) and Danube salmon (Hucho hucho),122,Mainly for household consumption
030329,Other,122,Mainly for household consumption
030331,"Halibut (Reinhardtius hippoglossoides, Hippoglossus hippoglossus, Hippoglossus stenolepis)",122,Mainly for household consumption
030332,Plaice (Pleuronectes platessa),122,Mainly for household consumption
030333,Sole (Solea spp.),122,Mainly for household consumption
030339,Other,122,Mainly for household consumption
030341,Albacore or longfinned tunas (Thunnus alalunga),122,Mainly for household consumption
030342,Yellowfin tunas (Thunnus albacares),122,Mainly for household consumption
030343,Skipjack or stripbellied bonito,122,Mainly for household consumption
030344,(2002-) Bigeye tunas (Thunnus obesus),122,Mainly for household consumption
030345,(2002-) Bluefin tunas (Thunnus thynnus),122,Mainly for household consumption
030346,(2002-) Southern bluefin tunas (Thunnus maccoyii),122,Mainly for household consumption
030349,Other,122,Mainly for household consumption
030350,"(-2006) Herrings (Clupea harengus, Clupea pallasii), excluding livers and roes",122,Mainly for household consumption
030360,"(-2006) Cod (Gadus morhua, Gadus ogac, Gadus macrocephalus), excluding livers and roes",122,Mainly for household consumption
030371,"Sardines (Sardina pilchardus, Sardinops spp.), sardinella (Sardinella spp.), brisling or sprats (Sprattus sprattus)",122,Mainly for household consumption
030372,Haddock (Melanogrammus aeglefinus),122,Mainly for household consumption
030373,Coalfish (Pollachius virens),122,Mainly for household consumption
030374,"Mackerel (Scomber scombrus, Scomber australasicus, Scomber japonicus)",122,Mainly for household consumption
030375,Dogfish and other sharks,122,Mainly for household consumption
030376,Eels (Anguilla spp.),122,Mainly for household consumption
030377,"Sea bass (Dicentrarchus labrax, Dicentrarchus punctatus)",122,Mainly for household consumption
030378,"Hake (Merluccius spp., Urophycis spp.)",122,Mainly for household consumption
030379,Other,122,Mainly for household consumption
030380,Livers and roes,122,Mainly for household consumption
030410,(-2006) Fresh or chilled,122,Mainly for household consumption
030420,(-2006) Frozen fillets,122,Mainly for household consumption
030490,(-2006) Other,122,Mainly for household consumption
030520,"Livers and roes of fish, dried, smoked, salted or in brine",122,Mainly for household consumption
030541,"Pacific salmon (Oncorhynchus nerka, Oncorhynchus gorbuscha, Oncorhynchus keta, Oncorhynchus tschawytscha, Oncorhynchus kisutch, Oncorhynchus masou and Oncorhynchus rhodurus), Atlantic salmon (Salmo salar) and Danube salmon (Hucho hucho)",122,Mainly for household consumption
030542,"Herrings (Clupea harengus, Clupea pallasii)",122,Mainly for household consumption
030549,Other,122,Mainly for household consumption
030621,"Rock lobster and other sea crawfish (Palinurus spp., Panulirus spp., Jasus spp.)",122,Mainly for household consumption
030622,Lobsters (Homarus spp.),122,Mainly for household consumption
030623,Shrimps and prawns,122,Mainly for household consumption
030624,Crabs,122,Mainly for household consumption
030629,"Other, including flours, meals and pellets of crustaceans, fit for human consumption",122,Mainly for household consumption
030760,"Snails, other than sea snails",122,Mainly for household consumption
040221,Not containing added sugar or other sweetening matter,122,Mainly for household consumption
040229,Other,122,Mainly for household consumption
040291,Not containing added sugar or other sweetening matter,122,Mainly for household consumption
040299,Other,122,Mainly for household consumption
040490,Other,122,Mainly for household consumption
040500,(-1995) Butter and other fats and oils derived fro,122,Mainly for household consumption
040510,(1996-) Butter,122,Mainly for household consumption
040520,(1996-) Dairy spreads,122,Mainly for household consumption
040590,(1996-) Other,122,Mainly for household consumption
040610,"Fresh (unripened or uncured) cheese, including whey cheese, and curd",122,Mainly for household consumption
040620,"Grated or powdered cheese, of all kinds",122,Mainly for household consumption
040630,"Processed cheese, not grated or powdered",122,Mainly for household consumption
040640,Blueveined cheese,122,Mainly for household consumption
040690,Other cheese,122,Mainly for household consumption
041000,"Edible products of animal origin, not elsewhere specified or included.",122,Mainly for household consumption
071110,(-2001) Onions,122,Mainly for household consumption
071120,Olives,122,Mainly for household consumption
071130,(-2006) Capers,122,Mainly for household consumption
071140,Cucumbers and gherkins,122,Mainly for household consumption
071151,(2002-) Mushrooms of the genus Agaricus,122,Mainly for household consumption
071159,(2002-) Other,122,Mainly for household consumption
071190,Other vegetables; mixtures of vegetables,122,Mainly for household consumption
071210,(-1995) Dried potatoes,122,Mainly for household consumption
071220,Onions,122,Mainly for household consumption
071230,(-2001) Mushrooms and truffles,122,Mainly for household consumption
071231,(2002-) Mushrooms of the genus Agaricus,122,Mainly for household consumption
071232,(2002-) Wood ears (Auricularia spp.),122,Mainly for household consumption
071233,(2002-) Jelly fungi (Tremella spp.),122,Mainly for household consumption
071239,(2002-) Other,122,Mainly for household consumption
071290,Other vegetables; mixtures of vegetables,122,Mainly for household consumption
090121,Not decaffeinated,122,Mainly for household consumption
090122,Decaffeinated,122,Mainly for household consumption
090140,(-1995) Coffee substitutes containing coffee,122,Mainly for household consumption
090190,(1996-) Other,122,Mainly for household consumption
100630,"Semimilled or wholly milled rice, whether or not polished or glazed",122,Mainly for household consumption
100640,Broken rice,122,Mainly for household consumption
110411,(-2001) Rolled or flaked grains :-- Of barley,122,Mainly for household consumption
110412,Of oats,122,Mainly for household consumption
110419,Of other cereals,122,Mainly for household consumption
110421,"(-2001) Other worked grains (for example, hulled, pearled,",122,Mainly for household consumption
110422,Of oats,122,Mainly for household consumption
110423,Of maize (corn),122,Mainly for household consumption
110429,Of other cereals,122,Mainly for household consumption
110430,"Germ of cereals, whole, rolled, flaked or ground",122,Mainly for household consumption
150910,Virgin,122,Mainly for household consumption
150990,Other,122,Mainly for household consumption
151710,"Margarine, excluding liquid margarine",122,Mainly for household consumption
151790,Other,122,Mainly for household consumption
160100,"Sausages and similar products, of meat, meat offal or blood; food preparations based on these products.",122,Mainly for household consumption
160210,Homogenised preparations,122,Mainly for household consumption
160220,Of liver of any animal,122,Mainly for household consumption
160231,Of turkeys,122,Mainly for household consumption
160232,(1996-) Of fowls of the species Gallus domesticus,122,Mainly for household consumption
160239,Other,122,Mainly for household consumption
160241,Hams and cuts thereof,122,Mainly for household consumption
160242,Shoulders and cuts thereof,122,Mainly for household consumption
160249,"Other, including mixtures",122,Mainly for household consumption
160250,Of bovine animals,122,Mainly for household consumption
160290,"Other, including preparations of blood of any animal",122,Mainly for household consumption
160411,Salmon,122,Mainly for household consumption
160412,Herrings,122,Mainly for household consumption
160413,"Sardines, sardinella and brisling or sprats",122,Mainly for household consumption
160414,"Tunas, skipjack and bonito (Sarda spp.)",122,Mainly for household consumption
160415,Mackerel,122,Mainly for household consumption
160416,Anchovies,122,Mainly for household consumption
160419,Other,122,Mainly for household consumption
160420,Other prepared or preserved fish,122,Mainly for household consumption
160430,Caviar and caviar substitutes,122,Mainly for household consumption
160510,Crab,122,Mainly for household consumption
160520,Shrimps and prawns,122,Mainly for household consumption
160530,Lobster,122,Mainly for household consumption
160540,Other crustaceans,122,Mainly for household consumption
160590,Other,122,Mainly for household consumption
170199,Other,122,Mainly for household consumption
170410,"Chewing gum, whether or not sugarcoated",122,Mainly for household consumption
170490,Other,122,Mainly for household consumption
180610,"Cocoa powder, containing added sugar or other sweetening matter",122,Mainly for household consumption
180620,"Other preparations in blocks, slabs or bars weighing more than  2 kg or in liquid, paste, powder, granular or other bulk form in containers or immediate packings, of a content exceeding 2 kg",122,Mainly for household consumption
180631,Filled,122,Mainly for household consumption
180632,Not filled,122,Mainly for household consumption
180690,Other,122,Mainly for household consumption
190110,"Preparations for infant use, put up for retail sale",122,Mainly for household consumption
190120,Mixes and doughs for the preparation of bakers' wares of heading 19.05,122,Mainly for household consumption
190190,Other,122,Mainly for household consumption
190211,Containing eggs,122,Mainly for household consumption
190219,Other,122,Mainly for household consumption
190220,"Stuffed pasta, whether or not cooked or otherwise prepared",122,Mainly for household consumption
190230,Other pasta,122,Mainly for household consumption
190240,Couscous,122,Mainly for household consumption
190410,Prepared foods obtained by the swelling or roasting of cereals or cereal products,122,Mainly for household consumption
190420,(1996-) Prepared foods obtained from unroasted cereal flakes or from mixtures of unroasted cereal flakes and roasted cereal flakes or swelled cereals,122,Mainly for household consumption
190430,(2002-) Bulgur wheat,122,Mainly for household consumption
190490,Other,122,Mainly for household consumption
190510,Crispbread,122,Mainly for household consumption
190520,Gingerbread and the like,122,Mainly for household consumption
190530,(-2001) Sweet biscuits; waffles and wafers,122,Mainly for household consumption
190531,(2002-) Sweet biscuits,122,Mainly for household consumption
190532,(2002-) Waffles and wafers,122,Mainly for household consumption
190540,"Rusks, toasted bread and similar toasted products",122,Mainly for household consumption
190590,Other,122,Mainly for household consumption
200110,Cucumbers and gherkins,122,Mainly for household consumption
200120,(-2001) Onions,122,Mainly for household consumption
200190,Other,122,Mainly for household consumption
200210,"Tomatoes, whole or in pieces",122,Mainly for household consumption
200290,Other,122,Mainly for household consumption
200310,Mushrooms of the genus Agaricus,122,Mainly for household consumption
200320,Truffles,122,Mainly for household consumption
200390,(2002-) Other,122,Mainly for household consumption
200410,Potatoes,122,Mainly for household consumption
200490,Other vegetables and mixtures of vegetables,122,Mainly for household consumption
200510,Homogenised vegetables,122,Mainly for household consumption
200520,Potatoes,122,Mainly for household consumption
200530,"(-1995) Sauerkraut, preserved other than by vinega",122,Mainly for household consumption
200540,Peas (Pisum sativum),122,Mainly for household consumption
200551,"Beans, shelled",122,Mainly for household consumption
200559,Other,122,Mainly for household consumption
200560,Asparagus,122,Mainly for household consumption
200570,Olives,122,Mainly for household consumption
200580,Sweet corn (Zea mays var. saccharata),122,Mainly for household consumption
200590,(-2006) Other vegetables and mixtures of vegetables,122,Mainly for household consumption
200600,"Vegetables, fruit, nuts, fruitpeel and other parts of plants, preserved by sugar (drained, glacé or crystallised).",122,Mainly for household consumption
200710,Homogenised preparations,122,Mainly for household consumption
200791,Citrus fruit,122,Mainly for household consumption
200799,Other,122,Mainly for household consumption
200811,Groundnuts,122,Mainly for household consumption
200819,"Other, including mixtures",122,Mainly for household consumption
200820,Pineapples,122,Mainly for household consumption
200830,Citrus fruit,122,Mainly for household consumption
200840,Pears,122,Mainly for household consumption
200850,Apricots,122,Mainly for household consumption
200860,Cherries,122,Mainly for household consumption
200870,"Peaches, including nectarines",122,Mainly for household consumption
200880,Strawberries,122,Mainly for household consumption
200891,Palm hearts,122,Mainly for household consumption
200892,Mixtures,122,Mainly for household consumption
200899,Other,122,Mainly for household consumption
200911,Frozen,122,Mainly for household consumption
200912,"(2002-) Not frozen, of a Brix value not exceeding 20",122,Mainly for household consumption
200919,Other,122,Mainly for household consumption
200920,(-2001) Grapefruit juice,122,Mainly for household consumption
200921,(2002-) Of a Brix value not exceeding 20,122,Mainly for household consumption
200929,(2002-) Other,122,Mainly for household consumption
200930,(-2001) Juice of any other single citrus fruit,122,Mainly for household consumption
200931,(2002-) Of a Brix value not exceeding 20,122,Mainly for household consumption
200939,(2002-) Other,122,Mainly for household consumption
200940,(-2001) Pineapple juice,122,Mainly for household consumption
200941,(2002-) Of a Brix value not exceeding 20,122,Mainly for household consumption
200949,(2002-) Other,122,Mainly for household consumption
200950,Tomato juice,122,Mainly for household consumption
200960,(-2001) Grape juice (including grape must),122,Mainly for household consumption
200961,(2002-) Of a Brix value not exceeding 30,122,Mainly for household consumption
200969,(2002-) Other,122,Mainly for household consumption
200970,(-2001) Apple juice,122,Mainly for household consumption
200971,(2002-) Of a Brix value not exceeding 20,122,Mainly for household consumption
200979,(2002-) Other,122,Mainly for household consumption
200980,Juice of any other single fruit or vegetable,122,Mainly for household consumption
200990,Mixtures of juices,122,Mainly for household consumption
210110,"(-1995) Extracts, essences, concentrates and prepa",122,Mainly for household consumption
210111,"(1996-) Extracts, essences and concentrates",122,Mainly for household consumption
210112,"(1996-) Preparations with a basis of extracts, essences or concentrates or with a basis of coffee",122,Mainly for household consumption
210130,"Roasted chicory and other roasted coffee substitutes, and extracts, essences and concentrates thereof",122,Mainly for household consumption
210310,Soya sauce,122,Mainly for household consumption
210320,Tomato ketchup and other tomato sauces,122,Mainly for household consumption
210330,Mustard flour and meal and prepared mustard,122,Mainly for household consumption
210390,Other,122,Mainly for household consumption
210410,Soups and broths and preparations therefor,122,Mainly for household consumption
210420,Homogenised composite food preparations,122,Mainly for household consumption
210500,"Ice cream and other edible ice, whether or not containing cocoa.",122,Mainly for household consumption
210610,Protein concentrates and textured protein substances,122,Mainly for household consumption
210690,Other,122,Mainly for household consumption
220110,Mineral waters and aerated waters,122,Mainly for household consumption
220190,Other,122,Mainly for household consumption
220210,"Waters, including mineral waters and aerated waters, containing added sugar or other sweetening matter or flavoured",122,Mainly for household consumption
220290,Other,122,Mainly for household consumption
220300,Beer made from malt.,122,Mainly for household consumption
220410,Sparkling wine,122,Mainly for household consumption
220421,In containers holding 2 l or less,122,Mainly for household consumption
220429,Other,122,Mainly for household consumption
220510,In containers holding 2 l or less,122,Mainly for household consumption
220590,Other,122,Mainly for household consumption
220600,"Other fermented beverages (for example, cider, perry, mead); mixtures of fermented beverages and mixtures of fermented beverages and nonalcoholic beverages, not elsewhere specified or included.",122,Mainly for household consumption
220810,(-1995) Compound alcoholic preparations for manufa,122,Mainly for household consumption
220820,Spirits obtained by distilling grape wine or grape marc,122,Mainly for household consumption
220830,Whiskies,122,Mainly for household consumption
220840,Rum and tafia,122,Mainly for household consumption
220850,Gin and Geneva,122,Mainly for household consumption
220860,(1996-) Vodka,122,Mainly for household consumption
220870,(1996-) Liqueurs and cordials,122,Mainly for household consumption
220890,Other,122,Mainly for household consumption
220900,Vinegar and substitutes for vinegar obtained from acetic acid.,122,Mainly for household consumption
271000,(-2001) Petroleum oils and oils obtained from bituminous m,321,Motor spirit
271011,(2002-) Light oils and preparations,321,Motor spirit
271019,(2002-) Other,321,Motor spirit
271091,"(2002-) Containing polychlorinated biphenyls (PCBs), polychlorinated terphenyls (PCTs) or polybrominated biphenyls (PBBs)",321,Motor spirit
271099,(2002-) Other,321,Motor spirit
270120,"Briquettes, ovoids and similar solid fuels manufactured from coal",322,Other
270220,Agglomerated lignite,322,Other
270400,"Coke and semi-coke of coal, of lignite or of peat, whether or not agglomerated; retort carbon.",322,Other
270500,"Coal gas, water gas, producer gas and similar gases, other than petroleum gases and other gaseous hydrocarbons.",322,Other
271111,Natural gas,322,Other
271112,Propane,322,Other
271113,Butanes,322,Other
271114,"Ethylene, propylene, butylene et butadiene",322,Other
271119,Other,322,Other
271600,Electrical energy. (optional heading),322,Other
340311,"Preparations for the treatment of textile materials, leather, furskins or other materials",322,Other
340319,Other,322,Other
340391,"Preparations for the treatment of textile materials, leather, furskins or other materials",322,Other
340399,Other,322,Other
440200,"(-2006) Wood charcoal (including shell or nut charcoal), whether or not agglomerated.",322,Other
860110,Powered from an external source of electricity,521,Industrial
860120,Powered by electric accumulators,521,Industrial
860210,Dieselelectric locomotives,521,Industrial
860290,Other,521,Industrial
860310,Powered from an external source of electricity,521,Industrial
860390,Other,521,Industrial
860400,"Railway or tramway maintenance or service vehicles, whether or not selfpropelled (for example, workshops, cranes, ballast tampers, trackliners, testing coaches and track inspection vehicles).",521,Industrial
860500,"Railway or tramway passenger coaches, not selfpropelled; luggage vans, post office coaches and other special purpose railway or tramway coaches, not selfpropelled (excluding those of heading 86.04).",521,Industrial
860610,Tank wagons and the like,521,Industrial
860620,"(-2006) Insulated or refrigerated vans and wagons, other than those of subheading 8606.10",521,Industrial
860630,"Selfdischarging vans and wagons, other than those of subheading 8606.10 or 8606.20",521,Industrial
860691,Covered and closed,521,Industrial
860692,"Open, with nonremovable sides of a height exceeding 60 cm",521,Industrial
860699,Other,521,Industrial
860900,Containers (including containers for the transport of fluids) specially designed and equipped for carriage by one or more modes of transport.,521,Industrial
870120,Road tractors for semi-trailers,521,Industrial
870210,With compression-ignition internal combustion piston engine (diesel or semi-diesel),521,Industrial
870290,Other,521,Industrial
870410,Dumpers designed for offhighway use,521,Industrial
870421,g.v.w. not exceeding 5 tonnes,521,Industrial
870422,g.v.w. exceeding 5 tonnes but not exceeding 20 tonnes,521,Industrial
870423,g.v.w. exceeding 20 tonnes,521,Industrial
870431,g.v.w. not exceeding 5 tonnes,521,Industrial
870432,g.v.w. exceeding 5 tonnes,521,Industrial
870490,Other,521,Industrial
870510,Crane lorries,521,Industrial
870520,Mobile drilling derricks,521,Industrial
870530,Fire fighting vehicles,521,Industrial
870540,Concretemixer lorries,521,Industrial
870590,Other,521,Industrial
871620,Selfloading or selfunloading trailers and semitrailers for agricultural purposes,521,Industrial
871631,Tanker trailers and tanker semitrailers,521,Industrial
871639,Other,521,Industrial
871640,Other trailers and semitrailers,521,Industrial
871680,Other vehicles,521,Industrial
880190,(-2006) Other,521,Industrial
880211,"Of an unladen weight not exceeding 2,000 kg",521,Industrial
880212,"Of an unladen weight exceeding 2,000 kg",521,Industrial
880230,"Aeroplanes and other aircraft, of an unladen weight exceeding 2,000 kg but not exceeding 15,000 kg",521,Industrial
880240,"Aeroplanes and other aircraft, of an unladen weight exceeding 15,000 kg",521,Industrial
880250,(-1995) Spacecraft (including satellites) and spac,521,Industrial
880260,(1996-) Spacecraft (including satellites) and suborbital and spacecraft launch vehicles,521,Industrial
890110,"Cruise ships, excursion boats and similar vessels principally designed for the transport of persons; ferryboats of all kinds",521,Industrial
890120,Tankers,521,Industrial
890130,"Refrigerated vessels, other than those of subheading 8901.20",521,Industrial
890190,Other vessels for the transport of goods and other vessels for the transport of both persons and goods,521,Industrial
890200,Fishing vessels; factory ships and other vessels for processing or preserving fishery products.,521,Industrial
890400,Tugs and pusher craft.,521,Industrial
840721,Outboard motors,522,Non-industrial
871110,  With reciprocating internal combustion piston engine of a cylinder capacity not exceeding 50 cc,522,Non-industrial
871120,  With reciprocating internal combustion piston engine of a cylinder capacity exceeding 50 cc but not exceeding 250 cc,522,Non-industrial
871130,  With reciprocating internal combustion piston engine of a cylinder capacity exceeding 250 cc but not exceeding 500 cc,522,Non-industrial
871140,  With reciprocating internal combustion piston engine of a cylinder capacity exceeding 500 cc but not exceeding 800 cc,522,Non-industrial
871150,  With reciprocating internal combustion piston engine of a cylinder capacity exceeding 800 cc,522,Non-industrial
871190,Other,522,Non-industrial
871200,"Bicycles and other cycles (including delivery tricycles), not motorised.",522,Non-industrial
871310,Not mechanically propelled,522,Non-industrial
871390,Other,522,Non-industrial
871610,"Trailers and semitrailers of the caravan type, for housing or camping",522,Non-industrial
880110,(-2006) Gliders and hang gliders,522,Non-industrial
880220,"Aeroplanes and other aircraft, of an unladen weight not exceeding 2,000 kg",522,Non-industrial
890310,Inflatable,522,Non-industrial
890391,"Sailboats, with or without auxiliary motor",522,Non-industrial
890392,"Motorboats, other than outboard motorboats",522,Non-industrial
890399,Other,522,Non-industrial
890710,Inflatable rafts,522,Non-industrial
