SITC Revision 3 Product Code,SITC Revision 3 Product Description,NACE Revision 1 Product Code,NACE Revision 1 Product Description
0411,Durum wheat,011,Growing of crops; market gardeninig; horticulture
0412,Wheat nes/meslin,011,Growing of crops; market gardeninig; horticulture
0421,Rice in the husk,011,Growing of crops; market gardeninig; horticulture
0430,Barley grain,011,Growing of crops; market gardeninig; horticulture
0441,Maize seed ex sweet corn,011,Growing of crops; market gardeninig; horticulture
0449,Maize ex sweet corn nes,011,Growing of crops; market gardeninig; horticulture
0451,Rye,011,Growing of crops; market gardeninig; horticulture
0452,Oats,011,Growing of crops; market gardeninig; horticulture
0453,Grain sorghum,011,Growing of crops; market gardeninig; horticulture
04591,Millet,011,Growing of crops; market gardeninig; horticulture
04592,Buckwheat,011,Growing of crops; market gardeninig; horticulture
04593,Canary seed,011,Growing of crops; market gardeninig; horticulture
04599,Cereals grains nes,011,Growing of crops; market gardeninig; horticulture
0541,Potatoes frsh excl sweet,011,Growing of crops; market gardeninig; horticulture
05421,Peas,011,Growing of crops; market gardeninig; horticulture
05422,Dried chickpeas,011,Growing of crops; market gardeninig; horticulture
05423,Dried beans n.e.s.,011,Growing of crops; market gardeninig; horticulture
05424,Dried lentils,011,Growing of crops; market gardeninig; horticulture
05425,Dried broad/horse beans,011,Growing of crops; market gardeninig; horticulture
05429,Dried legumes nes,011,Growing of crops; market gardeninig; horticulture
0544,Tomatoes fresh/chilled,011,Growing of crops; market gardeninig; horticulture
05451,"Onions/shallot,frsh/chld",011,Growing of crops; market gardeninig; horticulture
05452,Garlic/leek/etc frsh/chd,011,Growing of crops; market gardeninig; horticulture
05453,Cabbages etc fresh/chld,011,Growing of crops; market gardeninig; horticulture
05454,Letuce/chicory frsh/chld,011,Growing of crops; market gardeninig; horticulture
05455,"Root vegetables,frsh/chd",011,Growing of crops; market gardeninig; horticulture
05456,Cucumber/gherkin frsh/ch,011,Growing of crops; market gardeninig; horticulture
05457,"Legumes, fresh/chilled",011,Growing of crops; market gardeninig; horticulture
05458,Mushrooms/truffles,011,Growing of crops; market gardeninig; horticulture
05459,"Vegetables nes,frsh/chld",011,Growing of crops; market gardeninig; horticulture
05481,"Manioc(cassava),frsh/drd",011,Growing of crops; market gardeninig; horticulture
05483,"Roots,tubers nes frs/drd",011,Growing of crops; market gardeninig; horticulture
05484,Hop cones and lupulin,011,Growing of crops; market gardeninig; horticulture
05487,Sugar beet frsh dried,011,Growing of crops; market gardeninig; horticulture
05488,Sugar cane frsh dried,011,Growing of crops; market gardeninig; horticulture
05489,Veg prods nes frsh/dried,011,Growing of crops; market gardeninig; horticulture
05711,"Oranges,fresh or dried",011,Growing of crops; market gardeninig; horticulture
05712,Mandarins etc frsh/dried,011,Growing of crops; market gardeninig; horticulture
05721,"Lemons/limes,fresh/dried",011,Growing of crops; market gardeninig; horticulture
05722,"Grapefruits,fresh/dried",011,Growing of crops; market gardeninig; horticulture
05729,"Citrus nes,fresh/dried",011,Growing of crops; market gardeninig; horticulture
0573,"Banana/plantain,frsh/dry",011,Growing of crops; market gardeninig; horticulture
0574,Apples fresh,011,Growing of crops; market gardeninig; horticulture
05751,Grapes fresh,011,Growing of crops; market gardeninig; horticulture
0576,"Figs,fresh or dried",011,Growing of crops; market gardeninig; horticulture
05771,Coconuts fresh/dried,011,Growing of crops; market gardeninig; horticulture
05772,"Brazil nuts, fresh/dried",011,Growing of crops; market gardeninig; horticulture
05773,"Cashew nuts, fresh/dried",011,Growing of crops; market gardeninig; horticulture
05774,"Almonds, fresh/dried",011,Growing of crops; market gardeninig; horticulture
05775,"Hazelnuts, fresh/dried",011,Growing of crops; market gardeninig; horticulture
05776,"Walnuts, fresh/dried",011,Growing of crops; market gardeninig; horticulture
05777,"Chestnuts, fresh/dried",011,Growing of crops; market gardeninig; horticulture
05778,"Pistachios, fresh/dried",011,Growing of crops; market gardeninig; horticulture
05779,"Nuts edible,frsh/dry nes",011,Growing of crops; market gardeninig; horticulture
05791,Melons/papaws fresh,011,Growing of crops; market gardeninig; horticulture
05792,Pears/quinces fresh,011,Growing of crops; market gardeninig; horticulture
05793,"Stone fruit nes, fresh",011,Growing of crops; market gardeninig; horticulture
05794,Berries fresh,011,Growing of crops; market gardeninig; horticulture
05795,"Pineapples, fresh/dried",011,Growing of crops; market gardeninig; horticulture
05796,"Dates, fresh/dried",011,Growing of crops; market gardeninig; horticulture
05797,Avocado/mango/guava frsh,011,Growing of crops; market gardeninig; horticulture
05798,Other fresh fruit,011,Growing of crops; market gardeninig; horticulture
07111,Coffee not roasted/decaf,011,Growing of crops; market gardeninig; horticulture
0721,"Cocoa beans,raw/roasted",011,Growing of crops; market gardeninig; horticulture
07412,"Green tea, bulk",011,Growing of crops; market gardeninig; horticulture
07414,"Black tea, bulk",011,Growing of crops; market gardeninig; horticulture
07431,Mate,011,Growing of crops; market gardeninig; horticulture
07511,Pepper whole,011,Growing of crops; market gardeninig; horticulture
07512,Pepper crushed/ground,011,Growing of crops; market gardeninig; horticulture
07513,Capsicum dry/crush/grnd,011,Growing of crops; market gardeninig; horticulture
07521,Vanilla,011,Growing of crops; market gardeninig; horticulture
07522,"Cinnamon,etc whole",011,Growing of crops; market gardeninig; horticulture
07523,"Cinnamon,crushed/ground",011,Growing of crops; market gardeninig; horticulture
07524,"Cloves, whole/clove/stem",011,Growing of crops; market gardeninig; horticulture
07525,Nutmeg/mace/cardamoms,011,Growing of crops; market gardeninig; horticulture
07526,Seed spices,011,Growing of crops; market gardeninig; horticulture
07527,Ginger (excpt preserved),011,Growing of crops; market gardeninig; horticulture
07528,Thyme/saffron/bay leaves,011,Growing of crops; market gardeninig; horticulture
07529,"Spices nes, mixtures",011,Growing of crops; market gardeninig; horticulture
08111,Cereal straw etc unprep,011,Growing of crops; market gardeninig; horticulture
08113,Fodder roots/crops,011,Growing of crops; market gardeninig; horticulture
1211,"Tobacco,not stripped",011,Growing of crops; market gardeninig; horticulture
1212,Tobacco stripped/stemmed,011,Growing of crops; market gardeninig; horticulture
22211,Groundnuts in shell,011,Growing of crops; market gardeninig; horticulture
22212,Groundnuts shelled,011,Growing of crops; market gardeninig; horticulture
2222,Soya beans,011,Growing of crops; market gardeninig; horticulture
2223,Cotton seeds,011,Growing of crops; market gardeninig; horticulture
2224,Sunflower seeds,011,Growing of crops; market gardeninig; horticulture
2225,Sesame seeds,011,Growing of crops; market gardeninig; horticulture
22261,Rape and colza seeds,011,Growing of crops; market gardeninig; horticulture
22262,Mustard seeds,011,Growing of crops; market gardeninig; horticulture
2227,Safflower seeds,011,Growing of crops; market gardeninig; horticulture
2231,Copra,011,Growing of crops; market gardeninig; horticulture
2232,Palm nuts and kernels,011,Growing of crops; market gardeninig; horticulture
2234,Linseed,011,Growing of crops; market gardeninig; horticulture
2235,Castor oil seeds,011,Growing of crops; market gardeninig; horticulture
2237,Oil seeds/oil fruits nes,011,Growing of crops; market gardeninig; horticulture
2311,Natural rubber latex,011,Growing of crops; market gardeninig; horticulture
23121,Natural rubber - smoked,011,Growing of crops; market gardeninig; horticulture
23125,Tech spec natural rubber,011,Growing of crops; market gardeninig; horticulture
23129,Natural rubber nes,011,Growing of crops; market gardeninig; horticulture
2631,"Raw cotton,excl linters",011,Growing of crops; market gardeninig; horticulture
2641,"Jute/bast fibre,raw/rett",011,Growing of crops; market gardeninig; horticulture
26511,"Flax,raw/retted",011,Growing of crops; market gardeninig; horticulture
26521,True hemp raw/retted,011,Growing of crops; market gardeninig; horticulture
26541,"Sisal/agave fibres, raw",011,Growing of crops; market gardeninig; horticulture
26551,Abaca (manila hemp) raw,011,Growing of crops; market gardeninig; horticulture
26571,Coconut fibre (coir) raw,011,Growing of crops; market gardeninig; horticulture
26581,Oth veg text fibre - raw,011,Growing of crops; market gardeninig; horticulture
29241,Liquorice roots,011,Growing of crops; market gardeninig; horticulture
29242,Ginseng roots,011,Growing of crops; market gardeninig; horticulture
29249,Pharmacy plants nes,011,Growing of crops; market gardeninig; horticulture
29251,Sugar beet seed,011,Growing of crops; market gardeninig; horticulture
29252,Seeds of forage plants,011,Growing of crops; market gardeninig; horticulture
29253,Flower seeds,011,Growing of crops; market gardeninig; horticulture
29254,Other vegetable seeds,011,Growing of crops; market gardeninig; horticulture
29259,Seeds/fruit/spores nes,011,Growing of crops; market gardeninig; horticulture
29261,Bulbs/tubers/corms/etc,011,Growing of crops; market gardeninig; horticulture
29269,Live plants/cuttings nes,011,Growing of crops; market gardeninig; horticulture
29271,Cut flowers,011,Growing of crops; market gardeninig; horticulture
00111,"Bovine animals, breeding",012,Farming of animals
00119,"Bovine animals, other",012,Farming of animals
00121,"Sheep,live",012,Farming of animals
00122,"Goats,live",012,Farming of animals
00131,"Swine, live for breeding",012,Farming of animals
00139,"Swine, live, other",012,Farming of animals
00141,"Poultry,live,max 185 gm",012,Farming of animals
00149,"Poultry live,over 185 gm",012,Farming of animals
00151,Horses,012,Farming of animals
00152,"Asses/mules/hinnies,live",012,Farming of animals
0019,Live animals n.e.s.,012,Farming of animals
01292,Frogs legs,012,Farming of animals
01293,Edible snails(not sea),012,Farming of animals
0251,Eggs in shell,012,Farming of animals
0616,Natural honey,012,Farming of animals
09892,Edible animl prodcts nes,012,Farming of animals
21199,"Hides and skins nes,raw",012,Farming of animals
2121,"Mink skins,raw",012,Farming of animals
21221,"Rabbit/hare skins, raw",012,Farming of animals
21222,"Special lamb skins,raw",012,Farming of animals
21223,"Beaver skins, raw",012,Farming of animals
21224,"Muskrat skins, raw",012,Farming of animals
21225,"Fox skins, raw",012,Farming of animals
21226,"Seal skins, raw",012,Farming of animals
21229,"Other furskins,raw",012,Farming of animals
2123,Furskin pieces,012,Farming of animals
26141,Silk worm cocoons,012,Farming of animals
26811,"Wool, shorn, greasy",012,Farming of animals
2683,"Fine animal hair,uncombd",012,Farming of animals
26851,Horsehair and its waste,012,Farming of animals
26859,Coarse hair nes uncombed,012,Farming of animals
29194,Bovine semen,012,Farming of animals
43142,Insect waxes/spermaceti,012,Farming of animals
2313,Balata/gutta percha/etc,020,"Forestry, logging and related sevices aktivities"
24403,Cork natural/raw/prepd.,020,"Forestry, logging and related sevices aktivities"
24501,"Fuel wood in logs,etc",020,"Forestry, logging and related sevices aktivities"
2474,"Wood,conifer,rough,untrt",020,"Forestry, logging and related sevices aktivities"
24751,"Tropical hardwood,untrtd",020,"Forestry, logging and related sevices aktivities"
24752,"Other hardwood,untreated",020,"Forestry, logging and related sevices aktivities"
2920,  UN Special Code,020,"Forestry, logging and related sevices aktivities"
29221,Lac,020,"Forestry, logging and related sevices aktivities"
29222,Gum arabic,020,"Forestry, logging and related sevices aktivities"
29229,Nat gums/resin/etc nes,020,"Forestry, logging and related sevices aktivities"
29231,Bamboo for plaiting,020,"Forestry, logging and related sevices aktivities"
29232,Rattan,020,"Forestry, logging and related sevices aktivities"
29239,Plaiting materials nes,020,"Forestry, logging and related sevices aktivities"
29272,"Cut foliage, etc",020,"Forestry, logging and related sevices aktivities"
29292,Veget padding materials,020,"Forestry, logging and related sevices aktivities"
29293,Veg brush/broom material,020,"Forestry, logging and related sevices aktivities"
29299,Veg material/product nes,020,"Forestry, logging and related sevices aktivities"
63491,"Hoopwood,split poles etc",020,"Forestry, logging and related sevices aktivities"
03411,"Fish, live",050,"Fishing, operation of fish hatcheries and fish farms"
03412,"Salmon/trout, fresh",050,"Fishing, operation of fish hatcheries and fish farms"
03413,"Fish, flat,fresh/chilled",050,"Fishing, operation of fish hatcheries and fish farms"
03414,"Tuna/skipjack/bonito,f/c",050,"Fishing, operation of fish hatcheries and fish farms"
03415,"Herring/sardine/sprat,fc",050,"Fishing, operation of fish hatcheries and fish farms"
03416,"Cod, fresh/chilled",050,"Fishing, operation of fish hatcheries and fish farms"
03417,"Mackerel, fresh/chilled",050,"Fishing, operation of fish hatcheries and fish farms"
03418,"Fish, n.e.s. fresh/chld",050,"Fishing, operation of fish hatcheries and fish farms"
0362,"Crustaceans, not frozen",050,"Fishing, operation of fish hatcheries and fish farms"
03631,Oysters,050,"Fishing, operation of fish hatcheries and fish farms"
03633,"Octopus/squid,frsh/chlld",050,"Fishing, operation of fish hatcheries and fish farms"
03635,"Shell fish nes,frsh/chld",050,"Fishing, operation of fish hatcheries and fish farms"
29115,Coral/shells/cuttlebone,050,"Fishing, operation of fish hatcheries and fish farms"
29197,Natural sponges,050,"Fishing, operation of fish hatcheries and fish farms"
29297,Seaweeds/algae nes,050,"Fishing, operation of fish hatcheries and fish farms"
66711,Pearls natural unworked,050,"Fishing, operation of fish hatcheries and fish farms"
66712,Pearls cultured unworked,050,"Fishing, operation of fish hatcheries and fish farms"
3211,"Anthracite,not agglomrtd",101,Mining and agglomeration of hard coal
32121,Bitum.coal not agglomrtd,101,Mining and agglomeration of hard coal
32122,"Oth coal,not agglomerat.",101,Mining and agglomeration of hard coal
3221,Briquettes etc (coal),101,Mining and agglomeration of hard coal
32221,"Lignite,not agglomerated",102,Mining and agglomeration of lignite
32222,"Lignite,agglomerated",102,Mining and agglomeration of lignite
3223,Peat,103,Extraction and agglomaration of peat
27896,Bituminus shale/tar sand,111,Extraction of crude petroleum and natural gas
3330,"Petrol./bitum. oil,crude",111,Extraction of crude petroleum and natural gas
3431,"Natural gas,liquified",111,Extraction of crude petroleum and natural gas
3432,"Natural gas, gaseous",111,Extraction of crude petroleum and natural gas
2861,Uranium ore/concentrates,120,Mining of uranium and thorium ores
2862,Thorium ore/concentrates,120,Mining of uranium and thorium ores
2810,  UN Special Code,131,Mining of iron metals
2815,"Iron ore,conc,not agglom",131,Mining of iron metals
2816,Iron ore agglomerates,131,Mining of iron metals
2830,  UN Special Code,132,"Mining of non-ferrous metal ores, exept uranium and thorium ores"
2831,Copper ores/concentrates,132,"Mining of non-ferrous metal ores, exept uranium and thorium ores"
2841,Nickel ores/concentrates,132,"Mining of non-ferrous metal ores, exept uranium and thorium ores"
2850,  UN Special Code,132,"Mining of non-ferrous metal ores, exept uranium and thorium ores"
2851,Aluminium ore/concntrate,132,"Mining of non-ferrous metal ores, exept uranium and thorium ores"
2870,  UN Special Code,132,"Mining of non-ferrous metal ores, exept uranium and thorium ores"
2874,Lead ores/concentrates,132,"Mining of non-ferrous metal ores, exept uranium and thorium ores"
2875,Zinc ores/concentrates,132,"Mining of non-ferrous metal ores, exept uranium and thorium ores"
2876,Tin ores/concentrates,132,"Mining of non-ferrous metal ores, exept uranium and thorium ores"
2877,Manganese ore/conc.,132,"Mining of non-ferrous metal ores, exept uranium and thorium ores"
28781,"Molybdenum ore, roasted",132,"Mining of non-ferrous metal ores, exept uranium and thorium ores"
28782,"Molybdenum ore, other",132,"Mining of non-ferrous metal ores, exept uranium and thorium ores"
28783,Titanium ore/concentrate,132,"Mining of non-ferrous metal ores, exept uranium and thorium ores"
28784,Zirconium ore/concentrat,132,"Mining of non-ferrous metal ores, exept uranium and thorium ores"
28785,Nb/ta/va ore/concentrate,132,"Mining of non-ferrous metal ores, exept uranium and thorium ores"
28791,Chromium ore/concentrate,132,"Mining of non-ferrous metal ores, exept uranium and thorium ores"
28792,Tungsten ore/concentrate,132,"Mining of non-ferrous metal ores, exept uranium and thorium ores"
28793,Cobalt ore/concentrate,132,"Mining of non-ferrous metal ores, exept uranium and thorium ores"
28799,Ores/concentrates nes,132,"Mining of non-ferrous metal ores, exept uranium and thorium ores"
28911,Silver ore/concentrates,132,"Mining of non-ferrous metal ores, exept uranium and thorium ores"
28919,Prec.metal ore/conc nes,132,"Mining of non-ferrous metal ores, exept uranium and thorium ores"
27311,"Slate, slabs",141,Quarrying of stone
27312,Marble/etc slabs,141,Quarrying of stone
27313,Granite/sandstone/etc,141,Quarrying of stone
27322,Limestone etc for cement,141,Quarrying of stone
27323,Gypsum and anhydrite,141,Quarrying of stone
27823,Dolomite,141,Quarrying of stone
27891,Chalk,141,Quarrying of stone
27331,Silica/quartz sands,142,Quarrying of sand and clay
27339,Sands nes non-metallic,142,Quarrying of sand and clay
2734,Gravel/crushed stone/etc,142,Quarrying of sand and clay
27826,Kaolinic clays,142,Quarrying of sand and clay
27827,Bentonite,142,Quarrying of sand and clay
27829,Clays/earths nes,142,Quarrying of sand and clay
27231,Unground nat phosphates,143,Mining of chemical and fertilizer minerals
27232,Ground natrl phosphates,143,Mining of chemical and fertilizer minerals
2724,Ntrl potassium salts,143,Mining of chemical and fertilizer minerals
2740,  UN Special Code,143,Mining of chemical and fertilizer minerals
27411,"Sulphur, unrefined",143,Mining of chemical and fertilizer minerals
2742,"Iron pyrites,unroasted",143,Mining of chemical and fertilizer minerals
27854,Fluorspar,143,Mining of chemical and fertilizer minerals
27855,Cryolite/chiolite naturl,143,Mining of chemical and fertilizer minerals
27892,"Nat barium sulphate,carb",143,Mining of chemical and fertilizer minerals
27894,Crude natural borates,143,Mining of chemical and fertilizer minerals
27899,Mineral substances nes,143,Mining of chemical and fertilizer minerals
2783,Common salt all forms,144,Production of salt
27711,"Indust diamonds,sawn etc",145,Other mining and quarrying n.e.c.
27722,Nat abrasives nes crude,145,Other mining and quarrying n.e.c.
27729,Nat abrasives nes worked,145,Other mining and quarrying n.e.c.
2780,  UN Special Code,145,Other mining and quarrying n.e.c.
27822,Natural graphite,145,Other mining and quarrying n.e.c.
27824,Magnesite,145,Other mining and quarrying n.e.c.
27825,Fused magnesia etc.,145,Other mining and quarrying n.e.c.
2784,Asbestos,145,Other mining and quarrying n.e.c.
27851,Natural quartz exc sand,145,Other mining and quarrying n.e.c.
27852,Mica/mica waste,145,Other mining and quarrying n.e.c.
27853,Felspar/leucite/syenite,145,Other mining and quarrying n.e.c.
27869,Slag/ash nes(incl kelp),145,Other mining and quarrying n.e.c.
27893,Talc/natural steatite,145,Other mining and quarrying n.e.c.
27895,Siliceous fossil meals,145,Other mining and quarrying n.e.c.
27897,Natural asphalt/bitumen,145,Other mining and quarrying n.e.c.
27898,Vermiculite/perlite/chlo,145,Other mining and quarrying n.e.c.
66721,"Diamonds,rough,unsorted",145,Other mining and quarrying n.e.c.
66722,"Diamonds,sorted,cleaved",145,Other mining and quarrying n.e.c.
66731,Prec/semi-p stone shaped,145,Other mining and quarrying n.e.c.
01111,"Beef fresh/chld,bone in",151,Meat products
01112,Beef fresh/chld boneless,151,Meat products
01121,"Beef, frozen, bone in",151,Meat products
01122,"Beef, frozen, boneless",151,Meat products
01211,Mutton fresh/chilled,151,Meat products
01212,Mutton frozen,151,Meat products
01213,"Goat meat,fresh/chld/frz",151,Meat products
01221,Pork fresh/chilled,151,Meat products
01222,Pork frozen,151,Meat products
01231,Poultry(whole)frsh/chld,151,Meat products
01232,Poultry(whole) frozen,151,Meat products
01233,"Liver,goose/duck frsh/ch",151,Meat products
01234,Poultry cuts fresh/chlld,151,Meat products
01235,"Poultry cuts, frozen",151,Meat products
01236,Poultry liver frozen,151,Meat products
0124,"Meat,equine,frsh/chl/frz",151,Meat products
01251,"Beef offal,fresh/chilled",151,Meat products
01252,"Beef offal, frozen",151,Meat products
01253,"Swine offal,fresh/chilld",151,Meat products
01254,"Swine offal, frozen",151,Meat products
01255,"Offal,sheep etc fresh/ch",151,Meat products
01256,"Offal,sheep etc frozen",151,Meat products
01291,"Meat/offal,rabbit/hare",151,Meat products
01299,Other meat nes fr/ch/frz,151,Meat products
01611,Ham/shoulder/cuts w bone,151,Meat products
01612,Pork bellies/streaky,151,Meat products
01619,"Meat,swine,cured nes",151,Meat products
01681,Beef etc salted/smkd/dry,151,Meat products
01689,Meat/offal cured nes etc,151,Meat products
0171,"Meat,fish extrcts/juices",151,Meat products
0172,Sausages etc. (meat),151,Meat products
0173,"Liver,prepared/preserved",151,Meat products
0174,"Poultry,prepd/presvd.nes",151,Meat products
0175,Pork prepared/presvd nes,151,Meat products
0176,Beef prepared/presvd nes,151,Meat products
0179,Meat nes prepared/presvd,151,Meat products
08141,Meat meal fodder,151,Meat products
21111,Bovine hide fresh/salted,151,Meat products
21112,Bovine hide raw nes,151,Meat products
21113,Equine hide/skin raw,151,Meat products
2112,"Bovine hides, whole, raw",151,Meat products
2114,"Goat/kid skins, raw",151,Meat products
2116,Sheep skin common w/wool,151,Meat products
2117,Sheep skin without wool,151,Meat products
26819,"Wool, greasy, nes",151,Meat products
29111,Bones etc.,151,Meat products
29116,Ivory/tortoise-shell/etc,151,Meat products
29192,"Brush-making hair,etc",151,Meat products
29193,"Gut,bladders,etc nonfish",151,Meat products
29195,Birds skins/feathers/etc,151,Meat products
29198,Ambergris/civet/musk/etc,151,Meat products
29199,Animal products n.e.s.,151,Meat products
4112,"Pig,poultry fat rendered",151,Meat products
41131,"Pig,poultry fat unrendrd",151,Meat products
41132,Fats of cattle/sheep/etc,151,Meat products
03419,"Fish liver/roe,frsh/chld",152,Fish and fish products
03421,"Salmon/trout, frozen",152,Fish and fish products
03422,"Fish, flat, frozen",152,Fish and fish products
03423,"Tuna/skipjack/bonito,frz",152,Fish and fish products
03424,"Herring/sardine/sprat,fz",152,Fish and fish products
03425,"Cod,frozen,exc.liver/roe",152,Fish and fish products
03426,"Mackerel,frozen,exc.roe",152,Fish and fish products
03427,"Hake,frozen,exc.liv/roe",152,Fish and fish products
03428,"Fish nes,frzn ex liv/roe",152,Fish and fish products
03429,"Fish liver/roe,frozen",152,Fish and fish products
0344,"Fish fillets,frozen",152,Fish and fish products
03451,"Fish fillets/meat,frs/ch",152,Fish and fish products
03455,"Fish meat exc.fillet,frz",152,Fish and fish products
03511,"Cod, dried",152,Fish and fish products
03512,"Fish fillets,dried/saltd",152,Fish and fish products
03513,Fish(ex cod)dried/salted,152,Fish and fish products
03521,"Cod, salted,not drd/smkd",152,Fish and fish products
03522,"Anchovies,salted,not dry",152,Fish and fish products
03529,"Fish n.e.s.salted,wet",152,Fish and fish products
0353,Fish smoked(exc fillets),152,Fish and fish products
0354,"Fish liver/roe,dr/sm/sal",152,Fish and fish products
0355,Fish meal fit for food,152,Fish and fish products
03611,"Shrimps/prawns, frozen",152,Fish and fish products
03619,Crustaceans n.e.s.frozen,152,Fish and fish products
03637,"Octopus/squid,frz/dry/sa",152,Fish and fish products
03639,"Shell fish nes,fz/dr/sal",152,Fish and fish products
03711,"Salmon,prepd/preserved",152,Fish and fish products
03712,Herring etc prepd/presvd,152,Fish and fish products
03713,Tuna etc prepd/preserved,152,Fish and fish products
03714,Mackerel prepd/preserved,152,Fish and fish products
03715,Fish nes prepd/preserved,152,Fish and fish products
03716,"Fish prepard,presrvd nes",152,Fish and fish products
03717,Caviar/substitutes,152,Fish and fish products
03721,"Crustaceans,prepd/presvd",152,Fish and fish products
03722,"Molluscs,prepared/presvd",152,Fish and fish products
08142,Fish meal fodder,152,Fish and fish products
29196,Fish/shellfish waste,152,Fish and fish products
05461,"Sweet corn, frozen",153,Fruits and vegetables
05469,Vegetables n.e.s. frozen,153,Fruits and vegetables
0547,Vegetables prov preservd,153,Fruits and vegetables
05485,"Fruit kernels,fresh/dry",153,Fruits and vegetables
05611,"Potatoes, dried",153,Fruits and vegetables
05612,"Onions, dried",153,Fruits and vegetables
05613,"Mushrooms/truffles,dried",153,Fruits and vegetables
05619,Dried vegatables nes,153,Fruits and vegetables
05640,  UN Special Code,153,Fruits and vegetables
05641,"Potato flour,meal",153,Fruits and vegetables
05642,Potato flaked,153,Fruits and vegetables
05661,"Potatoes, presvd/frozen",153,Fruits and vegetables
05669,"Vegetables nes, pres/frz",153,Fruits and vegetables
05671,Vegtbls/fruit in vinegar,153,Fruits and vegetables
05672,Tomatoes presvd ex vineg,153,Fruits and vegetables
05673,Tomato puree etc,153,Fruits and vegetables
05674,Mushroom/truffle presvd,153,Fruits and vegetables
05675,Sauerkraut ex in vinegar,153,Fruits and vegetables
05676,Potatoes presvd ex vineg,153,Fruits and vegetables
05677,Sweet corn,153,Fruits and vegetables
05679,"Oth veg presvd,prepd nes",153,Fruits and vegetables
05752,Grapes dried(raisins),153,Fruits and vegetables
05799,"Dried fruit nes,mixtures",153,Fruits and vegetables
0581,Fruit jams/jellies/etc,153,Fruits and vegetables
05821,Fruit temp preserved,153,Fruits and vegetables
05822,"Fruit peel, temp presvd.",153,Fruits and vegetables
05831,"Strawberries, frozen",153,Fruits and vegetables
05832,"Berry fruits nes,frozen",153,Fruits and vegetables
05839,Fruit/nut nes cook/frozn,153,Fruits and vegetables
05892,Nuts/seeds prepd/presvd,153,Fruits and vegetables
05893,Pineapples prepd/presvd,153,Fruits and vegetables
05894,Citrus fruit prepd/presv,153,Fruits and vegetables
05895,Apricot/cherry/peach prs,153,Fruits and vegetables
05896,"Fruit/nuts nes,preserved",153,Fruits and vegetables
05897,Fruit/mixtures preserved,153,Fruits and vegetables
0591,Orange juice,153,Fruits and vegetables
0592,Grapefruit juice,153,Fruits and vegetables
0593,Citrus fruit juices nes,153,Fruits and vegetables
05991,Pineapple juice,153,Fruits and vegetables
05992,Tomato juice,153,Fruits and vegetables
05993,Grape juice/grape must,153,Fruits and vegetables
05994,Apple juice,153,Fruits and vegetables
05995,"Juice,one fruit/veg nes",153,Fruits and vegetables
05996,Mixtures of diff juices,153,Fruits and vegetables
08119,Fodder-veg residues,153,Fruits and vegetables
08131,Oil cake of soya beans,154,Vegetable and animal oils and fats
08132,Oil cake of groundnuts,154,Vegetable and animal oils and fats
08133,Oil cake of cotton seed,154,Vegetable and animal oils and fats
08134,Oil cake of linseed,154,Vegetable and animal oils and fats
08135,Oil cake of sunflower,154,Vegetable and animal oils and fats
08136,Oil cake of rape/colza,154,Vegetable and animal oils and fats
08137,Oil cake of copra,154,Vegetable and animal oils and fats
08138,Oil cake of palm nuts,154,Vegetable and animal oils and fats
08139,Oil cake of oilseeds nes,154,Vegetable and animal oils and fats
09101,Margarine exc liquid,154,Vegetable and animal oils and fats
09109,Misc edible prods nes,154,Vegetable and animal oils and fats
2239,Oil seed/etc flour/meal,154,Vegetable and animal oils and fats
2632,Cotton linters,154,Vegetable and animal oils and fats
41111,Fish liver oil,154,Vegetable and animal oils and fats
41112,Other fish oils/fats,154,Vegetable and animal oils and fats
41113,Marine mammals oils/fats,154,Vegetable and animal oils and fats
41133,Lard stearin/oil unemuls,154,Vegetable and animal oils and fats
41139,Animal oils/fats nes,154,Vegetable and animal oils and fats
42111,Crude soya bean oil,154,Vegetable and animal oils and fats
42119,Refined soya bean oil,154,Vegetable and animal oils and fats
42121,Crude cotton seed oil,154,Vegetable and animal oils and fats
42129,Refined cotton seed oil,154,Vegetable and animal oils and fats
42131,Crude peanut oil,154,Vegetable and animal oils and fats
42139,Refined peanut oil,154,Vegetable and animal oils and fats
42141,Virgin olive oil,154,Vegetable and animal oils and fats
42142,Other olive oil,154,Vegetable and animal oils and fats
42149,Olive oil blends,154,Vegetable and animal oils and fats
42151,Crude safflower oil,154,Vegetable and animal oils and fats
42159,Refined safflower oil,154,Vegetable and animal oils and fats
42171,Crude rape/colza/mus oil,154,Vegetable and animal oils and fats
42179,Ref rape/colza/must oil,154,Vegetable and animal oils and fats
4218,Sesame (sesasum) oil,154,Vegetable and animal oils and fats
42211,Crude linseed oil,154,Vegetable and animal oils and fats
42219,Refined linseed oil,154,Vegetable and animal oils and fats
42221,Crude palm oil,154,Vegetable and animal oils and fats
42229,Refined palm oil,154,Vegetable and animal oils and fats
42231,Crude coconut oil,154,Vegetable and animal oils and fats
42239,Refined coconut oil,154,Vegetable and animal oils and fats
42241,Crude palm kernel oil,154,Vegetable and animal oils and fats
42249,Refined palm kernel oil,154,Vegetable and animal oils and fats
4225,Castor oil,154,Vegetable and animal oils and fats
42291,Tung oil,154,Vegetable and animal oils and fats
42299,Fixed vegetable oils nes,154,Vegetable and animal oils and fats
43121,Animal fat/oil/fractions,154,Vegetable and animal oils and fats
43122,Veg fat/oil/fractions,154,Vegetable and animal oils and fats
43133,Degras-fat residues,154,Vegetable and animal oils and fats
43141,Vegetable waxes,154,Vegetable and animal oils and fats
02211,Milk (max fat 1%),155,Dairy products; ice cream
02212,Milk (fat 1%-6%),155,Dairy products; ice cream
02213,Cream (min fat 6%),155,Dairy products; ice cream
02221,"Milk powder, fat < 1.5%",155,Dairy products; ice cream
02222,Milk/cream powder nes,155,Dairy products; ice cream
02223,"Milk(ex dry) prsvd,unswt",155,Dairy products; ice cream
02224,"Milk(ex dry) prsvd,swtnd",155,Dairy products; ice cream
02231,Yogurt,155,Dairy products; ice cream
02232,Buttermilk etc.,155,Dairy products; ice cream
02233,"Ice cream,edible ice",155,Dairy products; ice cream
02241,Whey,155,Dairy products; ice cream
02249,Natural milk prods n.e.s,155,Dairy products; ice cream
0230,"Butter, milk fats",155,Dairy products; ice cream
0241,"Cheese,grated/powdered",155,Dairy products; ice cream
0242,"Cheese,processed n.e.s.",155,Dairy products; ice cream
0243,"Cheese, blue veined",155,Dairy products; ice cream
02491,"Cheese,unfermented,n.e.s",155,Dairy products; ice cream
02499,Cheese and curd nes,155,Dairy products; ice cream
06190,  UN Special Code,155,Dairy products; ice cream
06191,"Lactose, lactose syrup",155,Dairy products; ice cream
59221,Casein,155,Dairy products; ice cream
0422,Rice husked(brown),156,Grain mill products and starches
04231,Rice milled unbroken,156,Grain mill products and starches
04232,"Rice milled, broken",156,Grain mill products and starches
0461,Flour of wheat or meslin,156,Grain mill products and starches
0462,Wheat meal/groats/pellet,156,Grain mill products and starches
04711,Maize (corn) flour,156,Grain mill products and starches
04719,Cereal meal/flour nes,156,Grain mill products and starches
04721,Maize meal/groats,156,Grain mill products and starches
04722,Cereal groats/meal n.e.s,156,Grain mill products and starches
04729,"Cereal pellets,non-wheat",156,Grain mill products and starches
04811,Cereal roasted/puffed,156,Grain mill products and starches
04812,"Cereal,grain,prp,ex corn",156,Grain mill products and starches
04813,Cereal nes rolled/flaked,156,Grain mill products and starches
04814,"Cereal,prepd nes ex rice",156,Grain mill products and starches
04815,Cereal germ prepared,156,Grain mill products and starches
0485,Bakers mixes/doughs,156,Grain mill products and starches
05645,Tapioca/sago/etc,156,Grain mill products and starches
05646,Legume flour/meal,156,Grain mill products and starches
05647,Veg root/tubr flour/meal,156,Grain mill products and starches
05648,Fruit/nut meal/flour,156,Grain mill products and starches
06193,Glucose/syrup <20%fructo,156,Grain mill products and starches
06194,Glucose/syrup 20-50%fruc,156,Grain mill products and starches
06195,"Fructose, pure",156,Grain mill products and starches
06196,Fructose/syrup nes,156,Grain mill products and starches
06199,Sugars nes/invert sugar,156,Grain mill products and starches
08123,"Bran, etc of legumes",156,Grain mill products and starches
08124,"Bran, etc of maize",156,Grain mill products and starches
08125,"Bran, etc of rice",156,Grain mill products and starches
08126,"Bran, etc of wheat",156,Grain mill products and starches
08129,"Bran, etc of cereals nes",156,Grain mill products and starches
08151,Starch ind waste fodder,156,Grain mill products and starches
42161,Crude maize oil,156,Grain mill products and starches
42169,Refined maize oil,156,Grain mill products and starches
5920,  UN Special Code,156,Grain mill products and starches
59210,  UN Special Code,156,Grain mill products and starches
59211,Wheat starch,156,Grain mill products and starches
59212,Maize (corn) starch,156,Grain mill products and starches
59213,Potato starch,156,Grain mill products and starches
59214,Manioc (cassava) starch,156,Grain mill products and starches
59215,Starches nes,156,Grain mill products and starches
59216,Inulin,156,Grain mill products and starches
59217,Wheat gluten,156,Grain mill products and starches
59226,Dextrins/modif starches,156,Grain mill products and starches
08112,Lucerne(alfalfa),157,Prepared animal feeds
08195,"Dog/cat food, retail",157,Prepared animal feeds
08199,Animal feeds n.e.s.,157,Prepared animal feeds
02521,Eggs - dried,158,Other food products
02522,"Eggs,preserved exc dried",158,Other food products
0253,Egg albumin,158,Other food products
0483,"Pasta, uncooked",158,Other food products
04841,Crispbread/rusks/toast,158,Other food products
04842,Sweet biscuits etc.,158,Other food products
04849,Bakers wares nes,158,Other food products
0610,  UN Special Code,158,Other food products
06111,Raw cane sugar,158,Other food products
06112,Raw beet sugar,158,Other food products
06121,"Sugar,coloured/flavoured",158,Other food products
06129,Raw solid sugar nes,158,Other food products
06151,Cane sugar molasses,158,Other food products
06159,Beet/other molasses,158,Other food products
06192,Maple sugar/syrup,158,Other food products
0621,Fruit preserved by sugar,158,Other food products
06221,Chewing gum,158,Other food products
06229,Sugar confectionery nes,158,Other food products
07112,Coffee decaff not roastd,158,Other food products
07113,Coffee husks/skins,158,Other food products
0712,Coffee roasted,158,Other food products
07131,Coffee extract/essence,158,Other food products
07132,Coffee/substitute mixes,158,Other food products
07133,Chicory/coffee substitut,158,Other food products
0722,"Cocoa powder,unsweetened",158,Other food products
07231,"Cocoa paste,not defatted",158,Other food products
07232,"Cocoa paste, defatted",158,Other food products
0724,Cocoa butter/fat/oil,158,Other food products
0725,Cocoa wastes,158,Other food products
0731,"Cocoa powder, sweetened",158,Other food products
0732,Cocoa preps/choc.(bulk),158,Other food products
0733,Chocolate bars nes,158,Other food products
0739,Cocoa foods nes,158,Other food products
07411,"Green tea, pack to 3kg",158,Other food products
07413,"Black tea, pack to 3kg",158,Other food products
07432,Tea/etc extract/essence,158,Other food products
07511,Pepper whole,158,Other food products
07512,Pepper crushed/ground,158,Other food products
07513,Capsicum dry/crush/grnd,158,Other food products
07521,Vanilla,158,Other food products
07522,"Cinnamon,etc whole",158,Other food products
07523,"Cinnamon,crushed/ground",158,Other food products
07524,"Cloves, whole/clove/stem",158,Other food products
07525,Nutmeg/mace/cardamoms,158,Other food products
07526,Seed spices,158,Other food products
07527,Ginger (excpt preserved),158,Other food products
07528,Thyme/saffron/bay leaves,158,Other food products
07529,"Spices nes, mixtures",158,Other food products
08152,Sugar ind waste fodder,158,Other food products
09811,Homogenized meat preps.,158,Other food products
09812,Homogenized vegetables,158,Other food products
09813,Homogenized fruit preps,158,Other food products
09814,Homogenzd composite food,158,Other food products
09841,Soya sauce,158,Other food products
09842,Tomato sauces,158,Other food products
09843,Mustard preparations,158,Other food products
09844,Vinegar and substitutes,158,Other food products
09849,Sauces/mixed seasonings,158,Other food products
0985,Soups and broths,158,Other food products
0986,Yeasts/baking powders,158,Other food products
09891,Pasta(cooked)/couscous,158,Other food products
09893,Baby foods (cereal),158,Other food products
09894,Malt extracts etc.,158,Other food products
09899,Misc food preprtions nes,158,Other food products
29249,Pharmacy plants nes,158,Other food products
29294,Vegetable saps/extracts,158,Other food products
29295,Vegetable pectins,158,Other food products
29296,Veg mucilages/thickeners,158,Other food products
0482,Malt/ malt flour,159,Beverages
08153,Brewing ind waste fodder,159,Beverages
08194,Wine lees/argol,159,Beverages
11101,Mineral water/ice/snow,159,Beverages
11102,Flavored waters non-alc,159,Beverages
11211,Grape must in fermentat.,159,Beverages
11213,Vermouth/flavoured wine,159,Beverages
11215,Sparkling wine,159,Beverages
11217,Still/fortified wines,159,Beverages
1122,Cider/perry/mead/etc,159,Beverages
1123,Beer/ale/stout/porter,159,Beverages
11241,Whisky,159,Beverages
11242,Brandies/marcs etc.,159,Beverages
11243,Compound alcohol preps.,159,Beverages
11244,Rum/tafia,159,Beverages
11245,Gin/geneva,159,Beverages
11249,Distilled alcohol n.e.s.,159,Beverages
51215,Ethyl alcohol not denat,159,Beverages
51216,Ethyl alc/denatrd spirit,159,Beverages
1213,Tobacco refuse,160,Tobacco products
1221,Cigars/cheroots/etc,160,Tobacco products
1222,Cigarettes (tobacco),160,Tobacco products
12231,Cigars etc(tobacco subs),160,Tobacco products
12232,Pipe tobacco etc.,160,Tobacco products
12239,Oth manufactured tobacco,160,Tobacco products
2613,Raw silk not thrown,171,Textile fibres
26142,Silk waste uncarded,171,Textile fibres
26149,Silk waste other,171,Textile fibres
26331,Cotton yarn waste,171,Textile fibres
26332,Cotton garnetted stock,171,Textile fibres
26339,Cotton waste n.e.s.,171,Textile fibres
2634,"Cotton,carded/combed",171,Textile fibres
2649,Jute etc tow/waste etc,171,Textile fibres
26512,"Flax,broken/scutched/etc",171,Textile fibres
26513,Flax tow/waste,171,Textile fibres
26529,True hemp/tow/waste nes,171,Textile fibres
26549,Sisal etc. nes,171,Textile fibres
26559,Abaca tow/waste/nes,171,Textile fibres
26579,Coconut fibre nes,171,Textile fibres
26589,Veg text fibre nes/waste,171,Textile fibres
26670,  UN Special Code,171,Textile fibres
26671,Nylon/polyamide spinable,171,Textile fibres
26672,Polyester fibre spinable,171,Textile fibres
26673,Acrylic fibre spinable,171,Textile fibres
26679,Synth fibre nes spinable,171,Textile fibres
26713,Artif fibres for spining,171,Textile fibres
26821,"Wool degreased,uncarboni",171,Textile fibres
26829,"Wool degreased,carbonisd",171,Textile fibres
26862,Garnetted wool/hair wast,171,Textile fibres
26863,Noils of wool/hair waste,171,Textile fibres
26869,Waste wool/hair nes,171,Textile fibres
26871,Wool carded/combed fragm,171,Textile fibres
26873,Wool tops/combed wool,171,Textile fibres
26877,Animal hair combd/carded,171,Textile fibres
41134,"Wool grease, crude",171,Textile fibres
41135,Wool grease ders/lanolin,171,Textile fibres
6510,  UN Special Code,171,Textile fibres
65112,Carded wool yarn in bulk,171,Textile fibres
65113,Combed wool yarn in bulk,171,Textile fibres
65114,Fine hair yarn in bulk,171,Textile fibres
65115,Coarse hair yarn in bulk,171,Textile fibres
65116,"Wool etc yarn, retail",171,Textile fibres
65117,Carded wool blend yarn,171,Textile fibres
65118,Combed wool blend yarn,171,Textile fibres
65119,"Wool blend yarn, retail",171,Textile fibres
65121,"Cotton sewing thrd, bulk",171,Textile fibres
65122,Cotton sewing thr retail,171,Textile fibres
65131,"Cotton (>85%)yarn,retail",171,Textile fibres
65132,"Cotton yarn nes, retail",171,Textile fibres
65133,Cotton(>85%)yarn bulk,171,Textile fibres
65134,Cotton(<85%)yarn bulk,171,Textile fibres
65141,Synth filament sewing th,171,Textile fibres
65142,Artif filament sewing th,171,Textile fibres
65143,Synth staple sewing thrd,171,Textile fibres
65144,Artif staple sewing thrd,171,Textile fibres
65161,Synth fil yarn retail,171,Textile fibres
65169,Multi-fil synth yarn nes,171,Textile fibres
65171,Artif filam yarn retail,171,Textile fibres
65176,Multi-fil artif yarn nes,171,Textile fibres
65181,Syn stap(>85%)yarn retl.,171,Textile fibres
65182,Syn stap(>85%)yarn bulk,171,Textile fibres
65183,Syn stap(<85%)yarn retl.,171,Textile fibres
65184,Syn stap(<85%)yarn bulk,171,Textile fibres
65185,Artif staple yarn retail,171,Textile fibres
65186,Art stap(>85%)yarn bulk,171,Textile fibres
65187,Art stap(<85%)yarn mixt.,171,Textile fibres
65192,"Silk yarn non waste,bulk",171,Textile fibres
65193,Silk waste yarn in bulk,171,Textile fibres
65194,Silk yarn for retail,171,Textile fibres
65196,Flax yarn,171,Textile fibres
65197,Jute etc yarn,171,Textile fibres
65199,"Veg fibre yarn nes,paper",171,Textile fibres
65211,Cotton gauze exc narrow,172,Textile weaving
65212,Unblchd cotton terry fab,172,Textile weaving
65213,Woven cotton terry nes,172,Textile weaving
65214,Cotton uncut pile fabric,172,Textile weaving
65215,Cotton cut pile fabric,172,Textile weaving
65221,Woven cottn unbl<200g/m2,172,Textile weaving
65222,Woven cottn unbl>200g/m2,172,Textile weaving
65223,Woven cotton mix<200g/m2,172,Textile weaving
65224,Woven cotton mix>200g/m2,172,Textile weaving
65225,Woven cotton nes<200g/m2,172,Textile weaving
65226,Woven cotton nes>200g/m2,172,Textile weaving
65231,Woven cotton bleach<200g,172,Textile weaving
65232,Woven cotton dyed  <200g,172,Textile weaving
65233,Color woven cotton <200g,172,Textile weaving
65234,Woven cotton print <200g,172,Textile weaving
65241,Woven cotton bleach>200g,172,Textile weaving
65242,Woven cotton dyed  >200g,172,Textile weaving
65243,Woven cotton denim >200g,172,Textile weaving
65244,Color woven cotton >200g,172,Textile weaving
65245,Woven cotton print >200g,172,Textile weaving
65251,Woven cotn mix blch<200g,172,Textile weaving
65252,Woven cotn mix dyed<200g,172,Textile weaving
65253,Color woven ctn mix<200g,172,Textile weaving
65254,Woven cotn mix prnt<200g,172,Textile weaving
65261,Woven cotn mix blch>200g,172,Textile weaving
65262,Woven cotn mix dyed>200g,172,Textile weaving
65263,Woven cotn mix denm>200g,172,Textile weaving
65264,Color wovn cotn mix>200g,172,Textile weaving
65265,Woven cotn mix prnt>200g,172,Textile weaving
65291,Blchd wovn cotn nes<200g,172,Textile weaving
65292,Dyed woven cotn nes<200g,172,Textile weaving
65293,Color wovn cotn nes<200g,172,Textile weaving
65294,Print wovn cotn nes<200g,172,Textile weaving
65295,Blchd wovn cotn nes>200g,172,Textile weaving
65296,Dyed woven cotn nes>200g,172,Textile weaving
65297,Color wovn cotn nes>200g,172,Textile weaving
65298,Print wovn cotn nes>200g,172,Textile weaving
65311,Wvn hi-ten syn yarn fabr,172,Textile weaving
65312,Woven fabr frm strip etc,172,Textile weaving
65313,Bonded syn yarn fabrics,172,Textile weaving
65314,Woven polyamide fabr nes,172,Textile weaving
65315,Wovn text.pestr fab nes,172,Textile weaving
65316,Woven polyester fabr nes,172,Textile weaving
65317,Wovn synth fil fabrc nes,172,Textile weaving
65318,Wovn synth mix fabrc nes,172,Textile weaving
65319,Woven synth fil fab nes,172,Textile weaving
65321,Wovn pester s.f. fabric,172,Textile weaving
65325,Wovn acrylic s.f. fabric,172,Textile weaving
65329,Wovn synth s.f.fabrc nes,172,Textile weaving
65331,Wovn pester sf/ctn<170g,172,Textile weaving
65332,Woven other sf/cotn<170g,172,Textile weaving
65333,Wovn pester sf/ctn>170g,172,Textile weaving
65334,Woven other sf/cotn>170g,172,Textile weaving
65341,Wovn syn fib/wool fabric,172,Textile weaving
65342,Wovn syn fib/manmade fab,172,Textile weaving
65343,Wovn syn fib/nes blends,172,Textile weaving
65351,Wovn viscose rayon fabrc,172,Textile weaving
65352,Wovn art fil/strip fabrc,172,Textile weaving
65359,Wovn art fil fabric nes,172,Textile weaving
6536,Wovn art st fibre fabric,172,Textile weaving
65381,Wovn art sf/cotton fabrc,172,Textile weaving
65382,Wovn art sf/wool fabrics,172,Textile weaving
65383,Wovn art sf/manmade fabr,172,Textile weaving
65389,Wovn art sf/other fabric,172,Textile weaving
65391,Man-made pile fab uncut,172,Textile weaving
65393,Man-made pile fabric nes,172,Textile weaving
65411,Woven noil silk fabric,172,Textile weaving
65413,Woven silk >85% fabr nes,172,Textile weaving
65419,Woven silk fabrics nes,172,Textile weaving
65421,"Wovn card wool,fine hair",172,Textile weaving
65422,"Wovn comb wool,fine hair",172,Textile weaving
65431,"Wovn card wool,h/manmade",172,Textile weaving
65432,"Wovn comb wool,h/manmade",172,Textile weaving
65433,"Woven card wool,h/other",172,Textile weaving
65434,"Woven comb wool,h/other",172,Textile weaving
65435,Wovn pile fab wool/hair,172,Textile weaving
65441,Woven flax fabric >85%,172,Textile weaving
65442,Woven flax fabric <85%,172,Textile weaving
6545,Woven jute etc fabrics,172,Textile weaving
6546,Wovn glass fibre fabric,172,Textile weaving
65492,Coarse hair woven fabric,172,Textile weaving
65493,Wovn veg text fibre fabr,172,Textile weaving
65494,Woven wide gauze ex cotn,172,Textile weaving
65495,"Pile,chenille fabric nes",172,Textile weaving
65496,Terry towelling exc cotn,172,Textile weaving
65497,Tufted textile fabrics,172,Textile weaving
65811,Jute etc sacks/bags,174,Made-up textile articles
65812,Cotton sacks/bags,174,Made-up textile articles
65813,Man-made text sacks/bags,174,Made-up textile articles
65819,Textile sacks/bags nes,174,Made-up textile articles
65821,Tarpaulins/awnings/blind,174,Made-up textile articles
65822,Tents,174,Made-up textile articles
65823,Sails,174,Made-up textile articles
65824,Pneumatic mattresses,174,Made-up textile articles
65829,Camping goods n.e.s.,174,Made-up textile articles
65831,Wool/hair blankets,174,Made-up textile articles
65832,Cotton blankets,174,Made-up textile articles
65833,Synthetic fibre blankets,174,Made-up textile articles
65839,Blankets of textiles nes,174,Made-up textile articles
65841,Knit/crochet bed linen,174,Made-up textile articles
65842,Bed linen of cotton nes,174,Made-up textile articles
65843,Bed linen of othr fibres,174,Made-up textile articles
65844,Knit/crochet table linen,174,Made-up textile articles
65845,Table linen of coton nes,174,Made-up textile articles
65846,Table linen of oth fibre,174,Made-up textile articles
65847,Toilet/kitchen artic cot,174,Made-up textile articles
65848,Toilet/kitchen linen nes,174,Made-up textile articles
65851,Curtains/drapes/blinds,174,Made-up textile articles
65852,Bedspreads,174,Made-up textile articles
65859,Furnishing articles nes,174,Made-up textile articles
65891,Tapestries hand-made,174,Made-up textile articles
65892,"Dusters, dish cloths etc",174,Made-up textile articles
65893,"Life jacket/belt, etc.",174,Made-up textile articles
65899,Rug/tapestry etc kits,174,Made-up textile articles
82127,Sleeping bags,174,Made-up textile articles
82129,Bedding articles nes,174,Made-up textile articles
89996,Parachutes/parts/access.,174,Made-up textile articles
26902,Rags/waste cordage/etc,175,Other textiles
65191,Metallized textile yarn,175,Other textiles
65491,Woven metallized fabric,175,Other textiles
65611,Narrow woven pile fabric,175,Other textiles
65612,Narrow woven elastic fab,175,Other textiles
65613,Narrow woven fabric nes,175,Other textiles
65614,Narrow bonded fabrics,175,Other textiles
65621,Woven textile labels etc,175,Other textiles
65629,Non-woven text label etc,175,Other textiles
65631,Gimped yarns,175,Other textiles
65632,Braids/trimmings/etc,175,Other textiles
65641,"Tulles, net fabrics",175,Other textiles
65642,Mechanical lace,175,Other textiles
65643,Hand-made lace,175,Other textiles
65651,"Embroidery,no vis.ground",175,Other textiles
65659,Embroidery nes,175,Other textiles
6570,  UN Special Code,175,Other textiles
65711,Needleloom/stch bnd felt,175,Other textiles
65712,Felt nes not impregnated,175,Other textiles
65719,Felt impregnated etc,175,Other textiles
6572,Non-woven fabrics nes,175,Other textiles
65731,Gum etc coated textiles,175,Other textiles
65732,Plastic coated textiles,175,Other textiles
65734,Coated/impreg text. nes,175,Other textiles
6574,Quilted textile products,175,Other textiles
65751,Twine/cordage/rope/cable,175,Other textiles
65752,Knotted rope/twine nets,175,Other textiles
65759,Articles of cordage nes,175,Other textiles
65771,Textile wadding nes etc,175,Other textiles
65772,Textile wicks/mantle etc,175,Other textiles
65773,Industrial textiles nes,175,Other textiles
65781,Textile covd rubber cord,175,Other textiles
65785,Coated hi-ten synth yarn,175,Other textiles
65789,Rubber/plasticized t nes,175,Other textiles
65791,Textile hosepiping etc,175,Other textiles
65792,"Machinery belts etc,text",175,Other textiles
65793,Tyre cord fabric,175,Other textiles
65921,"Carpet,knotted,wool/hair",175,Other textiles
65929,"Carpet,knotted,oth text",175,Other textiles
6593,Hand woven rugs,175,Other textiles
65941,"Carpet,tufted,wool/hair",175,Other textiles
65942,"Carpet,tufted,polyamide",175,Other textiles
65943,"Carpet,tufted,man-mad fi",175,Other textiles
65949,"Carpet,tufted,textil nes",175,Other textiles
65951,"Carpet,woven,wool/hair",175,Other textiles
65952,"Carpet,woven,man-mad tex",175,Other textiles
65959,"Carpet,woven,textile nes",175,Other textiles
65961,Floor coverings of felt,175,Other textiles
65969,Carpets/flooor covrs nes,175,Other textiles
65511,Long pile knit/croch fab,176,Knitted and crocheted fabrics
65512,Loop pile knit/croch fab,176,Knitted and crocheted fabrics
65519,Knit/croch pile fabr nes,176,Knitted and crocheted fabrics
65521,Knit/croch fab nes <30cm,176,Knitted and crocheted fabrics
65522,Knit/cr fab >30cm+rubber,176,Knitted and crocheted fabrics
65523,"Other fabrics, warp knit",176,Knitted and crocheted fabrics
65529,Knit/crochet fabric nes,176,Knitted and crocheted fabrics
8453,Jerseys/pullovers/etc,177,Knitted and crocheted articles
84621,Panty hose/tights,177,Knitted and crocheted articles
84622,Womens long hosiery,177,Knitted and crocheted articles
84629,Womens hosiery nes,177,Knitted and crocheted articles
84811,Leather clothes,181,Leather clothes
26901,Bulk text wste/old cloth,182,Other wearing apparel and accessories
65761,Felt hat bodies/forms ..,182,Other wearing apparel and accessories
65762,Hat bodies nes,182,Other wearing apparel and accessories
84111,Wvn m/b coats wool/hair,182,Other wearing apparel and accessories
84112,Wvn m/b coats oth fibres,182,Other wearing apparel and accessories
84119,Men/boy overcoat nes wvn,182,Other wearing apparel and accessories
84121,M/b suits wool/hair wovn,182,Other wearing apparel and accessories
84122,M/b suits fibre nes wovn,182,Other wearing apparel and accessories
84123,Mens/boys ensembles wovn,182,Other wearing apparel and accessories
8413,M/b jackets/blazer woven,182,Other wearing apparel and accessories
8414,Men/boy trouser/etc wovn,182,Other wearing apparel and accessories
84151,M/b trousers cotton wovn,182,Other wearing apparel and accessories
84159,M/b trouser fibre nes wv,182,Other wearing apparel and accessories
84161,Men/boy underwear woven,182,Other wearing apparel and accessories
84162,Men/boy pyjama/etc woven,182,Other wearing apparel and accessories
84169,Men/boy bathrobe nes wvn,182,Other wearing apparel and accessories
84211,Wom/g overcoat/etc woven,182,Other wearing apparel and accessories
84219,Wom/girl ocoat nes woven,182,Other wearing apparel and accessories
84221,Wom/girl suits woven,182,Other wearing apparel and accessories
84222,Womens/g ensembles woven,182,Other wearing apparel and accessories
8423,Womens/girl jacket woven,182,Other wearing apparel and accessories
8424,Womens/girl dresses wven,182,Other wearing apparel and accessories
8425,Womens/girl skirts woven,182,Other wearing apparel and accessories
8426,Women/g trousers woven,182,Other wearing apparel and accessories
8427,Womens/girls blouse wven,182,Other wearing apparel and accessories
84281,Wom/g slip/petticoat wvn,182,Other wearing apparel and accessories
84282,Wom/g nightwear woven,182,Other wearing apparel and accessories
84289,Wom/girl uwear nes woven,182,Other wearing apparel and accessories
8431,Men/b coats knit/crochet,182,Other wearing apparel and accessories
84321,Men/boy knit/croch suits,182,Other wearing apparel and accessories
84322,Men/b ensembles knit/cr,182,Other wearing apparel and accessories
84323,Men/b jackets knit/croch,182,Other wearing apparel and accessories
84324,Men/b trouser/etc kni/cr,182,Other wearing apparel and accessories
84371,Men/b trouser cotton k/c,182,Other wearing apparel and accessories
84379,M/b trouser fibre nes kc,182,Other wearing apparel and accessories
84381,Men/b underwear knit/cro,182,Other wearing apparel and accessories
84382,Men/b nightwear knit/cro,182,Other wearing apparel and accessories
84389,Men/boy uwear nes kn/cr,182,Other wearing apparel and accessories
8441,Wom/g coats etc knit/cro,182,Other wearing apparel and accessories
84421,Wom/girl knit/croch suit,182,Other wearing apparel and accessories
84422,Women/g ensembles knit/c,182,Other wearing apparel and accessories
84423,Women/g jackets knit/cro,182,Other wearing apparel and accessories
84424,Women/g dresses knit/cro,182,Other wearing apparel and accessories
84425,Women/g skirts knit/croc,182,Other wearing apparel and accessories
84426,Women/g trouser knit/cro,182,Other wearing apparel and accessories
8447,Women/g blouses knit/cro,182,Other wearing apparel and accessories
84481,Women/g slips/etc kni/cr,182,Other wearing apparel and accessories
84482,Women/g panties knit/cro,182,Other wearing apparel and accessories
84483,Women/g nightwear knit/c,182,Other wearing apparel and accessories
84489,Wom/girl uwear kn/cr nes,182,Other wearing apparel and accessories
84511,Baby clothes woven,182,Other wearing apparel and accessories
84512,Baby clothes knit/croch,182,Other wearing apparel and accessories
84521,Felt/nonwoven t clothes,182,Other wearing apparel and accessories
84522,Men/b waterproofs not kc,182,Other wearing apparel and accessories
84523,Wom/g waterproofs woven,182,Other wearing apparel and accessories
84524,Waterproof clothes kn/cr,182,Other wearing apparel and accessories
8454,T-shirts/singlets knit/c,182,Other wearing apparel and accessories
84551,Brassieres,182,Other wearing apparel and accessories
84552,Girdles/corsets/braces..,182,Other wearing apparel and accessories
84561,Men/b swimwear not kn/cr,182,Other wearing apparel and accessories
84562,Men/b swimwear knit/croc,182,Other wearing apparel and accessories
84563,Wom/g swimwear not kn/cr,182,Other wearing apparel and accessories
84564,Wom/g swimwear knit/croc,182,Other wearing apparel and accessories
84581,Ski suits not knit/croch,182,Other wearing apparel and accessories
84587,Men/b appar nes not kn/c,182,Other wearing apparel and accessories
84589,Wom/g appar nes not kn/c,182,Other wearing apparel and accessories
84591,Track suits knit/crochet,182,Other wearing apparel and accessories
84592,Ski suits knit/crochet,182,Other wearing apparel and accessories
84599,Garments nes knit/croch,182,Other wearing apparel and accessories
84611,Handkerchiefs,182,Other wearing apparel and accessories
84612,Shawl/scarf/etc not kn/c,182,Other wearing apparel and accessories
84613,"Ties,cravats not knit/cr",182,Other wearing apparel and accessories
84614,Gloves etc not knit/croc,182,Other wearing apparel and accessories
84619,Clothing acc nes not k/c,182,Other wearing apparel and accessories
84691,Kn/cr gloves impreg/coat,182,Other wearing apparel and accessories
84692,Gloves etc nes knit/croc,182,Other wearing apparel and accessories
84693,Shawls/scarves/etc.,182,Other wearing apparel and accessories
84694,Ties/cravats/etc,182,Other wearing apparel and accessories
84699,Made-up/part cl accs nes,182,Other wearing apparel and accessories
84812,Leather gloves etc,182,Other wearing apparel and accessories
84813,Leather belts etc,182,Other wearing apparel and accessories
84819,Leather clothing access.,182,Other wearing apparel and accessories
84841,Headgear of felt,182,Other wearing apparel and accessories
84842,Headgear plaited,182,Other wearing apparel and accessories
84843,Knit/croch/lace/etc hats,182,Other wearing apparel and accessories
84848,Parts for headgear,182,Other wearing apparel and accessories
84849,Headgear nes ex rub/plas,182,Other wearing apparel and accessories
61311,Mink skins unassembled,183,Dressing and dyeing of fur; articles of fur
61312,Rabbit/hare skins unass.,183,Dressing and dyeing of fur; articles of fur
61313,Special lamb skins unass,183,Dressing and dyeing of fur; articles of fur
61319,Fur skins nes unassemb.,183,Dressing and dyeing of fur; articles of fur
6132,Fur skin pieces,183,Dressing and dyeing of fur; articles of fur
6133,Whole furskins assembled,183,Dressing and dyeing of fur; articles of fur
84831,Furskin apparel/access,183,Dressing and dyeing of fur; articles of fur
84832,Artificial fur/articles,183,Dressing and dyeing of fur; articles of fur
21191,Leather waste/dust etc.,191,Tanning and dressing of leather
6112,Composition leather,191,Tanning and dressing of leather
6113,Bovine leather < 2.6 m2,191,Tanning and dressing of leather
61141,Tanned bov/equin leather,191,Tanning and dressing of leather
61142,Prepd bov/equine leather,191,Tanning and dressing of leather
61151,Tanned sheep/lamb leathr,191,Tanning and dressing of leather
61152,Prepd sheep/lamb leather,191,Tanning and dressing of leather
61161,Tanned goat/kid leather,191,Tanning and dressing of leather
61162,Prepd goat/kid leather,191,Tanning and dressing of leather
61171,Pigs leather,191,Tanning and dressing of leather
61172,Reptile skin leather,191,Tanning and dressing of leather
61179,Animal skin leather nes,191,Tanning and dressing of leather
61181,Chamois-dressed leather,191,Tanning and dressing of leather
61183,"Leather patent,metalized",191,Tanning and dressing of leather
6121,Indust leather articles,192,"Luggage, handbags, saddlery and harness"
6122,Harness-makers goods,192,"Luggage, handbags, saddlery and harness"
6129,Leather manufactures nes,192,"Luggage, handbags, saddlery and harness"
83111,"Handbags, leather",192,"Luggage, handbags, saddlery and harness"
83112,"Handbags, plastic",192,"Luggage, handbags, saddlery and harness"
83119,"Handbags, nes",192,"Luggage, handbags, saddlery and harness"
83121,Leather trunks/cases/etc,192,"Luggage, handbags, saddlery and harness"
83122,Plastic/textil cases/etc,192,"Luggage, handbags, saddlery and harness"
83129,Trunks/cases/etc nes,192,"Luggage, handbags, saddlery and harness"
8313,Travel kits/sets,192,"Luggage, handbags, saddlery and harness"
83191,Pocket travel/etc artics,192,"Luggage, handbags, saddlery and harness"
83199,Travel goods nes,192,"Luggage, handbags, saddlery and harness"
88593,Watch strap/band non-mtl,192,"Luggage, handbags, saddlery and harness"
85111,Footw all rub/plast weld,193,Footwear
85113,Footw all rub/plast nes,193,Footwear
85115,Footwear rub/plast sole,193,Footwear
85121,Ski-boots rubber/plastic,193,Footwear
85122,Ski-boots leather uppers,193,Footwear
85123,Sport footw rub/plas nes,193,Footwear
85124,Sport footw leath-up nes,193,Footwear
85125,All rub/plast footw nes,193,Footwear
85131,Rub/plast footw nes weld,193,Footwear
85132,Footwear rub/plastic nes,193,Footwear
85141,Leather sandals,193,Footwear
85142,Footwear wood base/platf,193,Footwear
85148,Footwear nes leathr sole,193,Footwear
85149,Footwear nes leathr uppr,193,Footwear
85151,"Footw text up,ru/pl sole",193,Footwear
85152,"Footw text up,leath sole",193,Footwear
85159,Footwear textile upr nes,193,Footwear
8517,Footwear nes,193,Footwear
8519,Footwear parts/leggings,193,Footwear
24611,Wood chips - coniferous,201,"Sawmilling, planing and impregnation of wood"
24615,Wood chips - non-conifer,201,"Sawmilling, planing and impregnation of wood"
2462,Wood waste(incl sawdust),201,"Sawmilling, planing and impregnation of wood"
2473,"Wood poles,treated",201,"Sawmilling, planing and impregnation of wood"
24811,Railway sleepers untreat,201,"Sawmilling, planing and impregnation of wood"
24819,Railway sleepers treated,201,"Sawmilling, planing and impregnation of wood"
2482,"Softwood,simply worked",201,"Sawmilling, planing and impregnation of wood"
2483,Softwood shaped/grooved,201,"Sawmilling, planing and impregnation of wood"
2484,Hardwood sawn >6mm thick,201,"Sawmilling, planing and impregnation of wood"
2485,Hardwood shaped/grooved,201,"Sawmilling, planing and impregnation of wood"
63493,Wood wool/wood flour,201,"Sawmilling, planing and impregnation of wood"
63411,Veneer sheets coniferous,202,Panels and boards of wood
63412,Veneer sheets non-conif.,202,Panels and boards of wood
63421,Densif wood blocks etc.,202,Panels and boards of wood
63422,Particle board (wood),202,Panels and boards of wood
63423,Particle board(exc wood),202,Panels and boards of wood
63431,Plywood-hardwood faced,202,Panels and boards of wood
63439,Plywood-standard,202,Panels and boards of wood
63441,Plywood/lam hard faced,202,Panels and boards of wood
63449,Plywood/laminates nes,202,Panels and boards of wood
63451,Fibreboard dens>0.8g/cm3,202,Panels and boards of wood
63452,Fibreboard dens>0.5g/cm3,202,Panels and boards of wood
63453,Fibreboard dens>.35g/cm3,202,Panels and boards of wood
63459,Fibreboard nes,202,Panels and boards of wood
63531,Wooden windows/frames,203,Builders' carpentry and joinery
63532,Wooden doors/frames,203,Builders' carpentry and joinery
63533,Wooden shingles/shakes,203,Builders' carpentry and joinery
63539,Builders wood nes,203,Builders' carpentry and joinery
8110,Prefabricated buildings,203,Builders' carpentry and joinery
63511,Wood boxes/drums/cases,204,Wooden containers
63512,Wood pallets etc.,204,Wooden containers
6352,"Cooprage prod,inc staves",204,Wooden containers
24402,Cork simply worked,205,"Other products of wood; articles of cork, etc."
24404,Cork waste/crushed/etc,205,"Other products of wood; articles of cork, etc."
63311,Corks and stoppers,205,"Other products of wood; articles of cork, etc."
63319,Cork manufactures nes,205,"Other products of wood; articles of cork, etc."
63321,Agglomerated cork shapes,205,"Other products of wood; articles of cork, etc."
63329,Agglomerated cork nes,205,"Other products of wood; articles of cork, etc."
63541,Wood picture etc frames,205,"Other products of wood; articles of cork, etc."
63542,Wood table/kitchen ware,205,"Other products of wood; articles of cork, etc."
63549,Wood marquetry/carvings,205,"Other products of wood; articles of cork, etc."
63591,Tools/handles etc wood,205,"Other products of wood; articles of cork, etc."
63599,Other wood articles nes,205,"Other products of wood; articles of cork, etc."
89971,Basketwork/wickerwrk/etc,205,"Other products of wood; articles of cork, etc."
89973,"Plaits,plaited products",205,"Other products of wood; articles of cork, etc."
89974,Veg matl mats/screens,205,"Other products of wood; articles of cork, etc."
89979,"Plaits,plaited products",205,"Other products of wood; articles of cork, etc."
25111,Waste kraft/corr paper,211,"Pulp, paper and paperboard"
25112,Waste bleach pulp paper,211,"Pulp, paper and paperboard"
25113,Waste newsprint etc,211,"Pulp, paper and paperboard"
25119,Waste nes/unsorted,211,"Pulp, paper and paperboard"
2512,Mechanical wood pulp,211,"Pulp, paper and paperboard"
2513,Chem wood pulp disolving,211,"Pulp, paper and paperboard"
25141,Conifer wood pulp unblch,211,"Pulp, paper and paperboard"
25142,Non-con wood pulp unblch,211,"Pulp, paper and paperboard"
25151,Conif wood pulp semi-blc,211,"Pulp, paper and paperboard"
25152,Non-co wood pulp semi-bl,211,"Pulp, paper and paperboard"
25161,Wood pulp sulphite unblc,211,"Pulp, paper and paperboard"
25162,Wood pulp sulphite semib,211,"Pulp, paper and paperboard"
25191,Semi-chemical wood pulp,211,"Pulp, paper and paperboard"
25192,Pulp othr than wood pulp,211,"Pulp, paper and paperboard"
6410,  UN Special Code,211,"Pulp, paper and paperboard"
6411,Newsprint rolls/sheets,211,"Pulp, paper and paperboard"
64121,Hand-made paper/board,211,"Pulp, paper and paperboard"
64122,Sensitized paper,211,"Pulp, paper and paperboard"
64123,Carbonizing base paper,211,"Pulp, paper and paperboard"
64124,Wallpaper base,211,"Pulp, paper and paperboard"
64125,Paper nes <40g non-mech,211,"Pulp, paper and paperboard"
64126,Paper nes 40-150g non-me,211,"Pulp, paper and paperboard"
64127,Paper nes >150g non-mech,211,"Pulp, paper and paperboard"
64129,Paper nes mechanic proc.,211,"Pulp, paper and paperboard"
64131,Carbon/duplicator paper,211,"Pulp, paper and paperboard"
64132,Kaolin coated paper<150g,211,"Pulp, paper and paperboard"
64133,Kaolin coated paper>150g,211,"Pulp, paper and paperboard"
64134,Kaolin coat mech paper,211,"Pulp, paper and paperboard"
64141,Kraft uncoated unbl bulk,211,"Pulp, paper and paperboard"
64142,Sack kraft paper in bulk,211,"Pulp, paper and paperboard"
64146,Kraft uncoat bulk <150g,211,"Pulp, paper and paperboard"
64147,Kraft uncoat bulk <225g,211,"Pulp, paper and paperboard"
64148,Kraft uncoat bulk >225g,211,"Pulp, paper and paperboard"
64150,  UN Special Code,211,"Pulp, paper and paperboard"
64151,Semi-chem fluting paper,211,"Pulp, paper and paperboard"
64152,"Sulphite wrap paper,bulk",211,"Pulp, paper and paperboard"
64153,Greaseproof/transp paper,211,"Pulp, paper and paperboard"
64154,Multi-ply uncoat paper,211,"Pulp, paper and paperboard"
64155,Cigarette paper nes,211,"Pulp, paper and paperboard"
64156,Filter/felt paper,211,"Pulp, paper and paperboard"
64157,Paper nes uncoated <150g,211,"Pulp, paper and paperboard"
64158,Paper nes uncoated <225g,211,"Pulp, paper and paperboard"
64159,Paper nes uncoated >225g,211,"Pulp, paper and paperboard"
64161,Bulk creped sack kraft,211,"Pulp, paper and paperboard"
64162,Bulk creped kraft nes,211,"Pulp, paper and paperboard"
64163,Creped household paper,211,"Pulp, paper and paperboard"
64169,Creped etc paper nes,211,"Pulp, paper and paperboard"
64171,Plasticized paper >150g,211,"Pulp, paper and paperboard"
64172,Plasticized paper nes,211,"Pulp, paper and paperboard"
64173,Bulk tarred paper,211,"Pulp, paper and paperboard"
64174,Bleached coat kraft<150g,211,"Pulp, paper and paperboard"
64175,Bleached coat kraft>150g,211,"Pulp, paper and paperboard"
64176,Kraft paper/board nes,211,"Pulp, paper and paperboard"
64177,Coated paper etc nes,211,"Pulp, paper and paperboard"
64178,Gummed/adhesive paper,211,"Pulp, paper and paperboard"
64179,Bulk paper/board nes,211,"Pulp, paper and paperboard"
64191,Tar-laminated paper etc.,211,"Pulp, paper and paperboard"
64192,Composite paper bulk nes,211,"Pulp, paper and paperboard"
64164,Bulk corrugated paper,212,Articles of paper and paperboard
64193,Paper pulp filter blocks,212,Articles of paper and paperboard
64194,"Wallpaper, etc.",212,Articles of paper and paperboard
64211,Corrugated paper cartons,212,Articles of paper and paperboard
64212,Folding non-corr cartons,212,Articles of paper and paperboard
64213,Paper sacks >40cm wide,212,Articles of paper and paperboard
64214,Paper sacks/bags nes,212,Articles of paper and paperboard
64215,Paper packing contrs nes,212,Articles of paper and paperboard
64216,Office files etc-paper,212,Articles of paper and paperboard
64221,Envelopes,212,Articles of paper and paperboard
64222,Postcards etc,212,Articles of paper and paperboard
64223,Boxed stationary etc.,212,Articles of paper and paperboard
64241,Cigarette paper precut,212,Articles of paper and paperboard
64242,Copying paper ct to size,212,Articles of paper and paperboard
64243,Toilet paper cut to size,212,Articles of paper and paperboard
64244,"Gummed paper strip,rolls",212,Articles of paper and paperboard
64245,Filter papers etc.,212,Articles of paper and paperboard
64248,Printg/writing paper nes,212,Articles of paper and paperboard
64291,Spools etc of paper etc,212,Articles of paper and paperboard
64292,Punched card mach cards,212,Articles of paper and paperboard
64293,Paper plates etc.,212,Articles of paper and paperboard
64294,"Paper tissues,towels etc",212,Articles of paper and paperboard
64295,Paper etc diapers etc,212,Articles of paper and paperboard
64299,Other articles of paper,212,Articles of paper and paperboard
65735,Textile wall coverings,212,Articles of paper and paperboard
65911,Floor cover paper-backed,212,Articles of paper and paperboard
89281,"Labels paper,paperboard",212,Articles of paper and paperboard
89212,Childrns pictur ec book,221,Publishing
89213,Map/chart books,221,Publishing
89214,Maps/charts not in books,221,Publishing
89215,Books etc(single sheets),221,Publishing
89216,Dictionary/encyclopaedia,221,Publishing
89219,Printed books nes,221,Publishing
89221,Newspaper etc>4 per week,221,Publishing
89229,Newspapers/periodic nes,221,Publishing
89241,Decalcomanias(transfers),221,Publishing
89242,"Picture pst-,greetng-crd",221,Publishing
89284,Calendars on paper,221,Publishing
89285,Printed/manuscript music,221,Publishing
89287,Pictures/designs/photos,221,Publishing
89861,Recorded tapes w<4mm,221,Publishing
89865,Recorded tapes w4-6.5mm,221,Publishing
89871,Gramophone records,221,Publishing
89879,Recorded media nes,221,Publishing
64231,Office books/pads,222,Printing
64232,Exercise books,222,Printing
64233,Binders/folders/files,222,Printing
64234,Manifold business forms,222,Printing
64235,Albums for collections,222,Printing
64239,Book covers/blotters etc,222,Printing
72635,"Printing type,plates,etc",222,Printing
89283,Unissued banknotes etc,222,Printing
89286,"Trade adv matrl,catalog",222,Printing
89289,Other printed matter,222,Printing
3250,Coke/semi-coke/retort c,231,Coke oven products
33521,Mineral tar,231,Coke oven products
33410,  UN Special Code,232,Refined petroleum and nuclear fuel
33411,Motor/aviation spirit,232,Refined petroleum and nuclear fuel
33412,Spirit type jet fuel,232,Refined petroleum and nuclear fuel
33419,Oth light petroleum oil,232,Refined petroleum and nuclear fuel
33421,Kerosene incl jet fuel,232,Refined petroleum and nuclear fuel
33429,Oth medium petroleum oil,232,Refined petroleum and nuclear fuel
3343,Gas oils,232,Refined petroleum and nuclear fuel
3344,"Fuel oils,nes",232,Refined petroleum and nuclear fuel
3345,Lubs(high petr cont) etc,232,Refined petroleum and nuclear fuel
33511,Petroleum jelly,232,Refined petroleum and nuclear fuel
33512,Paraffin wax,232,Refined petroleum and nuclear fuel
33541,Petroleum bitumen/resids,232,Refined petroleum and nuclear fuel
33542,Petroleum coke,232,Refined petroleum and nuclear fuel
3421,Liquefied propane,232,Refined petroleum and nuclear fuel
3425,Liquefied butane,232,Refined petroleum and nuclear fuel
3441,Ethylene etc liquified,232,Refined petroleum and nuclear fuel
3442,Oth hydrocarbon gas lqf,232,Refined petroleum and nuclear fuel
3449,"Petroleum gases, gaseous",232,Refined petroleum and nuclear fuel
5250,  UN Special Code,233,Nuclear fuel
52511,Nat uranium/alloy/cmpnds,233,Nuclear fuel
52513,Enrich uranium/alloy/cmp,233,Nuclear fuel
52515,Thorium/depl uran/cmpnds,233,Nuclear fuel
52519,Radioactive elem/cpd nes,233,Nuclear fuel
71877,Nuclear fuel elements,233,Nuclear fuel
2320,  UN Special Code,241,Basic chemicals
23210,  UN Special Code,241,Basic chemicals
23211,Synthetic rubber sbr/xsbr,241,Basic chemicals
23212,Synthetic rubber br,241,Basic chemicals
23213,Synthetic rubber iir,241,Basic chemicals
23214,Synthetic rubbr ciir/biir,241,Basic chemicals
23215,Synthetic rubber nbr,241,Basic chemicals
23216,Synthetic rubber ir,241,Basic chemicals
23217,Synthetic rubber epdm,241,Basic chemicals
23218,Nat/synth rubber mixture,241,Basic chemicals
23219,Synthetic rubber nes,241,Basic chemicals
24502,Wood charcoal-natural,241,Basic chemicals
2720,  UN Special Code,241,Basic chemicals
2721,"Animal,veg fertlzr,crude",241,Basic chemicals
2722,Sodium nitrate fertilizr,241,Basic chemicals
27419,"Sulphur, impure nes",241,Basic chemicals
2814,Roasted iron pyrites,241,Basic chemicals
33522,Benzole,241,Basic chemicals
33523,Toluole,241,Basic chemicals
33524,Xylole,241,Basic chemicals
33525,Coal tar distillate prod,241,Basic chemicals
33530,  UN Special Code,241,Basic chemicals
33531,Pitch (coal/mineral tar),241,Basic chemicals
33532,Pitch coke,241,Basic chemicals
43131,Fatty acids/acid oils,241,Basic chemicals
5110,  UN Special Code,241,Basic chemicals
51111,Ethylene,241,Basic chemicals
51112,Propylene (propene),241,Basic chemicals
51113,Butylenes/butadienes etc,241,Basic chemicals
51114,Saturated acyclic hcs,241,Basic chemicals
51119,Acyclic hydrocarbons nes,241,Basic chemicals
51120,  UN Special Code,241,Basic chemicals
51121,Cyclohexane,241,Basic chemicals
51122,Benzene,241,Basic chemicals
51123,Toluene,241,Basic chemicals
51124,Xylenes,241,Basic chemicals
51125,Styrene,241,Basic chemicals
51126,Ethylbenzene,241,Basic chemicals
51127,Cumene,241,Basic chemicals
51129,Cyclic hydrocarbons nes,241,Basic chemicals
51130,  UN Special Code,241,Basic chemicals
51131,Vinyl chloride,241,Basic chemicals
51132,Trichloroethylene,241,Basic chemicals
51133,Tetrachloroethylene,241,Basic chemicals
51134,Oth unsat chlor derivs,241,Basic chemicals
51135,Ethylene dichloride,241,Basic chemicals
51136,Oth sat chlor der ac hc,241,Basic chemicals
51137,Fl/br/i derivs acycl hc,241,Basic chemicals
51138,Multi-halog derivs ac hc,241,Basic chemicals
51139,Halog derivs of hc nes,241,Basic chemicals
5114,Sulphon/nitrat/nitros hc,241,Basic chemicals
5120,  UN Special Code,241,Basic chemicals
51211,Methyl alcohol(methanol),241,Basic chemicals
51212,Propanols,241,Basic chemicals
51213,Butyl alcohols(butanols),241,Basic chemicals
51214,Octyl alcohols(octanols),241,Basic chemicals
51217,"Fatty alcohols,indust.",241,Basic chemicals
51219,Other monohydric alcohol,241,Basic chemicals
51221,Ethylene glycol,241,Basic chemicals
51223,Pentaerythritol,241,Basic chemicals
51224,Mannitol,241,Basic chemicals
51225,Sorbitol (d-glucitol),241,Basic chemicals
51229,Acyclic alcohols nes,241,Basic chemicals
51231,Cyclanic etc alc/derivs,241,Basic chemicals
51235,Arom cyc alcohols/derivs,241,Basic chemicals
51241,"Phenol pure,its salts",241,Basic chemicals
51242,Cresols nes/their salts,241,Basic chemicals
51243,Oth phenols/phenol-alco,241,Basic chemicals
51244,Derivatvs of phenol etc,241,Basic chemicals
5130,  UN Special Code,241,Basic chemicals
51371,Acetic acid/acetates,241,Basic chemicals
51372,Esters of acetic acid,241,Basic chemicals
51373,Methacrylic acid/derivs,241,Basic chemicals
51374,Formic acid/salts/esters,241,Basic chemicals
51375,Butyric/valeric acid/der,241,Basic chemicals
51376,Palmitic/stearic acid/de,241,Basic chemicals
51377,Sat acyc monocarb ac etc,241,Basic chemicals
51378,Oleic/linoleic acid etc,241,Basic chemicals
51379,Unsat acycl monocarb etc,241,Basic chemicals
51380,  UN Special Code,241,Basic chemicals
51381,Maleic anhydride,241,Basic chemicals
51382,Phthalic anhydride,241,Basic chemicals
51383,Dioctyl orthophthalates,241,Basic chemicals
51384,Dimethyl terephthalate,241,Basic chemicals
51385,Cyclanic polyacid/derivs,241,Basic chemicals
51389,Oth polyacids etc/derivs,241,Basic chemicals
51391,Lactic/tart/citric acid,241,Basic chemicals
51392,Alc-func acids/derivs,241,Basic chemicals
51394,Phenol-func acids/derivs,241,Basic chemicals
51395,Ket-funct acids/derivs,241,Basic chemicals
51396,Oxy-func acids/derivs,241,Basic chemicals
5140,  UN Special Code,241,Basic chemicals
51451,Acyclic monoamines/deriv,241,Basic chemicals
51452,Acyclic polyamines/deriv,241,Basic chemicals
51453,Cyclanic amines/derivs,241,Basic chemicals
51454,Aromatic monoamine/deriv,241,Basic chemicals
51455,Aromatic polyamine/deriv,241,Basic chemicals
51461,Amino-alcohols/derivativ,241,Basic chemicals
51462,Amino-phenols/derivative,241,Basic chemicals
51463,Amino-aldehydes etc.,241,Basic chemicals
51465,Amino acid derivativ nes,241,Basic chemicals
51467,Amino-alc-phenols etc.,241,Basic chemicals
51473,Ureines/derivs/salts,241,Basic chemicals
51480,  UN Special Code,241,Basic chemicals
51482,Carboxyimide/amine f cmp,241,Basic chemicals
51483,Acrylonitrile,241,Basic chemicals
51484,Oth nitrile-fnctn cmpnds,241,Basic chemicals
51485,"Diazo-,azo-,azoxy-cmpnds",241,Basic chemicals
51486,Hydrazine etc org derivs,241,Basic chemicals
51489,Nitrogen-fnct cmpnds nes,241,Basic chemicals
5150,  UN Special Code,241,Basic chemicals
51541,Dithiocarbonates,241,Basic chemicals
51542,Thiocarbamates,241,Basic chemicals
51543,Thiuram sulphides,241,Basic chemicals
51544,Methionine,241,Basic chemicals
51549,Organo-sulphur comp nes,241,Basic chemicals
5155,Oth org-inorg compounds,241,Basic chemicals
51561,Lactams,241,Basic chemicals
51562,Coumarins,241,Basic chemicals
51569,Lactams etc nes,241,Basic chemicals
51573,Unf imidazole ring cmpds,241,Basic chemicals
51574,Unf pyridime ring cmpds,241,Basic chemicals
51575,Quinoline ring compounds,241,Basic chemicals
51576,Pyrimidine ring compound,241,Basic chemicals
51577,N-hetero atom cmpds nes,241,Basic chemicals
51579,Oth heterocyc cmpds nes,241,Basic chemicals
5160,  UN Special Code,241,Basic chemicals
51612,Acetals/hemiacetals/derv,241,Basic chemicals
51613,Ethylene oxide(oxirane),241,Basic chemicals
51614,Propylene oxide,241,Basic chemicals
51615,Other epoxides/derivs,241,Basic chemicals
51616,Aromatic etc ethers/driv,241,Basic chemicals
51617,Ether-alcohol/etc/deriv,241,Basic chemicals
51621,Acyclic non-oxy f aldeh.,241,Basic chemicals
51622,Oth aldehydes/polymers,241,Basic chemicals
51623,Acetone,241,Basic chemicals
51624,Ethyl methyl ketone,241,Basic chemicals
51625,Oth acyclic ket non-o fn,241,Basic chemicals
51626,Aldehyde derivatives nes,241,Basic chemicals
51627,Camphor,241,Basic chemicals
51628,Oth cycl non-o-f ketones,241,Basic chemicals
51629,Aromatic etc ketones,241,Basic chemicals
51631,Phosphoric esters/salts,241,Basic chemicals
51639,Oth inorganic esters/etc,241,Basic chemicals
51691,Enzymes,241,Basic chemicals
51699,Other organic compounds,241,Basic chemicals
5220,  UN Special Code,241,Basic chemicals
5221,"Carbon nes, carbon black",241,Basic chemicals
52221,Gas elements h/n/o/rare,241,Basic chemicals
52222,Non-metals se/te/p/as/bo,241,Basic chemicals
52223,Silicon,241,Basic chemicals
52224,Chlorine,241,Basic chemicals
52225,"Fluorine,bromine,iodine",241,Basic chemicals
52226,"Sulphur, pure forms",241,Basic chemicals
52227,Mercury,241,Basic chemicals
52228,Sodium/potassium metals,241,Basic chemicals
52229,Metals ca/sr/ba/r.earth,241,Basic chemicals
52230,  UN Special Code,241,Basic chemicals
52231,Hydrochloric acid etc,241,Basic chemicals
52232,Sulphuric acid;oleum,241,Basic chemicals
52233,Nitric/sulphonitric acid,241,Basic chemicals
52234,Phosphoric acids etc,241,Basic chemicals
52235,Boric oxide and acid,241,Basic chemicals
52236,Oth inorganic acids,241,Basic chemicals
52237,Silicon dioxide,241,Basic chemicals
52238,Sulphur dioxide,241,Basic chemicals
52239,Inorg o-comp non-met nes,241,Basic chemicals
52241,Halides of non-metals,241,Basic chemicals
52242,Sulphides of non-metals,241,Basic chemicals
52251,"Zinc oxide,peroxide",241,Basic chemicals
52252,Chromium oxides,241,Basic chemicals
52253,Manganese oxides,241,Basic chemicals
52254,Iron oxides/hydroxides,241,Basic chemicals
52255,Cobalt oxides/hydroxide,241,Basic chemicals
52256,Titanium oxides,241,Basic chemicals
52257,Lead oxides,241,Basic chemicals
52260,  UN Special Code,241,Basic chemicals
52261,"Ammonia,anhydrous/solutn",241,Basic chemicals
52262,"Sodium hydroxide, solid",241,Basic chemicals
52263,"Sodium hydroxide, solutn",241,Basic chemicals
52264,Potassium hydroxide etc.,241,Basic chemicals
52265,"Oxides etc of mg,sr,ba",241,Basic chemicals
52266,Aluminium hydroxide,241,Basic chemicals
52268,Hydrazine etc./salts,241,Basic chemicals
52269,"Oth oxides,bases etc nes",241,Basic chemicals
5230,  UN Special Code,241,Basic chemicals
5231,Flourides etc,241,Basic chemicals
52321,Ammonium chloride,241,Basic chemicals
52322,Calcium chloride,241,Basic chemicals
52329,Chlorid/brom/iodide nes c,241,Basic chemicals
52330,  UN Special Code,241,Basic chemicals
52331,Hypochlorites/h-bromites,241,Basic chemicals
52332,Sodium chlorate,241,Basic chemicals
52339,Chlorate/brom/iodate nes,241,Basic chemicals
52341,Sodium sulphide,241,Basic chemicals
52342,Sulphide/polysulphid nes,241,Basic chemicals
52343,Dithionite/sulphoxylate,241,Basic chemicals
52344,Sulphites/thiosulphates,241,Basic chemicals
52345,Sodium sulphates,241,Basic chemicals
52349,Oth sulphates/alums,241,Basic chemicals
52351,Nitrites of metals,241,Basic chemicals
52352,Potassium nitrate,241,Basic chemicals
52359,Nitrates of metals,241,Basic chemicals
52361,Phosphinate/phosphonates,241,Basic chemicals
52362,Triammonium phosphate,241,Basic chemicals
52363,Phosphates of metals,241,Basic chemicals
52364,Sodium triphosphate,241,Basic chemicals
52365,Polyphosphates nes,241,Basic chemicals
52370,  UN Special Code,241,Basic chemicals
52371,Ammonium carbonate,241,Basic chemicals
52372,Neutral sodium carbonate,241,Basic chemicals
52373,Sodium bicarbonate,241,Basic chemicals
52374,Potassium carbonates,241,Basic chemicals
52375,Lead carbonates,241,Basic chemicals
52379,Carbonates of metals nes,241,Basic chemicals
52381,Cyanides of metals,241,Basic chemicals
52382,Fulminates/cyanates metl,241,Basic chemicals
52383,Silicates of metals,241,Basic chemicals
52384,Borates/etc of metals,241,Basic chemicals
52389,Metal salts inorg ac nes,241,Basic chemicals
5240,  UN Special Code,241,Basic chemicals
52431,Salts of metallic acids,241,Basic chemicals
52432,Precious metal cmpds et,241,Basic chemicals
52490,  UN Special Code,241,Basic chemicals
52491,Hydrogen peroxide,241,Basic chemicals
52492,Phosphides of metals,241,Basic chemicals
52493,Calcium carbide,241,Basic chemicals
52494,Carbides of metals nes,241,Basic chemicals
52495,Hydrides/nitrides metals,241,Basic chemicals
52499,Other inorg cmpounds nes,241,Basic chemicals
52591,Stable isotopes/compound,241,Basic chemicals
52595,Rare earth isotop/cmpds,241,Basic chemicals
53111,Disperse dyes/preparatns,241,Basic chemicals
53112,Acid/mordant dyes/preps,241,Basic chemicals
53113,Basic dyes/preparations,241,Basic chemicals
53114,Direct dyes/preparations,241,Basic chemicals
53115,Vat dyes/preparations,241,Basic chemicals
53116,Reactive dyes/preparatns,241,Basic chemicals
53117,Synth org pigments/preps,241,Basic chemicals
53119,Synthet org col matr nes,241,Basic chemicals
53121,Synth brightening agents,241,Basic chemicals
53122,Colour lakes,241,Basic chemicals
53221,"Veg tann extrcts,tannins",241,Basic chemicals
53222,Anim/veg coloring matter,241,Basic chemicals
53231,Synth org tanning subst,241,Basic chemicals
53232,Synth inorg tanning subs,241,Basic chemicals
5330,  UN Special Code,241,Basic chemicals
53311,Titanium dioxide pigment,241,Basic chemicals
53312,Chrome pigments etc,241,Basic chemicals
53313,Cadmium pigments etc.,241,Basic chemicals
53314,Ultramarine pigments etc,241,Basic chemicals
53315,Zinc sulphide pigmnt etc,241,Basic chemicals
53316,Ferro/ferri-cyanide pigm,241,Basic chemicals
53317,Inorg colour matrial nes,241,Basic chemicals
53318,Inorganic luminophores,241,Basic chemicals
5620,  UN Special Code,241,Basic chemicals
56210,  UN Special Code,241,Basic chemicals
56211,Ammonium nitrate fert.,241,Basic chemicals
56212,Ammonium sulphonitrate f,241,Basic chemicals
56213,Ammonium sulphate fert.,241,Basic chemicals
56214,Ammonium-calcium nitrate,241,Basic chemicals
56215,Calcium cyanamide fert.,241,Basic chemicals
56216,Urea (fertilizer),241,Basic chemicals
56217,Urea+ammonium nitrat mix,241,Basic chemicals
56219,Chem nitrog fertilzr nes,241,Basic chemicals
56221,Basic slag (thomas slag),241,Basic chemicals
56222,Superphosphates,241,Basic chemicals
56229,Chem phosph fertilzr nes,241,Basic chemicals
56231,Potassium chloride fert.,241,Basic chemicals
56232,Potassium sulphate fert.,241,Basic chemicals
56239,Chem potass fertilzr nes,241,Basic chemicals
56290,  UN Special Code,241,Basic chemicals
56291,Nit-phos-pot fertlzr nes,241,Basic chemicals
56292,Phos-potash fertilizers,241,Basic chemicals
56293,Diammonium phosphate fer,241,Basic chemicals
56294,Monoammonium phosphate f,241,Basic chemicals
56295,Nitrog-phos fertilzr nes,241,Basic chemicals
56296,Fertilizers retail packs,241,Basic chemicals
56299,Fertilizers nes,241,Basic chemicals
5710,  UN Special Code,241,Basic chemicals
57111,Polyethylene sg<0.94,241,Basic chemicals
57112,Polyethylene sg>0.94,241,Basic chemicals
5712,Ethylene-vinyl acetate,241,Basic chemicals
5719,Primary ethylene pol nes,241,Basic chemicals
5720,  UN Special Code,241,Basic chemicals
57211,Expansible polystyrene,241,Basic chemicals
57219,Other polystyrene,241,Basic chemicals
57291,Styrene-acronitrile cpol,241,Basic chemicals
57292,Abs copolymer,241,Basic chemicals
57299,Styrene polymers nes,241,Basic chemicals
5730,  UN Special Code,241,Basic chemicals
57311,Pvc not mixed other subs,241,Basic chemicals
57312,Pvc nes non-plasticised,241,Basic chemicals
57313,Pvc nes plasticised,241,Basic chemicals
57391,Vinyl chlor-acet copolym,241,Basic chemicals
57392,Vinyl chloride copol nes,241,Basic chemicals
57393,Vinylidene chlor polymer,241,Basic chemicals
57394,Fluoro-polymers,241,Basic chemicals
57399,Other halo-polymers nes,241,Basic chemicals
57411,Polyacetals,241,Basic chemicals
57419,Polyethers nes,241,Basic chemicals
5742,Epoxide resins,241,Basic chemicals
57431,Poycarbonates,241,Basic chemicals
57432,Alkyd resins,241,Basic chemicals
57433,Polyethylene terephthlat,241,Basic chemicals
57434,Unsat polyesters nes,241,Basic chemicals
57439,Primary polyesters nes,241,Basic chemicals
5750,  UN Special Code,241,Basic chemicals
57510,  UN Special Code,241,Basic chemicals
57511,Polypropylene,241,Basic chemicals
57512,Polyisobutylene,241,Basic chemicals
57513,Propylene copolymers,241,Basic chemicals
57519,Propyl/olefin polym nes,241,Basic chemicals
57521,Polymethyl methacrylate,241,Basic chemicals
57529,Acrylic polymers nes,241,Basic chemicals
57531,Special polyamides,241,Basic chemicals
57539,Other polyamides,241,Basic chemicals
57540,  UN Special Code,241,Basic chemicals
57541,Urea/thiourea resins,241,Basic chemicals
57542,Melamine resins,241,Basic chemicals
57543,Amino-resins nes,241,Basic chemicals
57544,Phenolic resins,241,Basic chemicals
57545,Polyurethanes,241,Basic chemicals
57551,Cellulose acetate non-pl,241,Basic chemicals
57552,Cellulose acetate plasd,241,Basic chemicals
57553,Cellulose nitrates,241,Basic chemicals
57554,Cellulose ethers,241,Basic chemicals
57559,Cellulose/derivs nes,241,Basic chemicals
57591,Vinyl acetate polymers,241,Basic chemicals
57592,Vinyl polymers nes,241,Basic chemicals
57593,Silicones - primary,241,Basic chemicals
57594,"Alginic acid,salts,ester",241,Basic chemicals
57595,Natural polymers/derivs,241,Basic chemicals
57596,Petroleum resins etc.,241,Basic chemicals
57597,Ion exch polymers,241,Basic chemicals
5791,Polyethylene wast/scrap,241,Basic chemicals
5792,Polystyrene waste/scrap,241,Basic chemicals
5793,Polyvinyl chloride wast,241,Basic chemicals
5799,Plastic waste/scrap nes,241,Basic chemicals
59810,  UN Special Code,241,Basic chemicals
59811,Tall oil,241,Basic chemicals
59812,Residual wood pulp lyes,241,Basic chemicals
59813,Wood oils/turpentine/etc,241,Basic chemicals
59814,Rosin/resin acid/oil/der,241,Basic chemicals
59818,Wood tar/veg pitch etc,241,Basic chemicals
59865,Activted nat minrl prods,241,Basic chemicals
66741,Piezo-electric quartz,241,Basic chemicals
66742,Synth jewels nes unworkd,241,Basic chemicals
5910,  UN Special Code,242,"Pesticides, other agro-chemical products"
5911,Insecticides retail,242,"Pesticides, other agro-chemical products"
5912,Fungicides retail,242,"Pesticides, other agro-chemical products"
5913,Garden chemicals retail,242,"Pesticides, other agro-chemical products"
59141,Disinfectants retail,242,"Pesticides, other agro-chemical products"
59149,Pesticides retail pack,242,"Pesticides, other agro-chemical products"
53321,Printing ink - black,243,"Paints, coatings, printing ink"
53329,Printing ink exc black,243,"Paints, coatings, printing ink"
53341,Polymer paints aqu solut,243,"Paints, coatings, printing ink"
53342,Polymer paints non-aques,243,"Paints, coatings, printing ink"
53343,Oth paints/varnishes/etc,243,"Paints, coatings, printing ink"
53344,Pigments disp non-aq med,243,"Paints, coatings, printing ink"
53351,Preprd pigment/glaze/etc,243,"Paints, coatings, printing ink"
53352,Artists colours,243,"Paints, coatings, printing ink"
53353,Prepared driers,243,"Paints, coatings, printing ink"
53354,Putty/other fillings etc,243,"Paints, coatings, printing ink"
53355,"Varnish solvents,thinner",243,"Paints, coatings, printing ink"
51393,Salacylic acid/derivs,244,Pharmaceuticals
51464,Lysene/glutamic acid/com,244,Pharmaceuticals
51471,Acyclic amides/compounds,244,Pharmaceuticals
51479,Cyclic amides nes/derivs,244,Pharmaceuticals
51481,"Quat ammonium salts,etc",244,Pharmaceuticals
51563,Other lactones,244,Pharmaceuticals
51571,N-atom pyrazole ring cmp,244,Pharmaceuticals
51572,Hydantoin/derivatives,244,Pharmaceuticals
51576,Pyrimidine ring compound,244,Pharmaceuticals
51578,Phenothiazine ring cmpds,244,Pharmaceuticals
5158,Sulphonamides,244,Pharmaceuticals
51692,"Sugars,chem pure etc,nes",244,Pharmaceuticals
5410,  UN Special Code,244,Pharmaceuticals
54111,"Provitamins, unmixed",244,Pharmaceuticals
54112,Vitamin a/derivatives,244,Pharmaceuticals
54113,Vitamin b/derivatives,244,Pharmaceuticals
54114,Vitamin c/derivatives,244,Pharmaceuticals
54115,Vitamin e/derivatives,244,Pharmaceuticals
54116,Vitamins unmixed nes,244,Pharmaceuticals
54117,Provitamin/vitamin mixt.,244,Pharmaceuticals
54131,Penicillins and derivs,244,Pharmaceuticals
54132,Streptomycins and derivs,244,Pharmaceuticals
54133,Tetracyclines and derivs,244,Pharmaceuticals
54139,Other antibiotics(bulk),244,Pharmaceuticals
54141,Opium alkaoids/derivs,244,Pharmaceuticals
54142,Cinchona alkaloids/deriv,244,Pharmaceuticals
54143,Caffeine and its salts,244,Pharmaceuticals
54144,Ephedrines/salts,244,Pharmaceuticals
54145,Theophylline etc/derivs,244,Pharmaceuticals
54146,Rye ergot alkaloids/driv,244,Pharmaceuticals
54147,Nicotine and its salts,244,Pharmaceuticals
54149,Veg alkaloids nes/salts,244,Pharmaceuticals
54151,Insulin and its salts,244,Pharmaceuticals
54152,Pituitary/etc hormone/de,244,Pharmaceuticals
54153,Cortisone/derivatives,244,Pharmaceuticals
54159,Othr hormones/derivs/etc,244,Pharmaceuticals
54161,Glycosides and derivativ,244,Pharmaceuticals
54162,Glands etc and extracts,244,Pharmaceuticals
54163,Antisera/bld fra/vaccine,244,Pharmaceuticals
54164,Blood/toxin/cultures etc,244,Pharmaceuticals
54191,Bandages/plasters/gauze,244,Pharmaceuticals
54192,Blood grouping reagents,244,Pharmaceuticals
54193,X-ray opacifiers,244,Pharmaceuticals
54199,Oth pharmaceutical goods,244,Pharmaceuticals
5420,  UN Special Code,244,Pharmaceuticals
54211,Penicillin non-retail,244,Pharmaceuticals
54212,Antibiotic nes nonretail,244,Pharmaceuticals
54213,Penicillin/strept retail,244,Pharmaceuticals
54219,Antibiotics nes retail,244,Pharmaceuticals
54221,"Insulin formulated,bulk",244,Pharmaceuticals
54222,Other hormone non-retail,244,Pharmaceuticals
54223,Insulin retail packs,244,Pharmaceuticals
54224,"Hormone-ach, retail pack",244,Pharmaceuticals
54229,Hormones nes retail pack,244,Pharmaceuticals
54231,"Alkaloids, non-retail",244,Pharmaceuticals
54232,"Alkaloids, retail packs",244,Pharmaceuticals
54291,Medicaments nes non-ret.,244,Pharmaceuticals
54292,Vitamin/provitam. retail,244,Pharmaceuticals
54293,Medicam nes retail packs,244,Pharmaceuticals
51222,"Glycerol,glycerol lyes",245,"Detergents, cleaning and polishing, perfumes"
5531,Perfumes/toilet waters,245,"Detergents, cleaning and polishing, perfumes"
5532,Skin care/manicure preps,245,"Detergents, cleaning and polishing, perfumes"
5533,Hair care preparations,245,"Detergents, cleaning and polishing, perfumes"
5534,Oral hygiene preperation,245,"Detergents, cleaning and polishing, perfumes"
55351,Shaving preparations,245,"Detergents, cleaning and polishing, perfumes"
55352,Personal deodorants etc,245,"Detergents, cleaning and polishing, perfumes"
55353,Bath salts etc.,245,"Detergents, cleaning and polishing, perfumes"
55354,Room deodorizers/insence,245,"Detergents, cleaning and polishing, perfumes"
55359,Perfumery/cosmetics nes,245,"Detergents, cleaning and polishing, perfumes"
55411,Toilet soap in bars etc.,245,"Detergents, cleaning and polishing, perfumes"
55415,Other soap in bars etc.,245,"Detergents, cleaning and polishing, perfumes"
55419,Soap in other than bars,245,"Detergents, cleaning and polishing, perfumes"
55421,Organic detergents,245,"Detergents, cleaning and polishing, perfumes"
55422,Detergent nes retail pak,245,"Detergents, cleaning and polishing, perfumes"
55423,Detergent nes non-retail,245,"Detergents, cleaning and polishing, perfumes"
55431,Leather polishes/creams,245,"Detergents, cleaning and polishing, perfumes"
55432,Furniture polishes etc.,245,"Detergents, cleaning and polishing, perfumes"
55433,Coachwork polishes etc.,245,"Detergents, cleaning and polishing, perfumes"
55434,Scouring piowders/pastes,245,"Detergents, cleaning and polishing, perfumes"
55435,Glass/metal polishes etc,245,"Detergents, cleaning and polishing, perfumes"
59831,Lignite based waxes,245,"Detergents, cleaning and polishing, perfumes"
59835,Polyethylene glycol wax,245,"Detergents, cleaning and polishing, perfumes"
59839,Artificial/prepd wax nes,245,"Detergents, cleaning and polishing, perfumes"
4311,Animal/veg oil modified,246,Other chemical products
55131,Essential oils-citrus,246,Other chemical products
55132,Essential oils nes,246,Other chemical products
55133,Resinoids,246,Other chemical products
55135,Essential oil concentrat,246,Other chemical products
55141,Food/drink perfumes,246,Other chemical products
55149,Other perfume mixes,246,Other chemical products
59222,Casein glues/derivs,246,Other chemical products
59223,Albumins and derivatives,246,Other chemical products
59224,Gelatin and derivatives,246,Other chemical products
59225,Peptones/protein derivs,246,Other chemical products
59227,Dextrin/starch glues,246,Other chemical products
59229,Prepared glue nes retail,246,Other chemical products
5930,  UN Special Code,246,Other chemical products
59310,  UN Special Code,246,Other chemical products
59311,Propellent powders,246,Other chemical products
59312,Prepared explosives nes,246,Other chemical products
5932,"Fuses,primers,detonators",246,Other chemical products
59331,Fireworks,246,Other chemical products
59333,Signal flares/rockets,246,Other chemical products
59721,Anti-knock preparations,246,Other chemical products
59725,Lubricating oil additive,246,Other chemical products
59729,Oil substitute additives,246,Other chemical products
59731,Hydraulic brake fluid,246,Other chemical products
59733,Anti-freezing preps etc,246,Other chemical products
59771,Petro-based leather prep,246,Other chemical products
59772,Petroleum lubricat oils,246,Other chemical products
59773,Textile etc lub non-petr,246,Other chemical products
59774,Lubr oil non-petroleum,246,Other chemical products
5980,  UN Special Code,246,Other chemical products
59841,Mixed alkylbenzenes nes,246,Other chemical products
59845,Mixed alkylnaphthalenes,246,Other chemical products
5985,Doped chemicals (electr),246,Other chemical products
59863,Prep rubber accelerators,246,Other chemical products
59864,Activted carbon,246,Other chemical products
59867,"Culture media,prepared",246,Other chemical products
59869,Compos lab reagents nes,246,Other chemical products
59881,Ni-based suppt catalysts,246,Other chemical products
59883,Prec.metal supp catalyst,246,Other chemical products
59885,Supported catalysts nes,246,Other chemical products
59889,Catalysts/preps nes,246,Other chemical products
59891,Dye carrier/mordant/etc,246,Other chemical products
59893,Compound plasticizers,246,Other chemical products
59894,Fire extinguishr charges,246,Other chemical products
59895,Modelling pastes etc.,246,Other chemical products
59896,Fluxes/pickling prep/etc,246,Other chemical products
59897,Cement/etc additives,246,Other chemical products
59899,"Oth chem prods,preps,nes",246,Other chemical products
8821,"Chem photo goods,retail",246,Other chemical products
8822,Photo film flat unexposd,246,Other chemical products
8823,Photo film roll unexposd,246,Other chemical products
8824,Photographic paper unexp,246,Other chemical products
89591,Writing/drawing ink,246,Other chemical products
89841,Recording tape w<4mm,246,Other chemical products
89843,Recording tape w4-6.5 mm,246,Other chemical products
89845,Recording tape w>6.5mm,246,Other chemical products
89851,Magnetic disks,246,Other chemical products
89859,Prepd unrecord media nes,246,Other chemical products
26650,  UN Special Code,247,Man-made fibres
26651,Nylon/polyamide fibres,247,Man-made fibres
26652,Polyester fibres,247,Man-made fibres
26653,Acrylic/modacrylic fibre,247,Man-made fibres
26659,Synth staple fibres nes,247,Man-made fibres
26660,  UN Special Code,247,Man-made fibres
26661,Nylon/polyamide fil tow,247,Man-made fibres
26662,Polyester filament tow,247,Man-made fibres
26663,Acrylic filament tow,247,Man-made fibres
26669,Synth filament tow nes,247,Man-made fibres
2670,  UN Special Code,247,Man-made fibres
26711,Art fibres not processed,247,Man-made fibres
26712,Artificial filament tow,247,Man-made fibres
26721,Waste of synthetic fibre,247,Man-made fibres
26722,Waste of artificial fibr,247,Man-made fibres
65151,Nylon/polyamide fil yarn,247,Man-made fibres
65152,Polyester filament yarn,247,Man-made fibres
65159,Synth filament yarn nes,247,Man-made fibres
65162,Nylon/polyam hi-ten yarn,247,Man-made fibres
65163,Single untw syn yarn nes,247,Man-made fibres
65164,Singl twist syn yarn nes,247,Man-made fibres
65172,Bulk textured artif yarn,247,Man-made fibres
65173,Bulk hi-ten viscos rayon,247,Man-made fibres
65174,Bulk visco-rayon <120t/m,247,Man-made fibres
65175,Single artif yarn nes,247,Man-made fibres
65177,Artif monfil >67 decitex,247,Man-made fibres
65188,Syn monof yarn>67decitex,247,Man-made fibres
23221,Reclaimed rubber-primary,251,Rubber products
23222,Scrap unhardened rubber,251,Rubber products
62111,Rubber comp c-black/sil.,251,Rubber products
62112,Compounded rubber solutn,251,Rubber products
62119,Rubber material nes,251,Rubber products
62121,Camel-back retread strip,251,Rubber products
62129,Rubber profiles nes,251,Rubber products
62131,Vulc rubber thread/cord,251,Rubber products
62132,Unhard vulc cell rubber,251,Rubber products
62133,Unhard vulc rubber nes,251,Rubber products
62141,Uh rubber tube no fittng,251,Rubber products
62142,Uh metal-reinf rubr tube,251,Rubber products
62143,Uh text-reinf rubbr tube,251,Rubber products
62144,Uh nes-reinf rubber tube,251,Rubber products
62145,Uh rubber tube + fitting,251,Rubber products
6251,Tyres new for motor car,251,Rubber products
6252,"Tyres,new,bus or lorry",251,Rubber products
6253,"Tyres,new for aircraft",251,Rubber products
62541,"Tyres,new,motorcycles",251,Rubber products
62542,"Tyres,new,bicycles",251,Rubber products
62551,"Tyres nes,herring-bone",251,Rubber products
62559,"Tyres nes,other",251,Rubber products
62590,  UN Special Code,251,Rubber products
62591,Inner tubes,251,Rubber products
62592,Retreaded tyres,251,Rubber products
62593,Used pneumatic tyres,251,Rubber products
62594,Solid/cushion tyres,251,Rubber products
62911,Condoms,251,Rubber products
62919,Pharmaceut. rubber nes,251,Rubber products
62920,  UN Special Code,251,Rubber products
62921,Conveyor/etc belts v,251,Rubber products
62929,Conveyor/etc belts nes,251,Rubber products
62991,Hardnd rubber/ebonite,251,Rubber products
62992,Uh cell vulc rub article,251,Rubber products
62999,Uh non-cell rub articles,251,Rubber products
65733,Rubberized textiles nes,251,Rubber products
84822,Rubber gloves,251,Rubber products
84829,Rubber clothing/acc nes,251,Rubber products
5810,  UN Special Code,252,Plastic products
5811,Plastic sausage casings,252,Plastic products
5812,Rigid plastic pipes etc,252,Plastic products
5813,Reinforced plastic pipes,252,Plastic products
5814,Oth plast pipe w/o fitg,252,Plastic products
5815,Oth plast pipe with fitg,252,Plastic products
5816,Plastic tubes etc nes,252,Plastic products
5817,Fittings - plastic tubes,252,Plastic products
5820,  UN Special Code,252,Plastic products
58211,Adhes plast film <20cm,252,Plastic products
58219,Othr adhes plastic film,252,Plastic products
58221,Ethylene polym film etc,252,Plastic products
58222,Propylene polym film etc,252,Plastic products
58223,Styrene polym film etc,252,Plastic products
58224,Vinyl chloride film etc,252,Plastic products
58225,Acrylic polymer film etc,252,Plastic products
58226,Polycarb/etc film etc,252,Plastic products
58227,Vulcanized rubber film,252,Plastic products
58228,Cellulose etc film etc,252,Plastic products
58229,Oth plastic film etc,252,Plastic products
58291,Cellular plastic sheet,252,Plastic products
58299,Non-cellular plast sheet,252,Plastic products
5830,  UN Special Code,252,Plastic products
5831,Ethlene polymer rods etc,252,Plastic products
5832,Vinyl chloride rods etc,252,Plastic products
5839,Oth plastic rods/sticks,252,Plastic products
77328,Plastic el insul fit nes,252,Plastic products
81392,Plastic lighting parts,252,Plastic products
84821,Plastic clothing/access,252,Plastic products
84844,Safety headgear,252,Plastic products
84845,Rubber/plastic hats nes,252,Plastic products
89311,Plastic sacks/bags/cones,252,Plastic products
89319,Plstc packg contnrs/lids,252,Plastic products
89321,Plstic bathroom fixtures,252,Plastic products
89329,Plastic builder ware nes,252,Plastic products
89331,Plastic lino/tiles/etc,252,Plastic products
89332,Plstc table/kitch/..arts,252,Plastic products
89394,"Plastc office,school equ",252,Plastic products
89395,Plastc furniture fittngs,252,Plastic products
89399,Othr plastc articles nes,252,Plastic products
65195,Yarn etc of glass fibre,261,Glass and glass products
66411,Glass in mass/cullet/etc,261,Glass and glass products
66412,Glass ball/rod/tube unwk,261,Glass and glass products
66431,Drawn/blown tinted glass,261,Glass and glass products
66439,Other drawn/blown glass,261,Glass and glass products
66441,Non-wired float glass,261,Glass and glass products
66442,Wired float glass,261,Glass and glass products
66451,Cast/roll glass unwired,261,Glass and glass products
66452,"Cast,rolled glass wired",261,Glass and glass products
66453,"Cast,rolled glass profil",261,Glass and glass products
66471,Tempered safety glass,261,Glass and glass products
66472,Laminated safety glass,261,Glass and glass products
66481,Vehicle rear-view mirror,261,Glass and glass products
66489,Glass mirrors nes,261,Glass and glass products
66491,Edge worked sheet glass,261,Glass and glass products
66492,Multi-wall insulat glass,261,Glass and glass products
66493,"Lamp etc envelopes,glass",261,Glass and glass products
66494,Spectacle/clock/.. glass,261,Glass and glass products
66495,Glass fibre/wool/prods,261,Glass and glass products
66496,Glass bricks/tiles/etc.,261,Glass and glass products
66511,Glass bottles/jars/etc,261,Glass and glass products
66512,Inners for vacuum vessel,261,Glass and glass products
66521,Glass-ceramic table ware,261,Glass and glass products
66522,Drink glasses non-ceram.,261,Glass and glass products
66523,Kitchen/table glass nes,261,Glass and glass products
66529,Other glassware nes,261,Glass and glass products
66591,Laboratory etc glass,261,Glass and glass products
66592,Glass ampoules,261,Glass and glass products
66593,Glass ornament/beads/etc,261,Glass and glass products
66594,Glass cubes/smallwares,261,Glass and glass products
66595,Lighting etc glassware,261,Glass and glass products
66599,Other glass articles nes,261,Glass and glass products
77322,Glass electric insulator,261,Glass and glass products
81391,Glass lighting parts,261,Glass and glass products
66231,Silice earth bricks etc,262,Ceramic goods
66232,Refractry bricks etc,262,Ceramic goods
66233,Refractory cement/mortar,262,Ceramic goods
66338,Magnesite/dolomit/chromi,262,Ceramic goods
6637,Ceramics nes,262,Ceramic goods
66391,Lab/indus ceram ware nes,262,Ceramic goods
66399,Oth ceramic articles nes,262,Ceramic goods
66611,Kitchen/table porcelain,262,Ceramic goods
66612,Household/toilet porcel.,262,Ceramic goods
66613,Coarse ceramic houseware,262,Ceramic goods
66621,Porcelain ornaments,262,Ceramic goods
66629,Ceramic ornaments nes,262,Ceramic goods
77323,Ceramic elect insulators,262,Ceramic goods
77326,Ceram elec insul fit nes,262,Ceramic goods
81221,Porc/china plumb fixts,262,Ceramic goods
81229,Ceramic plumb fixts nes,262,Ceramic goods
66244,Unglazed ceramic paving,263,Ceramic tiles and flags
66245,Glazed ceramic paving et,263,Ceramic tiles and flags
66241,N-r bricks/tiles/pipes,264,"Bricks, tiles and construction products"
66242,Non-ref roof tiles etc.,264,"Bricks, tiles and construction products"
66243,"Piping etc,ceramic",264,"Bricks, tiles and construction products"
27324,"Calcined gypsum,plaster",265,"Cement, lime and plaster"
66111,Quicklime,265,"Cement, lime and plaster"
66112,Slaked lime,265,"Cement, lime and plaster"
66113,Hydraulic lime,265,"Cement, lime and plaster"
66121,Cement clinkers,265,"Cement, lime and plaster"
66122,Portland cement,265,"Cement, lime and plaster"
66123,Aluminous cement,265,"Cement, lime and plaster"
66129,Hydraulic cements nes,265,"Cement, lime and plaster"
59898,Non-refractory mortars,266,"Articles of concret, plaster and cement"
66182,Mixed veg-mnrl bldg prod,266,"Articles of concret, plaster and cement"
66183,Asbestos/fibre cemnt art,266,"Articles of concret, plaster and cement"
66331,Plaster board/articles,266,"Articles of concret, plaster and cement"
66332,Concrete blocks/tiles,266,"Articles of concret, plaster and cement"
66333,Prefab concrete structre,266,"Articles of concret, plaster and cement"
66334,Concrete articles nes,266,"Articles of concret, plaster and cement"
66131,"Flagstones etc,nat stone",267,"Cutting, shaping, finishing of stone"
66132,"Slate,worked,articles",267,"Cutting, shaping, finishing of stone"
66133,Nat stone tiles <7cm,267,"Cutting, shaping, finishing of stone"
66134,"Marble etc., worked",267,"Cutting, shaping, finishing of stone"
66135,Building stone unworked,267,"Cutting, shaping, finishing of stone"
66136,Marble etc finished,267,"Cutting, shaping, finishing of stone"
66139,Building stone worked,267,"Cutting, shaping, finishing of stone"
33543,Bituminous mixtures etc,268,Other non-metallic mineral products
52267,Artificial corundum,268,Other non-metallic mineral products
59861,Artificial graphite/etc,268,Other non-metallic mineral products
66181,Asphalt etc articles,268,Other non-metallic mineral products
66311,Millstones,268,Other non-metallic mineral products
66312,Grindstones,268,Other non-metallic mineral products
66313,Hand sharpening stones,268,Other non-metallic mineral products
66321,Abrasives cloth backing,268,Other non-metallic mineral products
66322,Abrasives paper backing,268,Other non-metallic mineral products
66329,Abrasives other backing,268,Other non-metallic mineral products
66335,"Mica,worked/articles of",268,Other non-metallic mineral products
66336,Non-electr graphite arts,268,Other non-metallic mineral products
66337,Articles of peat,268,Other non-metallic mineral products
66339,Stone etc articles nes,268,Other non-metallic mineral products
66351,Slag/rock/mireral wool,268,Other non-metallic mineral products
66352,Exf vermiculite/exp clay,268,Other non-metallic mineral products
66353,Minrl insulatng prod nes,268,Other non-metallic mineral products
66381,Asbestos mfs nonfriction,268,Other non-metallic mineral products
66382,Asbestos manuf-friction,268,Other non-metallic mineral products
27861,Slag sand(iron/steel mf),271,"Basic iron and steel, ferro-alloys (ECSC)"
27862,Iron/steel dross/scale..,271,"Basic iron and steel, ferro-alloys (ECSC)"
2821,Waste/scrap cast iron,271,"Basic iron and steel, ferro-alloys (ECSC)"
28221,Waste/scrap stainless st,271,"Basic iron and steel, ferro-alloys (ECSC)"
28229,Waste/scrap alloy st nes,271,"Basic iron and steel, ferro-alloys (ECSC)"
28231,Waste tinned iron/steel,271,"Basic iron and steel, ferro-alloys (ECSC)"
28232,Waste steel trimmings,271,"Basic iron and steel, ferro-alloys (ECSC)"
28233,Remelt iron/steel ingots,271,"Basic iron and steel, ferro-alloys (ECSC)"
28239,Ferrous waste/scrap nes,271,"Basic iron and steel, ferro-alloys (ECSC)"
67121,"Pig iron,phosph max 0.5%",271,"Basic iron and steel, ferro-alloys (ECSC)"
67122,"Pig iron,phosph exc 0.5%",271,"Basic iron and steel, ferro-alloys (ECSC)"
67123,Alloy pig iron/spiegelei,271,"Basic iron and steel, ferro-alloys (ECSC)"
67133,Pure reduc proc iron,271,"Basic iron and steel, ferro-alloys (ECSC)"
67141,Ferro-manganese>2%carbon,271,"Basic iron and steel, ferro-alloys (ECSC)"
67241,Iron/simple steel ingot,271,"Basic iron and steel, ferro-alloys (ECSC)"
67245,Prim form iron/steel nes,271,"Basic iron and steel, ferro-alloys (ECSC)"
67247,Stnless steel etc ingots,271,"Basic iron and steel, ferro-alloys (ECSC)"
67249,Other alloy steel ingots,271,"Basic iron and steel, ferro-alloys (ECSC)"
67261,"Irn,smple steel bars etc",271,"Basic iron and steel, ferro-alloys (ECSC)"
67262,"Irn,smple stl plates etc",271,"Basic iron and steel, ferro-alloys (ECSC)"
67269,"Irn,smple stl shapes nes",271,"Basic iron and steel, ferro-alloys (ECSC)"
6727,Semi-fin iron/st. >.25%c,271,"Basic iron and steel, ferro-alloys (ECSC)"
67281,Semi-finish stainless,271,"Basic iron and steel, ferro-alloys (ECSC)"
67282,Semi-finish alloy st nes,271,"Basic iron and steel, ferro-alloys (ECSC)"
67311,Coil steel-1 w>600t>4.75,271,"Basic iron and steel, ferro-alloys (ECSC)"
67312,Coil steel-1 w>600t<4.75,271,"Basic iron and steel, ferro-alloys (ECSC)"
67313,Flat steel-1 w>600t>4.00,271,"Basic iron and steel, ferro-alloys (ECSC)"
67314,Flat steel-1 w>600t>4.75,271,"Basic iron and steel, ferro-alloys (ECSC)"
67315,Flat steel-1 w>600t<4.75,271,"Basic iron and steel, ferro-alloys (ECSC)"
67316,Flat steel-1 w 150-600,271,"Basic iron and steel, ferro-alloys (ECSC)"
67317,Flat steel-1 w<600t>4.75,271,"Basic iron and steel, ferro-alloys (ECSC)"
67319,Flat steel-1 w<600 nes,271,"Basic iron and steel, ferro-alloys (ECSC)"
67321,Coil steel-2 w>600t>4.75,271,"Basic iron and steel, ferro-alloys (ECSC)"
67322,Coil steel-2 w>600t<4.75,271,"Basic iron and steel, ferro-alloys (ECSC)"
67323,Flat steel-2 w>600t>4.00,271,"Basic iron and steel, ferro-alloys (ECSC)"
67324,Flat steel-2 w>600t>4.75,271,"Basic iron and steel, ferro-alloys (ECSC)"
67325,Flat steel-2 w>600t<4.75,271,"Basic iron and steel, ferro-alloys (ECSC)"
67326,Flat steel-2 w>150t>4.00,271,"Basic iron and steel, ferro-alloys (ECSC)"
67327,Flat steel-2 w<600t>4.75,271,"Basic iron and steel, ferro-alloys (ECSC)"
67329,Flat steel-2 w<600 nes,271,"Basic iron and steel, ferro-alloys (ECSC)"
67331,Coil steel-3 w>600t>3.00,271,"Basic iron and steel, ferro-alloys (ECSC)"
67332,Coil steel-3 w>600t1-3mm,271,"Basic iron and steel, ferro-alloys (ECSC)"
67333,Coil steel-3 w>600t0.5-1,271,"Basic iron and steel, ferro-alloys (ECSC)"
67334,Coil steel-3 w>600t<0.5,271,"Basic iron and steel, ferro-alloys (ECSC)"
67335,Flat steel-3 w>600t<3.00,271,"Basic iron and steel, ferro-alloys (ECSC)"
67336,Flat steel-3 w>600t1-3mm,271,"Basic iron and steel, ferro-alloys (ECSC)"
67337,Flat steel-3 w>600t0.5-1,271,"Basic iron and steel, ferro-alloys (ECSC)"
67338,Flat steel-3 w>600t<0.5,271,"Basic iron and steel, ferro-alloys (ECSC)"
67339,Flat steel-3 w<600mm nes,271,"Basic iron and steel, ferro-alloys (ECSC)"
67341,Coil steel-4 w>600t>3.00,271,"Basic iron and steel, ferro-alloys (ECSC)"
67342,Coil steel-4 w>600t<3.00,271,"Basic iron and steel, ferro-alloys (ECSC)"
67343,Coil steel-4 w>600t0.5-1,271,"Basic iron and steel, ferro-alloys (ECSC)"
67344,Coil steel-4 w>600t<0.55,271,"Basic iron and steel, ferro-alloys (ECSC)"
67345,Flat steel-4 w>600t>3.00,271,"Basic iron and steel, ferro-alloys (ECSC)"
67346,Flat steel-4 w>600t1-3mm,271,"Basic iron and steel, ferro-alloys (ECSC)"
67347,Flat steel-4 w>600t0.5-1,271,"Basic iron and steel, ferro-alloys (ECSC)"
67348,Flat steel-4 w>600t<0.50,271,"Basic iron and steel, ferro-alloys (ECSC)"
67349,Flat steel-4 w<600 nes,271,"Basic iron and steel, ferro-alloys (ECSC)"
67351,Hot roll steel nes w>600,271,"Basic iron and steel, ferro-alloys (ECSC)"
67352,Cold rol steel nes w>600,271,"Basic iron and steel, ferro-alloys (ECSC)"
67353,Rolled steel nes w<600,271,"Basic iron and steel, ferro-alloys (ECSC)"
67411,Zinc el-pl. steel w>600,271,"Basic iron and steel, ferro-alloys (ECSC)"
67412,Zinc el-pl. steel w<600,271,"Basic iron and steel, ferro-alloys (ECSC)"
67413,Zinc coated steel w>600,271,"Basic iron and steel, ferro-alloys (ECSC)"
67414,Zinc coated steel w<600,271,"Basic iron and steel, ferro-alloys (ECSC)"
67421,Tin coated steel  w>600,271,"Basic iron and steel, ferro-alloys (ECSC)"
67422,Tin coated steel  w<600,271,"Basic iron and steel, ferro-alloys (ECSC)"
67431,Painted etc steel w>600,271,"Basic iron and steel, ferro-alloys (ECSC)"
67432,Painted etc steel w<600,271,"Basic iron and steel, ferro-alloys (ECSC)"
67441,Lead coated/plated steel,271,"Basic iron and steel, ferro-alloys (ECSC)"
67442,Chrome oxide coatd steel,271,"Basic iron and steel, ferro-alloys (ECSC)"
67443,Alumin coatd/platd steel,271,"Basic iron and steel, ferro-alloys (ECSC)"
67444,Coated plated steel nes,271,"Basic iron and steel, ferro-alloys (ECSC)"
67451,Non-ep coat steel  w<600,271,"Basic iron and steel, ferro-alloys (ECSC)"
67452,Clad steel plate   w<600,271,"Basic iron and steel, ferro-alloys (ECSC)"
67511,Flat si-elec steel w>600,271,"Basic iron and steel, ferro-alloys (ECSC)"
67512,Flat si-elec steel w<600,271,"Basic iron and steel, ferro-alloys (ECSC)"
67521,Flat hispeed steel w>600,271,"Basic iron and steel, ferro-alloys (ECSC)"
67522,Flat hispeed steel w<600,271,"Basic iron and steel, ferro-alloys (ECSC)"
67531,Chr stnless w>600 t>4.75,271,"Basic iron and steel, ferro-alloys (ECSC)"
67532,Chr stnless w>600t3-4.75,271,"Basic iron and steel, ferro-alloys (ECSC)"
67533,Chr stnless w>600 t<3mm,271,"Basic iron and steel, ferro-alloys (ECSC)"
67534,Fhr stnless w>600 t>4.75,271,"Basic iron and steel, ferro-alloys (ECSC)"
67535,Fhr stnless w>600t3-4.75,271,"Basic iron and steel, ferro-alloys (ECSC)"
67536,Fhr stnless w>600 t<3mm,271,"Basic iron and steel, ferro-alloys (ECSC)"
67537,H-r stnless w<600 t>4.75,271,"Basic iron and steel, ferro-alloys (ECSC)"
67538,H-r stnless w<600 t<4.75,271,"Basic iron and steel, ferro-alloys (ECSC)"
67541,Hot-r alloy-st coils>600,271,"Basic iron and steel, ferro-alloys (ECSC)"
67542,Hot-r alloy-st flat >600,271,"Basic iron and steel, ferro-alloys (ECSC)"
67543,Hot-roll alloy-steel<600,271,"Basic iron and steel, ferro-alloys (ECSC)"
67551,C-r stnless w>600 t>4.75,271,"Basic iron and steel, ferro-alloys (ECSC)"
67552,C-r stnless w>600t3-4.75,271,"Basic iron and steel, ferro-alloys (ECSC)"
67553,C-r stnless w>600 t1-3,271,"Basic iron and steel, ferro-alloys (ECSC)"
67554,C-r stnless w>600 t0.5-1,271,"Basic iron and steel, ferro-alloys (ECSC)"
67555,C-r stnless w>600 t<0.5,271,"Basic iron and steel, ferro-alloys (ECSC)"
67556,C-r stnless steel w<600,271,"Basic iron and steel, ferro-alloys (ECSC)"
67561,Cold roll alloy-st w>600,271,"Basic iron and steel, ferro-alloys (ECSC)"
67562,Cold roll alloy-st w<600,271,"Basic iron and steel, ferro-alloys (ECSC)"
67571,Stnless steel nes w>600,271,"Basic iron and steel, ferro-alloys (ECSC)"
67572,Stnless steel nes w<600,271,"Basic iron and steel, ferro-alloys (ECSC)"
67573,Alloy steel nes w>600,271,"Basic iron and steel, ferro-alloys (ECSC)"
67574,Alloy steel nes w<600,271,"Basic iron and steel, ferro-alloys (ECSC)"
67611,Hrc groove bar/rod ir/st,271,"Basic iron and steel, ferro-alloys (ECSC)"
67612,Hrc free-cut bar steel,271,"Basic iron and steel, ferro-alloys (ECSC)"
67613,Hrc ir/st bar nes c<0.6%,271,"Basic iron and steel, ferro-alloys (ECSC)"
67614,Hrc ir/st bar nes c>0.6%,271,"Basic iron and steel, ferro-alloys (ECSC)"
67615,Hrc stainless steel rods,271,"Basic iron and steel, ferro-alloys (ECSC)"
67617,Hrc hi-speed steel rod,271,"Basic iron and steel, ferro-alloys (ECSC)"
67619,Hrc alloy-steel nes rod,271,"Basic iron and steel, ferro-alloys (ECSC)"
67621,Hf groove etc ir/st bar,271,"Basic iron and steel, ferro-alloys (ECSC)"
67622,Hf free-cutting st bar,271,"Basic iron and steel, ferro-alloys (ECSC)"
67623,Hf ir/st nes bar c<0.6%,271,"Basic iron and steel, ferro-alloys (ECSC)"
67624,Hf ir/st nes bar c>0.6%,271,"Basic iron and steel, ferro-alloys (ECSC)"
67625,Hf stainless bars nes,271,"Basic iron and steel, ferro-alloys (ECSC)"
67629,Hot form al-st bar nes,271,"Basic iron and steel, ferro-alloys (ECSC)"
67632,C-f ir/st bar nes c<0.6%,271,"Basic iron and steel, ferro-alloys (ECSC)"
67641,Hi-speed steel bars nes,271,"Basic iron and steel, ferro-alloys (ECSC)"
67642,Sil-mang steel bars nes,271,"Basic iron and steel, ferro-alloys (ECSC)"
67644,Alloy steel nes bars nes,271,"Basic iron and steel, ferro-alloys (ECSC)"
67645,Stnless steel bars nes,271,"Basic iron and steel, ferro-alloys (ECSC)"
67647,Alloy steel bar/rod nes,271,"Basic iron and steel, ferro-alloys (ECSC)"
67648,Hollow drill steel bars,271,"Basic iron and steel, ferro-alloys (ECSC)"
67681,H-f u/i/h/l/t sect h<80,271,"Basic iron and steel, ferro-alloys (ECSC)"
67682,H-f u/i/h/l/t sect h>80,271,"Basic iron and steel, ferro-alloys (ECSC)"
67683,H-f ir/st shape/sect nes,271,"Basic iron and steel, ferro-alloys (ECSC)"
67685,Iron/steel shape/sec nes,271,"Basic iron and steel, ferro-alloys (ECSC)"
67686,Iron/steel sheet piling,271,"Basic iron and steel, ferro-alloys (ECSC)"
67687,Stnless stl etc profile,271,"Basic iron and steel, ferro-alloys (ECSC)"
67688,Other alloy stl profile,271,"Basic iron and steel, ferro-alloys (ECSC)"
67701,Railway rails irn/steel,271,"Basic iron and steel, ferro-alloys (ECSC)"
67709,Rlway tr equ nes irn/stl,271,"Basic iron and steel, ferro-alloys (ECSC)"
67911,Cast iron tubes/pipes,272,Tubes
67912,Iron/stl oil/gas piping,272,Tubes
67913,Iron/stl oil drill casng,272,Tubes
67914,Ir/n-a stl circ pipe nes,272,Tubes
67915,Stless stl circ pipe nes,272,Tubes
67916,Alloy-stl circ pipes nes,272,Tubes
67917,Ir/st seamless tubes nes,272,Tubes
67931,Seamed oil/gas pipeline,272,Tubes
67932,Seamed oil/gas dril csng,272,Tubes
67933,Welded pipes nes d>406.4,272,Tubes
67939,Seamed pipes nes d>406.4,272,Tubes
67941,Seam oil/gas pipelne nes,272,Tubes
67942,Seam oil drill casng nes,272,Tubes
67943,Seamed circlar pipes nes,272,Tubes
67944,Welded non-circ pipe nes,272,Tubes
67949,Irn/steel pipes/etc nes,272,Tubes
67950,  UN Special Code,272,Tubes
67951,Non-m cast iron pipe fit,272,Tubes
67952,Cast ir/st pipe fit nes,272,Tubes
67953,Stnless st pipe flanges,272,Tubes
67954,Stnls st thread pipe fit,272,Tubes
67955,Stnls st but-weld pipe f,272,Tubes
67956,Stnls steel pipe fit nes,272,Tubes
67959,Ir/st pipe fittings nes,272,Tubes
6710,  UN Special Code,273,Other first processing of iron and steel
67131,Iron/steel granules,273,Other first processing of iron and steel
67132,Iron/steel powders,273,Other first processing of iron and steel
67149,Ferro-manganese<2%carbon,273,Other first processing of iron and steel
67150,  UN Special Code,273,Other first processing of iron and steel
67151,Ferro-silicon alloy,273,Other first processing of iron and steel
67152,Ferro-silico-manganese,273,Other first processing of iron and steel
67153,Ferro-chromium alloys,273,Other first processing of iron and steel
67154,Ferro-silico-chromium,273,Other first processing of iron and steel
67155,Ferro-nickel alloys,273,Other first processing of iron and steel
67159,Other ferro-alloys nes,273,Other first processing of iron and steel
67261,"Irn,smple steel bars etc",273,Other first processing of iron and steel
67262,"Irn,smple stl plates etc",273,Other first processing of iron and steel
67269,"Irn,smple stl shapes nes",273,Other first processing of iron and steel
6727,Semi-fin iron/st. >.25%c,273,Other first processing of iron and steel
67281,Semi-finish stainless,273,Other first processing of iron and steel
67282,Semi-finish alloy st nes,273,Other first processing of iron and steel
67339,Flat steel-3 w<600mm nes,273,Other first processing of iron and steel
67349,Flat steel-4 w<600 nes,273,Other first processing of iron and steel
67353,Rolled steel nes w<600,273,Other first processing of iron and steel
67412,Zinc el-pl. steel w<600,273,Other first processing of iron and steel
67414,Zinc coated steel w<600,273,Other first processing of iron and steel
67422,Tin coated steel  w<600,273,Other first processing of iron and steel
67432,Painted etc steel w<600,273,Other first processing of iron and steel
67451,Non-ep coat steel  w<600,273,Other first processing of iron and steel
67452,Clad steel plate   w<600,273,Other first processing of iron and steel
67512,Flat si-elec steel w<600,273,Other first processing of iron and steel
67522,Flat hispeed steel w<600,273,Other first processing of iron and steel
67556,C-r stnless steel w<600,273,Other first processing of iron and steel
67562,Cold roll alloy-st w<600,273,Other first processing of iron and steel
67572,Stnless steel nes w<600,273,Other first processing of iron and steel
67574,Alloy steel nes w<600,273,Other first processing of iron and steel
67623,Hf ir/st nes bar c<0.6%,273,Other first processing of iron and steel
67624,Hf ir/st nes bar c>0.6%,273,Other first processing of iron and steel
67631,C-f free-cut st bars nes,273,Other first processing of iron and steel
67632,C-f ir/st bar nes c<0.6%,273,Other first processing of iron and steel
67633,C-f ir/st bar nes c>0.6%,273,Other first processing of iron and steel
67634,C-f stainless bar nes,273,Other first processing of iron and steel
67639,C-f alloy-steel bar nes,273,Other first processing of iron and steel
67641,Hi-speed steel bars nes,273,Other first processing of iron and steel
67642,Sil-mang steel bars nes,273,Other first processing of iron and steel
67643,Forged iron/stl bars nes,273,Other first processing of iron and steel
67644,Alloy steel nes bars nes,273,Other first processing of iron and steel
67645,Stnless steel bars nes,273,Other first processing of iron and steel
67646,Forge alloy-st bars nes,273,Other first processing of iron and steel
67647,Alloy steel bar/rod nes,273,Other first processing of iron and steel
67684,C-f ir/st shape/sect nes,273,Other first processing of iron and steel
67685,Iron/steel shape/sec nes,273,Other first processing of iron and steel
67686,Iron/steel sheet piling,273,Other first processing of iron and steel
67687,Stnless stl etc profile,273,Other first processing of iron and steel
67688,Other alloy stl profile,273,Other first processing of iron and steel
67701,Railway rails irn/steel,273,Other first processing of iron and steel
67709,Rlway tr equ nes irn/stl,273,Other first processing of iron and steel
67811,Wire iron/steel c<0.25%,273,Other first processing of iron and steel
67812,Wire iron/stl c0.25-0.6%,273,Other first processing of iron and steel
67813,Wire iron/steel c>0.6%,273,Other first processing of iron and steel
67821,Stainless steel wire,273,Other first processing of iron and steel
67829,Alloy steel wire nes,273,Other first processing of iron and steel
28321,Copper mattes,274,Basic precious and non-ferrous metals 
28322,Cement copper,274,Basic precious and non-ferrous metals 
28421,Nickel mattes,274,Basic precious and non-ferrous metals 
28422,Nickel oxide sinters/etc,274,Basic precious and non-ferrous metals 
2852,Alumina(aluminium oxide),274,Basic precious and non-ferrous metals 
2880,  UN Special Code,274,Basic precious and non-ferrous metals 
2881,Metaliferous non-fer ash,274,Basic precious and non-ferrous metals 
28821,Copper waste and scrap,274,Basic precious and non-ferrous metals 
28822,Nickel waste and scrap,274,Basic precious and non-ferrous metals 
28823,Aluminium wste and scrap,274,Basic precious and non-ferrous metals 
28824,Lead waste and scrap,274,Basic precious and non-ferrous metals 
28825,Zinc waste and scrap,274,Basic precious and non-ferrous metals 
28826,Tin waste and scrap,274,Basic precious and non-ferrous metals 
28921,Platinum waste/scrap,274,Basic precious and non-ferrous metals 
28929,Precious metal waste nes,274,Basic precious and non-ferrous metals 
68112,Rolled silver,274,Basic precious and non-ferrous metals 
68113,Silver unwrought,274,Basic precious and non-ferrous metals 
68114,Silver semi-manufacture,274,Basic precious and non-ferrous metals 
68122,Rolled platinum etc,274,Basic precious and non-ferrous metals 
68123,Platinum/alloys unwrght,274,Basic precious and non-ferrous metals 
68124,Oth plat grp metal unwrt,274,Basic precious and non-ferrous metals 
68125,Plat grp metals semi-man,274,Basic precious and non-ferrous metals 
6820,  UN Special Code,274,Basic precious and non-ferrous metals 
68211,"Copper unref,exc cement",274,Basic precious and non-ferrous metals 
68212,Copper refined,274,Basic precious and non-ferrous metals 
68213,Master alloys of copper,274,Basic precious and non-ferrous metals 
68214,Copper alloys nes unwrt,274,Basic precious and non-ferrous metals 
68231,Ref copper rod/bar/prof,274,Basic precious and non-ferrous metals 
68232,Copper alloy rod/bar/pro,274,Basic precious and non-ferrous metals 
68241,Refined copper wire,274,Basic precious and non-ferrous metals 
68242,Copper alloy wire,274,Basic precious and non-ferrous metals 
68251,Refined copper sheet etc,274,Basic precious and non-ferrous metals 
68252,Alloy copper sheet etc,274,Basic precious and non-ferrous metals 
68261,Copper foil+backed t<.15,274,Basic precious and non-ferrous metals 
68262,"Copper powders,flakes",274,Basic precious and non-ferrous metals 
68271,"Copper tubes,pipes,etc",274,Basic precious and non-ferrous metals 
68272,Copper tube fittings,274,Basic precious and non-ferrous metals 
68311,Nickel unwrought,274,Basic precious and non-ferrous metals 
68312,Nickel alloys unwrought,274,Basic precious and non-ferrous metals 
68321,Nickel bars/wire/etc,274,Basic precious and non-ferrous metals 
68322,Nickel tube/pipe/etc,274,Basic precious and non-ferrous metals 
68323,Nickel powder/flakes,274,Basic precious and non-ferrous metals 
68324,Nickel plate/sheet/foil,274,Basic precious and non-ferrous metals 
68411,Aluminium not alloyed uw,274,Basic precious and non-ferrous metals 
68412,"Aluminium alloys,unwrgh",274,Basic precious and non-ferrous metals 
68420,  UN Special Code,274,Basic precious and non-ferrous metals 
68421,Aluminium bars/rod/prof.,274,Basic precious and non-ferrous metals 
68422,Aluminium/alloy wire,274,Basic precious and non-ferrous metals 
68423,Alumnm plate/sheet t>0.2,274,Basic precious and non-ferrous metals 
68424,Aluminium foil     t<0.2,274,Basic precious and non-ferrous metals 
68425,Aluminium powders/flakes,274,Basic precious and non-ferrous metals 
68426,Aluminium tubes/pipes,274,Basic precious and non-ferrous metals 
68427,Aluminium tube fittings,274,Basic precious and non-ferrous metals 
68511,Unrefined lead/alloys,274,Basic precious and non-ferrous metals 
68512,Refined lead,274,Basic precious and non-ferrous metals 
68521,Lead bar/rod/prof/wire,274,Basic precious and non-ferrous metals 
68522,Lead plate/sheet/strip,274,Basic precious and non-ferrous metals 
68524,Lead tubes/fittings/etc,274,Basic precious and non-ferrous metals 
68611,Zinc not alloyed unwrt,274,Basic precious and non-ferrous metals 
68612,Zinc alloys unwrought,274,Basic precious and non-ferrous metals 
68631,Zinc bar/rod/prof/wire,274,Basic precious and non-ferrous metals 
68632,Zinc sheet/strip/foil,274,Basic precious and non-ferrous metals 
68633,Zinc powders/dust/flake,274,Basic precious and non-ferrous metals 
68634,Zinc tubes/fittings/etc,274,Basic precious and non-ferrous metals 
68711,Tin not alloyed unwrt,274,Basic precious and non-ferrous metals 
68712,Tin alloys unwrought,274,Basic precious and non-ferrous metals 
68721,Tin bar/rod/wire/profile,274,Basic precious and non-ferrous metals 
68722,Tin sheet/plate/etc t>.2,274,Basic precious and non-ferrous metals 
68723,Tin foil+backed     t<.2,274,Basic precious and non-ferrous metals 
68724,Tin tubes/fittings/etc,274,Basic precious and non-ferrous metals 
6890,  UN Special Code,274,Basic precious and non-ferrous metals 
68910,  UN Special Code,274,Basic precious and non-ferrous metals 
68911,Tungsten unwrought/waste,274,Basic precious and non-ferrous metals 
68912,Molybdenum unwrght/waste,274,Basic precious and non-ferrous metals 
68913,Tantalum unwrought/waste,274,Basic precious and non-ferrous metals 
68914,Magnesium waste/scrap,274,Basic precious and non-ferrous metals 
68915,Magnesium unwrought,274,Basic precious and non-ferrous metals 
68981,Cobalt mattes/waste,274,Basic precious and non-ferrous metals 
68982,Cadmium unwrought/waste,274,Basic precious and non-ferrous metals 
68983,Titanium unwrought/waste,274,Basic precious and non-ferrous metals 
68984,Zirconium unwrt/waste,274,Basic precious and non-ferrous metals 
68991,Beryllium unwrght/waste,274,Basic precious and non-ferrous metals 
68992,Bismuth/articles/waste,274,Basic precious and non-ferrous metals 
68993,Antimony/articles/waste,274,Basic precious and non-ferrous metals 
68994,Manganese/articles/waste,274,Basic precious and non-ferrous metals 
68995,Chromium/articles/waste,274,Basic precious and non-ferrous metals 
68996,Germanium/articles/waste,274,Basic precious and non-ferrous metals 
68997,Bvanadium/articles/waste,274,Basic precious and non-ferrous metals 
68998,"Base mtl nes unwrt,waste",274,Basic precious and non-ferrous metals 
68999,Cermets/articles/waste,274,Basic precious and non-ferrous metals 
69981,Cobalt wrt/articles nes,274,Basic precious and non-ferrous metals 
69983,Cadmium wrt/articles nes,274,Basic precious and non-ferrous metals 
69985,Titanium wrt/artics nes,274,Basic precious and non-ferrous metals 
69987,Zirconium wrt/artics nes,274,Basic precious and non-ferrous metals 
69990,  UN Special Code,274,Basic precious and non-ferrous metals 
69991,Tungsten wrt/artics nes,274,Basic precious and non-ferrous metals 
69992,Molybdenm wrt/artics nes,274,Basic precious and non-ferrous metals 
69993,Tantalum wrt/artics nes,274,Basic precious and non-ferrous metals 
69994,Magnesium wrt/artics nes,274,Basic precious and non-ferrous metals 
69995,Beryllium wrt/artics nes,274,Basic precious and non-ferrous metals 
69999,Base mtls nes wrt/artics,274,Basic precious and non-ferrous metals 
97101,"Nonmon gld unwrt,semi-mf",274,Basic precious and non-ferrous metals 
97102,"Rolled gld unwkd,semi-mf",274,Basic precious and non-ferrous metals 
97103,"Gold sweepings,waste etc",274,Basic precious and non-ferrous metals 
69111,Iron/st bridges/sections,281,Structural metal products
69112,Iron/st towers/lat masts,281,Structural metal products
69113,Iron/st doors/windows,281,Structural metal products
69114,Iron/st props/scaffold,281,Structural metal products
69119,Irn/steel structure nes,281,Structural metal products
69121,Aluminium doors/windows,281,Structural metal products
69129,"Structures,parts alumnm",281,Structural metal products
8110,Prefabricated buildings,281,Structural metal products
69211,Iron/steel tanks/vats,282,"Tanks, reservoirs, central heating radiators and boilers"
69212,Aluminium tanks/vats,282,"Tanks, reservoirs, central heating radiators and boilers"
69243,Irn/stl comp gas tanks,282,"Tanks, reservoirs, central heating radiators and boilers"
69244,Aluminium comp gas tanks,282,"Tanks, reservoirs, central heating radiators and boilers"
81211,"Radiators, parts thereof",282,"Tanks, reservoirs, central heating radiators and boilers"
81217,Central heat boilers n-e,282,"Tanks, reservoirs, central heating radiators and boilers"
81219,Parts for c-heat boilers,282,"Tanks, reservoirs, central heating radiators and boilers"
71111,Steam boilers exc cent-h,283,Steam generators
71112,Super-heat water boilers,283,Steam generators
71121,Aux plant for boilers,283,Steam generators
71122,Steam condensers,283,Steam generators
71191,Pts nes of boilers 711.1,283,Steam generators
71192,Pts nes boiler equ 711.2,283,Steam generators
71871,Nuclear reactors,283,Steam generators
71878,Nuclear reactor parts,283,Steam generators
6951,Hand tools agric/forest,286,"Cutlery, tools and general hardware"
69521,Hand saws,286,"Cutlery, tools and general hardware"
69522,Files/rasps/etc,286,"Cutlery, tools and general hardware"
69523,"Pliers,pincers,snips,ets",286,"Cutlery, tools and general hardware"
6953,Wrenches and spanners,286,"Cutlery, tools and general hardware"
69541,Tools drill/thread/tap,286,"Cutlery, tools and general hardware"
69542,Hammers,286,"Cutlery, tools and general hardware"
69543,Planes/chisels/gouges,286,"Cutlery, tools and general hardware"
69544,Screwdrivers,286,"Cutlery, tools and general hardware"
69545,Household tools nes,286,"Cutlery, tools and general hardware"
69546,Hand tools nes,286,"Cutlery, tools and general hardware"
69547,Vices/clamps/etc,286,"Cutlery, tools and general hardware"
69548,Anvil/p.forges/h.grinder,286,"Cutlery, tools and general hardware"
69549,Hand tools sets,286,"Cutlery, tools and general hardware"
69551,Band saw blades,286,"Cutlery, tools and general hardware"
69552,Steel circular saw blade,286,"Cutlery, tools and general hardware"
69553,Circular saw blades nes,286,"Cutlery, tools and general hardware"
69554,Chain saw blades,286,"Cutlery, tools and general hardware"
69555,Straight saw bl for metl,286,"Cutlery, tools and general hardware"
69559,Saw blades nes,286,"Cutlery, tools and general hardware"
69561,Cutting blades for machn,286,"Cutlery, tools and general hardware"
69562,Carbide tool tips etc,286,"Cutlery, tools and general hardware"
69563,Rock etc drilling tools,286,"Cutlery, tools and general hardware"
69564,Parts to insert in tools,286,"Cutlery, tools and general hardware"
6957,Mixed hand tool sets,286,"Cutlery, tools and general hardware"
69631,Razors non-electric,286,"Cutlery, tools and general hardware"
69635,Safety razor blades,286,"Cutlery, tools and general hardware"
69638,Mtl parts non-elec razor,286,"Cutlery, tools and general hardware"
6964,Scissors/scissor blades,286,"Cutlery, tools and general hardware"
69651,Paper knife/pencil sharp,286,"Cutlery, tools and general hardware"
69655,Manicure/pedicure sets,286,"Cutlery, tools and general hardware"
69659,Cutlery articles nes,286,"Cutlery, tools and general hardware"
69661,Plated table cutlery set,286,"Cutlery, tools and general hardware"
69662,Cutlery sets nes,286,"Cutlery, tools and general hardware"
69663,"Cutlery,plated,not sets",286,"Cutlery, tools and general hardware"
69669,"Cutlery nes, not in sets",286,"Cutlery, tools and general hardware"
6968,Knives and blades nes,286,"Cutlery, tools and general hardware"
6990,  UN Special Code,286,"Cutlery, tools and general hardware"
69911,Locks/keys/clasps/parts,286,"Cutlery, tools and general hardware"
69913,Hinges - base metal,286,"Cutlery, tools and general hardware"
69914,Castors - base metal,286,"Cutlery, tools and general hardware"
69915,Base mtl vehicle fitment,286,"Cutlery, tools and general hardware"
69916,Base mtl building fitmnt,286,"Cutlery, tools and general hardware"
69917,Base mtl furnit fitment,286,"Cutlery, tools and general hardware"
69919,Base mtl bracket/racks,286,"Cutlery, tools and general hardware"
69241,Stl tanks <300l exc gas,287,Other fabricated metal products
69242,Alu tanks <300l exc gas,287,Other fabricated metal products
69311,Iron/steel ropes/cables,287,Other fabricated metal products
69312,Copper rope/cable non-el,287,Other fabricated metal products
69313,Aluminium ropes/cables,287,Other fabricated metal products
6932,Iron/steel fencing wire,287,Other fabricated metal products
69351,Irn/stl netting/grill,287,Other fabricated metal products
69352,Copper netting/grill/etc,287,Other fabricated metal products
6941,Iron/steel nails etc,287,Other fabricated metal products
69421,Irn/stl nut/bolt/screw,287,Other fabricated metal products
69422,Irn/stl rivet/pin/washer,287,Other fabricated metal products
69431,Copper nail/tack/staple,287,Other fabricated metal products
69432,Copper washers etc,287,Other fabricated metal products
69433,Copper nuts/bolts,287,Other fabricated metal products
6944,Alumin nail/bolt/etc,287,Other fabricated metal products
69741,Irn/st kitchen equip nes,287,Other fabricated metal products
69742,Copper kitchen equip nes,287,Other fabricated metal products
69743,Alumin kitchen equip nes,287,Other fabricated metal products
69744,Iron/steel wool/scourers,287,Other fabricated metal products
69751,Iron/steel sanitary ware,287,Other fabricated metal products
69752,Copper sanitary ware,287,Other fabricated metal products
69753,Aluminium household ware,287,Other fabricated metal products
69781,Domstc food appl non-el.,287,Other fabricated metal products
69782,Metal decor articles,287,Other fabricated metal products
69912,Base metal safes etc,287,Other fabricated metal products
69919,Base mtl bracket/racks,287,Other fabricated metal products
69921,Iron/steel skid chain,287,Other fabricated metal products
69922,Iron/steel chain nes art,287,Other fabricated metal products
69931,Iron/steel needles etc,287,Other fabricated metal products
69932,Iron/steel pins,287,Other fabricated metal products
69933,Base metal buckles etc,287,Other fabricated metal products
69941,"Iron,steel springs,etc",287,Other fabricated metal products
69942,Copper springs/leaves,287,Other fabricated metal products
69951,Base mtl flexible tubing,287,Other fabricated metal products
69952,Base mtl bells non-elec,287,Other fabricated metal products
69953,Base mtl stoppers/lids,287,Other fabricated metal products
69954,Base mtl name etc plate,287,Other fabricated metal products
69955,Base mtl solder/weld rod,287,Other fabricated metal products
69961,"Iron,steel anchors,part",287,Other fabricated metal products
69962,Non-mal iron casting nes,287,Other fabricated metal products
69963,Iron/steel castings nes,287,Other fabricated metal products
69965,Iron/stl forging nes unw,287,Other fabricated metal products
69967,Irn/stl wire article nes,287,Other fabricated metal products
69969,Irn/steel articles nes,287,Other fabricated metal products
69971,Copper chain/parts,287,Other fabricated metal products
69973,Copper articles nes,287,Other fabricated metal products
69975,Nickel articles nes,287,Other fabricated metal products
69976,Lead articles nes,287,Other fabricated metal products
69977,Zinc articles nes,287,Other fabricated metal products
69978,Tin articles nes,287,Other fabricated metal products
69979,Aluminium articles nes,287,Other fabricated metal products
74991,Ships propellers/blades,287,Other fabricated metal products
89113,Swords/bayonets/etc,287,Other fabricated metal products
89511,Filing cabinet/tray/etc,287,Other fabricated metal products
89512,Bse mtl stationery goods,287,Other fabricated metal products
71211,"Steam turbines, marine",291,"Machinery for  production, use of mech. power"
71219,"Steam turbines, other",291,"Machinery for  production, use of mech. power"
7128,Stm turbine(712.1)parts,291,"Machinery for  production, use of mech. power"
71331,Outboard motors,291,"Machinery for  production, use of mech. power"
71332,Marine spark-ign eng nes,291,"Machinery for  production, use of mech. power"
71333,Marine diesel engines,291,"Machinery for  production, use of mech. power"
71381,Spark-ign piston eng nes,291,"Machinery for  production, use of mech. power"
71382,Diesel engines nes,291,"Machinery for  production, use of mech. power"
71489,Other gas turbines nes,291,"Machinery for  production, use of mech. power"
71499,Parts nes gas turbines,291,"Machinery for  production, use of mech. power"
71811,Hydr turbine/water wheel,291,"Machinery for  production, use of mech. power"
71819,Parts nes hydraul turbin,291,"Machinery for  production, use of mech. power"
71891,Linear hydr power engine,291,"Machinery for  production, use of mech. power"
71892,Linear pneum.power engin,291,"Machinery for  production, use of mech. power"
71893,"Other engines,motors nes",291,"Machinery for  production, use of mech. power"
71899,Parts nes of engines nes,291,"Machinery for  production, use of mech. power"
74211,Garage-type fuel pumps,291,"Machinery for  production, use of mech. power"
74219,Metred liquid pumps nes,291,"Machinery for  production, use of mech. power"
7422,Piston eng fuel/wtr pump,291,"Machinery for  production, use of mech. power"
7423,Concrete pumps,291,"Machinery for  production, use of mech. power"
7424,Reciprocating pumps nes,291,"Machinery for  production, use of mech. power"
7425,Rotary pumps nes,291,"Machinery for  production, use of mech. power"
7426,Centrifugal pumps nes,291,"Machinery for  production, use of mech. power"
74271,Pumps for liquids nes,291,"Machinery for  production, use of mech. power"
74275,Liquid elevators,291,"Machinery for  production, use of mech. power"
74291,Pump parts,291,"Machinery for  production, use of mech. power"
74295,Liquid elevator parts,291,"Machinery for  production, use of mech. power"
74311,Vacuum pumps,291,"Machinery for  production, use of mech. power"
74313,Hand/foot air pumps,291,"Machinery for  production, use of mech. power"
74315,Refrigerator compressors,291,"Machinery for  production, use of mech. power"
74317,Mobile air compressors,291,"Machinery for  production, use of mech. power"
74319,Pumps/etc nes,291,"Machinery for  production, use of mech. power"
7438,Parts for fans/gas pumps,291,"Machinery for  production, use of mech. power"
7461,Ball bearings,291,"Machinery for  production, use of mech. power"
7462,Tapered roller bearings,291,"Machinery for  production, use of mech. power"
7463,Spherical roller bearing,291,"Machinery for  production, use of mech. power"
7464,Needle roller bearings,291,"Machinery for  production, use of mech. power"
7465,Cyl roller bearings nes,291,"Machinery for  production, use of mech. power"
7468,Ball/roller bearings nes,291,"Machinery for  production, use of mech. power"
74691,Bearing ball/needle/roll,291,"Machinery for  production, use of mech. power"
74699,Ball etc bearng part nes,291,"Machinery for  production, use of mech. power"
7471,Pressure reducing valves,291,"Machinery for  production, use of mech. power"
7472,Pneumat/hydraulic valves,291,"Machinery for  production, use of mech. power"
7473,Check valves,291,"Machinery for  production, use of mech. power"
7474,Safety/relief valves,291,"Machinery for  production, use of mech. power"
7478,Taps/cocks/valves nes,291,"Machinery for  production, use of mech. power"
7479,Tap/cock/valve parts,291,"Machinery for  production, use of mech. power"
7481,Transmission shafts,291,"Machinery for  production, use of mech. power"
74821,Ball/roll bearing housng,291,"Machinery for  production, use of mech. power"
74822,Bearing housings nes,291,"Machinery for  production, use of mech. power"
74831,Iron/stl roller chain,291,"Machinery for  production, use of mech. power"
74832,Iron/steel a-l chain nes,291,"Machinery for  production, use of mech. power"
74839,"Iron,stl a-l chain parts",291,"Machinery for  production, use of mech. power"
7484,Gears and gearing,291,"Machinery for  production, use of mech. power"
7485,Flywheels/pulleys/etc,291,"Machinery for  production, use of mech. power"
7486,Clutches/sh coupling/etc,291,"Machinery for  production, use of mech. power"
7489,Gear/flywheel/cltch part,291,"Machinery for  production, use of mech. power"
72391,E-m bucket/grab/shovels,292,Other general purpose machinery
7410,  UN Special Code,292,Other general purpose machinery
74121,"Furnace burners,liq fuel",292,Other general purpose machinery
74123,Furnace burners nes,292,Other general purpose machinery
74125,Mech stokers/grates/etc,292,Other general purpose machinery
74128,Furnace burner parts,292,Other general purpose machinery
74131,Resist heat furnace/oven,292,Other general purpose machinery
74132,Induct/diel furnace/oven,292,Other general purpose machinery
74133,Furnaces/ovens elect nes,292,Other general purpose machinery
74134,Induct/diel heat equ nes,292,Other general purpose machinery
74135,Elect furnace/oven parts,292,Other general purpose machinery
74136,Ind furnace/oven non-ele,292,Other general purpose machinery
74138,Ind furn/oven non-el nes,292,Other general purpose machinery
74139,Parts ind non-el furn/ov,292,Other general purpose machinery
74140,  UN Special Code,292,Other general purpose machinery
74143,Refrigerated display cab,292,Other general purpose machinery
74145,Indust refrig equip nes,292,Other general purpose machinery
74149,Pts nes indus refrig equ,292,Other general purpose machinery
74151,Air-cond window/wall typ,292,Other general purpose machinery
74155,Air-conditioners nes,292,Other general purpose machinery
74159,Air-conditioner parts,292,Other general purpose machinery
74171,Water proc gas generator,292,Other general purpose machinery
74172,Water proc gas gen parts,292,Other general purpose machinery
74173,Gas distill/rectify plnt,292,Other general purpose machinery
74174,Gas heat exchange units,292,Other general purpose machinery
74175,Air/gas liquefying equip,292,Other general purpose machinery
74189,Indust heat/cool equ nes,292,Other general purpose machinery
7419,Parts indus heat/cool eq,292,Other general purpose machinery
74343,Electric fans nes,292,Other general purpose machinery
74359,Centrifuges nes,292,Other general purpose machinery
74361,Water filters/purifiers,292,Other general purpose machinery
74362,Beverage filter/purifier,292,Other general purpose machinery
74363,Engine oil/petrol filter,292,Other general purpose machinery
74364,Engine air filters,292,Other general purpose machinery
74367,Liquid filters nes,292,Other general purpose machinery
74369,Gas filters nes,292,Other general purpose machinery
74391,Parts for centrifuges,292,Other general purpose machinery
74395,Parts filters/purifiers,292,Other general purpose machinery
74411,Fork lift truck etc elec,292,Other general purpose machinery
74412,Fork lift trucks etc nes,292,Other general purpose machinery
74413,Oth handling trucks etc,292,Other general purpose machinery
74414,Elec work trucks no lift,292,Other general purpose machinery
74415,Work trucks nes no lift,292,Other general purpose machinery
74419,Pts nes of work trucks,292,Other general purpose machinery
74421,Pulley tackle/hoists,292,Other general purpose machinery
74423,Pit head winding gear,292,Other general purpose machinery
74425,Capstans/winches nes,292,Other general purpose machinery
74431,Ohead tr crane fix supp,292,Other general purpose machinery
74432,Straddle carriers etc,292,Other general purpose machinery
74433,Gantry/bridge/etc cranes,292,Other general purpose machinery
74434,Tower cranes,292,Other general purpose machinery
74435,Portal/pdestal jib crane,292,Other general purpose machinery
74437,Crane mach nes self-prop,292,Other general purpose machinery
74439,Cranes nes not self prop,292,Other general purpose machinery
74441,Garage hoists etc,292,Other general purpose machinery
74443,Jacks/hoists nes hydraul,292,Other general purpose machinery
74449,Vehicle jacks/hoists nes,292,Other general purpose machinery
74471,Pneum elevator/conveyor,292,Other general purpose machinery
74473,Bucket conveyor/elevator,292,Other general purpose machinery
74474,Belt conveyor/elevator,292,Other general purpose machinery
74479,Cont conveyor/elevat nes,292,Other general purpose machinery
74481,Lifts and skip hoists,292,Other general purpose machinery
74485,"Escalator,movng walkways",292,Other general purpose machinery
74489,Lift/handle machinry nes,292,Other general purpose machinery
74491,Parts for winches/hoists,292,Other general purpose machinery
74492,Lift truck parts,292,Other general purpose machinery
74493,Lift/skip h/escalat part,292,Other general purpose machinery
74494,Lifting equip parts nes,292,Other general purpose machinery
74521,Industrial dish washers,292,Other general purpose machinery
74523,Bottle clean/dry machine,292,Other general purpose machinery
74527,Packing/wrapping mac nes,292,Other general purpose machinery
74529,Packing etc mchy pts nes,292,Other general purpose machinery
74531,Indus weighing machines,292,Other general purpose machinery
74532,Personal weighing machns,292,Other general purpose machinery
74539,"Weighng mach wts,pts nes",292,Other general purpose machinery
74561,Fire extinguishers,292,Other general purpose machinery
74562,Spray guns etc  ry,292,Other general purpose machinery
74563,Steam/sand blasting mach,292,Other general purpose machinery
74565,Spraying machinery nes,292,Other general purpose machinery
74568,Spraying machinery parts,292,Other general purpose machinery
74591,Rolling mch ex mtl/glass,292,Other general purpose machinery
74593,Rolling machine parts,292,Other general purpose machinery
74595,Automatic vending machs,292,Other general purpose machinery
74597,Automatic vending machs,292,Other general purpose machinery
7492,Metal clad gaskets,292,Other general purpose machinery
74999,Mach parts nonelec nes,292,Other general purpose machinery
72111,Ploughs,293,Agricultural and forestry machinery
72112,Seeders/planters/etc,293,Agricultural and forestry machinery
72113,Cultivators/weeders/etc,293,Agricultural and forestry machinery
72118,Oth agric/hortic machnry,293,Agricultural and forestry machinery
72119,Agric machine(7211)parts,293,Agricultural and forestry machinery
72121,Lawn mowers,293,Agricultural and forestry machinery
72122,Combine harvestr-threshr,293,Agricultural and forestry machinery
72123,Oth harv/thresher/mower,293,Agricultural and forestry machinery
72126,Egg/fruit clean/sort mac,293,Agricultural and forestry machinery
72127,Seed clean/sort machinry,293,Agricultural and forestry machinery
72129,Pts nes of machy of 7212,293,Agricultural and forestry machinery
72131,Milking machines,293,Agricultural and forestry machinery
72195,Poultry keeping equipmnt,293,Agricultural and forestry machinery
72196,Agric machinery nes,293,Agricultural and forestry machinery
72199,Pts nes agric machines,293,Agricultural and forestry machinery
72241,Pedestrian cntrl tractor,293,Agricultural and forestry machinery
72249,Wheeled tractors nes,293,Agricultural and forestry machinery
74564,Agric spraying equipment,293,Agricultural and forestry machinery
78621,Agric self-load trailers,293,Agricultural and forestry machinery
72811,Machine tools - minerals,294,Machine-tools
72812,Machine tools - wood/etc,294,Machine-tools
72819,Pts nes of tools of 7281,294,Machine-tools
72844,Wood/cork presses etc.,294,Machine-tools
73111,Laser/photon mach tools,294,Machine-tools
73112,Ultrasonic machine tools,294,Machine-tools
73113,Electro-disch mach tools,294,Machine-tools
73114,Electro/plasma mach tool,294,Machine-tools
73121,Metal machining centres,294,Machine-tools
73122,Unit construct machines,294,Machine-tools
73123,Multi-stat transfer mchn,294,Machine-tools
73131,"Horiz lathes,num control",294,Machine-tools
73135,"Other lathes,num control",294,Machine-tools
73137,Lathes horizontal nes,294,Machine-tools
73139,"Lathes,metalworking,nes",294,Machine-tools
73141,Way-type unit head machn,294,Machine-tools
73142,Drilling machs nes num-c,294,Machine-tools
73143,Drilling machines nes,294,Machine-tools
73144,Bore-mill mach nes num-c,294,Machine-tools
73145,Boring-milling machs nes,294,Machine-tools
73146,Boringg machines nes,294,Machine-tools
73151,"Mill mach,knee,num-cntrl",294,Machine-tools
73152,"Milling mach,knee-t,nes",294,Machine-tools
73153,Milling mach nes num-ctl,294,Machine-tools
73154,Milling machines nes,294,Machine-tools
73157,Threading/tapp machn nes,294,Machine-tools
73161,Flat grinder acc num-ctl,294,Machine-tools
73162,Flat grinder accurat nes,294,Machine-tools
73163,Grinder nes acc num-ctrl,294,Machine-tools
73164,Grinder nes accurate nes,294,Machine-tools
73165,Sharpeners num-control,294,Machine-tools
73166,Sharpening machine nes,294,Machine-tools
73167,Honing/lapping machines,294,Machine-tools
73169,Debur/polish tools nes,294,Machine-tools
73171,Shaping/slotting machine,294,Machine-tools
73173,Broaching machines,294,Machine-tools
73175,Gear-cutting machines,294,Machine-tools
73177,"Sawing machs,metalworkng",294,Machine-tools
73178,"Planing machs,mtlworking",294,Machine-tools
73179,Mtl-removal m-tools nes,294,Machine-tools
73311,Forging/stamping machine,294,Machine-tools
73312,Bending etc mchs num-ctl,294,Machine-tools
73313,Bending etc machines nes,294,Machine-tools
73314,Shearing etc mch num-ctl,294,Machine-tools
73315,Shearing etc mchines nes,294,Machine-tools
73316,Punching etc mch num-ctl,294,Machine-tools
73317,Punching etc mchines nes,294,Machine-tools
73318,Metal work presses nes,294,Machine-tools
73391,Draw benches mtl bar etc,294,Machine-tools
73393,Metal thread rolling mac,294,Machine-tools
73395,Wire working machines,294,Machine-tools
73399,Metal non-rmvl tools nes,294,Machine-tools
73511,Tool holder/slf-open die,294,Machine-tools
73513,Metal mch-tl work holder,294,Machine-tools
73515,Dividing head/spec atach,294,Machine-tools
73591,Pts nes metal rmvl tools,294,Machine-tools
73595,Pts nes mtl nonrmvl tool,294,Machine-tools
73731,Electric soldering irons,294,Machine-tools
73732,Elec braze/solder eq nes,294,Machine-tools
73733,Metl resist-weld eq auto,294,Machine-tools
73734,Metl resist-weld equ nes,294,Machine-tools
73735,Metal arc welders autom.,294,Machine-tools
73736,Metal arc welders nes,294,Machine-tools
73737,Mtl weld/solder equi nes,294,Machine-tools
73739,Mtl weld/solder eq parts,294,Machine-tools
73741,Hand-held gas welders,294,Machine-tools
73742,Gas oper weld/etc eq nes,294,Machine-tools
73743,Welding machines not gas,294,Machine-tools
73749,Parts gas welders etc.,294,Machine-tools
74511,Pneumatic hand tools,294,Machine-tools
74512,Non-el motor hand tools,294,Machine-tools
74519,Pts nes of tool of 7451,294,Machine-tools
77841,Electric drills,294,Machine-tools
77843,Saws (electro-mech hand),294,Machine-tools
77845,Hand elec-mech tools nes,294,Machine-tools
77848,Hand elec-mech tool part,294,Machine-tools
72138,Oth dairy machinery nes,295,Other special purpose machinery
72139,Pts nes dairy machinery,295,Other special purpose machinery
72191,Wine/cider/juice equipmt,295,Other special purpose machinery
72198,Parts wine/etc machines,295,Other special purpose machinery
7223,Track-laying tractors,295,Other special purpose machinery
72311,Bulldozers/angledozers,295,Other special purpose machinery
72312,Graders/levellers-constr,295,Other special purpose machinery
72321,Front-end shovel loaders,295,Other special purpose machinery
72322,Shovel/excavators 360deg,295,Other special purpose machinery
72329,Self prop shovel/exc nes,295,Other special purpose machinery
72331,Earth-moving scrapers,295,Other special purpose machinery
72333,Road rollers/tampers,295,Other special purpose machinery
72335,Coal/rock/tunnel cutters,295,Other special purpose machinery
72337,Boring/sinking equip nes,295,Other special purpose machinery
72339,Earth handling equip nes,295,Other special purpose machinery
72341,Pile drivers/extractors,295,Other special purpose machinery
72342,Snow ploughs/blowers,295,Other special purpose machinery
72343,Non-sp coal/rock cutters,295,Other special purpose machinery
72344,Non-sp boring machin nes,295,Other special purpose machinery
72345,Non-sp tamping machn nes,295,Other special purpose machinery
72346,Non-self prop scrapers,295,Other special purpose machinery
72347,Non-sp e-m machines nes,295,Other special purpose machinery
72348,Public works machnry nes,295,Other special purpose machinery
72392,Bulldozer etc blades,295,Other special purpose machinery
72393,Boring/sink machry parts,295,Other special purpose machinery
72399,Pts nes earth-movg mach,295,Other special purpose machinery
72433,Sewing machines domestic,295,Other special purpose machinery
72435,Sewing machines industrl,295,Other special purpose machinery
72439,Sew mch needles/furn/pts,295,Other special purpose machinery
72441,Textile yarn extruders,295,Other special purpose machinery
72442,Textile fibre proc equip,295,Other special purpose machinery
72443,Yarn spinning/etc equipm,295,Other special purpose machinery
72449,Pts nes textile machines,295,Other special purpose machinery
72451,Weaving machines (looms),295,Other special purpose machinery
72452,Knitting/stitch bond mac,295,Other special purpose machinery
72453,Gimping/lace/etc machine,295,Other special purpose machinery
72454,Yarn pre-process machine,295,Other special purpose machinery
72455,"Felt mfg,finishing machy",295,Other special purpose machinery
72461,Auxil weave/knit machine,295,Other special purpose machinery
72467,Weaving loom parts/acces,295,Other special purpose machinery
72468,Loom/knitter etc pts/acc,295,Other special purpose machinery
72471,Washing machine cap>10kg,295,Other special purpose machinery
72472,Dry-cleaning machines,295,Other special purpose machinery
72473,Drying machines cap>10kg,295,Other special purpose machinery
72474,Oth textile machnery nes,295,Other special purpose machinery
72481,Hide preparation equipmt,295,Other special purpose machinery
72483,Footwear manuf/repair eq,295,Other special purpose machinery
72485,Leather man/repr equ nes,295,Other special purpose machinery
72488,Parts for leather machns,295,Other special purpose machinery
72491,Washing machine parts,295,Other special purpose machinery
72492,Textile machinry pts nes,295,Other special purpose machinery
72511,Cellulose pulp mfg machn,295,Other special purpose machinery
72512,Paper etc making etc mch,295,Other special purpose machinery
72521,Paper/board cutting mach,295,Other special purpose machinery
72523,Paper sack/env manf mach,295,Other special purpose machinery
72525,Paper carton/etc machnry,295,Other special purpose machinery
72527,Paper moulding machinery,295,Other special purpose machinery
72529,Paper ind machines nes,295,Other special purpose machinery
72591,Paper manuf machine pts,295,Other special purpose machinery
72599,Paper product mach parts,295,Other special purpose machinery
72631,Type setting equipment,295,Other special purpose machinery
72651,Reel fed offset printers,295,Other special purpose machinery
72659,Offset print machine nes,295,Other special purpose machinery
72661,Letterpress print machin,295,Other special purpose machinery
72663,Flexographic print mach.,295,Other special purpose machinery
72665,Gravure print machinery,295,Other special purpose machinery
72667,Printing machinery nes,295,Other special purpose machinery
72668,Mach ancillary to printg,295,Other special purpose machinery
72681,Bookbinding machinery,295,Other special purpose machinery
72689,Pts nes of bookbind mchn,295,Other special purpose machinery
72691,Type-setting machn parts,295,Other special purpose machinery
72699,Printing press parts,295,Other special purpose machinery
72711,Cereal/dried legume mach,295,Other special purpose machinery
72719,Cereal/dry legm mach pts,295,Other special purpose machinery
72721,Oil/fat extract machines,295,Other special purpose machinery
72722,Indus food proc mach nes,295,Other special purpose machinery
72729,Indus food proc mach pts,295,Other special purpose machinery
7280,  UN Special Code,295,Other special purpose machinery
72831,Mineral sorting etc mach,295,Other special purpose machinery
72832,Minrl crushing etc machn,295,Other special purpose machinery
72833,"Mnrl mixing,kneading mch",295,Other special purpose machinery
72834,Minrl moulding etc machn,295,Other special purpose machinery
72839,Pts nes of machy of 7283,295,Other special purpose machinery
72841,Glass/lamp wkng mach nes,295,Other special purpose machinery
72842,Rubber/plastics wrkg mch,295,Other special purpose machinery
72843,Tobacco industry mch nes,295,Other special purpose machinery
72846,Mtal treating machny nes,295,Other special purpose machinery
72847,Isotopic separators,295,Other special purpose machinery
72849,"Machnry nes,indiv functn",295,Other special purpose machinery
72851,Glass-working machy part,295,Other special purpose machinery
72852,Plastic/rubber mach part,295,Other special purpose machinery
72853,Tobacco machinery parts,295,Other special purpose machinery
72855,"Parts nes, machines 7284",295,Other special purpose machinery
73711,Foundry mould/ladle/etc,295,Other special purpose machinery
73712,Foundry casting machines,295,Other special purpose machinery
73719,Foundry machine parts,295,Other special purpose machinery
73721,Metal rolling mills,295,Other special purpose machinery
73729,"Roll-mill pts nes, rolls",295,Other special purpose machinery
74137,Bakery ovens non-electrc,295,Other special purpose machinery
74184,Agricult drying equipmnt,295,Other special purpose machinery
74185,Wood/pulp/paper dryers,295,Other special purpose machinery
74186,Indust driers non-electr,295,Other special purpose machinery
74187,Indust hot food/drink eq,295,Other special purpose machinery
74351,Centrifug cream separatr,295,Other special purpose machinery
74355,Centrifug clothes drier,295,Other special purpose machinery
74472,Cont action elev/conveyr,295,Other special purpose machinery
74565,Spraying machinery nes,295,Other special purpose machinery
74911,Foundry moulds etc nes,295,Other special purpose machinery
74912,Mould bases,295,Other special purpose machinery
74913,Moulding patterns,295,Other special purpose machinery
74914,Inject/comp moulds metal,295,Other special purpose machinery
74915,Moulds nes metal/carbide,295,Other special purpose machinery
74916,Moulds for glass,295,Other special purpose machinery
74917,Moulds for minerals,295,Other special purpose machinery
74918,Inject/comp mould rubber,295,Other special purpose machinery
74919,Mould nes rubber/plastic,295,Other special purpose machinery
8910,  UN Special Code,296,Weapons and ammunition
89111,Armoured tanks/etc,296,Weapons and ammunition
89112,Military firearms nes,296,Weapons and ammunition
89114,Revolvers and pistols,296,Weapons and ammunition
89121,Cartridges rivet gun etc,296,Weapons and ammunition
89122,Cartridges for shotguns,296,Weapons and ammunition
89123,Airgun pellets etc,296,Weapons and ammunition
89124,Cartridges/parts nes,296,Weapons and ammunition
89129,War munitions/parts,296,Weapons and ammunition
89131,Sporting firearms,296,Weapons and ammunition
89139,"Airguns,truncheons,etc",296,Weapons and ammunition
89191,Pistol parts/accessories,296,Weapons and ammunition
89193,Shotgun barrels,296,Weapons and ammunition
89195,Shotgun/rifle parts nes,296,Weapons and ammunition
89199,Military weapon part nes,296,Weapons and ammunition
69731,Irn/st non-e dom cook eq,297,Domestic appliances n. e. c.
69732,Irn/st non-e dom heat eq,297,Domestic appliances n. e. c.
69733,Irn/st parts for 697 eq.,297,Domestic appliances n. e. c.
69734,Copper dom cook/heat eq.,297,Domestic appliances n. e. c.
74181,Instant gas water heater,297,Domestic appliances n. e. c.
74182,Instant non-e w-heat nes,297,Domestic appliances n. e. c.
74341,Electric room fans <125w,297,Domestic appliances n. e. c.
74345,Fan cooker hoods <120cm,297,Domestic appliances n. e. c.
77511,Dom washing machine<10kg,297,Domestic appliances n. e. c.
77512,Domestic dryer <10kg,297,Domestic appliances n. e. c.
77520,  UN Special Code,297,Domestic appliances n. e. c.
77521,Domestic refrigerators,297,Domestic appliances n. e. c.
77522,Domestic deep-freezers,297,Domestic appliances n. e. c.
7753,Domestic dishwashers,297,Domestic appliances n. e. c.
77541,Electric shavers,297,Domestic appliances n. e. c.
77542,Electric hair clippers,297,Domestic appliances n. e. c.
77549,Electr shaver/etc parts,297,Domestic appliances n. e. c.
77571,Vac cleaner/floor polish,297,Domestic appliances n. e. c.
77572,Food grinder/mixer/etc,297,Domestic appliances n. e. c.
77573,Oth domstc elec appl nes,297,Domestic appliances n. e. c.
77579,Parts dom elect equipmnt,297,Domestic appliances n. e. c.
77581,Elec water heaters,297,Domestic appliances n. e. c.
77582,Elec soil/space heaters,297,Domestic appliances n. e. c.
77583,Elec hair etc driers,297,Domestic appliances n. e. c.
77584,Electric smoothing irons,297,Domestic appliances n. e. c.
77585,Electric blankets,297,Domestic appliances n. e. c.
77586,Domest ovens/cookers/etc,297,Domestic appliances n. e. c.
77587,Electrotherm dom app nes,297,Domestic appliances n. e. c.
77588,Non-carbon elec elements,297,Domestic appliances n. e. c.
77589,Domest el-therm app part,297,Domestic appliances n. e. c.
81215,Air heat/distrib equipmt,297,Domestic appliances n. e. c.
72655,Sheet fed offset mach a4,300,Office machinery and computers
75113,Auto typewriters/wp mach,300,Office machinery and computers
75115,Elec typewriters <12kg,300,Office machinery and computers
75116,Electric typewriters nes,300,Office machinery and computers
75118,Nonelec typewriter <12kg,300,Office machinery and computers
75119,Nonelec typewriters nes,300,Office machinery and computers
75121,Electronic calculators,300,Office machinery and computers
75122,Calculating machines nes,300,Office machinery and computers
75123,Accounting machines,300,Office machinery and computers
75124,Cash registers,300,Office machinery and computers
75128,Postage-franking etc mch,300,Office machinery and computers
75131,Direct el-stat photocop.,300,Office machinery and computers
75132,Indir e-stat photocopier,300,Office machinery and computers
75133,Non-es opt syst photocop,300,Office machinery and computers
75134,Non-es contact photocop.,300,Office machinery and computers
75135,Thermo-copying apparatus,300,Office machinery and computers
75191,Duplicating machines,300,Office machinery and computers
75192,Addressing machines,300,Office machinery and computers
75193,Envelope handling machns,300,Office machinery and computers
75199,Othr office machines nes,300,Office machinery and computers
7521,Analog/hybrid computers,300,Office machinery and computers
7522,Digital computers,300,Office machinery and computers
7523,Digital processing units,300,Office machinery and computers
7526,Adp peripheral units,300,Office machinery and computers
7527,Adp storage units,300,Office machinery and computers
7529,Adp equipment nes,300,Office machinery and computers
7591,Copy mach parts/access.,300,Office machinery and computers
75991,"Typewrtr parts,acces nes",300,Office machinery and computers
75993,Dupl/addr mach parts etc,300,Office machinery and computers
75995,Calculator parts/access.,300,Office machinery and computers
75997,Adp equip parts/access.,300,Office machinery and computers
7161,Electric motors <37.5w,311,"Electric motors, generators and transformers"
7162,Dc motor(>37w)/generator,311,"Electric motors, generators and transformers"
71631,"Ac,ac/dc motors >37.5w",311,"Electric motors, generators and transformers"
71632,Ac generators,311,"Electric motors, generators and transformers"
7164,Electric rotary convertr,311,"Electric motors, generators and transformers"
71651,Gen sets with pistn engs,311,"Electric motors, generators and transformers"
71652,Generating sets nes,311,"Electric motors, generators and transformers"
7169,Pts nes motors/generator,311,"Electric motors, generators and transformers"
77111,Liquid dielec transfrmrs,311,"Electric motors, generators and transformers"
77119,Other elec transformers,311,"Electric motors, generators and transformers"
77121,Static converters,311,"Electric motors, generators and transformers"
77123,Discharge tube ballasts,311,"Electric motors, generators and transformers"
77125,Inductors nes,311,"Electric motors, generators and transformers"
77129,Pts nes elec power mach.,311,"Electric motors, generators and transformers"
77241,High voltage fuses,312,Electricity distribution and control apparatus
77242,Auto circuit breakr<72kv,312,Electricity distribution and control apparatus
77243,Other auto circuit brkrs,312,Electricity distribution and control apparatus
77244,Hi-volt isolating switch,312,Electricity distribution and control apparatus
77245,Limiter/surge prtect etc,312,Electricity distribution and control apparatus
77249,Hi-volt equipment nes,312,Electricity distribution and control apparatus
77251,Fuses (electrical),312,Electricity distribution and control apparatus
77252,Automatic circuit breakr,312,Electricity distribution and control apparatus
77253,Circuit protect equi nes,312,Electricity distribution and control apparatus
77254,Relays (electrical),312,Electricity distribution and control apparatus
77255,Other switches,312,Electricity distribution and control apparatus
77257,Lamp holders,312,Electricity distribution and control apparatus
77258,Plugs and sockets,312,Electricity distribution and control apparatus
77259,El connect equ nes<1000v,312,Electricity distribution and control apparatus
77261,Switchboards etc <1000v,312,Electricity distribution and control apparatus
77262,Switchboards etc >1000v,312,Electricity distribution and control apparatus
77281,Switchboards etc unequip,312,Electricity distribution and control apparatus
77282,Switchgear parts nes,312,Electricity distribution and control apparatus
77311,Winding wire,313,Isolated wire and cable
77312,Co-axial cables,313,Isolated wire and cable
77314,Elect conductor nes <80v,313,Isolated wire and cable
77315,El conductor nes 80-1000,313,Isolated wire and cable
77317,El conductor nes >1000v,313,Isolated wire and cable
77318,Optical fibre cables,313,Isolated wire and cable
77811,Primary batteries/cells,314,"Accumulators, primary cells and primary batteries"
77812,Electric accumulators,314,"Accumulators, primary cells and primary batteries"
77817,Primary batt/cell parts,314,"Accumulators, primary cells and primary batteries"
77819,Elec accumulator parts,314,"Accumulators, primary cells and primary batteries"
77821,Elec filament lamps nes,315,Lighting equipment and electric lamps
77822,Elec discharge lamps nes,315,Lighting equipment and electric lamps
77823,Sealed beam lamp units,315,Lighting equipment and electric lamps
77824,Ultra-v/infra-r/arc lamp,315,Lighting equipment and electric lamps
77829,Pts nes of lamps of 7782,315,Lighting equipment and electric lamps
81311,Ceiling/wall lamps,315,Lighting equipment and electric lamps
81312,Portable battery lamps,315,Lighting equipment and electric lamps
81313,Lamps table/desk/etc,315,Lighting equipment and electric lamps
81315,Lamps/fittings nes elect,315,Lighting equipment and electric lamps
81317,"Lamps,fittings non-elect",315,Lighting equipment and electric lamps
8132,Illuminated signs etc,315,Lighting equipment and electric lamps
8138,Portable lamp parts,315,Lighting equipment and electric lamps
81399,Lighting parts nes,315,Lighting equipment and electric lamps
88112,Photo flashbulbs/etc,315,Lighting equipment and electric lamps
89441,Xmas/etc lighting sets,315,Lighting equipment and electric lamps
77313,Vehicle etc ignition wir,316,Electrical equipment n. e. c.
77324,Other electrc insulators,316,Electrical equipment n. e. c.
77329,Other elec insul fit nes,316,Electrical equipment n. e. c.
7780,  UN Special Code,316,Electrical equipment n. e. c.
77831,Ignition/starting equipm,316,Electrical equipment n. e. c.
77833,Ignition/starting parts,316,Electrical equipment n. e. c.
77834,Veh elect light/etc equ.,316,Electrical equipment n. e. c.
77835,Veh elect light/etc part,316,Electrical equipment n. e. c.
77871,Particle accelerators,316,Electrical equipment n. e. c.
77878,Special use el equip nes,316,Electrical equipment n. e. c.
77879,Parts el equip of 778.7,316,Electrical equipment n. e. c.
77881,Electro-magnets/devices,316,Electrical equipment n. e. c.
77882,Elec traffic control equ,316,Electrical equipment n. e. c.
77883,Elec traffic control pts,316,Electrical equipment n. e. c.
77884,Electric alarms etc,316,Electrical equipment n. e. c.
77885,Electric alarm parts,316,Electrical equipment n. e. c.
77886,Electrical carbons,316,Electrical equipment n. e. c.
77889,Elec parts of machy nes,316,Electrical equipment n. e. c.
7722,Printed circuits,321,"Electronic valves and tubes, other electronic comp."
77231,Fixed carbon resistors,321,"Electronic valves and tubes, other electronic comp."
77232,Fixed resistors nes,321,"Electronic valves and tubes, other electronic comp."
77233,Wirewound var resistors,321,"Electronic valves and tubes, other electronic comp."
77235,Variable resistors nes,321,"Electronic valves and tubes, other electronic comp."
77238,Elect resistor parts,321,"Electronic valves and tubes, other electronic comp."
77610,  UN Special Code,321,"Electronic valves and tubes, other electronic comp."
77611,Tv picture tubes colour,321,"Electronic valves and tubes, other electronic comp."
77612,Tv picture tubes monochr,321,"Electronic valves and tubes, other electronic comp."
77621,Tv camera tubes etc,321,"Electronic valves and tubes, other electronic comp."
77623,Cathode-ray tubes nes,321,"Electronic valves and tubes, other electronic comp."
77625,Microwave tubes,321,"Electronic valves and tubes, other electronic comp."
77627,Electronic tubes nes,321,"Electronic valves and tubes, other electronic comp."
77629,Electrnic tube parts nes,321,"Electronic valves and tubes, other electronic comp."
77631,Diodes exc photo-diodes,321,"Electronic valves and tubes, other electronic comp."
77632,Transistors <1watt,321,"Electronic valves and tubes, other electronic comp."
77633,Transistors >1watt,321,"Electronic valves and tubes, other electronic comp."
77635,Thyristors/diacs/triacs,321,"Electronic valves and tubes, other electronic comp."
77637,Photo-active semi-conds,321,"Electronic valves and tubes, other electronic comp."
77639,Semi-conductors nes,321,"Electronic valves and tubes, other electronic comp."
77641,Dig monolith integ units,321,"Electronic valves and tubes, other electronic comp."
77643,Monolith integ units nes,321,"Electronic valves and tubes, other electronic comp."
77645,Hybrid integrat circuits,321,"Electronic valves and tubes, other electronic comp."
77649,Integrated circuits nes,321,"Electronic valves and tubes, other electronic comp."
77681,"Piezo-elec crystals,mntd",321,"Electronic valves and tubes, other electronic comp."
77688,Piezo-elec assmbly parts,321,"Electronic valves and tubes, other electronic comp."
77689,Electrnic compon pts nes,321,"Electronic valves and tubes, other electronic comp."
77861,Fixed power capacitors,321,"Electronic valves and tubes, other electronic comp."
77862,Tantalum fixd capacitors,321,"Electronic valves and tubes, other electronic comp."
77863,Alum electrolyte capacit,321,"Electronic valves and tubes, other electronic comp."
77864,Ceram-diel capacit sngle,321,"Electronic valves and tubes, other electronic comp."
77865,Ceram-diel capacit multi,321,"Electronic valves and tubes, other electronic comp."
77866,Paper/plastic capacitor,321,"Electronic valves and tubes, other electronic comp."
77867,Fixed capacitors nes,321,"Electronic valves and tubes, other electronic comp."
77868,Variable/adj capacitors,321,"Electronic valves and tubes, other electronic comp."
77869,Electrical capacitr part,321,"Electronic valves and tubes, other electronic comp."
7640,  UN Special Code,322,"TV, and radio transmitters, apparatus for line telephony"
76411,Telephone sets,322,"TV, and radio transmitters, apparatus for line telephony"
76413,Teleprinters,322,"TV, and radio transmitters, apparatus for line telephony"
76415,Telephone switch equipmt,322,"TV, and radio transmitters, apparatus for line telephony"
76417,Telephone line equip nes,322,"TV, and radio transmitters, apparatus for line telephony"
76419,Telephone equipment nes,322,"TV, and radio transmitters, apparatus for line telephony"
76431,Tv/radio transmitters,322,"TV, and radio transmitters, apparatus for line telephony"
76432,Radio transceivers,322,"TV, and radio transmitters, apparatus for line telephony"
76482,Television cameras,322,"TV, and radio transmitters, apparatus for line telephony"
76491,Telephone system parts,322,"TV, and radio transmitters, apparatus for line telephony"
7611,Colour tv receivers,323,"TV, radio and recording apparatus"
7612,Monochrome tv receivers,323,"TV, radio and recording apparatus"
76210,  UN Special Code,323,"TV, radio and recording apparatus"
76211,Mtr vehc radio/player,323,"TV, radio and recording apparatus"
76212,Mtr vehc radio rec only,323,"TV, radio and recording apparatus"
76221,Portable radio/player,323,"TV, radio and recording apparatus"
76222,Portable radio receiver,323,"TV, radio and recording apparatus"
76281,Other radio/record/play,323,"TV, radio and recording apparatus"
76282,Clock radio receivers,323,"TV, radio and recording apparatus"
76289,Radio receivers nes,323,"TV, radio and recording apparatus"
76331,Coin-op record players,323,"TV, radio and recording apparatus"
76333,Record players nes,323,"TV, radio and recording apparatus"
76335,Gramophone turntables,323,"TV, radio and recording apparatus"
76380,  UN Special Code,323,"TV, radio and recording apparatus"
76381,Video recorders/players,323,"TV, radio and recording apparatus"
76382,Transcribing machines,323,"TV, radio and recording apparatus"
76383,Sound reprod machine nes,323,"TV, radio and recording apparatus"
76384,Sound recording apparats,323,"TV, radio and recording apparatus"
76420,  UN Special Code,323,"TV, radio and recording apparatus"
76421,Microphones/stands,323,"TV, radio and recording apparatus"
76422,Loudspeakers mounted,323,"TV, radio and recording apparatus"
76423,Loudspeakers unmounted,323,"TV, radio and recording apparatus"
76424,Headphones/earphones/etc,323,"TV, radio and recording apparatus"
76425,Audio freq amplifiers,323,"TV, radio and recording apparatus"
76426,Elec sound amplifier set,323,"TV, radio and recording apparatus"
76481,Radio recep equip nes,323,"TV, radio and recording apparatus"
76492,Sound reprod equip parts,323,"TV, radio and recording apparatus"
76493,Telecomm equipmt pts nes,323,"TV, radio and recording apparatus"
76499,Parts etc of sound equip,323,"TV, radio and recording apparatus"
74183,Medical/lab sterilizers,331,Medical equipment
77411,Electro-cardiographs,331,Medical equipment
77412,Electro-diag equip nes,331,Medical equipment
77413,Ultra-v/infra-red appar.,331,Medical equipment
77421,X-ray apparatus,331,Medical equipment
77422,Alpha/beta/etc ray app.,331,Medical equipment
77423,X-ray tubes,331,Medical equipment
77429,X-ray etc parts/access.,331,Medical equipment
87211,Dental drills,331,Medical equipment
87219,Dental instruments nes,331,Medical equipment
87221,Syringes/catheters/etc,331,Medical equipment
87225,Ophthalmic instruments,331,Medical equipment
87229,Oth medical instruments,331,Medical equipment
87231,M-t/massage/apt test app,331,Medical equipment
87233,Therap respiration appar,331,Medical equipment
87235,Breathing appliances nes,331,Medical equipment
8724,"Medical furniture,parts",331,Medical equipment
89961,Hearing aids,331,Medical equipment
89963,Orthopaedic/fracture app,331,Medical equipment
89965,Artificial teeth/filling,331,Medical equipment
89966,Artific body parts nes,331,Medical equipment
89967,Heart pacemakers/etc,331,Medical equipment
89969,Orthopaedic applince nes,331,Medical equipment
76483,Radar apparatus etc,332,"Instruments for measuring, checking, testing, navigating"
87131,Electron/etc diffrac equ,332,"Instruments for measuring, checking, testing, navigating"
87139,Electron/etc diffr parts,332,"Instruments for measuring, checking, testing, navigating"
87311,Gas meters,332,"Instruments for measuring, checking, testing, navigating"
87313,Liquid meters,332,"Instruments for measuring, checking, testing, navigating"
87315,Electricity meters,332,"Instruments for measuring, checking, testing, navigating"
87319,Gas/liq/elec meter parts,332,"Instruments for measuring, checking, testing, navigating"
87321,Counting devices,332,"Instruments for measuring, checking, testing, navigating"
87325,Speed etc indicators,332,"Instruments for measuring, checking, testing, navigating"
87329,Meter/counter parts/acc.,332,"Instruments for measuring, checking, testing, navigating"
8740,  UN Special Code,332,"Instruments for measuring, checking, testing, navigating"
87411,Navigation instruments,332,"Instruments for measuring, checking, testing, navigating"
87412,Navigation inst part/acc,332,"Instruments for measuring, checking, testing, navigating"
87413,Survey instruments,332,"Instruments for measuring, checking, testing, navigating"
87414,Survey instr parts/acc.,332,"Instruments for measuring, checking, testing, navigating"
87422,Drafting/drawing equipmt,332,"Instruments for measuring, checking, testing, navigating"
87423,Length measuring equipmt,332,"Instruments for measuring, checking, testing, navigating"
87424,Pts nes of inst of 8742,332,"Instruments for measuring, checking, testing, navigating"
87425,Measure/check instr nes,332,"Instruments for measuring, checking, testing, navigating"
87426,Meas/check instr part/ac,332,"Instruments for measuring, checking, testing, navigating"
87431,Liquid flow/level gauges,332,"Instruments for measuring, checking, testing, navigating"
87435,Pressure gauges etc,332,"Instruments for measuring, checking, testing, navigating"
87437,Fluid instruments nes,332,"Instruments for measuring, checking, testing, navigating"
87439,Fluid instrum parts/acc,332,"Instruments for measuring, checking, testing, navigating"
87441,Gas/smoke analysis appar,332,"Instruments for measuring, checking, testing, navigating"
87442,Chromatog/electrophe app,332,"Instruments for measuring, checking, testing, navigating"
87443,Spectrometers etc,332,"Instruments for measuring, checking, testing, navigating"
87444,Exposure meters,332,"Instruments for measuring, checking, testing, navigating"
87445,Optical scient instr nes,332,"Instruments for measuring, checking, testing, navigating"
87446,Phys/chem analys app nes,332,"Instruments for measuring, checking, testing, navigating"
87449,Phys/chem anal parts/acc,332,"Instruments for measuring, checking, testing, navigating"
87451,Balances sensetivity>5cg,332,"Instruments for measuring, checking, testing, navigating"
87453,Mechanical testing equip,332,"Instruments for measuring, checking, testing, navigating"
87454,Mech tester parts/accs,332,"Instruments for measuring, checking, testing, navigating"
87455,Thermo-/hydro-meters etc,332,"Instruments for measuring, checking, testing, navigating"
87456,Thermometer etc part/acc,332,"Instruments for measuring, checking, testing, navigating"
87461,Thermostats,332,"Instruments for measuring, checking, testing, navigating"
87463,Pressure regulators/etc,332,"Instruments for measuring, checking, testing, navigating"
87465,Regulate/contrl inst nes,332,"Instruments for measuring, checking, testing, navigating"
87469,Regul/cntrl inst part/ac,332,"Instruments for measuring, checking, testing, navigating"
87471,Radiation detectors etc,332,"Instruments for measuring, checking, testing, navigating"
87473,Oscilloscopes etc,332,"Instruments for measuring, checking, testing, navigating"
87475,Non-record elect meters,332,"Instruments for measuring, checking, testing, navigating"
87477,Telecomms test meters,332,"Instruments for measuring, checking, testing, navigating"
87478,Electrical meters nes,332,"Instruments for measuring, checking, testing, navigating"
87479,Elec/rad meter parts/acc,332,"Instruments for measuring, checking, testing, navigating"
8749,Instrument part/acc nes,332,"Instruments for measuring, checking, testing, navigating"
8710,  UN Special Code,334,Optical instruments and photographic equipment
87111,Binoculars,334,Optical instruments and photographic equipment
87115,Optical telescopes etc,334,Optical instruments and photographic equipment
87119,Binoc/telescope part/acc,334,Optical instruments and photographic equipment
87140,  UN Special Code,334,Optical instruments and photographic equipment
87141,Microscopes stereoscopic,334,Optical instruments and photographic equipment
87143,Microscope photo/proj/et,334,Optical instruments and photographic equipment
87145,Microscopes nes,334,Optical instruments and photographic equipment
87149,Microscopes parts/access,334,Optical instruments and photographic equipment
87191,Telescopic sights/etc,334,Optical instruments and photographic equipment
87192,Lasers exc laser diodes,334,Optical instruments and photographic equipment
87193,Optical instruments nes,334,Optical instruments and photographic equipment
87199,Parts/access for 8719,334,Optical instruments and photographic equipment
88111,Still cameras,334,Optical instruments and photographic equipment
88113,Photo flashlight equipmt,334,Optical instruments and photographic equipment
88114,Camera parts/accessories,334,Optical instruments and photographic equipment
88115,Flashlight parts/access,334,Optical instruments and photographic equipment
88121,Movie cameras,334,Optical instruments and photographic equipment
88122,Movie projectors,334,Optical instruments and photographic equipment
88123,Movie camera parts/acc.,334,Optical instruments and photographic equipment
88124,Movie projector part/acc,334,Optical instruments and photographic equipment
88131,Microfilm/etc readers,334,Optical instruments and photographic equipment
88132,Image projectors nes,334,Optical instruments and photographic equipment
88133,Photo enlargers/reducers,334,Optical instruments and photographic equipment
88134,Photo equip nes part/acc,334,Optical instruments and photographic equipment
88135,Photo/cine lab equip nes,334,Optical instruments and photographic equipment
88136,"Photo,cine lab equip ne",334,Optical instruments and photographic equipment
88411,Contact lenses,334,Optical instruments and photographic equipment
88415,Glass spectacle lenses,334,Optical instruments and photographic equipment
88417,Spectacle lenses nes,334,Optical instruments and photographic equipment
88419,Optical fibres/plates,334,Optical instruments and photographic equipment
88421,Spectacle frames,334,Optical instruments and photographic equipment
88422,Spectacle frame parts,334,Optical instruments and photographic equipment
88423,Spectacles etc corective,334,Optical instruments and photographic equipment
88431,Camera/etc objectiv lens,334,Optical instruments and photographic equipment
88432,Objective lenses nes,334,Optical instruments and photographic equipment
88433,Optical filters,334,Optical instruments and photographic equipment
88439,Mounted opt elements nes,334,Optical instruments and photographic equipment
8850,  UN Special Code,335,Watches and clocks
88531,"Watches,battery,prec mtl",335,Watches and clocks
88532,Watches nes prec metal,335,Watches and clocks
88539,Pocket/etc watch pre mtl,335,Watches and clocks
88541,Wrist watces nes battery,335,Watches and clocks
88542,Wrist watches nes,335,Watches and clocks
88549,Pocket/etc watches nes,335,Watches and clocks
88551,Watch movements battery,335,Watches and clocks
88552,Watch movements nes,335,Watches and clocks
88571,Instr panel clocks/etc,335,Watches and clocks
88572,Clocks with watch mvmnt,335,Watches and clocks
88573,Clocks with watch mvmnt,335,Watches and clocks
88574,Electric alarm clocks,335,Watches and clocks
88575,Alarm clocks non-electrc,335,Watches and clocks
88576,Wall clocks electric,335,Watches and clocks
88577,Wall clocks non-electric,335,Watches and clocks
88578,Clocks nes electric,335,Watches and clocks
88579,Clocks nes,335,Watches and clocks
88591,"Watch cases,case parts",335,Watches and clocks
88592,Watch straps/bands metal,335,Watches and clocks
88594,Time recording apparatus,335,Watches and clocks
88595,Time switches,335,Watches and clocks
88596,"Clock movements,assembld",335,Watches and clocks
88597,"Clock cases,case parts",335,Watches and clocks
88598,Clock/watch mmnts unass,335,Watches and clocks
88599,Clock/watch parts nes,335,Watches and clocks
71321,Recip piston engs<1000cc,341,Motor vehicles
71322,Recip piston engs>1000cc,341,Motor vehicles
71323,Diesel etc engines,341,Motor vehicles
7811,Snow/golf motor buggies,341,Motor vehicles
7812,Pass motor veh exc buses,341,Motor vehicles
78211,"Dumpers, off-highway use",341,Motor vehicles
78219,Goods transp vehicle nes,341,Motor vehicles
78221,Crane lorries,341,Motor vehicles
78223,Mobile drilling derricks,341,Motor vehicles
78225,Fire fighting vehicles,341,Motor vehicles
78227,Concrete mixer trucks,341,Motor vehicles
78229,Special motor vehcls ne,341,Motor vehicles
78311,Diesel buses,341,Motor vehicles
78319,Buses etc nes,341,Motor vehicles
7832,Semi-trailer tractors,341,Motor vehicles
7841,Motor veh chassis+engine,341,Motor vehicles
78421,Motor car bodies,342,"Bodies for motor vehicles, trailers"
78425,Motor vehicle bodies nes,342,"Bodies for motor vehicles, trailers"
7861,Housing/camping trailer,342,"Bodies for motor vehicles, trailers"
78622,Tanker trailers/semi-,342,"Bodies for motor vehicles, trailers"
78629,Other goods trailers,342,"Bodies for motor vehicles, trailers"
7863,"Containers,goods transpt",342,"Bodies for motor vehicles, trailers"
78683,Trailer/semi-trailer nes,342,"Bodies for motor vehicles, trailers"
78689,Trailer/semi-trailer pts,342,"Bodies for motor vehicles, trailers"
71391,Parts nes spark-ign engs,343,Parts and accessories for motor vehicles
71392,Parts nes diesel engines,343,Parts and accessories for motor vehicles
78431,Motor vehicle bumpers,343,Parts and accessories for motor vehicles
78432,Motor veh body parts nes,343,Parts and accessories for motor vehicles
78433,Motor vehicle brake/part,343,Parts and accessories for motor vehicles
78434,Motor vehicle gear boxes,343,Parts and accessories for motor vehicles
78435,Motor veh drive axle etc,343,Parts and accessories for motor vehicles
78436,Mot veh non-drive axles,343,Parts and accessories for motor vehicles
78439,Other motor vehcl parts,343,Parts and accessories for motor vehicles
79311,Inflatable boats,351,Ships and boats
79312,Sailboats nes,351,Ships and boats
79319,Rowing boats/canoes/etc,351,Ships and boats
79322,Tanker ships/boats,351,Ships and boats
79324,Fishing vessels etc,351,Ships and boats
79326,Refrigerated ships/boats,351,Ships and boats
79327,Other cargo ships/boats,351,Ships and boats
79328,Passenger ships/boats,351,Ships and boats
79329,"Warships, lifeboats",351,Ships and boats
7933,Vessels for breaking up,351,Ships and boats
79351,Dredgers,351,Ships and boats
79355,Float/sub drill/etc plat,351,Ships and boats
79359,Light/fire/crane vessels,351,Ships and boats
7937,Tugs and pusher craft,351,Ships and boats
79391,Inflatable rafts,351,Ships and boats
79399,Floating structures nes,351,Ships and boats
79111,Locomotives-ext electric,352,Railway locomotives and rolling stock
79115,Locomotives-int electric,352,Railway locomotives and rolling stock
79121,Diesel-elect locomotives,352,Railway locomotives and rolling stock
79129,Rail locomotive/tend nes,352,Railway locomotives and rolling stock
7916,Rail/tram self-prop nes,352,Railway locomotives and rolling stock
7917,Rail/tram pass coach etc,352,Railway locomotives and rolling stock
79181,Rail/tram service vehics,352,Railway locomotives and rolling stock
79182,Rail/tram goods wagons,352,Railway locomotives and rolling stock
79191,Rail/air/etc signals/etc,352,Railway locomotives and rolling stock
79199,Rail/tram parts nes,352,Railway locomotives and rolling stock
71311,Aircraft piston engines,353,Aircraft and spacecraft
71319,Pts nes a/c piston engs,353,Aircraft and spacecraft
71441,Turbo-jets,353,Aircraft and spacecraft
71449,Reaction engines nes,353,Aircraft and spacecraft
71481,Turbo-propellers,353,Aircraft and spacecraft
71491,Parts nes turbo-jet/prop,353,Aircraft and spacecraft
79211,Helicopters >2000kg,353,Aircraft and spacecraft
79215,Helicopters <2000kg,353,Aircraft and spacecraft
7922,Aircrft nes <2000kg,353,Aircraft and spacecraft
7923,Aircrft nes 2001-15000kg,353,Aircraft and spacecraft
7924,Aircrft nes over 15000kg,353,Aircraft and spacecraft
7925,Spacecraft/satellites,353,Aircraft and spacecraft
79281,Gliders/hang gliders,353,Aircraft and spacecraft
79282,Balloons/dirigibles,353,Aircraft and spacecraft
79283,Aircraft launchers etc,353,Aircraft and spacecraft
79291,Aircraft props/rotors,353,Aircraft and spacecraft
79293,Aircraft under-carriages,353,Aircraft and spacecraft
79295,Aircraft/helic parts nes,353,Aircraft and spacecraft
79297,Air/space craft part nes,353,Aircraft and spacecraft
78511,Motorcycles etc i/c<50cc,354,Motorcycles and bicycles
78513,Motorcycles etc 50-250cc,354,Motorcycles and bicycles
78515,Motorcycles et 250-500cc,354,Motorcycles and bicycles
78516,Motorcycles et 500-800cc,354,Motorcycles and bicycles
78517,Motorcycles etc >800cc,354,Motorcycles and bicycles
78519,Motorcycles etc nes,354,Motorcycles and bicycles
7852,Cycles not motorized,354,Motorcycles and bicycles
78531,Invalid carriages,354,Motorcycles and bicycles
78535,Parts/access motorcycles,354,Motorcycles and bicycles
78536,Parts/acces inv carriage,354,Motorcycles and bicycles
78537,"Parts,acces cycles etc",354,Motorcycles and bicycles
78685,Non-motor vehicles nes,355,Other transport equipment n. e. c.
82111,Aircraft seats,361,Furniture
82112,Motor vehicle seats,361,Furniture
82113,Bamboo/etc seats/chairs,361,Furniture
82114,Office type adjust seats,361,Furniture
82115,Sofa-beds/chair-beds,361,Furniture
82116,"Seats nes, wood frames",361,Furniture
82117,"Seats nes, metal frame",361,Furniture
82118,Chairs/seats nes,361,Furniture
82119,Parts of chairs/seats,361,Furniture
82121,Mattresses supports,361,Furniture
82123,Mattress rubber/plastic,361,Furniture
82125,Mattresses other mater.,361,Furniture
82131,Metal office furniture,361,Furniture
82139,Metal furniture nes,361,Furniture
82151,Wood office furniture,361,Furniture
82153,Wood kitchen furniture,361,Furniture
82155,Wood bedroom furniture,361,Furniture
82159,Wood furniture nes,361,Furniture
82171,Plastic furniture,361,Furniture
82179,Bamboo furniture,361,Furniture
8218,Furniture parts,361,Furniture
27719,"Indust diamonds,worked",362,Jewellery and related articles
27721,Dust and powder of gems,362,Jewellery and related articles
66713,Pearls cultured worked,362,Jewellery and related articles
66729,"Diamonds,worked,unmountd",362,Jewellery and related articles
66739,Prec/semi-p stone worked,362,Jewellery and related articles
66749,Synth jewels nes unset,362,Jewellery and related articles
89731,Prec mtal jewellery/clad,362,Jewellery and related articles
89732,"Gold,silver,etc ware",362,Jewellery and related articles
89733,Pearl/prec stone articls,362,Jewellery and related articles
89741,Platinum catalyst equip.,362,Jewellery and related articles
89749,Prec mtl articles nes,362,Jewellery and related articles
9610,Coin nongold non current,362,Jewellery and related articles
8980,  UN Special Code,363,Musical instruments
89813,Pianos/harpsichords/etc,363,Musical instruments
89815,Guitars/violins/harp/etc,363,Musical instruments
89821,Pipe and reed organs,363,Musical instruments
89822,Accordion/mouth organ/..,363,Musical instruments
89823,Wind musical instr nes,363,Musical instruments
89824,Percussion musical instr,363,Musical instruments
89825,Elec keyboard instrumnts,363,Musical instruments
89826,Electric instruments nes,363,Musical instruments
89829,Music iinstruments nes,363,Musical instruments
8989,Musical instr parts/acc.,363,Musical instruments
8940,  UN Special Code,364,Sports goods
89471,Fishng/huntng equip nes,364,Sports goods
89472,Ice/roller skates,364,Sports goods
89473,Snow-ski equipment,364,Sports goods
89474,Water skis/surf brds etc,364,Sports goods
89475,Golf equipment,364,Sports goods
89476,Tennis/etc rackets,364,Sports goods
89477,Sports gloves etc.,364,Sports goods
89478,Gymnasium/etc equipment,364,Sports goods
89479,Sports goods nes,364,Sports goods
89421,Large size wheeled toys,365,Games and toys
89422,Dolls,365,Games and toys
89423,Doll parts/accessories,365,Games and toys
89424,Construction toys,365,Games and toys
89425,Toy animals/etc,365,Games and toys
89426,Toys musical instruments,365,Games and toys
89427,Toy puzzles,365,Games and toys
89429,Toys nes,365,Games and toys
89431,Video (tv) games,365,Games and toys
89433,Billiards equipment,365,Games and toys
89435,Coin operated games,365,Games and toys
89437,Playing cards,365,Games and toys
89439,Funfair/table/.. game eq,365,Games and toys
65912,Linoleum etc textil back,366,Miscellaneous manufacturing n. e. c.
87452,Demonstration apparatus,366,Miscellaneous manufacturing n. e. c.
8941,"Baby carriages,parts nes",366,Miscellaneous manufacturing n. e. c.
89445,Xmas decorations etc,366,Miscellaneous manufacturing n. e. c.
89449,Entertainment artics nes,366,Miscellaneous manufacturing n. e. c.
8946,Fairs/circus/theatre etc,366,Miscellaneous manufacturing n. e. c.
89521,Pens of all kinds,366,Miscellaneous manufacturing n. e. c.
89522,"Pen nibs,nib points",366,Miscellaneous manufacturing n. e. c.
89523,Pencils/crayons/chalks,366,Miscellaneous manufacturing n. e. c.
89592,Slates for writing,366,Miscellaneous manufacturing n. e. c.
89593,Hand date etc stamps,366,Miscellaneous manufacturing n. e. c.
89594,"Typewrtr ribbon,ink pad",366,Miscellaneous manufacturing n. e. c.
89721,Base metal imit jewelery,366,Miscellaneous manufacturing n. e. c.
89729,Imitation jewellery nes,366,Miscellaneous manufacturing n. e. c.
8990,  UN Special Code,366,Miscellaneous manufacturing n. e. c.
89911,Animal mater carving etc,366,Miscellaneous manufacturing n. e. c.
89919,"Moulded,carved goods nes",366,Miscellaneous manufacturing n. e. c.
89921,"Artif flower/fruit,plast",366,Miscellaneous manufacturing n. e. c.
89929,Artif flower/fruit nes,366,Miscellaneous manufacturing n. e. c.
89930,  UN Special Code,366,Miscellaneous manufacturing n. e. c.
89931,Candles/tapers/etc,366,Miscellaneous manufacturing n. e. c.
89932,Matches,366,Miscellaneous manufacturing n. e. c.
89933,Cigarette/etc lighters,366,Miscellaneous manufacturing n. e. c.
89934,Cig lighter fuels <300cc,366,Miscellaneous manufacturing n. e. c.
89935,Cig lighter parts/access,366,Miscellaneous manufacturing n. e. c.
89936,Unfinished smoking pipes,366,Miscellaneous manufacturing n. e. c.
89937,Smoking pipes and parts,366,Miscellaneous manufacturing n. e. c.
89939,Combustible products nes,366,Miscellaneous manufacturing n. e. c.
89941,Umbrellas/sunshades/etc,366,Miscellaneous manufacturing n. e. c.
89942,Canes/riding-crops/etc,366,Miscellaneous manufacturing n. e. c.
89949,Parts nes umbrella/canes,366,Miscellaneous manufacturing n. e. c.
89972,Brushes/brooms/mops etc,366,Miscellaneous manufacturing n. e. c.
89981,Hand sieves and riddles,366,Miscellaneous manufacturing n. e. c.
89982,"Powder-puffs,etc",366,Miscellaneous manufacturing n. e. c.
89983,Buttons/studs/snaps/etc,366,Miscellaneous manufacturing n. e. c.
89984,Button moulds/parts,366,Miscellaneous manufacturing n. e. c.
89985,Slide fasteners,366,Miscellaneous manufacturing n. e. c.
89986,Slide fastener parts,366,Miscellaneous manufacturing n. e. c.
89987,Scent etc toilet sprays,366,Miscellaneous manufacturing n. e. c.
89988,Tailors/shop dummies,366,Miscellaneous manufacturing n. e. c.
89989,Combs/hair-slides/etc,366,Miscellaneous manufacturing n. e. c.
89991,Articles of gut/etc,366,Miscellaneous manufacturing n. e. c.
89992,Feather/etc goods nes,366,Miscellaneous manufacturing n. e. c.
89994,Wig making materials,366,Miscellaneous manufacturing n. e. c.
89995,"Wigs/false beards,etc",366,Miscellaneous manufacturing n. e. c.
89997,Vacuum flasks/etc,366,Miscellaneous manufacturing n. e. c.
3510,Electrical energy,401,Production and distribution of electricity
52517,Spent nucl fuel elements,401,Production and distribution of electricity
3450,Coal gas/water gas/etc,402,Manuacture of gas; distribution of gaseous fuels through mains
89879,Recorded media nes,722,Software consultancy and supply
89282,"Plans,etc not printed",742,Architectural and engineering activities and related technical consultancy
8825,Photo film/plates undevd,748,Miscellaneous business activities n.e.c.
8826,Still photo film devlopd,748,Miscellaneous business activities n.e.c.
8831,Developed cine film 35mm,921,Motion picture and video activities
8839,Developed cine film nes,921,Motion picture and video activities
89867,Recorded tapes w>6.5mm,921,Motion picture and video activities
89879,Recorded media nes,921,Motion picture and video activities
89611,Paintings/drawngs/pastel,923,Other entertainment activities
89612,Collages/decor plaques,923,Other entertainment activities
8962,Original prints etc,923,Other entertainment activities
8963,Original sculpture etc,923,Other entertainment activities
8964,Stamps for philately,923,Other entertainment activities
8965,Coins/nature collections,923,Other entertainment activities
8966,Antiques over 100 years,923,Other entertainment activities
29191,"Human hair,unworked,etc",930,Other service activities
