HS 2007 Product Code,HS 2007 Product Description,CCCN Product Code,CCCN Product Description
010110,Live horses/asses/mules/hinnies: pure-bred breeding animals,0101,"Live horses, asses, mules and hinnies"
010190,Live horses/asses/mules/hinnies other than pure-bred breeding animals,0101,"Live horses, asses, mules and hinnies"
010210,Live bovine animals: pure-bred breeding animals,0102A,"Bovine species,live -- pure bred for breeding"
010290,Live bovine animals other than pure-bred breeding animals,0102B,"Bovine species,live -- othr than for breeding"
010310,Live swine: pure-bred breeding animals,0103,Live swine
010391,"Live swine other than pure-bred breeding animals, weighing < 50kg",0103,Live swine
010392,"Live swine other than pure-bred breeding animals, weighing 50kg/more",0103,Live swine
010410,Live sheep,0104A,"Sheep,live"
010420,Live goats,0104B,"Goats,live"
010511,"Live fowls of species Gallus domesticus, weighing not >185g",0105A,Live poultry less 185 gr
010512,"Live turkeys, weighing not >185g",0105A,Live poultry less 185 gr
010519,"Live ducks/geese/guinea fowls, weighing not >185g",0105A,Live poultry less 185 gr
010594,"Live fowls of species Gallus domesticus, weighing > 185g",0105B,Live poultry over 185 gr
010599,"Live ducks/geese/turkeys/guinea fowls, weighing >185g",0105B,Live poultry over 185 gr
010611,Live primates,0106B,"Zoo animals,pets"
010612,Live whales/dolphins & porpoises (order Cetacea)/manatees & dugongs (order Sirenia),0106B,"Zoo animals,pets"
010619,"Live mammals, n.e.s.",0106B,"Zoo animals,pets"
010620,"Live reptiles, incl. snakes & turtles",0106B,"Zoo animals,pets"
010631,Live birds of prey,0106B,"Zoo animals,pets"
010632,"Live birds (order Psittaciformes), incl. parrots/parakeets/macaws/cockatoos",0106B,"Zoo animals,pets"
010639,Live birds (excl. of 0106.31 & 0106.32),0106B,"Zoo animals,pets"
010690,"Live animals, n.e.s.",0106B,"Zoo animals,pets"
020110,"Carcasses/half-carcasses of bovine animals, fresh/chilled",0201A,Bovine meat with bone in
020120,"Meat of bovine animals, fresh/chilled (excl. of 0201.10), bone-in",0201A,Bovine meat with bone in
020130,"Meat of bovine animals, fresh/chilled, boneless",0201B,Bovine meat boneless
020210,"Carcasses/half-carcasses of bovine animals, frozen",0201A,Bovine meat with bone in
020220,"Meat of bovine animals, frozen (excl. of 0202.10), bone-in",0201A,Bovine meat with bone in
020230,"Meat of bovine animals, frozen, boneless",0201B,Bovine meat boneless
020311,"Carcasses/half-carcasses of swine, fresh/chilled",0201D,"Pig meat fresh,chilled,frozen"
020312,"Hams, shoulders & cuts thereof , fresh/chilled, bone-in",0201D,"Pig meat fresh,chilled,frozen"
020319,"Meat of swine (excl. carcasses/half-carcasses/hams/shoulders & cuts thereof ), fresh/chilled",0201D,"Pig meat fresh,chilled,frozen"
020321,"Carcasses/half-carcasses of swine, frozen",0201D,"Pig meat fresh,chilled,frozen"
020322,"Hams, shoulders & cuts thereof , frozen, bone-in",0201D,"Pig meat fresh,chilled,frozen"
020329,"Meat of swine (excl. carcasses/half-carcasses/hams/shoulders & cuts thereof ), froxen",0201D,"Pig meat fresh,chilled,frozen"
020410,"Carcasses/half-carcasses of lamb, fresh/chilled",0201C,"Mutton etc fresh,chilled,frozen"
020421,"Carcasses/half-carcasses of sheep (excl. lamb), fresh/chilled",0201C,"Mutton etc fresh,chilled,frozen"
020422,"Meat of sheep (excl. lamb & carcasses), fresh/chilled, bone-in",0201C,"Mutton etc fresh,chilled,frozen"
020423,"Meat of sheep (excl. lamb), fresh/chilled, boneless",0201C,"Mutton etc fresh,chilled,frozen"
020430,"Carcasses/half-carcasses of lamb, frozen",0201C,"Mutton etc fresh,chilled,frozen"
020441,"Carcasses/half-carcasses of sheep (excl. lamb), frozen",0201C,"Mutton etc fresh,chilled,frozen"
020442,"Meat of sheep (excl. lamb & carcasses), frozen, bone-in",0201C,"Mutton etc fresh,chilled,frozen"
020443,"Meat of sheep (excl. lamb), frozen, boneless",0201C,"Mutton etc fresh,chilled,frozen"
020450,"Meat of goats, fresh/chilled/frozen",0201C,"Mutton etc fresh,chilled,frozen"
020500,"Meat of horses/asses/mules/hinnies, fresh/chilled/frozen",0201E,"Horse meat fresh,chilled,frozen"
020610,"Edible offal of bovine animals, fresh/chilled",0201F,"Edible offal fresh,chilled,frozen"
020621,"Tongues of bovine animals, frozen",0201F,"Edible offal fresh,chilled,frozen"
020622,"Livers of bovine animals, frozen",0201F,"Edible offal fresh,chilled,frozen"
020629,"Edible offal of bovine animals (excl. tongues & livers), frozen",0201F,"Edible offal fresh,chilled,frozen"
020630,"Edible offal of swine, fresh/chilled",0201F,"Edible offal fresh,chilled,frozen"
020641,"Livers of swine, frozen",0201F,"Edible offal fresh,chilled,frozen"
020649,"Edible offal of swine (excl. liver), frozen",0201F,"Edible offal fresh,chilled,frozen"
020680,"Edible offal, n.e.s., fresh/chilled",0201F,"Edible offal fresh,chilled,frozen"
020690,"Edible offal, n.e.s., frozen",0201F,"Edible offal fresh,chilled,frozen"
020711,"Meat of fowls of species Gallus domesticus, not cut in pieces, fresh/chilled",0202,"Poultry fresh,chilled,frozen"
020712,"Meat of fowls of species Gallus domesticus, not cut in pieces, frozen",0202,"Poultry fresh,chilled,frozen"
020713,"Cuts & edible offal of species Gallus domesticus, fresh/chilled",0202,"Poultry fresh,chilled,frozen"
020714,"Cuts & edible offal of species Gallus domesticus, frozen",0202,"Poultry fresh,chilled,frozen"
020724,"Meat of turkeys, not cut in pieces, fresh/chilled",0202,"Poultry fresh,chilled,frozen"
020725,"Meat of turkeys, not cut in pieces, frozen",0202,"Poultry fresh,chilled,frozen"
020726,"Cuts & edible offal of turkey, fresh/chilled",0202,"Poultry fresh,chilled,frozen"
020727,"Cuts & edible offal of turkey, frozen",0202,"Poultry fresh,chilled,frozen"
020732,"Meat of ducks/geese/guinea fowls, not cut in pieces, fresh/chilled",0202,"Poultry fresh,chilled,frozen"
020733,"Meat of ducks/geese/guinea fowls, not cut in pieces, frozen",0202,"Poultry fresh,chilled,frozen"
020734,"Fatty livers of ducks/geese/guinea fowls, fresh/chilled",0203,"Poultry liver fresh,etc"
020735,"Meat & edible meat offal of ducks/geese/guinea fowls (excl. of 0207.32-0207.34), fresh/chilled",0202,"Poultry fresh,chilled,frozen"
020736,"Meat & edible meat offal of ducks/geese/guinea fowls (excl. of 0207.32-0207.34), frozen",0202,"Poultry fresh,chilled,frozen"
020810,"Meat & edible meat offal of rabbits/hares, fresh/chilled/frozen",0204,"Other meat nes fresh,etc"
020830,"Meat & edible meat offal of primates, fresh/chilled/frozen",0204,"Other meat nes fresh,etc"
020840,"Meat & edible offal of whales, dolphins & porpoises (order Cetacea); of manatees & dugongs (order Sirenia), fresh/chilled/frozen",0204,"Other meat nes fresh,etc"
020850,"Meat & edible offal of reptiles, incl. snakes & turtles, fresh/chilled/frozen",0204,"Other meat nes fresh,etc"
020890,"Meat&edible meat offal, n.e.s., fresh/chilled/frozen",0204,"Other meat nes fresh,etc"
020900,"Pig fat (free of lean meat) & poultry fat (not rendered/othw. extracted), fresh/chilled/frozen/salted/in brine/dried/smoked",0205,"Pig,poultry fat not rendered"
021011,"Hams, shoulders & cuts thereof , of swine, salted/in brine/dried/smoked, bone-in",0206A,"Pig meat dried,salted,smoked"
021012,"Bellies (streaky) & cuts thereof , of swine, salted/in brine/dried/smoked",0206A,"Pig meat dried,salted,smoked"
021019,"Meat of swine (excl. hams/shoulders & cuts thereof & bellies (streaky) & cuts thereof ), salted/in brine/dried/smoked",0206A,"Pig meat dried,salted,smoked"
021020,"Meat of bovine animals, salted/in brine/dried/smoked",0206B,"Meat nes dried,salted,smoked"
021091,"Meat & edible meat offal of primates, salted/in brine/dried/smoked, incl. edible flours/meals",1602,"Other prepared,presrved meat"
021092,"Meat & edible meat offal of whales/dolphins/porpoises (order Cetacea)/manatees & dugongs (order Sirenia), salted/in brine/dried/smoked, incl. edible flours/meals",1602,"Other prepared,presrved meat"
021093,"Meat & edible meat offal of reptiles, incl. snakes & turtles, salted/in brine/dried/smoked, incl. edible flours/meals",1602,"Other prepared,presrved meat"
021099,"Meat & edible meat offal, n.e.s., salted/in brine/dried/smoked, incl. edible flours/meals",1602,"Other prepared,presrved meat"
030110,Live ornamental fish,0301A,"Fish fresh,chilled,excluding fillets"
030191,"Live trout (Salmo trutta, Oncorhynchus mykiss/clarki/aguabonita/gilae/apache/chrysogaster)",0301A,"Fish fresh,chilled,excluding fillets"
030192,Live eels (Anguilla spp.),0301A,"Fish fresh,chilled,excluding fillets"
030193,Live carp,0301A,"Fish fresh,chilled,excluding fillets"
030194,Live bluefin tunas (Thunnus thynnus),0301A,"Fish fresh,chilled,excluding fillets"
030195,Live southern bluefin tunas (Thunnus maccoyii),0301A,"Fish fresh,chilled,excluding fillets"
030199,"Live fish(excl. of 0301.10-0301.95),n.e.s.",0301A,"Fish fresh,chilled,excluding fillets"
030211,"Trout (Salmo trutta, Oncorhynchus mykiss/clarki/aguabonita/gilae/apache/chrysogaster), fresh/chilled (excl. fillets/other fish meat of 03.04/livers & roes)",0301A,"Fish fresh,chilled,excluding fillets"
030212,"Pacific salmon/Atlantic salmon/Danube salmon [see list of conventions for species incld.], fresh/chilled (excl. fillets/other fish meat of 03.04/livers & roes)",0301A,"Fish fresh,chilled,excluding fillets"
030219,"Salmonidae (excl. of 0302.11 & 0302.12; excl. fillets/other fish meat of 03.04/livers & roes), fresh/chilled",0301A,"Fish fresh,chilled,excluding fillets"
030221,"Halibut (Reinhardtius hippoglossoides, Hippoglossus hippoglossus/stenolepis), fresh/chilled (excl. fillets/other fish meat of 03.04/livers & roes)",0301A,"Fish fresh,chilled,excluding fillets"
030222,"Plaice (Pleuronectes platessa), fresh/chilled (excl. fillets/other fish meat of 03.04/livers & roes)",0301A,"Fish fresh,chilled,excluding fillets"
030223,"Sole (Solea spp.), fresh/chilled (excl. fillets/other fish meat of 03.04/livers & roes)",0301A,"Fish fresh,chilled,excluding fillets"
030229,"Flat fish (excl. of 0302.21-0302.23) [see list of conventions for species incld.], fresh/chilled (excl. fillets/other fish meat of 03.04/livers & roes)",0301A,"Fish fresh,chilled,excluding fillets"
030231,"Albacore/longfinned tunas (Thunnus alalunga), fresh/chilled (excl. fillets/other fish meat of 03.04/livers & roes)",0301A,"Fish fresh,chilled,excluding fillets"
030232,"Yellowfin tunas (Thunnus albacares), fresh/chilled (excl. fillets/other fish meat of 03.04/livers & roes)",0301A,"Fish fresh,chilled,excluding fillets"
030233,"Skipjack/stripe-bellied bonito (Euthynnus (Katsuwonus) pelamis), fresh/chilled (excl. fillets/other fish meat of 03.04/livers & roes)",0301A,"Fish fresh,chilled,excluding fillets"
030234,"Bigeye tunas (Thunnus obesus), fresh/chilled (excl. fillets/other fish meat of 03.04/livers & roes)",0301A,"Fish fresh,chilled,excluding fillets"
030235,"Bluefin tunas (Thunnus thynnus), fresh/chilled (excl. fillets/other fish meat of 03.04/livers & roes)",0301A,"Fish fresh,chilled,excluding fillets"
030236,"Southern bluefin tunas (Thunnus maccoyii), fresh/chilled (excl. fillets/other fish meat of 03.04/livers & roes)",0301A,"Fish fresh,chilled,excluding fillets"
030239,"Tunas, skipjack & bonito (excl. of 0302.31-0302.36), fresh/chilled (excl. fillets/other fish meat of 03.04/livers & roes)",0301A,"Fish fresh,chilled,excluding fillets"
030240,"Herrings (Clupea harengus/pallasii), fresh/chilled (excl. fillets/other fish meat of 03.04/livers & roes)",0301A,"Fish fresh,chilled,excluding fillets"
030250,"Cod (Gadus morhua/ogac/macrocephalus), fresh/chilled (excl. fillets/other fish meat of 03.04/livers & roes)",0301A,"Fish fresh,chilled,excluding fillets"
030261,"Sardines (Sardina pilchardus, Sardinops spp.)/sardinella (Sardinella spp.)/brisling/sprats (Sprattus sprattus), fresh/chilled (excl. fillets/other fish meat of 03.04/livers/roes)",0301A,"Fish fresh,chilled,excluding fillets"
030262,"Haddock (Melanogrammus aeglefinus), fresh/chilled (excl. fillets/other fish meat of 03.04/livers & roes)",0301A,"Fish fresh,chilled,excluding fillets"
030263,"Coalfish (Pollachius virens), fresh/chilled (excl. fillets/other fish meat of 03.04/livers & roes)",0301A,"Fish fresh,chilled,excluding fillets"
030264,"Mackerel (Scomber scombrus/australasicus/japonicus), fresh/chilled (excl. fillets/other fish meat of 03.04/livers & roes)",0301A,"Fish fresh,chilled,excluding fillets"
030265,"Dogfish & other sharks, fresh/chilled (excl. fillets/other fish meat of 03.04/livers & roes)",0301A,"Fish fresh,chilled,excluding fillets"
030266,"Eels (Anguilla spp.), fresh/chilled (excl. fillets/other fish meat of 03.04/livers & roes)",0301A,"Fish fresh,chilled,excluding fillets"
030267,"Swordfish (Xiphias gladius), fresh/chilled (excl. fillets/other fish meat of 03.04/livers & roes)",0301A,"Fish fresh,chilled,excluding fillets"
030268,"Toothfish (Dissostichus spp.),fresh/chilled (excl. fillets/other fish meat of 03.04/livers & roes)",0301A,"Fish fresh,chilled,excluding fillets"
030269,"Fish,n.e.s. in 03.02, fresh/chilled(excl. fillets/other fish meat of 03.04/livers & roes).",0301A,"Fish fresh,chilled,excluding fillets"
030270,"Fish livers & roes, fresh/chilled",0301A,"Fish fresh,chilled,excluding fillets"
030311,"Sockeye salmon (red salmon) (Oncorhynchus nerka), frozen (excl. fillets/other fish meat of 03.04/livers & roes)",0301B,"Fish frozen,excluding fillets"
030319,"Pacific salmon (Oncorhynchus gorbuscha/keta/tschawytscha/kisutch/masou/rhodurus), frozen (excl. of 0303.11; excl. fillets/other fish meat of 03.04/livers & roes)",0301B,"Fish frozen,excluding fillets"
030321,"Trout (Salmo trutta, Oncorhynchus mykiss/clarki/aguabonita/gilae/apache/chrysogaster), frozen (excl. fillets/other fish meat of 03.04/livers & roes)",0301B,"Fish frozen,excluding fillets"
030322,"Atlantic salmon (Salmo salar) & Danube salmon (Hucho hucho), frozen (excl. fillets/other fish meat of 03.04/livers & roes)",0301B,"Fish frozen,excluding fillets"
030329,"Salmonidae (excl. of 0303.21 & 0303.22), frozen (excl. fillets/other fish meat of 03.04/livers & roes)",0301B,"Fish frozen,excluding fillets"
030331,"Halibut (Reinhardtius hippoglossoides, Hippoglossus hippoglossus/stenolepis), frozen (excl. fillets/other fish meat of 03.04/livers & roes)",0301B,"Fish frozen,excluding fillets"
030332,"Plaice (Pleuronectes platessa), frozen (excl. fillets/other fish meat of 03.04/livers & roes)",0301B,"Fish frozen,excluding fillets"
030333,"Sole (Solea spp.), frozen (excl. fillets/other fish meat of 03.04/livers & roes)",0301B,"Fish frozen,excluding fillets"
030339,"Flat fish (excl. of 0303.31-0303.33) [see list of conventions for species incld.], frozen (excl. fillets/other fish meat of 03.04/livers & roes)",0301B,"Fish frozen,excluding fillets"
030341,"Albacore/longfinned tunas (Thunnus alalunga), frozen (excl. fillets/other fish meat of 03.04/livers & roes)",0301B,"Fish frozen,excluding fillets"
030342,"Yellowfin tunas (Thunnus albacares), frozen (excl. fillets/other fish meat of 03.04/livers & roes)",0301B,"Fish frozen,excluding fillets"
030343,"Skipjack/stripe-bellied bonito (Euthynnus (Katsuwonus) pelamis), frozen (excl. fillets/other fish meat of 03.04/livers & roes)",0301B,"Fish frozen,excluding fillets"
030344,"Bigeye tunas (Thunnus obesus), frozen (excl. fillets/other fish meat of 03.04/livers & roes)",0301B,"Fish frozen,excluding fillets"
030345,"Bluefin tunas (Thunnus thynnus), frozen (excl. fillets/other fish meat of 03.04/livers & roes)",0301B,"Fish frozen,excluding fillets"
030346,"Southern bluefin tunas (Thunnus maccoyii), frozen (excl. fillets/other fish meat of 03.04/livers & roes)",0301B,"Fish frozen,excluding fillets"
030349,"Tunas (excl. of 0303.41-0303.46), frozen (excl. fillets/other fish meat of 03.04/livers & roes)",0301B,"Fish frozen,excluding fillets"
030351,"Herrings (Clupea harengus, Clupea pallasii), frozen (excl. fillets/other fish meat of 03.04/livers & roes)",0301B,"Fish frozen,excluding fillets"
030352,"Cod (Gadus morhua, Gadus ogac, Gadus macrocephalus), frozen (excl. fillets/other fish meat of 03.04/livers & roes)",0301B,"Fish frozen,excluding fillets"
030361,"Swordfish (Xiphias gladius), frozen (excl. fillets/other fish meat of 03.04/livers & roes)",0301B,"Fish frozen,excluding fillets"
030362,"Toothfish (Dissostichus spp.),frozen (excl. fillets/other fish meat of 03.04/livers & roes)",0301B,"Fish frozen,excluding fillets"
030371,"Sardines (Sardina pilchardus, Sardinops spp.)/sardinella (Sardinella spp.)/brisling/sprats (Sprattus sprattus), frozen (excl. fillets/other fish meat of 03.04/livers & roes)",0301B,"Fish frozen,excluding fillets"
030372,"Haddock (Melanogrammus aeglefinus), frozen (excl. fillets/other fish meat of 03.04/livers & roes)",0301B,"Fish frozen,excluding fillets"
030373,"Coalfish (Pollachius virens), frozen (excl. fillets/other fish meat of 03.04/livers & roes)",0301B,"Fish frozen,excluding fillets"
030374,"Mackerel (Scomber scombrus/australasicus/japonicus), frozen (excl. fillets/other fish meat of 03.04/livers & roes)",0301B,"Fish frozen,excluding fillets"
030375,"Dogfish & other sharks, frozen (excl. fillets/other fish meat of 03.04/livers & roes)",0301B,"Fish frozen,excluding fillets"
030376,"Eels (Anguilla spp.), frozen (excl. fillets/other fish meat of 03.04/livers & roes)",0301B,"Fish frozen,excluding fillets"
030377,"Sea bass (Dicentrarchus labrax/punctatus), frozen (excl. fillets/other fish meat of 03.04/livers & roes)",0301B,"Fish frozen,excluding fillets"
030378,"Hake (Merluccius spp., Urophycis spp.), frozen (excl. fillets/other fish meat of 03.04/livers & roes)",0301B,"Fish frozen,excluding fillets"
030379,"Fish (excl. of 0303.71 - 0303.78),n.e.s., frozen (excl. fillets/other fish meat of 03.04/livers & roes)",0301B,"Fish frozen,excluding fillets"
030380,"Fish livers & roes, frozen",0301D,"Fish fillets,frozen"
030411,"Swordfish (Xiphias gladius),fresh/chilled",0301C,"Fish fillets,fresh,chilled"
030412,"Toothfish (Dissostichus spp.),fresh/chilled ",0301C,"Fish fillets,fresh,chilled"
030419,"Fish fillets&other fish meat (excl. of 0304.11-0304.12, whether/not minced), fresh/chilled",0301C,"Fish fillets,fresh,chilled"
030421,"Swordfish (Xiphias gladius),frozen fillets",0301D,"Fish fillets,frozen"
030422,"Toothfish (Dissostichus spp.), frozen fillets",0301D,"Fish fillets,frozen"
030429,"Fish fillets&other fish meat (excl. of 0304.21-0304.92, whether/not minced), frozen fillets",0301D,"Fish fillets,frozen"
030491,"Swordfish (Xiphias gladius),n.e.s.",0301B,"Fish frozen,excluding fillets"
030492,"Toothfish (Dissostichus spp.),n.e.s.",0301B,"Fish frozen,excluding fillets"
030499,"Fish fillets&other fish meat (excl. of 0304.11-0304.29, whether/not minced),n.e.s.",0301B,"Fish frozen,excluding fillets"
030510,"Flours, meals & pellets of fish, fit for human consumption",0302A,Fish meal fit for food
030520,"Livers & roes of fish, dried/smoked/salted/in brine",0302B,Cod(not in fillets)dried
030530,"Fish fillets, dried/salted/in brine but not smoked",0302C,"Fish(excluding cod),salted"
030541,"Pacific salmon/Atlantic salmon/Danube salmon [see list of conventions for species incld.], smoked, incl. fillets",0302D,Fish smoked
030542,"Herrings (Clupea harengus/pallasii), smoked, incl. fillets",0302D,Fish smoked
030549,"Smoked fish (excl. of 0305.41 & 0305.42), incl. fillets",0302D,Fish smoked
030551,"Cod (Gadus morhua/ogac/macrocephalus), dried, whether/not salted but not smoked",0302B,Cod(not in fillets)dried
030559,"Dried fish other than cod (Gadus morhua/ogac/macrocephalus), whether/not salted but not smoked",0302C,"Fish(excluding cod),salted"
030561,"Herrings (Clupea harengus/pallasii), salted (but not dried/smoked)/in brine",0302C,"Fish(excluding cod),salted"
030562,"Cod (Gadus morhua/ogac/macrocephalus), salted (but not dried/smoked)/in brine",0302C,"Fish(excluding cod),salted"
030563,"Anchovies (Engraulis spp.), salted (but not dried/smoked)/in brine",0302C,"Fish(excluding cod),salted"
030569,"Fish other than herrings (Clupea harengus/pallasii), cod (Gadus morhua/ogac/macrocephalus) & anchovies (Engraulis spp.), salted (but not dried/smoked)/in brine",0302C,"Fish(excluding cod),salted"
030611,"Rock lobster & other sea crawfish (Palinurus spp., Panulirus spp., Jasus spp.), whether/not in shell, frozen",0303,"Shell fish fresh,frozen"
030612,"Lobsters (Homarus spp.), whether/not in shell, frozen",0303,"Shell fish fresh,frozen"
030613,"Shrimps & prawns, whether/not in shell, frozen",0303,"Shell fish fresh,frozen"
030614,"Crabs, whether/not in shell, frozen",0303,"Shell fish fresh,frozen"
030619,"Frozen crustaceans (excl. of 0306.11-0306.14); frozen flours/meals/pellets of crustaceans, fit for human consumption",0303,"Shell fish fresh,frozen"
030621,"Rock lobster & other sea crawfish (Palinurus spp., Panulirus spp., Jasus spp.), whether/not in shell, other than frozen",0303,"Shell fish fresh,frozen"
030622,"Lobsters (Homarus spp.), whether/not in shell, other than frozen",0303,"Shell fish fresh,frozen"
030623,"Shrimps & prawns, whether/not in shell, other than frozen",0303,"Shell fish fresh,frozen"
030624,"Crabs, whether/not in shell, other than frozen",0303,"Shell fish fresh,frozen"
030629,"Crustaceans, other than frozen (excl. of 0306.21-0306.24); flours/meals/pellets of crustaceans, fit for human consumption, other than frozen",0303,"Shell fish fresh,frozen"
030710,"Oysters, whether/not in shell, live/fresh/chilled/frozen/dried/salted/in brine",0303,"Shell fish fresh,frozen"
030721,"Scallops, incl. queen scallops (genera Pecten/Chlamys/Placopecten), live/fresh/chilled",0303,"Shell fish fresh,frozen"
030729,"Scallops, incl. queen scallops (genera Pecten/Chlamys/Placopecten), other than live/fresh/chilled",0303,"Shell fish fresh,frozen"
030731,"Mussels (Mytilus spp., Perna spp.), live/fresh/chilled",0303,"Shell fish fresh,frozen"
030739,"Mussels (Mytilus spp., Perna spp.), other than live/fresh/chilled",0303,"Shell fish fresh,frozen"
030741,"Cuttle fish (Sepia officinalis, Rossia macrosoma, Sepiola spp.) & squid (Ommastrephes spp., Loligo spp., Nototodarus spp., Sepioteuthis spp.), live/fresh/chilled",0303,"Shell fish fresh,frozen"
030749,"Cuttle fish (Sepia officinalis, Rossia macrosoma, Sepiola spp.) & squid (Ommastrephes spp., Loligo spp., Nototodarus spp., Sepioteuthis spp.), other than live/fresh/chilled",0303,"Shell fish fresh,frozen"
030751,"Octopus (Octopus spp.), live/fresh/chilled",0303,"Shell fish fresh,frozen"
030759,"Octopus (Octopus spp.), other than live/fresh/chilled",0303,"Shell fish fresh,frozen"
030760,Snails (excl. sea snails),0204,"Other meat nes fresh,etc"
030791,"Molluscs & invertebrates (excl. of 0307.10-0307.60), live/fresh/chilled",0303,"Shell fish fresh,frozen"
030799,"Molluscs & invertebrates (excl. of 0307.10-0307.60), frozen/dried/salted/in brine; incl. flours/meals/pellets of aquatic invertebrates other than crustaceans, fit for human consumption",0303,"Shell fish fresh,frozen"
040110,"Milk & cream, not concentrated/sweetened, fat content by weight not >1%",0401,"Milk and cream, fresh"
040120,"Milk & cream, not concentrated/sweetened, fat content by weight >1% but not >6%",0401,"Milk and cream, fresh"
040130,"Milk & cream, not concentrated/sweetened, fat content by weight >6%",0401,"Milk and cream, fresh"
040210,"Milk in powder/granules/other solid form, fat content by weight not >1.5%",0402B,"Milk dry,1.5% fat or les"
040221,"Milk in powder/granules/other solid form, unsweetened, fat content by weight >1.5%",0402C,"Milk dry,over 1.5% fat"
040229,"Milk in powder/granules/other solid form, sweetened, fat content by weight >1.5%",0402C,"Milk dry,over 1.5% fat"
040291,"Milk & cream, concentrated (excl. in powder), unsweetened",0402D,"Milk(excluding dry) preserved,sweet"
040299,"Milk & cream, concentrated (excl. in powder), sweetened",0402D,"Milk(excluding dry) preserved,sweet"
040310,Yogurt,0401,"Milk and cream, fresh"
040390,"Buttermilk/curdled milk & cream/kephir & other fermented/acidified milk & cream, whether/not concentrated/sweetened/flavoured/containing fruit/nuts/cocoa",0401,"Milk and cream, fresh"
040410,"Whey & modified whey, whether/not concentrated/sweetened",0402A,Whey
040490,"Milk products of natural milk constituents, whether/not sweetened, n.e.s.",0402D,"Milk(excluding dry) preserved,sweet"
040510,Butter,0403,Butter
040520,Dairy spreads,0403,Butter
040590,"Fats & oils derived from milk, other than butter & dairy spreads",0403,Butter
040610,"Fresh (unripened/uncured) cheese, incl. whey cheese, & curd",0404,Cheese and curd
040620,"Grated/powdered cheese, of all kinds",0404,Cheese and curd
040630,"Processed cheese, not grated/powdered",0404,Cheese and curd
040640,Blue-veined cheese,0404,Cheese and curd
040690,Cheese (excl. of 0406.10-0406.40),0404,Cheese and curd
040700,"Birds' eggs, in shell, fresh/preserved/cooked",0405A,"Eggs,birds,fresh,preserved-- in shell"
040811,"Egg yolks, dried, whether/not containing added sugar/other sweetening matter",0405B,"Eggs,birds,fresh,preserved -- not in shell"
040819,"Egg yolks (excl. dried), whether/not containing added sugar/other sweetening matter",0405B,"Eggs,birds,fresh,preserved -- not in shell"
040891,"Birds' eggs, not in shell (excl. yolks), dried, whether/not containing added sugar/other sweetening matter",0405B,"Eggs,birds,fresh,preserved -- not in shell"
040899,"Birds' eggs, not in shell (excl. yolks), other than dried, whether/not containing added sugar/other sweetening matter",0405B,"Eggs,birds,fresh,preserved -- not in shell"
040900,Natural honey,0406,Natural honey
041000,"Edible products of animal origin, n.e.s.",0407,Edible animals products  nes
050100,"Human hair, unworked, whether/not washed/scoured; waste of human hair",0501,"Human hair,unworked,etc"
050210,Pigs'/hogs'/boars' bristles & hair & waste thereof,0502,"Brush-making hair,etc"
050290,Badger hair & other brush making hair; waste of such bristles/hair,0502,"Brush-making hair,etc"
050400,"Guts, bladders & stomachs of animals (other than fish), whole & pieces thereof , fresh/chilled/frozen/salted/in brine/dried/smoked",0504,"Gut,bladders,etc nonfish"
050510,Feathers of a kind used for stuffing; down,0507,"Birds skins,feathers,etc"
050590,"Skins & other parts of birds with feathers/down; feathers & parts of feathers (excl. of 0505.10), not further worked than cleaned, disinfected/treated for preservation; powder & waste of feathers/parts of feathers",0507,"Birds skins,feathers,etc"
050610,Ossein & bones treated with acid,0508,"Bone,horn-core and waste"
050690,"Bones & horn-cores, unworked, defatted, simply prepared but not cut to shape, treated with acid/degelatinised (excl. of 0506.10); powder & waste of these products",0508,"Bone,horn-core and waste"
050710,Ivory; ivory powder & waste,0509,"Ivory,tortoise-shell etc"
050790,"Tortoise-shell, whalebone & whalebone hair, horns, antlers, hooves, nails, claws & beaks, unworked/simply prepared but not cut to shape; powder & waste of these products",0509,"Ivory,tortoise-shell etc"
050800,"Coral & similar materials, unworked/simply prepared but not othw. worked; shells of molluscs/crustaceans/echinoderms & cuttle-bone, unworked/simply prepared but not cut to shape, powder & waste thereof ",0512,"Coral,shell and waste"
051000,"Ambergris, castoreum, civet & musk; cantharides; bile, whether/not dried; glands & other animal products used in the preparation of pharmaceutical products, fresh/chilled/frozen/othw. provisionally perserved",0514,"Ambergris,civet,musk,etc"
051110,Bovine semen,0515,Animal products n.e.s
051191,"Products of fish/crustaceans, molluscs/other aquatic invertebrates; dead animals of Ch.3, unfit for human consumption",0505,Fish waste
051199,"Animal products not elsewhere specified/incld. (excl. of 0511.10); dead animals of Ch. 1, unfit for human consumption",0515,Animal products n.e.s
060110,"Bulbs, tubers, tuberous roots, corms, crowns & rhizomes, dormant",0601,"Bulbs,tubers,corms,etc"
060120,"Bulbs, tubers, tuberous roots, corms, crowns & rhizomes, in growth/in flower; chicory plants & roots (excl. of 12.12)",0601,"Bulbs,tubers,corms,etc"
060210,Unrooted cuttings & slips,0602,Other live plants
060220,"Trees, shrubs & bushes, grafted/not, of kinds which bear edible fruit/nuts, incl. their roots",0602,Other live plants
060230,"Rhododendrons & azaleas, grafted/not. incl. their roots",0602,Other live plants
060240,"Roses, grafted/not, incl. their roots",0602,Other live plants
060290,"Live plants, n.e.s., incl. their roots; mushroom spawn",0602,Other live plants
060311,Fresh roses,0603,Cut flowers
060312,Fresh carnations,0603,Cut flowers
060313,Fresh orchids,0603,Cut flowers
060314,Fresh chrysanthemums,0603,Cut flowers
060319,"Cut flowers & flower buds of a kind suit. for bouquets/ornamental purposes(excl. of 0603.11-0603.14), fresh",0603,Cut flowers
060390,"Cut flowers & flower buds of a kind suit. for bouquets/ornamental purposes, dried/dyed/bleached/impregnated/othw. prepared",0603,Cut flowers
060410,Mosses & lichens,0604,Cut foliage
060491,"Foliage, branches & other parts of plants, without flowers/flower buds, & grasses, mosses & lichens, being goods of a kind suit. for bouquets/ornamental purposes, fresh",0604,Cut foliage
060499,"Foliage, branches & other parts of plants, without flowers/flower buds/grasses (excl. of 0604.10), being goods of a kind suitable for bouquets/ornamental purposes, dried/dyed/bleached/impregnated/othw. prepared",0604,Cut foliage
070110,"Seed potatoes, fresh/chilled",0701A,Potatoes fresh excluding sweet
070190,"Potatoes other than seed potatoes, fresh/chilled",0701A,Potatoes fresh excluding sweet
070200,"Tomatoes, fresh/chilled",0701B,Tomatoes fresh
070310,"Onions & shallots, fresh/chilled",0701C,"Alliaceous vegtables,fresh"
070320,"Garlic, fresh/chilled",0701C,"Alliaceous vegtables,fresh"
070390,"Leeks & other alliaceous vegetables, fresh/chilled",0701C,"Alliaceous vegtables,fresh"
070410,"Cauliflowers & headed broccoli, fresh/chilled",0701D,Fresh vegetables nes
070420,"Brussels sprouts, fresh/chilled",0701D,Fresh vegetables nes
070490,"Cabbages, kohlrabi, kale & similar edible brassicas (excl. cauliflowers, headed broccoli & Brussels sprouts), fresh/chilled",0701D,Fresh vegetables nes
070511,"Cabbage lettuce (head lettuce), fresh/chilled",0701D,Fresh vegetables nes
070519,Lettuce (Lactuca sativa) (excl. cabbage lettuce) fresh/chilled,0701D,Fresh vegetables nes
070521,"Witloof chicory (Cichorium intybus var. foliosum), fresh/chilled",0701D,Fresh vegetables nes
070529,"Chicory (excl. witloof chicory), fresh/chilled",0701D,Fresh vegetables nes
070610,"Carrots & turnips, fresh/chilled",0701D,Fresh vegetables nes
070690,"Salad beetroot, salsify, celeriac, radishes & similar edible roots (excl. carrots & turnips), fresh/chilled",0701D,Fresh vegetables nes
070700,"Cucumbers & gherkins, fresh/chilled",0701D,Fresh vegetables nes
070810,"Peas (Pisum sativum), shelled/unshelled, fresh/chilled",0701D,Fresh vegetables nes
070820,"Beans (Vigna spp., Phaseolus spp.), shelled/unshelled, fresh/chilled",0701D,Fresh vegetables nes
070890,"Leguminous vegetables (excl. of 0708.10 & 0708.20), shelled/unshelled, fresh/chilled",0701D,Fresh vegetables nes
070920,"Asparagus, fresh/chilled",0701D,Fresh vegetables nes
070930,"Aubergines (egg-plants), fresh/chilled",0701D,Fresh vegetables nes
070940,"Celery (excl. celeriac), fresh/chilled",0701D,Fresh vegetables nes
070951,"Mushrooms of the genus Agaricus, fresh/chilled",0701D,Fresh vegetables nes
070959,"Mushrooms&truffles (excl. of 0709.51), fresh/chilled",0701D,Fresh vegetables nes
070960,"Fruits of the genera Capsicum/Pimenta, fresh/chilled",0701D,Fresh vegetables nes
070970,"Spinach, New Zealand spinach & orache spinach (garden spinach), fresh/chilled",0701D,Fresh vegetables nes
070990,"Vegetables,n.e.s. in 07.01-07.09, fresh/chilled",0701D,Fresh vegetables nes
071010,"Potatoes, uncooked/cooked by steaming/boiling in water, frozen",0702,Vegetables preserved by freezing
071021,"Peas (Pisum sativum), shelled/unshelled, uncooked/cooked by steaming/boiling in water, frozen",0702,Vegetables preserved by freezing
071022,"Beans (Vigna spp., Phaseolus spp.), shelled/unshelled, uncooked/cooked by steaming/boiling in water, frozen",0702,Vegetables preserved by freezing
071029,"Leguminous vegetables (excl. of 0710.21 & 0710.22), shelled/unshelled, uncooked/cooked by steaming/boiling in water, frozen",0702,Vegetables preserved by freezing
071030,"Spinach, New Zealand spinach & orache spinach (garden spinach), uncooked/cooked by steaming/boiling in water, frozen",0702,Vegetables preserved by freezing
071040,"Sweet corn, uncooked/cooked by steaming/boiling in water, frozen",2107,Miscellaneous food preprtions nes
071080,"Vegetables, n.e.s., uncooked/cooked by steaming/boiling in water, frozen",0702,Vegetables preserved by freezing
071090,"Mixtures of vegetables, uncooked/cooked by steaming/boiling in water, frozen",0702,Vegetables preserved by freezing
071120,"Olives, provisionally preserved",0703,Vegetables provisionally preserved
071140,"Cucumbers & gherkins, provisionally preserved",0703,Vegetables provisionally preserved
071151,"Mushrooms of the genus Agaricus, provisionally preserved",0703,Vegetables provisionally preserved
071159,"Mushrooms other than of the genus Agaricus, provisionally preserved",0703,Vegetables provisionally preserved
071190,"Vegetables (excl. olives/cucumbers & gherkins/mushrooms & truffles)&mixtures of vegetables provisionally preserved , but unsuitable in that state for immediate consumption",0703,Vegetables provisionally preserved
071220,"Onions, dried, whole/cut/sliced/broken/in powder but not further prepared",0704,Dehydrated or evaporated vegetables
071231,"Mushrooms of the genus Agaricus, dried, whole/cut/sliced/broken/in powder but not further prepared",0704,Dehydrated or evaporated vegetables
071232,"Wood ears (Auricularia spp.), dried, whole/cut/sliced/broken/in powder but not further prepared",0704,Dehydrated or evaporated vegetables
071233,"Jelly fungi (Tremella spp.), dried, whole/cut/sliced/broken/in powder but not further prepared",0704,Dehydrated or evaporated vegetables
071239,"Mushrooms (excl. of 0712.31-0712.33) & truffles, dried, whole/cut/sliced/broken/in powder but not further prepared",0704,Dehydrated or evaporated vegetables
071290,"Dried vegetables, n.e.s.; mixtures of dried vegetables, whole/cut/sliced/broken/in powder but not further prepared",0704,Dehydrated or evaporated vegetables
071310,"Peas (Pisum sativum), dried, shelled, whether/not skinned/split",0705,Leguminous vegetbles dry
071320,"Chickpeas (garbanzos), dried, shelled, whether/not skinned/split",0705,Leguminous vegetbles dry
071331,"Beans of the species Vigna mungo (L.)/Hepper/Vigna radiata (L.) Wilczek, dried, shelled, whether/not skinned/split",0705,Leguminous vegetbles dry
071332,"Small red (Adzuki) beans (Phaseolus/Vigna angularis), dried, shelled, whether/not skinned/split",0705,Leguminous vegetbles dry
071333,"Kidney beans, incl. white pea beans (Phaseolus vulgaris), dried, shelled, whether/not skinned/split",0705,Leguminous vegetbles dry
071339,"Beans (Vigna spp., Phaseolus spp. (excl. of 0713.31-0713.33)), dried, shelled, whether/not skinned/split",0705,Leguminous vegetbles dry
071340,"Lentils, dried, shelled, whether/not skinned/split",0705,Leguminous vegetbles dry
071350,"Broad beans (Vicia faba var. major) & horse beans (Vicia faba var. equina/var. minor), dried, shelled, whether/not skinned/split",0705,Leguminous vegetbles dry
071390,"Dried leguminous vegetables, n.e.s., shelled, whether/not skinned/split",0705,Leguminous vegetbles dry
071410,Manioc (cassava),0706,"Roots,tubers fresh,dry"
071420,Sweet potatoes,0706,"Roots,tubers fresh,dry"
071490,"Arrowroot, salep, Jerusalem artichokes & similar roots & tubers with high starch/inulin content, n.e.s., fresh/chilled/frozen/dried, whether/not sliced/in the form of pellets; sago pith",0706,"Roots,tubers fresh,dry"
080111,"Coconuts, desiccated",0801B,Coconuts fresh or dried
080119,"Cocunuts, other than desiccated",0801B,Coconuts fresh or dried
080121,"Brazil nuts, in shell",0801C,"Brazil nuts,fresh,dried"
080122,"Brazil nuts, shelled",0801C,"Brazil nuts,fresh,dried"
080131,"Cashew nuts, in shell",0801D,"Cashew nuts,fresh,dried"
080132,"Cashew nuts, shelled",0801D,"Cashew nuts,fresh,dried"
080211,"Almonds, in shell",0805A,"Almonds,fresh or dried"
080212,"Almonds, shelled",0805A,"Almonds,fresh or dried"
080221,"Hazelnuts/filberts (Corylus spp.), in shell",0805B,"Hazelnuts,fresh or dried"
080222,"Hazelnuts/filberts (Corylus spp.), shelled",0805B,"Hazelnuts,fresh or dried"
080231,"Walnuts, in shell",0805C,"Nuts edible,frsh,dry,nes"
080232,"Walnuts, shelled",0805C,"Nuts edible,frsh,dry,nes"
080240,Chestnuts (Castanea spp.),0805C,"Nuts edible,frsh,dry,nes"
080250,Pistachios,0805C,"Nuts edible,frsh,dry,nes"
080260,Macadamia nuts,0805C,"Nuts edible,frsh,dry,nes"
080290,"Nuts, n.e.s. in 08.01 & 08.02, fresh/dried, whether/not shelled/peeled",0805C,"Nuts edible,frsh,dry,nes"
080300,"Bananas, incl. plantains, fresh/dried",0801A,"Banana,plantain,frsh,dry"
080410,"Dates, fresh/dried",0801G,"Dates,fresh or dried"
080420,"Figs, fresh/dried",0803,"Figs, fresh or dried"
080430,"Pineapples, fresh/dried",0801E,"Pineapples,fresh,dried"
080440,"Avocados, fresh/dried",0801F,"Other tropical fruit,fresh,dry"
080450,"Guavas, mangoes & mangosteens, fresh/dried",0801F,"Other tropical fruit,fresh,dry"
080510,"Oranges, fresh/dried",0802A,"Oranges,fresh or dried"
080520,"Mandarins, incl. tangerines & satsumas; clementines, wilkings & similar citrus hybrids, fresh/dried",0802B,"Tangerines etc,frsh,dry"
080540,"Grapefruit, fresh/dried",0802D,"Grapefruits,fresh,dried"
080550,"Lemons (Citrus limon/limonum) & limes (Citrus aurantifolia/latifolia), fresh/dried",0802C,"Lemons,limes,fresh,dried"
080590,"Citrus fruit (excl. of 0805.10-0805.50), fresh/dried",0802E,"Citrus nes,fresh,dried"
080610,"Grapes, fresh",0804A,Grapes fresh
080620,"Grapes, dried",0804B,Grapes dried(raisins)
080711,"Watermelons, fresh",0809,"Other fruit, fresh"
080719,"Melons (excl. watermelons), fresh",0809,"Other fruit, fresh"
080720,"Papaws (papayas), fresh/dried",0809,"Other fruit, fresh"
080810,"Apples, fresh",0806A,Apples fresh
080820,"Pears & quinces, fresh",0806B,"Pears,quinces fresh"
080910,"Apricots, fresh",0807,Stone fruit fresh nes
080920,"Cherries, fresh",0807,Stone fruit fresh nes
080930,"Peaches, incl. nectarines, fresh",0807,Stone fruit fresh nes
080940,"Plums & sloes, fresh",0807,Stone fruit fresh nes
081010,"Strawberries, fresh",0808,"Berries, fresh"
081020,"Raspberries, blackberries, mulberries & loganberries, fresh",0808,"Berries, fresh"
081040,"Cranberries, bilberries & other fruits of the genus Vaccinium, fresh",0808,"Berries, fresh"
081050,"Kiwifruit, fresh",0809,"Other fruit, fresh"
081060,"Durians, fresh",0809,"Other fruit, fresh"
081090,"Fresh fruit, n.e.s. in Ch. 8",0809,"Other fruit, fresh"
081110,"Strawberries, uncooked/cooked by steaming/boiling in water, frozen, whether/not containing added sugar/other sweetening matter",0810,Fruit preserved by freezing
081120,"Raspberries, blackberries, mulberries, loganberries, black/white/red currants & gooseberries, uncooked/cooked by steaming/boiling in water, frozen, whether/not containing added sugar/other sweetening matter",0810,Fruit preserved by freezing
081190,"Fruit & nuts, n.e.s., uncooked/cooked by steaming/boiling in water, frozen, whether/not containing added sugar/other sweetening matter",0810,Fruit preserved by freezing
081210,"Cherries, provisionally preserved but unsuit. in that state for immediate consumption",0811,Fruit provisionally preserved
081290,"Fruit (excl. cherries) & nuts, provisionally preserved but unsuit. in that state for immediate consumption",0811,Fruit provisionally preserved
081310,"Apricots, dried",0812,Other dried fruit
081320,"Prunes, dried",0812,Other dried fruit
081330,"Apples, dried",0812,Other dried fruit
081340,Dried fruit (excl. of 08.01-08.06 & 0813.10-0813.30),0812,Other dried fruit
081350,Mixtures of nuts/dried fruits of Ch.8,0812,Other dried fruit
081400,"Peel of citrus fruit/melons, incl. watermelons, fresh/frozen/dried/provisionally preserved in brine/sulphur water/other preservative solutions",0813,Peel of melons and citrus fruit
090111,"Coffee, not roasted, not decaffeinated",0901A,"Coffee green,husks,skins"
090112,"Coffee, not roasted, decaffeinated",0901A,"Coffee green,husks,skins"
090121,"Coffee, roasted, not decaffeinated",0901B,Coffee roasted
090122,"Coffee, roasted, decaffeinated",0901B,Coffee roasted
090190,Coffee husks & skins; coffee substitutes containing coffee in any proportion,0901C,Coffee substittutes including coffee
090210,"Tea, green (not fermented), whether/not flavoured, in immediate packings of a content not >3kg",0902,Tea
090220,"Tea, green (not fermented), whether/not flavoured, in immediate packings of a content >3kg",0902,Tea
090230,"Tea, black (fermented) & partly fermented tea, whether/not flavoured, in immediate packings of a content not >3kg",0902,Tea
090240,"Tea, black (fermented) & partly fermented tea, whether/not flavoured, in immediate packings of a content >3kg",0902,Tea
090300,MatT,0903,Mate
090411,"Pepper (genus Piper), neither crushed/ground",0904,"Pepper, pimento etc"
090412,"Pepper (genus Piper), crushed/ground",0904,"Pepper, pimento etc"
090420,"Fruits of the genera Capsicum/Pimenta, dried/crushed/ground",0904,"Pepper, pimento etc"
090500,Vanilla,0905,Vanilla
090611,"Cinnamon(Cinnamomum zeylanicum Blume) & cinnamon-tree flowers, neither crushed/ground",0906,"Cinnamon,etc"
090619,"Cinnamon(excl. of  0906.11) & cinnamon-tree flowers, neither crushed/ground",0906,"Cinnamon,etc"
090620,"Cinnamon & cinnamon-tree flowers, crushed/ground",0906,"Cinnamon,etc"
090700,"Cloves (whole fruit, cloves & stems)",0907,Cloves
090810,Nutmeg,0908,"Nutmeg, mace and cardamoms"
090820,Mace,0908,"Nutmeg, mace and cardamoms"
090830,Cardamoms,0908,"Nutmeg, mace and cardamoms"
090910,Seeds of anise/badian,0909,"Seeds of anise,cumin,etc"
090920,Seeds of coriander,0909,"Seeds of anise,cumin,etc"
090930,Seeds of cumin,0909,"Seeds of anise,cumin,etc"
090940,Seeds of caraway,0909,"Seeds of anise,cumin,etc"
090950,Seeds of fennel; juniper berries,0909,"Seeds of anise,cumin,etc"
091010,Ginger,0910A,Ginger(except in sweet)
091020,Saffron,0910B,"Other spices,thyme etc"
091030,Turmeric (curcuma),0910B,"Other spices,thyme etc"
091091,Mixtures of 2/more products of different headings of 09.04-09.10,0910B,"Other spices,thyme etc"
091099,"Spices, n.e.s. in Ch. 9",0910B,"Other spices,thyme etc"
100110,Durum wheat,1001A,Durum wheat unmilled
100190,Wheat other than durum wheat; meslin,1001B,Other wheat etc unmilled
100200,Rye,1002,Rye unmilled
100300,Barley,1003,Barley unmilled
100400,Oats,1004,Oats unmilled
100510,"Maize (corn), seed",1005,Maize unmilled
100590,"Maize (corn), other than seed",1005,Maize unmilled
100610,Rice in the husk (paddy/rough),1006A,Rice in the husk
100620,Husked (brown) rice,1006B,Rice husked
100630,"Semi-milled/wholly milled rice, whether/not polished/glazed",1006C,Rice milled unbroken
100640,Broken rice,1006D,Rice broken
100700,Grain sorghum,1007B,Sorghum unmilled
100810,Buckwheat,1007C,Other cereals unmilled nes
100820,Millet,1007A,Millet unmilled
100830,Canary seed,1007C,Other cereals unmilled nes
100890,"Cereals (excl. those which have been hulled/othw. worked), n.e.s.",1007C,Other cereals unmilled nes
110100,Wheat/meslin flour,1101A,Flour of wheat or meslin
110210,Rye flour,1101B,Cereal flour(non-wheat)
110220,Maize (corn) flour,1101B,Cereal flour(non-wheat)
110290,Cereal flour other than of wheat/meslin/rye/maize(corn),1101B,Cereal flour(non-wheat)
110311,Groats/meal of wheat,1102A,"Meal,groats of wheat etc"
110313,Groats/meal of maize (corn),1102B,Meal or groats non-wheat
110319,Groats/meal of cereals other than wheat & maize (corn),1102B,Meal or groats non-wheat
110320,Pellets of cereals,1102B,Meal or groats non-wheat
110412,Rolled/flaked grains of oats,1102C,"Cereal flaked,rolled,etc"
110419,Rolled/flaked grains of cereals other than oats,1102C,"Cereal flaked,rolled,etc"
110422,"Oats, worked othw. than by rolling (e.g., hulled/pearled/sliced/kibbled)",1102C,"Cereal flaked,rolled,etc"
110423,"Corn (maize), worked othw. than into flour/groats/meal (e.g., hulled/pearled/sliced/kibbled)",1102C,"Cereal flaked,rolled,etc"
110429,"Other worked grains (e.g., hulled/pearled/sliced/kibbled) of cereals other than oats, maize (corn) & rice of 10.06",1102C,"Cereal flaked,rolled,etc"
110430,"Germ of cereals, whole/rolled/flaked/ground",1102C,"Cereal flaked,rolled,etc"
110510,"Flour, meal & powder of potatoes",1105,"Flour, meal and flakes of potato"
110520,"Flakes, granules & pellets of potatoes",1105,"Flour, meal and flakes of potato"
110610,"Flour, meal & powder of the dried leguminous vegetables of 07.13",1104,Flour of fruit or vegetable
110620,"Flour, meal & powder of sago/roots/tubers of 07.14",1104,Flour of fruit or vegetable
110630,"Flour, meal & powder of the products of Ch.8",1104,Flour of fruit or vegetable
110710,"Malt, not roasted",1107,Malt including flour
110720,"Malt, roasted",1107,Malt including flour
110811,Wheat starch,1108,"Starches,inulin"
110812,Maize (corn) starch,1108,"Starches,inulin"
110813,Potato starch,1108,"Starches,inulin"
110814,Manioc (cassava) starch,1108,"Starches,inulin"
110819,Starches (excl. of 1108.11-1108.14),1108,"Starches,inulin"
110820,Inulin,1108,"Starches,inulin"
110900,"Wheat gluten, whether/not dried",1109,"Wheat gluten,dry or not"
120100,"Soya beans, whether/not broken",1201D,Soya beans
120210,"Ground-nuts, not roasted/othw. cooked, in shell",1201A,"Groundnuts,green"
120220,"Ground-nuts, not roasted/othw. cooked, shelled, whether/not broken",1201A,"Groundnuts,green"
120300,Copra,1201B,Copra
120400,"Linseed, whether/not broken",1201E,Linseed
120510,"Low erucic acid rape/colza seeds, whether/not broken",1201J,Rape and colza seeds
120590,"Rape/colza seeds (excl. low erucic acid), whether/not broken",1201J,Rape and colza seeds
120600,"Sunflower seeds, whether/not broken",1201H,Sunflower seeds
120720,"Cotton seeds, whether/not broken",1201F,Cotton seeds
120740,"Sesamum seeds, whether/not broken",1201I,Sesame seeds
120750,"Mustard seeds, whether/not broken",1201K,Oil seeds and fruits nes
120791,"Poppy seeds, whether/not broken",1201K,Oil seeds and fruits nes
120799,"Oil seeds & oleaginous fruits (excl. of 1206.00 & 1207.20-1207.91), whether/not broken",1201K,Oil seeds and fruits nes
120810,Flours & meals of soya beans,1202,Oil seed flour and meal
120890,Flours & meals of oil seeds/oleaginous fruits other than of mustard (excl. soya beans),1202,Oil seed flour and meal
120910,"Sugar beet seed, of a kind used for sowing",1203,"Seeds,etc for planting"
120921,"Lucerne (alfalfa) seed, of a kind used for sowing",1203,"Seeds,etc for planting"
120922,"Clover (Trifolium spp.) seed, of a kind used for sowing",1203,"Seeds,etc for planting"
120923,"Fescue seed, of a kind used for sowing",1203,"Seeds,etc for planting"
120924,"Kentucky blue grass (Poa pratensis L.) seed, of a kind used for sowing",1203,"Seeds,etc for planting"
120925,"Rye grass (Lolium multiflorum Lam./perenne L.) seed, of a kind used for sowing",1203,"Seeds,etc for planting"
120929,"Seeds of forage plants (excl. of 1209.21-1209.25), of a kind used for sowing",1203,"Seeds,etc for planting"
120930,"Seeds of herbaceous plants cultivated principally for their flowers, of a kind used for sowing",1203,"Seeds,etc for planting"
120991,"Vegetable seeds, of a kind used for sowing",1203,"Seeds,etc for planting"
120999,"Seeds, n.e.s., of a kind used for sowing",1203,"Seeds,etc for planting"
121010,"Hop cones, fresh/dried, neither ground/powdered/in the form of pellets",1206,Hop cones and lupulin
121020,"Hop cones, fresh/dried, ground/powdered/in the form of pellets; lupulin",1206,Hop cones and lupulin
121120,Ginseng roots,1207,Plants used in perfumery
121130,Coca leaf,1207,Plants used in perfumery
121140,Poppy straw,1207,Plants used in perfumery
121190,"Plants & parts of plants, incl. seeds & fruits, of a kind (excl. of 1211.20 - 1211.40) used primarily in perfumery/pharmacy/for insecticidal/fungicidal/similar purposes, fresh/dried, whether/not cut/crushed/powdered",1207,Plants used in perfumery
121220,"Seaweeds & other algae, fresh/chilled/frozen/dried, whether/not ground",1405,Other crd vegetable materials nes
121291,"Sugar beet, fresh/chilled/frozen/dried, whether/not ground",1204,"Sugar beet frsh dry,cane"
121299,"Locust beans&sugar cane(excl. of 1212.91), fresh/chilled/ frozen/dried, whether/not ground; fruit stones&kernels&other vegetable products (including unroasted chicory roots of the variety Cichorium intybus sativum) of a kind used primarily for human cons",1208,"Vegetable products nes fresh,dry"
121300,"Cereal straw & husks, unprepared, whether/not chopped/ground/pressed/in the form of pellets",1209,Cereal straw etc unprepared
121410,Lucerne (alfalfa) meal & pellets,1210,"Mangolds, swedes, fodder roots"
121490,"Swedes, mangolds, fodder roots, hay, clover, sainfoin, forage kale, lupines, vetches & similar forage products, whether/not in the form of pellets",1210,"Mangolds, swedes, fodder roots"
130120,Gum Arabic,1302,"Nat gums,resins,lacs,etc"
130190,"Lac; Natural gums (excl. of 1301.20), resins, gum-resins & oleoresins (e.g., balsams)",1302,"Nat gums,resins,lacs,etc"
130211,Opium,1303,Vegetable saps and extracts
130212,Saps & extracts of liquorice,1303,Vegetable saps and extracts
130213,Saps & extracts of hops,1303,Vegetable saps and extracts
130219,Vegetable saps & extracts (excl. of 1302.11-1302.13),1303,Vegetable saps and extracts
130220,"Pectic substance, pectinates & pectates",1303,Vegetable saps and extracts
130231,Agar-agar,1303,Vegetable saps and extracts
130232,"Mucilages & thickeners, whether/not modified, derived from locust beans/locust bean seeds/guar seeds",1303,Vegetable saps and extracts
130239,"Mucilages & thickeners (excl. of 1302.31 & 1301.32), whether/not modified, derived from vegetable products",1303,Vegetable saps and extracts
140110,Bamboos,1401,Vegetable materials for plaiting
140120,Rattans,1401,Vegetable materials for plaiting
140190,"Vetegable materials other than bamboos & rattans, of a kind used primarily for plaiting (e.g., reeds, rushes, osier, raffia, cleaned/bleached/dyed cereal straw, & lime bark)",1401,Vegetable materials for plaiting
140420,Cotton linters,5502,Cotton linters
140490,"Vegetable products.(excl. of 1404.20), n.e.s.or incld.",1405,Other crd vegetable materials nes
150100,"Pig fat, incl. lard, & poultry fat, other than of 02.09/15.03",1501,"Pig,poultry fat rendered"
150200,"Fats of bovine animals/sheep/goats, other than of 15.03",1502,"Fats of bovine,sheep,etc"
150300,"Lard stearin, lard oil, oleostearin, oleo-oil & tallow oil, not emulsified/mixed/othw. prepared",1503,"Lard stearin and oil,etc"
150410,"Fish-liver oils & their fractions, whether/not refined but not chemically modified",1504A,Fish liver oil
150420,"Fats & oils & their fractions, of fish, other than liver oils, whether/not refined but not chemically modified",1504B,Other fish oils and fats
150430,"Fats & oils & their fractions, of marine mammals, whether/not refined but not chemically modified",1504C,"Marine mammals oils,fats"
150500,"Wool grease & fatty substance derived therefrom, incl. lanolin",1505,"Wool grease,etc"
150600,"Animal fats & oils & fractions thereof (excl. of 1501.00-1505.00), whether/not refined but not chemically modified",1506,Other animal oils and fats
150710,"Soya bean oil, crude, whether/not degummed, not chemically modified",1507A,Soya bean oil
150790,"Soya bean oil, other than crude, & fractions thereof , whether/not refined but not chemically modified",1507A,Soya bean oil
150810,"Ground-nut oil, crude",1507C,Groundnut(peanut) oil
150890,"Ground-nut oil, other than crude, & fractions thereof , whether/not refined but not chemically modified",1507C,Groundnut(peanut) oil
150910,"Olive oil, virgin",1507D,Olive oil
150990,"Olive oil (excl. crude & virgin) & fractions thereof , whether/not refined but not chemically modified",1507D,Olive oil
151000,"Oils & fractions thereof , obt. solely from olives (excl. of 15.09), whether/not refined but not chemically modified, incl. blends of these oils/fractions with oils/fractions of 15.09",1507D,Olive oil
151110,"Palm oil, crude",1507H,Palm oil
151190,"Palm oil, other than crude, & fractions thereof , whether/not refined but not chemically modified",1507H,Palm oil
151211,"Sunflower seed/safflower oil, crude",1507E,Sunflower seed oil
151219,"Sunflower seed/safflower oil, other than crude, & fractions thereof , whether/not refined but not chemically modified",1507E,Sunflower seed oil
151221,"Cotton seed oil, crude, whether/not gossypol has been removed",1507B,Cotton seed oil
151229,"Cotton seed oil, other than crude, & fractions thereof , whether/not refined but not chemically modified",1507B,Cotton seed oil
151311,"Coconut (copra) oil, crude",1507I,Coconut (copra) oil
151319,"Coconut (copra) oil, other than crude, & fractions thereof , whether/not refined but not chemically modified",1507I,Coconut (copra) oil
151321,"Palm kernel/babassu oil, crude",1507J,Palm kernel oil
151329,"Palm kernel/babassu oil, other than crude, & fractions thereof , whether/not refined but not chemically modified",1507J,Palm kernel oil
151411,"Low erucic acid rape/colza oil, crude",1507F,"Rape,colza,mustard oils"
151419,"Low erucic acid rape/colza oil, other than crude, & fractions thereof , whether/not refined but not chemically modified",1507F,"Rape,colza,mustard oils"
151491,"Rape/colza oil (excl. low erucic acid oil) & mustard oil, crude",1507F,"Rape,colza,mustard oils"
151499,"Rape/colza oil (excl. low erucic acid oil) & mustard oil, other than crude, & fractions thereof , whether/not refined but not chemically modified",1507F,"Rape,colza,mustard oils"
151511,"Linseed oil, crude",1507G,Linseed oil
151519,"Linseed oil, other than crude, & fractions thereof , whether/not refined but not chemically modified",1507G,Linseed oil
151521,"Maize (corn) oil, crude",1507M,Fixed vegetable oils nes
151529,"Maize (corn) oil, other than crude, & fractions thereof , whether/not refined but not chemically modified",1507M,Fixed vegetable oils nes
151530,"Castor oil & fractions thereof , whether/not refined but not chemically modified",1507K,Castor oil
151550,"Sesame oil & fractions thereof , whether/not refined but not chemically modified",1507L,Sesame oil
151590,"Fixed vegatable fats & oils (excl. of 1515.11-1515.50, incl. jojoba oil) & their fractions, whether/not refined but not chemically modified",1507M,Fixed vegetable oils nes
151610,"Animal fats & oils & fractions thereof , partly/wholly hydrogenated/inter-esterified/re-esterified/elaidinized, whether/not refined but not further prepared",1512,Animal or vegetable oils and fats nes
151620,"Vegetable fats & oils & fractions thereof , partly/wholly hydrogenated/inter-esterified/re-esterified/elaidinized, whether/not refined but not further prepared",1512,Animal or vegetable oils and fats nes
151710,Margarine (excl. liquid margarine),1513A,Margarine
151790,"Edible mixtures/preparations of animal/vegetable fats/oils/fractions of different fats/oils of Ch.15, other than edible fats/oils/fractions of 15.16/non-liquid margarine",1513B,Other prepared edible fats
151800,"Animal/vegetable fats & oils & their fractions, boiled/oxidised/dehydrated/sulphurised/blown/ polymerised by heat in vacuum/in inert gas/othw. chemically modified, excluding those of heading 15.16; inedible mixtures/preparations of animal/vegetable fats/",1508,"Animal and vegetable oils, modified"
152000,"Glycerol, crude; glycerol waters & glycerol lyes",1511,"Glycerol,glycerol lyes"
152110,"Vegetable waxes, other than triglycerides, whether/not refined/coloured",1516,Vegetable waxes
152190,"Beeswax, other insect waxes & spermaceti, whether/not refined/coloured",1515,Spermacetti beeswax etc
152200,Degras; residues resulting from the treatment of fatty substance/animal waxes/vegetable waxes,1517,Residues of fatty substances
160100,"Sausages & similar products, of meat/meat offal/blood; food preparations based on these products",1601,Sausages inclding tinned
160210,Homogenised preparations of prepared/preserved meat/meat offal,1602,"Other prepared,presrved meat"
160220,Prepared/preserved preparations of liver of any animal,1602,"Other prepared,presrved meat"
160231,Prepared/preserved preparations of turkey (excl. homogenised preparations),1602,"Other prepared,presrved meat"
160232,Prepared/preserved preparations of fowls of the genus Gallus domesticus (excl. homogenised preparations),1602,"Other prepared,presrved meat"
160239,Prepared/preserved preparations of fowls of 01.05 (excl. turkey & fowls of the genus Gallus domesticus),1602,"Other prepared,presrved meat"
160241,Hams & cuts thereof,1602,"Other prepared,presrved meat"
160242,Shoulders of swine & cuts thereof,1602,"Other prepared,presrved meat"
160249,"Prepared/preserved preparations of swine (excl. of 1602.41, 1602.42 & homogenised preparations), incl. mixtures",1602,"Other prepared,presrved meat"
160250,"Prepared/preserved preparations of bovine animals (excl. homogenised preparations), incl. mixtures",1602,"Other prepared,presrved meat"
160290,"Preparations of prepared/preserved meat (excl. of 1602.10-1602.50), incl. preparations of blood of any animal",1602,"Other prepared,presrved meat"
160300,Extracts & juices of meat/fish/crustaceans/molluscs/other aquatic invertebrates,1603,Meat extracts and meat juices
160411,"Salmon, prepared/preserved, whole/in pieces (excl. minced)",1604,Prepared or preserved fish
160412,"Herrings, prepared/preserved, whole/in pieces (excl. minced)",1604,Prepared or preserved fish
160413,"Sardines, sardinella & brisling/sprats, prepared/preserved, whole/in pieces (excl. minced)",1604,Prepared or preserved fish
160414,"Tunas, skipjack & bonito (Sarda spp.), prepared/preserved, whole/in pieces (excl. minced)",1604,Prepared or preserved fish
160415,"Mackerel, prepared/preserved, whole/in pieces (excl. minced)",1604,Prepared or preserved fish
160416,"Anchovies, prepared/preserved, whole/in pieces (excl. minced)",1604,Prepared or preserved fish
160419,"Fish (excl. of 1604.11-1604.16), prepared/preserved, whole/in pieces (excl. minced)",1604,Prepared or preserved fish
160420,Prepared/preserved fish other than whole/in pieces,1604,Prepared or preserved fish
160430,Caviar & caviar substitutes prepared from fish eggs,1604,Prepared or preserved fish
160510,"Crab, prepared/preserved",1605,"Crustaceans and molluscs, prepared"
160520,"Shrimps & prawns, prepared/preserved",1605,"Crustaceans and molluscs, prepared"
160530,"Lobster, prepared/preserved",1605,"Crustaceans and molluscs, prepared"
160540,"Crustaceans other than crab, shrimps, prawns & lobster, prepared/preserved",1605,"Crustaceans and molluscs, prepared"
160590,"Molluscs & other aquatic invertegrates, prepared/preserved",1605,"Crustaceans and molluscs, prepared"
170111,"Cane sugar, raw, in solid form, not containing added flavouring/colouring matter",1701A,Raw beet and cane sugar
170112,"Beet sugar, raw, in solid form, not containing added flavouring/colouring matter",1701A,Raw beet and cane sugar
170191,"Cane/beet sugar & chemically pure sucrose, in solid form, containing added flavouring/colouring matter",1701B,Refined sugar etc
170199,"Cane/beet sugar & chemically pure sucrose, in solid form, not containing added flavouring/colouring matter",1701B,Refined sugar etc
170211,"Lactose & lactose syrup, containing by weight 99%/more lactose, expressed as anhydrous lactose, calc. on the dry matter",1702,Sugars and syrups nes
170219,"Lactose & lactose syrup, containing by weight >95% but <99% lactose, expressed as anhydrous lactose, calc. on the dry matter",1702,Sugars and syrups nes
170220,Maple sugar & maple syrup,1702,Sugars and syrups nes
170230,"Glucose & glucose syrup, not containing fructose/containing in the dry state < 20% by weight of fructose",1702,Sugars and syrups nes
170240,"Glucose & glucose syrup, containing in the dry state at least 20% but < 50% by weight of fructose (excl. invert sugar)",1702,Sugars and syrups nes
170250,Chemically pure fructose,2943,"Sugars,chemeically pure etc,nes"
170260,"Fructose (excl. chemically pure fructose) & fructose syrup, containing in the dry state >50% by weight of fructose (excl. invert sugar)",1702,Sugars and syrups nes
170290,"Sugars, incl. invert sugar & other sugar & sugar syrup blends containing in the dry state 50% by weight of fructose (excl. of 1702.11-1702.60)",1702,Sugars and syrups nes
170310,Cane molasses,1703,Molasses
170390,"Molasses, other than cane molasses, resulting from the extraction/refining of sugar",1703,Molasses
170410,"Chewing gum, whether/not sugar-coated",1704,Sugar preparations non-choclate
170490,"Sugar confectionery other than chewing gum (incl. white chocolate), not containing cocoa",1704,Sugar preparations non-choclate
180100,"Cocoa beans, whole/broken, raw/roasted",1801,"Cocoa beans,raw,roasted"
180200,"Cocoa shells, husks, skins & other cocoa waste",1802,Cocoa shells
180310,"Cocoa paste, not defatted",1803,Cocoa paste
180320,"Cocoa paste, wholly/partly defatted",1803,Cocoa paste
180400,"Cocoa butter, fat & oil",1804,Cocoa butter
180500,"Cocoa powder, not containing added sugar/other sweetening matter",1805,"Cocoa powder,unsweetened"
180610,"Cocoa powder, containing added sugar/other sweetening matter",1806,Chocolate and products
180620,"Chocolate & other food preparations containing cocoa (excl. of 1803.10-1806.10), in blocks/slabs/bars weighing >2kg/in liquid/paste/powder/granular/other bulk form in containers/immediate packings, of a content exceeding 2kg",1806,Chocolate and products
180631,"Chocolate & other food preparations containing cocoa, in blocks/slabs/bars, weighing 2kg/less, filled",1806,Chocolate and products
180632,"Chocolate & other food preparations containing cocoa, in blocks/slabs/bars, weighing 2kg/less, not fillled",1806,Chocolate and products
180690,Chocolate & other food preparations containing cocoa (excl. of 1806.20-1806.32),1806,Chocolate and products
190110,"Preparations for infant use, put up for RS",1902,"Other cereal preparations,malt excluding"
190120,Mixes & doughs for the preparation of bakers' wares of 19.05,1902,"Other cereal preparations,malt excluding"
190190,"Malt extract; food preparations of flour/groats/meal/starch/malt extact,not containing cocoa/containing less than 40% by weight of cocoa calculated on a totally defatted basis,not elsewhere specified/incld.; food preparations of goods of headings 04.01 t",1902,"Other cereal preparations,malt excluding"
190211,"Uncooked pasta, not stuffed/othw. prepared, containing eggs",1903,"Macaroni,spaghetti etc"
190219,"Uncooked pasta, not stuffed/othw. prepared, not containing eggs",1903,"Macaroni,spaghetti etc"
190220,"Stuffed pasta, whether/not cooked/othw. prepared",1903,"Macaroni,spaghetti etc"
190230,Pasta (excl. of 1902.11-1902.20),1903,"Macaroni,spaghetti etc"
190240,Couscous,1903,"Macaroni,spaghetti etc"
190300,"Tapioca & substitutes therefor prepared from starch, in the form of flakes/grains/pearls/siftings/similar forms",1904,Tapioca and sago
190410,Prepared foods obt. by the swelling/roasting of cereals/cereal products,1905,"Cereal roasted,puffed"
190420,Prepared foods obt. from unroasted cereal flakes/mixtures of unroasted cereal flakes & roasted cereal flakes/swelled cereals,1905,"Cereal roasted,puffed"
190430,Bulgur wheat,1102C,"Cereal flaked,rolled,etc"
190490,"Cereals other than maize (corn) in grain form/in the form of flakes/other worked grains (excl. flour/groats/meal), pre-cooked/othw. prepd, n.e.s.",1102C,"Cereal flaked,rolled,etc"
190510,Crispbread,1907,Ordinary cereal bakers' wares
190520,Gingerbread&the like,1908,"Pastry,biscuits,cakes etc"
190531,Sweet biscuits,1908,"Pastry,biscuits,cakes etc"
190532,Waffles & wafers,1908,"Pastry,biscuits,cakes etc"
190540,"Rusks, toasted bread & similar toasted products",1907,Ordinary cereal bakers' wares
190590,"Bread, pastry, cakes, biscuits & other bakers' wares, whether/not containing cocoa; communion wafers, empty cachets of a kind suitable for pharmaceutical use, sealing wafers, rice paper & similar products (excl. of 1905.10 - 1905.40)",1907,Ordinary cereal bakers' wares
200110,"Cucumbers & gherkins, prepared/preserved by vinegar/acetic acid",2001,Vegetable and fruit in vinegar
200190,"Vegetables, fruit, nuts & other edible parts of plants (excl. cucumbers & gherkins), prepared/preserved by vinegar/acetic acid",2001,Vegetable and fruit in vinegar
200210,"Tomatoes, prepared/preserved othw. than by vinegar/acetic acid, whole/in pieces",0702,Vegetables preserved by freezing
200290,"Tomatoes, prepared/preserved othw. than by vinegar/acetic acid, other than whole/in pieces",0702,Vegetables preserved by freezing
200310,"Mushrooms of the genus Agaricus, prepared/preserved othw. than by vinegar/acetic acid",2002,Vegetables otherwise preserved
200320,"Truffles, prepared/preserved othw. than by vinegar/acetic acid",2002,Vegetables otherwise preserved
200390,"Mushrooms other than of the genus Agaricus, prepared/preserved othw. than by vinegar/acetic acid",2002,Vegetables otherwise preserved
200410,"Potatoes, prepared/preserved othw. than by vinegar/acetic acid, frozen, other than products of 20.06",0702,Vegetables preserved by freezing
200490,"Vegetables & mixtures of vegetables, preserved/preserved othw. than by vinegar/acetic acid, frozen, other than potatoes & products of 20.06",0702,Vegetables preserved by freezing
200510,"Homogenised vegetables, prepared/preserved othw. than by vinegar/acetic acid, not frozen, other than products of 20.06",2107,Miscellaneous food preprtions nes
200520,"Potatoes, prepared/preserved othw. than by vinegar/acetic acid, not frozen, other than products of 20.06",2002,Vegetables otherwise preserved
200540,"Peas (Pisum sativum), preserved/preserved othw. than by vinegar/acetic acid, not frozen, other than products of 20.06",2002,Vegetables otherwise preserved
200551,"Beans (Vigna spp., Phaseolus spp.), shelled, prepared/preserved othw. than by vinegar/acetic acid, not frozen, other than products of 20.06",2002,Vegetables otherwise preserved
200559,"Beans (excl. Vigna spp., Phaseolus spp.), shelled, prepared/preserved othw. than by vinegar/acetic acid, not frozen, other than products of 20.06",2002,Vegetables otherwise preserved
200560,"Asparagus, preserved/preserved othw. than by vinegar/acetic acid, not frozen, other than products of 20.06",2002,Vegetables otherwise preserved
200570,"Olives, preserved/preserved othw. than by vinegar/acetic acid, not frozen, other than products of 20.06",2002,Vegetables otherwise preserved
200580,"Sweet corn (Zea mays var. saccharata), prepared/preserved othw. than by vinegar/acetic acid, not frozen, other than products of 20.06",2107,Miscellaneous food preprtions nes
200591,"Bamboo shoots, prepared/preserved othw. than by vinegar/acetic acid, not frozen, other than products of heading 20.06",2002,Vegetables otherwise preserved
200599,"Vegetables & mixtures of vegetables (excl. of 2005.10-2005.91), prepared/preserved othw. than by vinegar/acetic acid, not frozen, other than products of heading 20.06",2002,Vegetables otherwise preserved
200600,"Vegetables, fruit, nuts, fruit-peel & other parts of plants, preserved by sugar (drained/glacT/crystallised)",2004,Fruit preserved by sugar
200710,"Homogenised preparations of fruits/nuts, obt. by cooking, whether/not containing added sugar/other sweetening matter",2005,"Fruit jams,jellies etc"
200791,"Citrus fruit preparations (excl. homogenized), obt. by cooking, whether/not containing added sugar/other sweetening matter",2005,"Fruit jams,jellies etc"
200799,"Preparations of fruit (excl. citrus fruit; excl. homogenized), obt. by cooking, whether/not containing added sugar/other sweetening matter",2005,"Fruit jams,jellies etc"
200811,"Ground-nuts, prepared/preserved, whether/not containing added/sugar/other sweetening matter/spirit, n.e.s.",2006A,Nuts roastd(including peanut)
200819,"Nuts (excl. ground-nuts), incl. mixtures, prepared/preserved, whether/not containing added sugar/other sweetening matter/spirit, n.e.s.",2006A,Nuts roastd(including peanut)
200820,"Pineapples, prepared/preserved, whether/not containing added sugar/other sweetening matter/spirit, n.e.s.",2006B,"Fruit,nuts nes,preserved"
200830,"Citrus fruit, prepared/preserved, whether/not containing added sugar/other sweetening matter/spirit, n.e.s.",2006B,"Fruit,nuts nes,preserved"
200840,"Pears, prepared/preserved, whether/not containing added sugar/other sweetening matter/spirit, n.e.s.",2006B,"Fruit,nuts nes,preserved"
200850,"Apricots, prepared/preserved, whether/not containing added sugar/other sweetening matter/spirit, n.e.s.",2006B,"Fruit,nuts nes,preserved"
200860,"Cherries, prepared/preserved, whether/not containing added sugar/other sweetening matter/spirit, n.e.s.",2006B,"Fruit,nuts nes,preserved"
200870,"Peaches, incl. nectarines, prepared/preserved, whether/not containing added sugar/other sweetening matter/spirit, n.e.s.",2006B,"Fruit,nuts nes,preserved"
200880,"Strawberries, prepared/preserved, whether/not containing added sugar/other sweetening matter/spirit, n.e.s.",2006B,"Fruit,nuts nes,preserved"
200891,"Palm hearts, prepared/preserved, whether/not containing added sugar/other sweetening matter/spirit, n.e.s.",2006B,"Fruit,nuts nes,preserved"
200892,"Mixtures of edible parts of plants (excl. of 2008.19), prepared/preserved, whether/not containing added sugar/other sweetening matter/spirit, n.e.s.",2006B,"Fruit,nuts nes,preserved"
200899,"Edible parts of plants, prepared/preserved, whether/not containing added sugar/other sweetening matter/spirit, n.e.s.",2006B,"Fruit,nuts nes,preserved"
200911,"Orange juice, frozen, unfermented & not containing added spirit, whether/not containing added sugar/other sweetening matter",2007A,Orange juice
200912,"Orange juice, not frozen, of a Brix value not >20, unfermented & not containing added spirit, whether/not containing added sugar/other sweetening matter",2007A,Orange juice
200919,"Orange juice, not frozen (excl. of 2009.19), unfermented & not containing added spirit, whether/not containing added sugar/other sweetening matter",2007A,Orange juice
200921,"Grapefruit juice, of a Brix value not >20, unfermented & not containing added spirit, whether/not containing added sugar/other sweetening matter",2007B,Grapefruit juice
200929,"Grapefruit juice (excl. of 2009.21), unfermented & not containing added spirit, whether/not containing added sugar/other sweetening matter",2007B,Grapefruit juice
200931,"Juice of any single citrus fruit other than orange/grapefruit, of a Brix value not >20, unfermented & not containing added spirit, whether/not containing added sugar/other sweetening matter",2007C,Other citrus fruit juice
200939,"Juice of any single citrus fruit other than orange/grapefruit (excl. of 2009.31), unfermented & not containing added spirit, whether/not containing added sugar/other sweetening matter",2007C,Other citrus fruit juice
200941,"Pineapple juice, of a Brix value not >20, unfermented & not containing added spirit, whether/not containing added sugar/other sweetening matter",2007D,Pineapple juice
200949,"Pineapple juice (excl. of 2009.41), unfermented & not containing added spirit, whether/not containing added sugar/other sweetening matter",2007D,Pineapple juice
200950,"Tomato juice, unfermented & not containing added spirit, whether/not containing added sugar/other sweetening matter",2007E,Tomato juice
200961,"Grape juice, incl. grape must, of a Brix value not >30, unfermented & not containing added spirit, whether/not containing added sugar/other sweetening matter",2007F,"Juice of other fruit,vegetables"
200969,"Grape juice, incl. grape must (excl. of 2009.61), unfermented & not containing added spirit, whether/not containing added sugar/other sweetening matter",2007F,"Juice of other fruit,vegetables"
200971,"Apple juice, of a Brix value not >20, unfermented & not containing added spirit, whether/not containing added sugar/other sweetening matter",2007F,"Juice of other fruit,vegetables"
200979,"Apple juice (excl. of 2009.71), unfermented & not containing added spirit, whether/not containing added sugar/other sweetening matter",2007F,"Juice of other fruit,vegetables"
200980,"Juice of any single fruit/vegetable (excl. of 2009.11-2009.79), unfermented & not containing added spirit, whether/not containing added sugar/other sweetening matter",2007F,"Juice of other fruit,vegetables"
200990,"Mixtures of juices, unfermented & not containing added spirit, whether/not containing added sugar/other sweetening matter",2007G,Mixtures of different juices
210111,"Extracts, essences & concentrates of coffee",2102A,"Coffee extracts,essences"
210112,Preparations with a basis of extracts/essences/concentrates of coffee/with a basis of coffee,2102A,"Coffee extracts,essences"
210120,"Extracts, essences & concentrates of tea/matT, & preparations with a basis of these extracts/essences/concentrates/with a basis of tea/matT",2102B,"Tea,etc extract,essence"
210130,"Roasted chicory & other roasted coffee substitutes, & extracts, essences & concentrates thereof",2102A,"Coffee extracts,essences"
210210,Active yeasts,2106,"Yeasts,baking powders"
210220,"Inactive yeasts; other single-cell micro-organisms, dead (excl. vaccines of 30.02)",2106,"Yeasts,baking powders"
210230,Prepared baking powders,2106,"Yeasts,baking powders"
210310,Soya sauce,2104,"Sauces,mixed seasonings"
210320,Tomato ketchup & other tomato sauces,2104,"Sauces,mixed seasonings"
210330,Mustard flour & meal & prepared mustard,2103,Mustard prepared or flour
210390,"Sauces & preparations therefor, n.e.s.; mixed condiments & mixed seasonings, n.e.s.",2104,"Sauces,mixed seasonings"
210410,Soups & broths & preparations therefor,2105A,Soups and broths
210420,Homogenised composite food preparations,2105B,Homogenzd composite food
210500,"Ice cream & other edible ice, whether/not containing cocoa",2107,Miscellaneous food preprtions nes
210610,Protein concentrates & textured protein substance,2107,Miscellaneous food preprtions nes
210690,"Food preparations, n.e.s.",2107,Miscellaneous food preprtions nes
220110,"Mineral waters (natural/artificial) & aerated waters, not containing added sugar/other sweetening matter/flavoured",2201,"Waters,ice and snow"
220190,Ice & snow,2201,"Waters,ice and snow"
220210,"Waters, incl. mineral waters & aerated waters, containing added sugar/other sweetening matter/flavoured",2202,Flavored waters non-alcoholic
220290,Non-alcoholic beverages other than waters of 2202.10 (not incl. fruit/vegetable juices of 20.09),2202,Flavored waters non-alcoholic
220300,Beer made from malt,2203,"Beer,ale,stout,porter"
220410,Sparkling wine of fresh grapes,2205,Wine of fresh grapes
220421,"Wine other than sparkling wine of fresh grapes, incl. fortified; grape must with fermentation prevented/arrested by the addition of alcohol, in containters of 2 l/less",2205,Wine of fresh grapes
220429,"Wine other than sparkling wine of fresh grapes, incl. fortified; grape must with fermentation prevented/arrested by the addition of alcohol, in containters of >2 l",2205,Wine of fresh grapes
220430,Grape must (excl. of 20.09),2204,Grape in fermentation
220510,"Vermouth & other wine of fresh grapes flavoured with plants/aromatic substance, in containters of 2 l/less",2206,Vermouths etc
220590,"Vermouth & other wine of fresh grapes flavoured with plants/aromatic substance, in containters of > 2l",2206,Vermouths etc
220600,"Fermented beverages (e.g., cider, perry, mead), n.e.s.; mixtures of fermented beverages & mixtures of fermented beverages & non-alcoholic beverages, n.e.s.",2207,Other fermented beverages
220710,Undenatured ethyl alcohol of an alcoholic strength by volume of 80% vol.,2208,Ethyl alcohol or neutral spirits
220720,"Ethyl alcohol & other spirits, denatured, of any strength",2208,Ethyl alcohol or neutral spirits
220820,Spirits obt. by distilling grape wine/grape marc,2209B,"Distilled wine,grape marc"
220830,Whiskies,2209A,Whisky
220840,Rum & tafia,2209C,"Other alcoholc beveragess,compounds"
220850,Gin & Geneva,2209C,"Other alcoholc beveragess,compounds"
220860,Vodka,2209C,"Other alcoholc beveragess,compounds"
220870,Liqueurs & cordials,2209C,"Other alcoholc beveragess,compounds"
220890,"Undenatured ethyl alcohol of an alcoholic strength by volume <80%vol; other spirits, liquers & other spiritous beverages",2209C,"Other alcoholc beveragess,compounds"
220900,Vinegar & substitutes for vinegar obt. from acetic acid,2210,Vinegar and substitutes
230110,"Flours, meals & pellets of meat/meat offal; greaves",2301A,Meat meal fodder
230120,"Flours, meals & pellets of fish/of crustaceans, molluscs/other aquatic invertebrates",2301B,Fish meal fodder
230210,"Bran, sharps & other residues, whether/not in the form of pellets, derived from the sifting/milling/other working of maize (corn)",2302A,"Bran,etc maize or rice"
230230,"Bran, sharps & other residues, whether/not in the form of pellets, derived from the sifting/milling/other working of wheat",2302B,"Bran,etc other cereals"
230240,"Bran, sharps & other residues, whether/not in the form of pellets, derived from the sifting/milling/other working of cereals other than maize (corn)/wheat",2302B,"Bran,etc other cereals"
230250,"Bran, sharps & other residues, whether/not in the form of pellets, derived from the sifting/milling/other working of leguminous plants",2302C,"Bran,etc leguminous veg"
230310,"Residues of starch manufacture & similar residues, whether/not in pellets",2303,"Beet-pulp,bagasse,etc"
230320,"Beet-pulp, bagasse & other waste of sugar manufacture, whether/not in pellets",2303,"Beet-pulp,bagasse,etc"
230330,"Brewing/distilling dregs & waste, whether/not in pellets",2303,"Beet-pulp,bagasse,etc"
230400,"Oil-cake & other solid residues, whether/not ground/in pellets, from extraction of soyabean oil",2304A,Oilcake and other residues -- of soya beans
230500,"Oil-cake & other solid residues, whether/not ground/in pellets, from extraction of ground-nut oil",2304B,Oilcake and other residues -- of groundnuts
230610,"Oil-cake & other solid residues, whether/not ground/in pellets, from extraction of cotton seeds",2304C,Oilcake and other residues -- of cotton seeds
230620,"Oil-cake & other solid residues, whether/not ground/in pellets, from extraction of linseed",2304D,Oilcake and other residues -- of linseed
230630,"Oil-cake & other solid residues, whether/not ground/in pellets, from extraction of sunflower seeds",2304E,Oilcake and other residues -- of sunflower seeds
230641,"Oil-cake & other solid residues, whether/not ground/in pellets, from extraction of low erucic acid rape/colza seeds",2304H,Oilcake and other residues -- of rape or colza seed
230649,"Oil-cake & other solid residues, whether/not ground/in pellets, from extraction of rape/colza seeds (excl. low erucic acid seeds)",2304H,Oilcake and other residues -- of rape or colza seed
230650,"Oil-cake & other solid residues, whether/not ground/in pellets, from extraction of coconut/copra",2304G,Oilcake and other residues -- of coconut(copra)
230660,"Oil-cake & other solid residues, whether/not ground/in pellets, from extraction of palm nuts/kernels",2304F,"Oilcake and other residues -- of palm nuts,kernels"
230690,"Oil-cake & other solid residues, whether/not ground/in form of pellets, resulting from the extraction of vegetable fats/oils (excl. of 23.04, 23.05 & 2306.10-2306.60)",2304I,Oilcake and other residues -- of other oil seeds etc
230700,Wine lees; argol,2305,"Wine lees,argol"
230800,"Vegetable materials/waste/residues/by-products, whether/not in pellets, of a kind used in animal feeding, n.e.s.",2306,Fodder of vegtable origin nes
230910,"Dog/cat food, put up for RS",2307,"Fodder nes,including sweetned"
230990,Preparations of a kind used in animal feeding other than dog/cat food put up for RS,2307,"Fodder nes,including sweetned"
240110,"Tobacco, not stemmed/stripped",2401A,"Tobacco,not stripped -- virginia type,flue-cured"
240120,"Tobacco, partly/wholly stemmed/stripped",2401C,"Tobacco stripped or part -- virginia type,flue-cured"
240130,Tobacco refuse,2401E,Tobacco refuse
240210,"Cigars, cheroots & cigarillos containing tobacco",2402A,"Cigars,cheroots,etc"
240220,Cigarettes containing tobacco,2402B,Cigarettes
240290,"Cigars, cheroots, cigarillos & cigarettes of tobacco substitutes",2402B,Cigarettes
240310,"Smoking tobacco, whether/not containing tobacco substitutes in any proportion",2402C,Oth manufactured tobacco
240391,Homogenised/reconstituted tobacco,2402C,Oth manufactured tobacco
240399,"Manufactured tobacco & manufactured tobacco substitutes, n.e.s. (excl. smoking tobacco & homogenised/reconstituted tobacco); tobacco extracts & essences",2402C,Oth manufactured tobacco
250100,"Salt (incl. table salt & denatured salt) & pure sodium chloride, whether/not in aqueous solution/containing added anti-caking/free-flowing agents; sea water",2501,"Common salt,etc"
250200,Unroasted iron pyrites,2502,Iron pyrites unroasted
250300,Sulphur of all kinds (excl. sublimed sulphur/precipitated sulphur/colloidal sulphur),2503,"Sulphur,except sulphur in 52215"
250410,"Natural graphite, in powder/flakes",2504,Natural graphite
250490,Natural graphite other than in powders/flakes,2504,Natural graphite
250510,"Silica sands & quartz sands, whether/not coloured",2505,"Sand,excluding metal-bearing"
250590,"Natural sands other than silica & quartz, whether/not coloured, other than metalbearing sands of Ch.26",2505,"Sand,excluding metal-bearing"
250610,"Quartz, other than natural sands",2506,"Natural quartz,quartzite"
250620,"Quartzite, other than natural sands, whether/not roughly trimmed/merely cut, by sawing/othw., into blocks/slabs of a rectangular (including square) shape.",2506,"Natural quartz,quartzite"
250700,"Kaolin & other kaolinic clays, whether/not calcined",2507,Clay etc
250810,Bentonite,2507,Clay etc
250830,Fire-clay,2507,Clay etc
250840,"Clays other than expanded clays of 68.06 (excl. of 2507.00, 2508.10 & 2508.30)",2507,Clay etc
250850,"Andalusite, kyanite & sillimanite",2507,Clay etc
250860,Mullite,2507,Clay etc
250870,Chamotte/dinas earths,2507,Clay etc
250900,Chalk,2508,Chalk
251010,"Natural calcium phosphates, natural aluminium calcium phosphates & phosphatic chalk, unground",2510A,Natural calcium phosphates etc -- unground
251020,"Natural calcium phosphates, natural aluminium calcium phosphates & phosphatic chalk, ground",2510B,Natural calcium phosphates etc -- ground
251110,"Natural barium carbonate (witherite), whether/not calcined, other than barium oxide of 28.16",2511,"Natural barium sulphate,carbonate"
251120,"Natural barium carbonate (witherite), whether/not calcined, other than barium oxide of 28.16",2511,"Natural barium sulphate,carbonate"
251200,"Siliceous fossil meals (e.g., kieselguhr, tripolite & diatomite) & similar siliceous earths, whether/not calcined, of an apparent sp.gr. of 1/less",2512,Siliceous fossil meal
251310,"Pumice stone, whether/not heat-treated.",2513,Other natural abrasives nes
251320,"Emery, natural corundum, natural garnet & other natural abrasives, whether/not heat-treated",2513,Other natural abrasives nes
251400,"Slate, whether/not roughly trimmed/merely cut, by sawing/othw., into blocks/slabs of a rectangular (incl. square) shape",2514,"Slate,roughly worked"
251511,"Marble & travertine, crude/roughly trimmed",2515,"Marble,etc building stone"
251512,"Marble & travertine, merely cut, by sawing/othw., into blocks/slabs of a rectangular (incl. square) shape",2515,"Marble,etc building stone"
251520,"Ecaussine & other calcareous monumental/building stone; alabaster, whether/not roughly trimmed/merely cut, by sawing/othw., into blocks/slabs of a rectangular (including square) shape",2515,"Marble,etc building stone"
251611,"Granite, crude/roughly trimmed",2516,"Granite,sandstone,etc"
251612,"Granite, merely cut, by sawing/othw., into blocks/slabs of a rectangular (incl. square) shape",2516,"Granite,sandstone,etc"
251620,"Sandstone, whether/not roughly trimmed/merely cut, by sawing/othw., into blocks/slabs of a rectangular (incl. square) shape",2516,"Granite,sandstone,etc"
251690,"Monumental/building stone (excl. of 2516.11-2516.22), whether/not roughly trimmed/merely cut, by sawing/othw., into blocks/slabs of a rectangular (incl. square) shape",2516,"Granite,sandstone,etc"
251710,"Pebbles/gravel/broken/crushed stone, of a kind commonly used for concrete aggregates/road metalling/railway/other ballast, shingle & flint, whether/not heat-treated",2517,"Gravel,crushed stone,etc"
251720,"Macadam of slag/dross/similar industrial waste, whether/not incorporating the materials cited in 2517.10",2517,"Gravel,crushed stone,etc"
251730,"Tarred macadam, whether/not incorporating pebbles/gravel/broken/crushed stone",2517,"Gravel,crushed stone,etc"
251741,"Granules, chippings & powder, of marble, whether/not heat-treated",2517,"Gravel,crushed stone,etc"
251749,"Granules, chippings & powder, of stones of 25.15/25.16 (excl. marble), whether/not heat-treated",2517,"Gravel,crushed stone,etc"
251810,"Dolomite, not calcined/sintered, incl. dolomite roughly trimmed/merely cut, by sawing/othw., into blocks/slabs of a rectangular (incl. square) shape",2518,Dolomite
251820,"Calcined/sintered dolomite, incl. dolomite roughly trimmed/merely cut, by sawing/othw., into blocks/slabs of a rectangular (incl. square) shape",2518,Dolomite
251830,Dolomite ramming mix,2518,Dolomite
251910,Natural magnesium carbonate (magnesite),2519,Natural magnesium
251990,"Fused magnesia; dead-burned (sintered) magnesia, whether/not containing small quantities of other oxides added before sintering; other magnesium oxide, whether/not pure",2519,Natural magnesium
252010,Gypsum; anhydrite,2520A,Gypsum and anhydrite
252020,"Plasters (consisting of calcined gypsum/calcium sulphate) whether/not coloured, with/without small quantities of accelerators/retarders",2520B,"Calcined gypsum,plasters"
252100,"Limestone flux; limestone & other calcareous stone, of a kind used for the manufacture of lime/cement",2521,Limestone flux and calcareous stone
252210,Quicklime,2522,"Lime,quick,slaked,hydraulc"
252220,Slaked lime,2522,"Lime,quick,slaked,hydraulc"
252230,"Hydraulic lime, other than calcium oxide & hydroxide of 28.25",2522,"Lime,quick,slaked,hydraulc"
252310,Cement clinkers,2523,Cement
252321,"White cement, whether/not artificially coloured",2523,Cement
252329,"Portland cement (excl. white cement, whether/not artificially coloured), whether/not coloured",2523,Cement
252330,"Aluminous cement, whether/not coloured/in the form of clinkers",2523,Cement
252390,"Hydraulic cements (e.g., slag cement, supersulphate cement), whether/not coloured/in the form of clinkers (excl. cement clinkers, Portland cement & aluminous cement)",2523,Cement
252410,Crocidolite,2524,"Asbestos crude,simply worked"
252490,Asbestos other than crocidolite,2524,"Asbestos crude,simply worked"
252510,Crude mica & mica rifted into sheets/splittings,2526,"Mica,mica waste"
252520,Mica powder,2526,"Mica,mica waste"
252530,Mica waste,2526,"Mica,mica waste"
252610,"Natural steatite, whether/not roughly trimmed/merely cut, by sawing/othw., into blocks/slabs of a rectangular (incl. square) shape; talc, not crushed/powdered",2527,"Talc,natural steatite"
252620,"Natural steatite, whether/not roughly trimmed/merely cut, by sawing/othw., into blocks/slabs of a rectangular (incl. square) shape; talc, crushed/powdered",2527,"Talc,natural steatite"
252810,Natural sodium borates & concentrates thereof (whether/not calcined),2530,Crude natural borates
252890,"Natural borates & concentrates thereof (excl. sodium borates), whether/not calcined but not incl. borates separated from natural brine; natural boric acid containing not >85% of H3BO3 calc. on the dry weight",2530,Crude natural borates
252910,Felspar,2531,"Felspar,flourspar,etc"
252921,"Fluorspar, containing by weight 97%/less of calcium fluoride",2531,"Felspar,flourspar,etc"
252922,"Fluorspar, containing by weight >97% of calcium fluoride",2531,"Felspar,flourspar,etc"
252930,Leucite; nepheline & nepheline syenite,2531,"Felspar,flourspar,etc"
253010,"Vermiculite, perlite & chlorites, unexpanded",2532,"Mineral substances,nes"
253020,"Kieserite, epsomite (natural magnesium sulphates)",2532,"Mineral substances,nes"
253090,"Mineral substance, n.e.s. in Ch.25",2532,"Mineral substances,nes"
260111,"Iron ores & concentrates (excl. roasted iron pyrites), non-agglomerated",2601B,Iron ore not agglomeratd
260112,"Iron ores & concentrates (excl. roasted iron pyrites), agglomerated",2601C,Iron ore agglomerates
260120,Roasted iron pyrites,2601A,Roasted iron pyrites
260200,"Manganese ores & concentrates, incl. ferruginous manganese ores & concentrates with a manganese content of 20%/more, calc. on the dry weight",2601J,"Manganese ore,concentrte"
260300,Copper ores & concentrates,2601D,"Copper ores,excluding matte"
260400,Nickel ores & concentrates,2601E,"Nickel ores,excluding matte"
260500,Cobalt ores & concentrates,2601O,"Oth nonfer ore,concentrates nes"
260600,Aluminium ores & concentrates,2601F,"Aluminium ore,concntrate"
260700,Lead ores & concentrates,2601G,"Lead ores,concentrates"
260800,Zinc ores & concentrates,2601H,"Zinc ores,concentrates"
260900,Tin ores & concentrates,2601I,"Tin ores,concentrates"
261000,Chromium ores & concentrates,2601K,"Chromium ore,concentrate"
261100,Tungsten ores & concentrates,2601L,"Tungsten ore,concentrate"
261210,Uranium ores & concentrates,2601N,"Uranium,thorium ore,concentrates"
261220,Thorium ores & concentrates,2601N,"Uranium,thorium ore,concentrates"
261310,"Molybdenum ores & concentrates, roasted",2601M,"Vanadium,molybd etc ores"
261390,"Molybdenum ores & concentrates, other than roasted",2601M,"Vanadium,molybd etc ores"
261400,Titanium ores & concentrates,2601M,"Vanadium,molybd etc ores"
261510,Zirconium ores & concentrates,2601M,"Vanadium,molybd etc ores"
261590,Niobium/tantalum/vanadium ores & concentrates,2601M,"Vanadium,molybd etc ores"
261610,Silver ores & concentrates,2601P,"Precious metal ores,concentrates"
261690,Precious metal ores & concentrates (excl. silver ores & concentrates),2601P,"Precious metal ores,concentrates"
261710,Antimony ores & concentrates,2601O,"Oth nonfer ore,concentrates nes"
261790,Ores & concentrates (excl. of 2601.11-2617.10),2601O,"Oth nonfer ore,concentrates nes"
261800,Granulated slag (slag sand) from the manufacture of iron/steel,2602,Slag etc from iron steel manufacture
261900,"Slag, dross (excl. granulated slag), scalings & other waste from the manufacture of iron/steel",2602,Slag etc from iron steel manufacture
262011,"Ash & residues (excl. from the manufacture of iron/steel), containing hard zinc spelter",2603,Metaliferous nonferous waste
262019,"Ash & residues (excl. from the manufacture of iron/steel), containing zinc other than hard zinc spelter",2603,Metaliferous nonferous waste
262021,Leaded gasoline sludges & leaded anti-knock compound sludges,2603,Metaliferous nonferous waste
262029,Ash & residues (excl. from the manufacture of iron/steel) containing lead (excl. of 2620.21),2603,Metaliferous nonferous waste
262030,Ash & residues (excl. from the manufacture of iron/steel) containing mainly copper,2603,Metaliferous nonferous waste
262040,Ash & residues (excl. from the manufacture of iron/steel) containing mainly aluminium,2603,Metaliferous nonferous waste
262060,"Slag,ash & residues (excl. from the manufacture of iron/steel) containing arsenic/mercury/thallium/their mixtures, of a kind used for the extraction  of arsenic/those metals /for the manufacture of their chemical compounds",2603,Metaliferous nonferous waste
262091,Ash & residues (excl. from the manufacture of iron/steel) containing antimony/beryllium/cadmium/chromium/their mixtures,2603,Metaliferous nonferous waste
262099,"Ash & residues (excl. from the manufacture of iron/steel), n.e.s. in Ch.26",2603,Metaliferous nonferous waste
262110,Ash & residues from the incineration of municipal waste,2604,"Slag,ash,nes(including kelp)"
262190,"Slag & ash, incl. seaweed ash (kelp), other than ash & residues from the incineration of municipal waste",2604,"Slag,ash,nes(including kelp)"
270111,"Anthracite coal, whether/not pulverised but not agglomerated",2701A,"Anthracite,not agglomrtd"
270112,"Bituminous coal, whether/not pulverised but not agglomerated",2701B,"Other coal,not agglomeratd"
270119,"Coal other than anthracite & bituminous, whether/not pulverised but not agglomerated",2701B,"Other coal,not agglomeratd"
270120,"Briquettes, ovoids & similar solid fuels manufactured from coal",2701C,Briquettes of coal
270210,"Lignite, whether/not pulverised but not agglomerated (excl. jet)",2702A,"Lignite,not agglomerated"
270220,Agglomerated lignite (excl. jet),2702B,"Lignite,agglomerated"
270300,"Peat (incl. peat litter), whether/not agglomerated",2703A,"Peat,not agglomerated"
270400,"Coke & semi-coke of coal/lignite/peat, whether/not agglomerated; retort carbon",2704A,"Coke of coal,retort carbon"
270500,"Coal gas, water gas, producer gas & similar gases (excl. petroleum gases & other gaseous hydrocarbons)",2705,"Coal water,producer gases & similar gases"
270600,"Tar distilled from coal/lignite/peat, & other mineral tars, whether/not dehydrated/partially distilled, incl. reconstituted tars",2706,Tar distilled from coal
270710,Benzol (benzene),2707A,Benzole
270720,Toluol (toluene),2707B,Toluole
270730,Xylol (xylenes),2707C,Xylole
270740,Naphthalene,2707D,"Oils,other products nes"
270750,"Aromatic hydrocarbon mixtures of which 65%/more by volume, incl. losses, distils at 250 ?C by the ASTM D86 method (excl. benzol, toluol, xylol & naphthalene)",2707D,"Oils,other products nes"
270791,Creosote oils,2707D,"Oils,other products nes"
270799,Oils & other products of the distillation of high temp. coal tar; similar products in which the weight of the aromatic constituents exceeds that of the non-aromatic constituents (excl. of 2707.10 - 2707.91),2707D,"Oils,other products nes"
270810,"Pitch, obt. from coal tar/other mineral tars",2708A,Pitch from mineral tars
270820,"Pitch coke, obt. from coal tar/other mineral tars",2708B,Pitch coke
270900,"Petroleum oils & oils obt. from bituminous mins., crude",2709,"Petroleum oils, crude"
271011,Light petroleum oils & preparations,2710,"Petroleum oils, other"
271019,"Petroleum oils & oils obtained from bituminous minerals (other than crude) & preparations not elsewhere specified/incld., containing by weight 70 %/more of petroleum oils/of oils obtained from bituminous minerals, these oils being the basic constituents",2710,"Petroleum oils, other"
271091,Waste oils containing polychlorinated biphenyls (PCBs)/polychlorinated terphenyls (PCTs)/polybrominated biphenyls (PBBs),2710,"Petroleum oils, other"
271099,Waste oils other than those containing polychlorinated biphenyls (PCBs)/polychlorinated terphenyls (PCTs)/polybrominated biphenyls (PBBs),2710,"Petroleum oils, other"
271111,"Natural gas, liquefied",2711B,Other hydrocarbon gas liquified
271112,"Propane, liquefied",2711A,"Liquefied propane,butane"
271113,"Butanes, liquefied",2711A,"Liquefied propane,butane"
271114,"Ethylene, propylene, butylene & butadiene, liquefied",2711B,Other hydrocarbon gas liquified
271119,"Petroleum gases other than natural gas/propane/butanes/ethylene, propylene, butylene & butadiene, liquefied",2711B,Other hydrocarbon gas liquified
271121,"Natural gas, in gaseous state",2711C,"Gas natural,gaseous state"
271129,"Petroleum gases & gaseous hydrocarbons, other than natural gas, in gaseous state",2711C,"Gas natural,gaseous state"
271210,Petroleum jelly,2712,Petroleum jelly
271220,Paraffin wax containing by weight <0.75% of oil,2713,Mineral waxes
271290,"Micro-crystalline petroleum wax, slack wax, ozokerite, lignite wax, peat wax, other mineral waxes, & similar products obt. by synthesis/other processes, whether/not coloured",2713,Mineral waxes
271311,"Petroleum coke, not calcined",2714A,Petroleum coke
271312,"Petroleum coke, calcined",2714A,Petroleum coke
271320,Petroleum bitumen,2714B,Petroleum bitumen
271390,"Residues of petroleum oils/oils obt. from bituminous mins., other than petroleum coke/petroleum bitumen",2714B,Petroleum bitumen
271410,Bituminous/oil shale & tar sands,2715,"Natural asphalt,bitumen"
271490,"Bitumen & asphalt, natural; asphaltites & asphaltic rocks",2715,"Natural asphalt,bitumen"
271500,"Bituminous mixtures based on natural asphalt/natural bitumen/petroleum bitumen/mineral tar/mineral tar pitch (e.g., bituminous mastics, cut-backs)",2716,Bituminous mixtures etc
271600,Electrical energy (optional heading),2717,Electric current
280110,Chlorine,2801A,Chlorine
280120,Iodine,2801B,"Fluorine,bromine,iodine"
280130,Fluorine; bromine,2801B,"Fluorine,bromine,iodine"
280200,"Sulphur, sublimed/precipitated; colloidal sulphur",2802,"Sulphur,sublimed or precipitated"
280300,"Carbon (carbon blacks & other forms of carbon, n.e.s.)",2803,Carbon (including carbon black)
280410,Hydrogen,2804A,"Gases,excluding halogens"
280421,Argon,2804A,"Gases,excluding halogens"
280429,Rare gases other than argon,2804A,"Gases,excluding halogens"
280430,Nitrogen,2804A,"Gases,excluding halogens"
280440,Oxygen,2804A,"Gases,excluding halogens"
280450,Boron; tellurium,2804B,Metalloids nes
280461,"Silicon, containing by weight not <99.99% of silicon",2804B,Metalloids nes
280469,"Silicon, containing by weight <99.99% of silicon",2804B,Metalloids nes
280470,Phosphorus,2804B,Metalloids nes
280480,Arsenic,2804B,Metalloids nes
280490,Selenium,2804B,Metalloids nes
280511,Sodium,2805B,"Alkali,rare earth metals"
280512,Calcium,2805B,"Alkali,rare earth metals"
280519,Alkali/alkaline-earth metals other than sodium & calcium,2805B,"Alkali,rare earth metals"
280530,"Rare-earth metals, scandium & yttrium, whether/not intermixed/interalloyed",2805B,"Alkali,rare earth metals"
280540,Mercury,2805A,Mercury
280610,Hydrogen chloride (hydrochloric acid),2806,Hydrochloric acid etc
280620,Chlorosulphuric acid,2806,Hydrochloric acid etc
280700,Sulphuric acid; oleum,2808,Sulphuric acid;oleum
280800,Nitric acid; sulphonitric acids,2809,"Nitric,sulphonitric acid"
280910,Diphosphorus pentaoxide,2810,Phosphorus pentoxide
280920,"Phosphoric acid & polyphosphoric acids, whether/not chemically defined",2810,Phosphorus pentoxide
281000,Oxides of boron; boric acids,2812,Boric oxide and boric acid
281111,Hydrogen fluoride (hydrofluoric acid),2813,Other inorganic acids etc
281119,Inorganic acids other than hydrogen fluoride,2813,Other inorganic acids etc
281121,Carbon dioxide,2813,Other inorganic acids etc
281122,Silicon dioxide,2813,Other inorganic acids etc
281129,"Inorganic oxygen comps. of non-metals (excl. of 2811.21& 2811.22),n.e.s. ",2813,Other inorganic acids etc
281210,Chlorides & chloride oxides of non-metals,2814,Halogen compounds non-metal
281290,Halides & halide oxides of non-metals other than chlorides & chloride oxides,2814,Halogen compounds non-metal
281310,Carbon disulphide,2815,Sulphur compounds non-metal
281390,Sulphides of non-metals (excl. carbon disulphide); commercial phosphorus trisulphide,2815,Sulphur compounds non-metal
281410,Anhydrous ammonia,2816,"Ammonia,anhydrous etc"
281420,Ammonia in aqueous solution,2816,"Ammonia,anhydrous etc"
281511,"Sodium hydroxide (caustic soda), solid",2817A,"Caustic soda,solid"
281512,"Sodium hydroxide (caustic soda), in aqueous solution (sida lye/liquid soda)",2817B,Caustic soda in solution
281520,Potassium hydroxide (caustic potash),2817C,"Caustic potash,etc"
281530,Peroxides of sodium/potassium,2817C,"Caustic potash,etc"
281610,Hydroxide & peroxide of magnesium,2818,"Oxides etc of magnesium,strontium,barium"
281640,"Oxides, hydroxides & peroxides, of strontium/barium",2818,"Oxides etc of magnesium,strontium,barium"
281700,Zinc oxide; zinc peroxide,2819,"Zinc oxide,peroxide"
281810,"Artificial corundum, whether/not chemically defined",2820C,Artificial corundum
281820,Aluminium oxide (excl. artificial corundum),2820A,Alumina(aluminium oxide)
281830,Aluminium hydroxide,2820B,Aluminium hydroxide
281910,Chromium trioxide,2821,"Chromium oxide,hydroxide"
281990,Chromium oxides (excl. chromium trioxide) & hydroxides,2821,"Chromium oxide,hydroxide"
282010,Manganese dioxide,2822,Manganese oxides
282090,Manganese oxides other than manganese dioxide,2822,Manganese oxides
282110,Iron oxides & hydroxides,2823,"Iron oxides,hydroxides"
282120,Earth colours containing 70%/more by weight of combined iron evaluated as Fe2O3,2823,"Iron oxides,hydroxides"
282200,Cobalt oxides & hydroxides; commercial cobalt oxides,2824,"Cobalt oxides,hydroxides"
282300,Titanium oxides,2825,Titanium oxides
282410,"Lead monoxide (litharge, massicot)",2827,Lead oxides
282490,Lead oxides (excl. of 2824.10);red lead&orange lead,2827,Lead oxides
282510,Hydrazine & hydroxylamine & their inorganic salts,2828,"Other oxides,bases etc nes"
282520,Lithium oxide & hydroxide,2828,"Other oxides,bases etc nes"
282530,Vanadium oxides & hydroxides,2828,"Other oxides,bases etc nes"
282540,Nickel oxides & hydroxides,2828,"Other oxides,bases etc nes"
282550,Copper oxides & hydroxides,2828,"Other oxides,bases etc nes"
282560,Germanium oxides & zirconium dioxide,2828,"Other oxides,bases etc nes"
282570,Molybdenum oxides & hydroxides,2828,"Other oxides,bases etc nes"
282580,Antimony oxides,2828,"Other oxides,bases etc nes"
282590,"Inorganic bases other than hydrazine & hydroxylamine & their inorganic salts; other metal oxides, hydroxides & peroxides, n.e.s. in Ch 28.25",2828,"Other oxides,bases etc nes"
282612,"Flourides, of aluminium",2829,Flourides etc
282619,Flourides other than of aluminium,2829,Flourides etc
282630,Sodium hexafluoroaluminate (synthetic cryolite),2829,Flourides etc
282690,"Fluorosilicates, fluoroaluminates (excl. of 2826.30) & other complex fluorine salts",2829,Flourides etc
282710,Ammonium chloride,2830,"Chlorides,oxychlorides"
282720,Calcium chloride,2830,"Chlorides,oxychlorides"
282731,Magnesium chlorides,2830,"Chlorides,oxychlorides"
282732,Aluminium chlorides,2830,"Chlorides,oxychlorides"
282735,Nickel chlorides,2830,"Chlorides,oxychlorides"
282739,"Chlorides (excl. of 2827.10-2827.35), n.e.s.",2830,"Chlorides,oxychlorides"
282741,"Chloride oxides & chloride hydroxides, of copper",2830,"Chlorides,oxychlorides"
282749,Chloride oxides & chloride hydroxides other than of copper,2830,"Chlorides,oxychlorides"
282751,Bromides of sodium/potassium,2830,"Chlorides,oxychlorides"
282759,Bromides & bromide oxides other than bromides of sodium/potassium,2830,"Chlorides,oxychlorides"
282760,Iodides & iodide oxides,2830,"Chlorides,oxychlorides"
282810,Commercial calcium hypochlorite & other calcium hypochlorites,2831,"Chlorites,hypochlorites"
282890,Hypochlorites (excl. calcium); chlorites; hypobromites,2831,"Chlorites,hypochlorites"
282911,"Chlorates, of sodium",2832,"Chlorates,perchlorates"
282919,Chlorates other than of sodium,2832,"Chlorates,perchlorates"
282990,Perchlorates; bromates & perbromates; iodates & periodates,2832,"Chlorates,perchlorates"
283010,Sodium sulphides,2835,"Sulphides,polysulphides"
283090,"Sulphides (excl. of 2830.10); polysulphides, whether/not chemically defined",2835,"Sulphides,polysulphides"
283110,"Dithionites & sulphoxylates, of sodium",2836,"Dithionite,sulphoxylates"
283190,Dithionites & sulphoxylates (excl. of sodium),2836,"Dithionite,sulphoxylates"
283210,Sodium sulphites,2837,"Sulphites,thiosulphates"
283220,Sulphites (excl. of sodium),2837,"Sulphites,thiosulphates"
283230,Thiosulphates,2837,"Sulphites,thiosulphates"
283311,Disodium sulphate,2838A,Sodium sulphate etc
283319,Sodium sulphates other than disodium sulphate,2838A,Sodium sulphate etc
283321,Sulphates of magnesium,2838B,"Other sulphates,perslphtes"
283322,Sulphates of aluminium,2838B,"Other sulphates,perslphtes"
283324,Sulphates of nickel,2838B,"Other sulphates,perslphtes"
283325,Sulphates of copper,2838B,"Other sulphates,perslphtes"
283327,Sulphates of barium,2838B,"Other sulphates,perslphtes"
283329,Sulphates other than Sodium sulphates(excl. of 2833.21-2833.27),2838B,"Other sulphates,perslphtes"
283330,Alums,2838B,"Other sulphates,perslphtes"
283340,Peroxosulphates (persulphates),2838B,"Other sulphates,perslphtes"
283410,Nitrites,2839,Nitrites and nitrates
283421,Nitrates of potassium,2839,Nitrites and nitrates
283429,Nitrates other than of potassium,2839,Nitrites and nitrates
283510,Phosphinates (hypophosphites) & phosphonates (phosphites),2840,"Phosphites,phosphates"
283522,Phosphates of mono- /disodium,2840,"Phosphites,phosphates"
283524,Phosphates of potassium,2840,"Phosphites,phosphates"
283525,Calcium hydrogenorthophosphate (dicalcium phosphate),2840,"Phosphites,phosphates"
283526,Phosphates of calcium other than hydrogenorthophosphate (dicalcium phosphate),2840,"Phosphites,phosphates"
283529,Phosphates (excl. of 2835.22-2835.26),2840,"Phosphites,phosphates"
283531,Sodium triphosphate (sodium tripolyphosphate),2840,"Phosphites,phosphates"
283539,Polyphosphates (excl. of 2835.31),2840,"Phosphites,phosphates"
283620,Disodium carbonate,2842A,Neutral sodium carbonate
283630,Sodium hydrogencarbonate (sodium bicarbonate),2842B,"Carbonate,percbonate nes"
283640,Potassium carbonates,2842B,"Carbonate,percbonate nes"
283650,Calcium carbonate,2842B,"Carbonate,percbonate nes"
283660,Barium carbonate,2842B,"Carbonate,percbonate nes"
283691,Lithium carbonates,2842B,"Carbonate,percbonate nes"
283692,Strontium carbonate,2842B,"Carbonate,percbonate nes"
283699,Carbonates(excl. of 2836.20-2836.92); peroxocarbonates (percarbonates); commercial ammonium carbonate containing ammonium carbamate.,2842B,"Carbonate,percbonate nes"
283711,"Cyanides & cyanide oxides, of sodium",2843,"Cyanides,complex cyanide"
283719,Cyanides & cyanide oxides (excl. of 2837.11),2843,"Cyanides,complex cyanide"
283720,Complex cyanides,2843,"Cyanides,complex cyanide"
283911,Sodium metasilicates,2845,Silicates
283919,Silicates of sodium other than sodiummetasilicates,2845,Silicates
283990,Silicates other than of sodium; commercial alkali metal silicates,2845,Silicates
284011,"Disodium tetraborate (refined borax), anhydrous",2846,Borates and perborates
284019,"Disodium tetraborate (refined borax), other than anhydrous",2846,Borates and perborates
284020,Borates other than disodium tetrborate (refined borax),2846,Borates and perborates
284030,Peroxoborates (perborates),2846,Borates and perborates
284130,Sodium dichromate,2847,Salts of metallic acids
284150,Chromates&dichromates(excl. of 2841.30); peroxochromates,2847,Salts of metallic acids
284161,Potassium permanganate,2847,Salts of metallic acids
284169,"Manganites, manganates & permanganates (excl. of potassium)",2847,Salts of metallic acids
284170,Molybdates,2847,Salts of metallic acids
284180,Tungstates (wolframates),2847,Salts of metallic acids
284190,Salts of oxometallic/peroxometallic acids (excl. of 2841.30-2841.80),2847,Salts of metallic acids
284210,"Double/complex silicates, incl. aluminosilicates, whether/not chemically defined",2848,Salts of inorganic acids nes
284290,"Salts of inorganic acids/peroxoacids (excl. of double/complex silicates), whether/not chemically defined (excl. azides)",2848,Salts of inorganic acids nes
284310,Colloidal precious metals,2849,Colloidal precious metals
284321,Silver nitrate,2849,Colloidal precious metals
284329,Silver comps. other than silver nitrate,2849,Colloidal precious metals
284330,Gold comps.,2849,Colloidal precious metals
284390,"Inorganic/organic compounds of precious metals (excl. of 2843.21 - 2843.30), whether/not chemically defined; amalgams of precious metals",2849,Colloidal precious metals
284410,"Natural uranium & its comps.; alloys, dispersions (incl. cermets), ceramic products & mixtures containing natural uranium/natural uranium comps.",2850,Radioactive elements etc
284420,"Uranium enriched in U 235 & its compounds; plutonium & its compounds; alloys, dispersions (including cermets), ceramic products & mixtures containing uranium enriched in U 235, plutonium/compounds of these products",2850,Radioactive elements etc
284430,"Uranium depleted in U 235 & its compounds; thorium & its compounds; alloys, dispersions (including cermets), ceramic products & mixtures containing uranium depleted in U 235, thorium/compounds of these products",8104A,"Uranium,thorium,alloys"
284440,"Radioactive elements & isotopes & compounds other than those of subheading 2844.10, 2844.20/2844.30; alloys, dispersions (including cermets), ceramic products & mixtures containing these elements, isotopes/compounds; radioactive residues",2850,Radioactive elements etc
284450,Spent (irradiated) fuel elements (cartridges) of nuclear reactors,2850,Radioactive elements etc
284510,Heavy water (deuterium oxide),2851,Stable isotopes etc
284590,"Isotopes other than those of 28.44 (excl. heavy water (deuterium oxide)); comps., inorganic/organic, of such isotopes, whether/not chemically defined",2851,Stable isotopes etc
284610,Cerium comps.,2852,Compounds of thorium etc.
284690,"Compounds, inorganic/organic, of rare-earth metals/yttrium/scandium/mixtures of these metals, other than cerium comps.",2852,Compounds of thorium etc.
284700,"Hydrogen peroxide, whether/not solidified with urea",2854,Hydrogen peroxide
284800,"Phosphides, whether/not chemically defined (excl. ferrophosphorus)",2855,Phosphides
284910,"Carbides, of calcium, whether/not chemically defined",2856A,Calcium carbide
284920,"Carbides, of silicon, whether/not chemically defined",2856B,"Carbides,excluding calcium"
284990,"Carbides (excl. of 2849.10 & 2849.20), whether/not chemically defined",2856B,"Carbides,excluding calcium"
285000,"Hydrides, nitrides, azides, silicides&borides, whether/not chemically defined, other than compounds which are also carbides of heading 28.49.",2857,"Hydrides, nitrides and azides"
285200,"Compounds, inorganic/organic, of mercury, excluding amalgams.",2935B,"Other heterocyc compounds,etc"
285300,"Other inorganic compounds (including distilled/conductivity water&water of similar purity); liquid air (whether/not rare gases have been removed); compressed air; amalgams, other than amalgams of precious metals.",2858,Other inorganic compounds n.e.s.
290110,Saturated acyclic hydrocarbons,2901D,Other acyclic hydrocarbons
290121,Ethylene,2901A,Ethylene
290122,Propene (propylene),2901B,Propylene
290123,Butene (butylene) & isomers thereof,2901C,"Butylenes,butadienes etc"
290124,"Buta-1,3-diene & isoprene",2901C,"Butylenes,butadienes etc"
290129,Unsaturated acyclic hydrocarbons (excl. of 2901.21-2901.24),2901D,Other acyclic hydrocarbons
290211,Cyclohexane,2901E,Cyclohexane
290219,"Cyclanes, cyclenes & cycloterpenes other than cyclohexane",2901K,Other cyclic hydrocarbons
290220,Benzene,2901F,"Benzene,chemically pure"
290230,Toluene,2901G,"Toluene,chemically pure"
290241,o-Xylene,2901H,"Xylenes,chemically pure"
290242,m-Xylene,2901H,"Xylenes,chemically pure"
290243,p-Xylene,2901H,"Xylenes,chemically pure"
290244,Mixed xylene isomers,2901H,"Xylenes,chemically pure"
290250,Styrene,2901I,Styrene
290260,Ethylbenzene,2901J,Ethylbenzene
290270,Cumene,2901K,Other cyclic hydrocarbons
290290,Xylenes (excl. of 2902.41-2902.70),2901K,Other cyclic hydrocarbons
290311,Chloromethane (methyl chloride) & chloroethane (ethyl chloride),2902D,Other halogenated hydrcarbons derivatives
290312,Dichloromethane (methylene chloride),2902D,Other halogenated hydrcarbons derivatives
290313,Chloroform (trichloromethane),2902D,Other halogenated hydrcarbons derivatives
290314,Carbon tetrachloride,2902D,Other halogenated hydrcarbons derivatives
290315,"1,2-Dichloroethane (ethylene dichloride)",2902D,Other halogenated hydrcarbons derivatives
290319,Saturated chlorinated derivatives of acyclic hydrocarbons (excl. of 2903.11-2903.15),2902D,Other halogenated hydrcarbons derivatives
290321,Vinyl chloride (chloroethylene),2902A,Vinyl chloride
290322,Trichloroethylene,2902B,Trichloroethylene
290323,Tetrachloroethylene (perchloroethylene),2902C,Tetrachloroethylene
290329,Unsaturated chlorinated derivatives of acyclic hydrocarbons (excl. of 2903.21-2903.23),2902D,Other halogenated hydrcarbons derivatives
290331,"Ethylene dibromide (ISO) (1,2-dibromoethane)",2902D,Other halogenated hydrcarbons derivatives
290339,Fluorinated/brominated/iodinated derivatives of acyclic hydrocarbons (excl. of 2903.31),2902D,Other halogenated hydrcarbons derivatives
290341,Trichlorofluoromethane,2902D,Other halogenated hydrcarbons derivatives
290342,Dichlorodifluoromethane,2902D,Other halogenated hydrcarbons derivatives
290343,Trichlorotrifluoroethanes,2902D,Other halogenated hydrcarbons derivatives
290344,Dichlorotetrafluoroethanes & chloropentafluoroethane,2902D,Other halogenated hydrcarbons derivatives
290345,"Halogenated derivatives of acyclic hydrocarbons containing 2/more different halogens, perhalogenated only with fluorine & chlorine (excl. of 2903.41-2903.44)",2902D,Other halogenated hydrcarbons derivatives
290346,"Bromochlorodifluoromethane, bromotrifluoromethane & dibromotetrafluoroethanes",2902D,Other halogenated hydrcarbons derivatives
290347,"Perhalogenated derivatives of 2/more different halogens, n.e.s.",2902D,Other halogenated hydrcarbons derivatives
290349,Halogenated derivatives of acyclic hydrocarbons containing 2/more different halogens (excl. of 2903.41-2903.47),2902D,Other halogenated hydrcarbons derivatives
290351,"1,2,3,4,5,6-Hexachlorocyclohexane",2902D,Other halogenated hydrcarbons derivatives
290352,"Aldrin (ISO), chlordane (ISO)&heptachlor (ISO)",2902D,Other halogenated hydrcarbons derivatives
290359,Halogenated derivatives of cyclanic/cyclenic/cycloterpenic hydrocarbons (excl. of 2903.51 & 2903.52),2902D,Other halogenated hydrcarbons derivatives
290361,"Chlorobenzene, o-dichlorobenzene & p-dichlorobenzene",2902D,Other halogenated hydrcarbons derivatives
290362,"Hexachlorobenzene & DDT (1,1,1-trichloro-2,2-bis(p-chlorophenyl)ethane)",2902D,Other halogenated hydrcarbons derivatives
290369,Halogenated derivatives of aromatic hydrocarbons (excl. of 2903.61 & 2903.62),2902D,Other halogenated hydrcarbons derivatives
290410,"Sulphonated/nitrated/nitrosated derivatives of hydrocarbons, whether/not halogenated, containing only sulpho groups, their salts & ethyl esters",2903,Hydrocarbons derivative nonhalogenated
290420,"Sulphonated/nitrated/nitrosated derivatives of hydrocarbons, whether/not halogenated, containing only nitro/nitroso groups",2903,Hydrocarbons derivative nonhalogenated
290490,"Sulphonated/nitrated/nitrosated derivatives of hydrocarbons, whether/not halogenated (excl. of 2904.10 & 2904.20)",2903,Hydrocarbons derivative nonhalogenated
290511,Methanol (methyl alcohol),2904A,Methyl alcohol(methanol)
290512,Propan-1-ol (propyl alcohol) & propan-2-ol (isopropyl alcohol),2904B,Propanols
290513,Butan-1-ol (n-butyl alcohol),2904C,Butyl alcohols(butanols)
290514,Butanols other than butan-1-ol (n-butyl alcohol),2904C,Butyl alcohols(butanols)
290516,Octanol (octyl alcohol) & isomers thereof,2904D,Octyl alcohols(octanols)
290517,"Dodecan-1-ol (lauryl alcohol), hexadecan-1-ol (cetyl alcohol) & octadecan-1-ol (stearyl alcohol)",2904F,"Acyclic alcohols nes,derivatives"
290519,Saturated monohydric alcohols (excl. of 2905.11-2905.17),2904F,"Acyclic alcohols nes,derivatives"
290522,Acyclic terpene alcohols,2904F,"Acyclic alcohols nes,derivatives"
290529,Unsaturated monohydric alcohols other than acyclic terpene alcohols,2904F,"Acyclic alcohols nes,derivatives"
290531,Ethylene glycol (ethanediol),2904E,Ethylene glycol(ethndls)
290532,"Propylene glycol (propane-1,2-diol)",2904F,"Acyclic alcohols nes,derivatives"
290539,"Diols other than ethylene glycol (ethanediol) & propylene glycol (propane-1,2-diol)",2904F,"Acyclic alcohols nes,derivatives"
290541,"2-Ethyl-2-(hydroxymethyl)propane-1,3-diol (trimethylolpropane)",2904F,"Acyclic alcohols nes,derivatives"
290542,Pentaerythritol,2904F,"Acyclic alcohols nes,derivatives"
290543,Mannitol,2904F,"Acyclic alcohols nes,derivatives"
290544,D-glucitol (sorbitol),2904F,"Acyclic alcohols nes,derivatives"
290545,Glycerol other than crude,1511,"Glycerol,glycerol lyes"
290549,Polyhydric alcohols (excl. of 2905.41-2905.45),2904F,"Acyclic alcohols nes,derivatives"
290551,Ethchlorvynol (INN),2904F,"Acyclic alcohols nes,derivatives"
290559,"Halogenated/sulphonated/nitrated/nitrosated derivatives of acyclic alcohols, other than ethchlorvynol (INN)",2904F,"Acyclic alcohols nes,derivatives"
290611,Menthol,2905,"Cyclic alcohols,derivatives"
290612,"Cyclohexanol, methylcyclohexanols & dimethylcyclo-hexanols",2905,"Cyclic alcohols,derivatives"
290613,Sterols & inositols,2905,"Cyclic alcohols,derivatives"
290619,Cyclanic/cyclenic/cycloterpenic alcohols & their halogenated/sulphonated/nitrated/nitrosated derivatives (excl. of 2906.11-2906.13),2905,"Cyclic alcohols,derivatives"
290621,Benzyl alcohol,2905,"Cyclic alcohols,derivatives"
290629,Aromatic cyclic alcohols & their halogenated/sulphonated/nitrated/nitrosated derivatives (excl. of 2906.11-2906.21),2905,"Cyclic alcohols,derivatives"
290711,Phenol (hydroxybenzene) & its salts,2906A,"Phenol pure,its salts"
290712,Cresols & their salts,2906B,"Cresols,nes,their salts"
290713,"Octylphenol, nonylphenol & their isomers; salts thereof",2906C,Other phenols and phenol-alcohols
290715,Naphthols & their salts,2906C,Other phenols and phenol-alcohols
290719,Other monophenols,2906C,Other phenols and phenol-alcohols
290721,Resorcinol & its salts,2906C,Other phenols and phenol-alcohols
290722,Hydroquinone (quinol) & its salts,2906C,Other phenols and phenol-alcohols
290723,"4,4'-Isopropylidenediphenol (bisphenol A, diphenylolpropane) & its salts",2906C,Other phenols and phenol-alcohols
290729,Polyphenols (excl. of 2907.21-2907.23); phenol-alcohols,2906C,Other phenols and phenol-alcohols
290811,Pentachlorophenol (ISO),2907,Halogenated derivatives
290819,Halogenated derivatives of phenols/phenol-alcohols containing only halogen substituents & their salts (excl. of 2908.11),2907,Halogenated derivatives
290891,Dinoseb (ISO)&its salts,2907,Halogenated derivatives
290899,Halogenated/sulphonated/nitrated/nitrosated derivatives of phenols/phenol-alcohols (excl. of 2908.11-2908.91),2907,Halogenated derivatives
290911,Diethyl ether,2908,"Ethers,ether-alcohol,etc"
290919,"Acyclic ethers other than diethyl ether, & their halogenated/sulphonated/nitrated/nitrosated derivatives",2908,"Ethers,ether-alcohol,etc"
290920,Cyclanic/cyclenic/cycloterpenic ethers & their halogenated/sulphonated/nitrated/nitrosated derivatives,2908,"Ethers,ether-alcohol,etc"
290930,Aromatic ethers & their halogenated/sulphonated/nitrated/nitrosated derivatives,2908,"Ethers,ether-alcohol,etc"
290941,"2,2'-Oxydiethanol (diethylene glycol, digol)",2908,"Ethers,ether-alcohol,etc"
290943,Monobutyl ethers of ethylene glycol/of diethylene glycol,2908,"Ethers,ether-alcohol,etc"
290944,Monoalkylethers of ethylene glycol/diethylene glycol (excl. of 2909.43),2908,"Ethers,ether-alcohol,etc"
290949,Ether-alcohols & their halogenated/sulphonated/nitrated/nitrosated derivatives (excl. of 2909.41-2909.44),2908,"Ethers,ether-alcohol,etc"
290950,"Ether-phenols, ether-alcohol-phenols & their halogenated/sulphonated/nitrated/nitrosated derivatives",2908,"Ethers,ether-alcohol,etc"
290960,"Alcohol peroxides, ether peroxides, ketone peroxides & their halogenated/sulphonated/nitrated/nitrosated derivatives",2908,"Ethers,ether-alcohol,etc"
291010,Oxirane (ethylene oxide),2909A,Ethylene oxide(oxirane)
291020,Methyloxirane (propylene oxide),2909B,Propylene oxide
291030,"1-Chloro-2,3-epoxypropane (epichlorohydrin)",2909C,Other epoxides etc
291040,"Dieldrin (ISO, INN)",2909C,Other epoxides etc
291090,"Epoxides, epoxyalcohols, epoxyphenols & epoxyethers, with a three-membered ring, & their halogenated/sulphonated/nitrated/nitrosated derivatives (excl. of 2910.10-2910.40)",2909C,Other epoxides etc
291100,"Acetals & hemiacetals, whether/not with other oxygen function, & their halogenated/sulphonated/nitrated/nitrosated derivatives",2910,Acetals and derivatives
291211,Methanal (formaldehyde),2911,Oxygen-function aldehyde
291212,Ethanal (acetaldehyde),2911,Oxygen-function aldehyde
291219,Acyclic aldehydes without other oxygen function (excl. of 2912.11&2912.12),2911,Oxygen-function aldehyde
291221,Benzaldehyde,2911,Oxygen-function aldehyde
291229,"Cyclic aldehydes without other oxygen function, other than benzaldehyde",2911,Oxygen-function aldehyde
291230,Aldehyde-alcohols,2911,Oxygen-function aldehyde
291241,Vanillin (4-hydroxy-3-methoxybenzaldehyde),2911,Oxygen-function aldehyde
291242,Ethylvanillin (3-ethoxy-4-hydroxybenzaldehyde),2911,Oxygen-function aldehyde
291249,"Aldehyde-ethers, aldehyde-phenols & aldehydes with other oxygen function (excl. of 2912.41 & 2912.42)",2911,Oxygen-function aldehyde
291250,Cyclic polymers of aldehydes,2911,Oxygen-function aldehyde
291260,Paraformaldehyde,2911,Oxygen-function aldehyde
291300,Halogenated/sulphonated/nitrated/nitrosated derivatives of products of 29.12,2912,"Halogenated, sulphonated derivatives"
291411,Acetone,2913A,Acetone
291412,Butanone (methyl ethyl ketone),2913B,Ethyl methyl ketone
291413,4-Methylpentan-2-one (methyl isobutyl ketone),2913C,"Other ketones etc,derivatives"
291419,Acyclic ketones without other oxygen function (excl. of 2914.11-2914.13),2913C,"Other ketones etc,derivatives"
291421,Camphor,2913C,"Other ketones etc,derivatives"
291422,Cyclohexanone & methylcyclohexanones,2913C,"Other ketones etc,derivatives"
291423,Ionones & methylionones,2913C,"Other ketones etc,derivatives"
291429,"Cyclanic/cyclenic/cycloterpenic ketones without other oxygen function (excl. camphor, cyclohexanone & methylcyclohexanones, ionones & methylionones)",2913C,"Other ketones etc,derivatives"
291431,Phenylacetone (phenylpropan-2-one),2913C,"Other ketones etc,derivatives"
291439,Aromatic ketones without other oxygen function other than phenylacetone (phenylpropan-2-one),2913C,"Other ketones etc,derivatives"
291440,Ketone-alcohols & ketone-aldehydes,2913C,"Other ketones etc,derivatives"
291450,Ketone-phenols & ketones with other oxygen function,2913C,"Other ketones etc,derivatives"
291461,Anthraquinone,2913C,"Other ketones etc,derivatives"
291469,Quinones other than anthraquinone,2913C,"Other ketones etc,derivatives"
291470,Halogenated/sulphonated/nitrated/nitrosated derivatives of ketones & quinones,2913C,"Other ketones etc,derivatives"
291511,Formic acid,2914D,"Other monoacids etc,derivatives"
291512,Salts of formic acid,2914D,"Other monoacids etc,derivatives"
291513,Esters of formic acid,2914D,"Other monoacids etc,derivatives"
291521,Acetic acid,2914A,"Acetic acid,its salts"
291524,Acetic anhydride,2914D,"Other monoacids etc,derivatives"
291529,Salts of acetic acid,2914A,"Acetic acid,its salts"
291531,Ethyl acetate,2914B,Esters of acetic acid
291532,Vinyl acetate,2914B,Esters of acetic acid
291533,n-Butyl acetate,2914B,Esters of acetic acid
291536,Dinoseb (ISO) acetate,2914B,Esters of acetic acid
291539,Esters of acetic acid (excl. of 2915.31-2915.36),2914B,Esters of acetic acid
291540,"Mono- /di- /trichloroacetic acids, their salts & esters",2914D,"Other monoacids etc,derivatives"
291550,"Propionic acid, its salts & esters",2914D,"Other monoacids etc,derivatives"
291560,"Butanoic acids, pentanoic acids, their salts & esters",2914D,"Other monoacids etc,derivatives"
291570,"Palmitic acid, stearic acid, their salts & esters",2914D,"Other monoacids etc,derivatives"
291590,"Saturated acyclic monocarboxylic acids & their anhydrides, halides, peroxides&peroxyacids; their halogenated/sulphonated/nitrated/nitrosated derivatives (excl. of 2915.11-2915.70)",2914D,"Other monoacids etc,derivatives"
291611,Acrylic acid & its salts,2914D,"Other monoacids etc,derivatives"
291612,Esters of acrylic acid,2914D,"Other monoacids etc,derivatives"
291613,Methacrylic acid & its salts,2914C,"Methacrylic acid,etc"
291614,Esters of methacrylic acid,2914C,"Methacrylic acid,etc"
291615,"Oleic/linoleic/linolenic acids, their salts & esters",2914D,"Other monoacids etc,derivatives"
291619,"Unsaturated acyclic monocarboxylic acids, their anhydrides, halides, peroxides, peroxyacids & their derivatives (excl. of 2916.11-2916.15)",2914D,"Other monoacids etc,derivatives"
291620,"Cyclanic/cyclenic/cycloterpenic monocarboxylic acids, their anhydrides, halides, peroxides, peroxyacids & their derivatives",2914D,"Other monoacids etc,derivatives"
291631,"Benzoic acid, its salts & esters",2914D,"Other monoacids etc,derivatives"
291632,Benzoyl peroxide & benzoyl chloride,2914D,"Other monoacids etc,derivatives"
291634,Phenylacetic acid & its salts,2914D,"Other monoacids etc,derivatives"
291635,Esters of phenylacetic acid,2914D,"Other monoacids etc,derivatives"
291636,Binapacryl (ISO),2914D,"Other monoacids etc,derivatives"
291639,"Aromatic monocarboxylic acids, their anhydrides, halides, peroxides, peroxyacids & their derivatives (excl. of 2916.31-2916.36)",2914D,"Other monoacids etc,derivatives"
291711,"Oxalic acid, its salts & esters",2915E,"Other polyacids etc,derivatives"
291712,"Adipic acid, its salts & esters",2915E,"Other polyacids etc,derivatives"
291713,"Azelaic acid, sebacic acid, their salts & esters",2915E,"Other polyacids etc,derivatives"
291714,Maleic anhydride,2915A,Maleic anhydride
291719,"Acyclic polycarboxylic acids, their anhydrides, halides, peroxides, peroxyacids & their derivatives (excl. of 2917.11-2917.14)",2915E,"Other polyacids etc,derivatives"
291720,"Cyclanic/cyclenic/cycloterpenic polycarboxylic acids, their anhydrides, halides, peroxides, peroxyacids & their derivatives",2915E,"Other polyacids etc,derivatives"
291732,Dioctyl orthophthalates,2915C,Dioctyl orthophthalates
291733,Dinonyl/didecyl orthophthalates,2915E,"Other polyacids etc,derivatives"
291734,"Esters of orthophthalic acid, other than dioctyl/dinonyl/didecyl orthophthalates",2915E,"Other polyacids etc,derivatives"
291735,Phthalic anhydride,2915B,Phthalic anhydride
291736,Terephthalic acid & its salts,2915E,"Other polyacids etc,derivatives"
291737,Dimethyl terephthalate,2915D,Terephthalic acid esters
291739,"Aromatic polycarboxylic acids, their anhydrides, halides, peroxides, peroxyacids & their derivatives (excl. of 2917.31-2917.33)",2915E,"Other polyacids etc,derivatives"
291811," Lactic acid, its salts&esters",2916,Oxygen-function carboxylic acids
291812,Tartaric acid,2916,Oxygen-function carboxylic acids
291813,Salts & esters of tartaric acid,2916,Oxygen-function carboxylic acids
291814,Citric acid,2916,Oxygen-function carboxylic acids
291815,Salts & esters of citric acid,2916,Oxygen-function carboxylic acids
291816,"Gluconic acid, its salts & esters",2916,Oxygen-function carboxylic acids
291818,Chlorobenzilate (ISO),2916,Oxygen-function carboxylic acids
291819,"Carboxylic acids with alcohol function but without other oxygen function, their anhydrides, halides, peroxides, peroxyacids & their derivatives (excl. of 2918.11-2918.18)",2916,Oxygen-function carboxylic acids
291821,Salicylic acid & its salts,2916,Oxygen-function carboxylic acids
291822,"O-Acetylsalicylic acid, its salts & esters",2916,Oxygen-function carboxylic acids
291823,"Esters of salicylic acid & their salts, other than salicylic acid & its salts/O-acetylsalicylic acid & its salts & esters",2916,Oxygen-function carboxylic acids
291829,"Carboxylic acids with phenol function but without other oxygen function, their anhydrides, halides, peroxides, peroxyacids & their derivatives (excl. of 2918.21-2918.23)",2916,Oxygen-function carboxylic acids
291830,"Carboxylic acids with aldehyde/ketone function but without other oxygen function, their anhydrides, halides, peroxides, peroxyacids & their derivatives",2916,Oxygen-function carboxylic acids
291891,"2,4,5-T (ISO) (2,4,5-trichlorophenoxyacetic acid), its salts&esters",2916,Oxygen-function carboxylic acids
291899,Carboxylic acids with additional oxygen function&their anhydrides/halides/peroxides/peroxyacids;their halogenated/sulphonated/nitrated/nitrosated derivatives(excl. 2918.11-2918.91),2916,Oxygen-function carboxylic acids
291910,"Tris(2,3-dibromopropyl) phosphate",2919,"Phosphoric esters,etc"
291990,"Phosphoric esters&their salts, including lactophosphates; their halogenated, sulphonated, nitrated/nitrosated derivatives(excl. of 2919.10)",2919,"Phosphoric esters,etc"
292011,Parathion (ISO)&parathion-methyl (ISO) (methyl-parathion),2921,"Other inorganic esters,etc"
292019,"Thiophosphoric esters (phosphorothioates)&their salts; their halogenated, sulphonated, nitrated/nitrosated derivatives (excl. of 2920.11)",2921,"Other inorganic esters,etc"
292090,"Esters of inorganic acids of non-metals (excl. esters of hydrogen halides) & their salts (excl.of 2919.00&2920.10); their halogenated/sulphonated/nitrated/nitrosated derivatives, n.e.s.",2921,"Other inorganic esters,etc"
292111,"Methylamine, di- /trimethylamine & their salts",2922,Amine-function compounds
292119,Acyclic monoamines & their derivatives (excl. of 2921.11); salts thereof,2922,Amine-function compounds
292121,Ethylenediamine & its salts,2922,Amine-function compounds
292122,Hexamethylenediamine & its salts,2922,Amine-function compounds
292129,"Acyclic polyamines (excl. ethylenediamine & hexamethylenediamine) & their derivatives; salts thereof , n.e.s.",2922,Amine-function compounds
292130,"Cyclanic/cyclenic/cycloterpenic mono- /polyamines, & their derivatives; salts thereof",2922,Amine-function compounds
292141,Aniline & its salts,2922,Amine-function compounds
292142,Aniline derivatives & their salts,2922,Amine-function compounds
292143,Toluidines & their derivatives; salts thereof,2922,Amine-function compounds
292144,Diphenylamine & its derivatives; salts thereof,2922,Amine-function compounds
292145,"1-Naphthylamine (alpha-naphthylamine), 2-naphthylamine (beta-naphthylamine) & their derivatives; salts thereof",2922,Amine-function compounds
292146,"Amfetamine (INN), benzfetamine (INN), dexamfetamine (INN), etilamfetamine (INN), fencamfamin (INN), lefetamine (INN), levamfetamine (INN), mefenorex (INN) & phentermine (INN); salts thereof",2922,Amine-function compounds
292149,Aromatic monoamines & their derivatives (excl. of 2921.41-2921.46); salts thereof,2922,Amine-function compounds
292151,"o-, m-, p-Phenylenediamine, diaminotoluenes, & their derivatives; salts thereof",2922,Amine-function compounds
292159,Aromatic polyamines & their derivatives (excl. of 2921.51); salts thereof,2922,Amine-function compounds
292211,Monoethanolamine & its salts,2923,Oxygen-function amino-compounds
292212,Diethanolamine & its salts,2923,Oxygen-function amino-compounds
292213,Triethanolamine & its salts,2923,Oxygen-function amino-compounds
292214,Dextropropoxyphene (INN) & its salts,2923,Oxygen-function amino-compounds
292219,"Amino-alcohols other than those containing > one kind of oxygen function (excl. of 2922.11-2922.14), their ethers & esters; salts thereof",2923,Oxygen-function amino-compounds
292221,Aminohydroxynaphthalenesulphonic acids & their salts,2923,Oxygen-function amino-compounds
292229,"Amino-naphthols&other amino-phenols, other than those containing more than one kind of oxygen function(excl. of 2922.21), their ethers&esters; salts thereof ",2923,Oxygen-function amino-compounds
292231,"Amfepramone (INN), methadone (INN) & normethadone (INN); salts thereof",2923,Oxygen-function amino-compounds
292239,"Amino-aldehydes, amino-ketones & amino-quinones, other than those containing > one kind of oxygen function (excl. of 2922.31); salts thereof",2923,Oxygen-function amino-compounds
292241,Lysine & its esters; salts thereof,2923,Oxygen-function amino-compounds
292242,Glutamic acid & its salts,2923,Oxygen-function amino-compounds
292243,Anthranilic acid & its salts,2923,Oxygen-function amino-compounds
292244,Tilidine (INN) & its salts,2923,Oxygen-function amino-compounds
292249,"Amino-acids, other than those containing > one kind of oxygen function, & their esters (excl. of 2922.41-2922.44); salts thereof",2923,Oxygen-function amino-compounds
292250,"Amino-alcohol-phenols, amino-acid-phenols & other amino-comps. with oxygen function",2923,Oxygen-function amino-compounds
292310,Choline & its salts,2924,Quaternary ammonium salts
292320,Lecithins & other phosphoaminolipids,2924,Quaternary ammonium salts
292390,"Quaternary ammonium salts & hydroxides; lecithins & other phosphoaminolipids, whether/not chemically defined (excl. of 2923.10 & 2923.20)",2924,Quaternary ammonium salts
292411,Meprobamate (INN),2925,Carboxyamide-function compounds
292412,"Fluoroacetamide (ISO), monocrotophos (ISO)&phosphamidon (ISO)",2925,Carboxyamide-function compounds
292419,"Acyclic amides (including acyclic carbamates, excl. of 2924.11& 2924.12)&their derivatives; salts thereof ",2925,Carboxyamide-function compounds
292421,Ureines & their derivatives; salts thereof,2925,Carboxyamide-function compounds
292423,2-Acetamidobenzoic acid (N-acetylanthranilic acid) & its salts,2925,Carboxyamide-function compounds
292424,Ethinamate (INN),2925,Carboxyamide-function compounds
292429,Cyclic amides (incl. cyclic carbamates) & their derivatives (excl. of 2924.21-2924.24); salts thereof,2925,Carboxyamide-function compounds
292511,Saccharin & its salts,2926,Carboxyimide-function compounds
292512,Glutethimide (INN),2926,Carboxyimide-function compounds
292519,Imides & their derivatives other than saccharin & glutethimide (INN); salts thereof,2926,Carboxyimide-function compounds
292521,Chlordimeform (ISO),2926,Carboxyimide-function compounds
292529,Imines&their derivatives (excl. of 2925.21); salts thereof,2926,Carboxyimide-function compounds
292610,Acrylonitrile,2927A,Acrylonitrile
292620,1-Cyanoguanidine (dicyandiamide),2927B,Other nitrile-function compounds
292630,"Fenproporex (INN) & its salts; methadone (INN) intermediate (4-cyano-2-dimethylamino-4,4-diphenylbutane)",2927B,Other nitrile-function compounds
292690,Nitrile-function comps. (excl. of 2926.10-2923.30),2927B,Other nitrile-function compounds
292700,Diazo- /azo- /azoxy-comps.,2928,"Diazo-, azo- and azoxy-compounds"
292800,Organic derivatives of hydrazine/of hydroxylamine,2929,Organic derivatives hydrazine
292910,Isocyanates,2930,Other nitrogen-functions
292990,"Compounds with other nitrogen function, other than isocyanates",2930,Other nitrogen-functions
293020,Thiocarbamates & dithiocarbamates,2931,Organo-sulphur compounds
293030,Thiuram mono- /di- /tetrasulphides,2931,Organo-sulphur compounds
293040,Methionine,2931,Organo-sulphur compounds
293050,Captafol (ISO)&methamidophos (ISO),2931,Organo-sulphur compounds
293090,Organo-sulphur compounds (excl. of 2930.20-2930.50),2931,Organo-sulphur compounds
293100,"Organo-inorganic compounds, n.e.s. in Ch.29",2933,Organo-mercury compounds
293211,Tetrahydrofuran,2935B,"Other heterocyc compounds,etc"
293212,2-Furaldehyde (furfuraldehyde),2935B,"Other heterocyc compounds,etc"
293213,Furfuryl alcohol & tetrahydrofurfuryl alcohol,2935B,"Other heterocyc compounds,etc"
293219,Heterocyclic comps. containing an unfused furan ring (whether/not hydrogenated) in the structure (excl. of 2932.11-2932.13),2935B,"Other heterocyc compounds,etc"
293221,"Coumarin, methylcoumarins & ethylcoumarins",2935B,"Other heterocyc compounds,etc"
293229,"Lactones (excl. coumarin, methylcoumarins & ethylcoumarins)",2935B,"Other heterocyc compounds,etc"
293291,Isosafrole,2935B,"Other heterocyc compounds,etc"
293292,"1-(1,3-Benzodioxol-5-yl)propan-2-one",2935B,"Other heterocyc compounds,etc"
293293,Piperonal,2935B,"Other heterocyc compounds,etc"
293294,Safrole,2935B,"Other heterocyc compounds,etc"
293295,Tetrahydrocannabinols (all isomers),2935B,"Other heterocyc compounds,etc"
293299,Heterocyclic compounds with oxygen hetero-atom(s) only (excl. of 2932.11-2932.95),2935B,"Other heterocyc compounds,etc"
293311,Phenazone (antipyrin) & its derivatives,2935B,"Other heterocyc compounds,etc"
293319,Heterocyclic comps. containing an unfused pyrazole ring (whether/not hydrogenated) in the structure (excl. phenazone & its derivatives),2935B,"Other heterocyc compounds,etc"
293321,Hydantoin & its derivatives,2925,Carboxyamide-function compounds
293329,"Heterocyclic comps. containing an unfused imidazole ring (whether/not hydrogenated) in the structure, other than hydantoin & its derivatives",2935B,"Other heterocyc compounds,etc"
293331,Pyridine & its salts,2935B,"Other heterocyc compounds,etc"
293332,Piperidine & its salts,2935B,"Other heterocyc compounds,etc"
293333,"Alfentanil (INN), anileridine (INN), bezitramide (INN), bromazepam (INN), difenoxin (INN), diphenoxylate (INN), dipipanone (INN), fentanyl (INN), ketobemidone (INN), methylphenidate (INN), pentazocine (INN), pethidine (INN), pethidine (INN),pethidine (IN",2935B,"Other heterocyc compounds,etc"
293339,Heterocyclic comps. containing an unfused pyridine ring (whether/not hydrogenated) in the structure (excl. of 2933.31-2933.33),2935B,"Other heterocyc compounds,etc"
293341,Levorphanol (INN) & its salts,2935B,"Other heterocyc compounds,etc"
293349,"Heterocyclic comps. containing in the structure a quinoline/isoquinoline ring-system (whether/not hydrogenated), not further fused, other than levorphanol (INN) & its salts",2935B,"Other heterocyc compounds,etc"
293352,Malonylurea (barbituric acid) & its salts,2926,Carboxyimide-function compounds
293353,"Allobarbital (INN), amobarbital (INN), barbital (INN), butalbital (INN), butobarbital, cyclobarbital (INN), methylphenobarbital (INN), pentobarbital (INN), phenobarbital (INN), secbutabarbital (INN), secobarbital (INN) & vinylbital (INN); salts thereof",2926,Carboxyimide-function compounds
293354,Derivatives of malonylurea (barbituric acid) (excl. of 2933.53); salts thereof,2926,Carboxyimide-function compounds
293355,"Loprazolam (INN), mecloqualone (INN), methaqualone (INN) & zipeprol (INN); salts thereof",2926,Carboxyimide-function compounds
293359,Heterocyclic comps. containing a pyrimidine ring (whether/not hydrogenated)/piperazine ring in the structure (excl. of 2933.52-2933.55),2926,Carboxyimide-function compounds
293361,Melamine,2926,Carboxyimide-function compounds
293369,"Heterocyclic comps. containing an unfused triazine ring (whether/not hydrogenated) in the structure, other than melamine",2926,Carboxyimide-function compounds
293371,6-Hexanelactam (epsilon-caprolactam),2935A,Lactams
293372,Clobazam (INN) & methyprylon (INN),2935A,Lactams
293379,Lactams (excl. of 2933.71 & 2933.72),2935A,Lactams
293391,"Alprazolam (INN), camazepam (INN), chlordiazepoxide (INN), clonazepam (INN), clorazepate, delorazepam (INN), diazepam (INN), estazolam (INN), ethyl loflazepate (INN), fludiazepam (INN), flunitrazepam (INN), flurazepam (INN), halazepam (INN), lorazepam(IN",2926,Carboxyimide-function compounds
293399,Heterocyclic comps. with nitrogen hetero-atom(s) only (excl. of 2933.11-2933.91),2926,Carboxyimide-function compounds
293410,Compounds containing an unfused thiazole ring (whether/not hydrogenated) in the structure,2935B,"Other heterocyc compounds,etc"
293420,"Compounds containing in the structure a benzothiazole ring-system (whether/not hydrogenated), not further fused",2935B,"Other heterocyc compounds,etc"
293430,"Compounds containing in the structure a phenothiazine ring-system (whether/not hydrogenated), not further fused",2935B,"Other heterocyc compounds,etc"
293491,"Aminorex (INN), brotizolam (INN), clotiazepam (INN), cloxazolam (INN), dextromoramide (INN), haloxazolam (INN), ketazolam (INN), mesocarb (INN), oxazolam (INN), pemoline (INN), phendimetrazine (INN), phenmetrazine (INN) & sufentanil (INN); salts thereof",2935B,"Other heterocyc compounds,etc"
293499,"Nucleic acids&their salts, whether/not chemically defined,n.e.s.; other heterocyclic compounds,n.e.s.",2935B,"Other heterocyc compounds,etc"
293500,Sulphonamides,2936,Sulphonamides
293621,Vitamins A & their derivatives,2938,Provitamins and vitamins
293622,Vitamin B1 & its derivatives,2938,Provitamins and vitamins
293623,Vitamin B2 & its derivatives,2938,Provitamins and vitamins
293624,D- /DL-Pantothenic acid (Vitamin B3/Vitamin B5) & its derivatives,2938,Provitamins and vitamins
293625,Vitamin B6 & its derivatives,2938,Provitamins and vitamins
293626,Vitamin B12 & its derivatives,2938,Provitamins and vitamins
293627,Vitamin C & its derivatives,2938,Provitamins and vitamins
293628,Vitamin E & its derivatives,2938,Provitamins and vitamins
293629,"Vitamins & their derivatives, unmixed (excl. of 2936.10-2936.28)",2938,Provitamins and vitamins
293690,"Provitamins&vitamins, natural/reproduced by synthesis (including natural concentrates), derivatives thereof used primarily as vitamins,&intermixtures of the foregoing, whether/not in any solvent,n.e.s.in Ch 29.36",2938,Provitamins and vitamins
293711,"Somatotropin, its derivatives & structural analogues",2939B,"Pituitary,similr hormone"
293712,Insulin & its salts,2939A,Insulin
293719,"Polypeptide hormones, protein hormones & glycoprotein hormones, their derivatives & structural analogues (excl. of 2937.11 & 2937.12)",2939B,"Pituitary,similr hormone"
293721,"Cortisone, hydrocortisone, prednisone (dehydrocortisone) & prednisolone (dehydrohydrocortisone)",2939C,Adrenal cortical hormone
293722,Halogenated derivatives of corticosteroidal hormones,2939C,Adrenal cortical hormone
293723,Oestrogens & progestogens,2939D,"Othr hormones,derivatives,etc"
293729,"Steroidal hormones, their derivatives & structural analogues (excl. of 2937.21-2937.23)",2939C,Adrenal cortical hormone
293731,Epinephrine,2939D,"Othr hormones,derivatives,etc"
293739,"Catecholamine hormones other than epinephrine, their derivatives & structural analogues",2939D,"Othr hormones,derivatives,etc"
293740,Amino-acid derivatives,2939D,"Othr hormones,derivatives,etc"
293750,"Prostaglandins, thromboxanes & leukotrienes, their derivatives & structural analogues",2939D,"Othr hormones,derivatives,etc"
293790,"Hormones, prostaglandins, thromboxanes & leukotrienes, natural/reproduced by synthesis(excl. of  2937.11-2937.50); derivatives & structural analogues thereof, including chain modified polypeptides, used primarily as hormones",2939D,"Othr hormones,derivatives,etc"
293810,"Rutoside (rutin) & its derivatives, natural/reproduced by synthesis",2941,Glycosides and derivatvs
293890,"Glycosides, other than rutoside (rutin) & its derivatives, natural/reproduced by synthesis, & their salts, ethers, esters & other derivatives",2941,Glycosides and derivatvs
293911,"Concentrates of poppy straw; buprenorphine (INN), codeine, dihydrocodeine (INN), ethylmorphine, etorphine (INN), heroin, hydrocodone (INN), hydromorphone (INN), morphine, nicomorphine (INN), oxycodone (INN), oxymorphone (INN), pholcodine (INN), thebacon",2942,Vegetable alkaloids and derivatives
293919,Alkaloids of opium (excl. of 2939.11) & their derivatives; salts thereof,2942,Vegetable alkaloids and derivatives
293920,Alkaloids of cinchona&their derivatives; salts thereof,2942,Vegetable alkaloids and derivatives
293930,Caffeine & its salts,2942,Vegetable alkaloids and derivatives
293941,Ephedrine & its salts,2942,Vegetable alkaloids and derivatives
293942,Pseudoephedrine (INN) & its salts,2942,Vegetable alkaloids and derivatives
293943,Cathine (INN) & its salts,2942,Vegetable alkaloids and derivatives
293949,"Ephedrines & their salts, other than ephedrine, pseudoephedrine (INN) & cathine (INN)",2942,Vegetable alkaloids and derivatives
293951,Fenetylline (INN) & its salts,2942,Vegetable alkaloids and derivatives
293959,"Theophylline & aminophylline (theophylline-ethylenedia-mine) & their derivatives (excl. of 2939.51); salts thereof , n.e.s.",2942,Vegetable alkaloids and derivatives
293961,Ergometrine (INN) & its salts,2942,Vegetable alkaloids and derivatives
293962,Ergotamine (INN) & its salts,2942,Vegetable alkaloids and derivatives
293963,Lysergic acid & its salts,2942,Vegetable alkaloids and derivatives
293969,Alkaloids of rye ergot & their derivatives (excl. of 2939.61-2939.63); salts thereof,2942,Vegetable alkaloids and derivatives
293991,"Cocaine, ecgonine, levometamfetamine, metamfetamine (INN), metamfetamine racemate; salts, esters & other derivatives thereof",2942,Vegetable alkaloids and derivatives
293999,"Vegetable alkaloids, natural/reproduced by synthesis, & their salts, ethers, esters & other derivatives (excl. of 2939.11-2939.91)",2942,Vegetable alkaloids and derivatives
294000,"Sugars, chemically pure, other than sucrose, lactose, maltose, glucose&fructose; sugar ethers, sugar acetals&sugar esters,& their salts (excl. of 29.37/29.38/29.39)",2943,"Sugars,chemeically pure etc,nes"
294110,Penicillins & their derivatives with a penicillanic acid structure; salts thereof,2944A,Penicillins and derivatives
294120,Streptomycins & their derivatives; salts thereof,2944B,Streptomycins and derivatives
294130,Tetracyclines & their derivatives; salts thereof,2944C,Tetracyclines and derivatives
294140,Chloramphenicol & its derivatives; salts thereof,2944D,Other antibiotics
294150,Erythromycin & its derivatives; salts thereof,2944D,Other antibiotics
294190,Antibiotics & their derivatives (excl. of 2941.10-2941.50); salts thereof,2944D,Other antibiotics
294200,Organic comps. n.e.s. in Ch.29,2945,Other organic compounds nes
300120,Extracts of glands/of other organs/of their secretions,3001,Organo-therapeutic glands
300190,"Glands&other organs for organo-therapeutic uses, dried, whether/not powdered; heparin&its salts; other human/animal substances prepared for therapeutic/prophylactic uses, n.e.s./incld.",3001,Organo-therapeutic glands
300210,"Antisera & other blood fractions & modified immunological products, whether/not obt. by means of biotechnological processes",3002A,"Antisera,microbial vccines"
300220,Vaccines for human medicine,3002A,"Antisera,microbial vccines"
300230,Vaccines for veterinary medicine,3002A,"Antisera,microbial vccines"
300290,"Human blood; animal blood prepared for therapeutic/prophylactic/diagnostic uses; toxins, cultures of micro-organisms (excl. yeasts) & similar products",3001,Organo-therapeutic glands
300310,"Medicaments containing penicillins/derivatives thereof with a penicillanic acid structure/streptomycins/their derivatives, not put up in measured doses/forms/packagings for RS",3003A,Medicaments -- containng antibiotics
300320,"Medicaments consisting of 2/more constituents, containing other antibiotics (excl. of 3003.10), not put up in measured doses/forms/packagings for RS",3003A,Medicaments -- containng antibiotics
300331,"Medicaments containing insulin, not put up in measured doses/forms/packagings for RS",3003B,Medicaments -- containing hormones
300339,"Medicaments containing hormones/other products of 29.37 but not containing antibiotics (excl. meds. containing insulin), not put up in measured doses/forms/packagings for RS",3003B,Medicaments -- containing hormones
300340,"Medicaments containing alkaloids/derivatives thereof but not containing hormones/other products of 29.37/antibiotics, not put up in measured doses/forms/packagings for RS",3003C,Medicaments -- containing alkaloids
300390,"Medicaments (excluding goods of heading 30.02, 30.05/30.06/of 3003.10-3003.40) consisting of two/more constituents which have been mixed together for therapeutic/prophylactic uses, not put up in measured doses/in forms/packings for retail sale",3003D,Medicaments -- contng other substances
300410,"Medicaments containing penicillins/derivatives thereof with a penicillanic acid structure/streptomycins/their derivatives, put up in measured doses/forms/packings for RS",3003A,Medicaments -- containng antibiotics
300420,"Medicaments containing other antibiotics (excl. of 3004.10), put up in measured doses/forms/packings for RS",3003A,Medicaments -- containng antibiotics
300431,"Medicaments containing insulin, put up in measured doses/forms/packings for RS",3003B,Medicaments -- containing hormones
300432,"Medicaments containing corticosteroid hormones, their derivatives & structural analogues, put up in measured doses/forms/packings for RS",3003B,Medicaments -- containing hormones
300439,"Medicaments containing hormones/other products of 29.37 but not containing antibiotics, put up in measured doses/forms/packings for RS",3003B,Medicaments -- containing hormones
300440,"Medicaments containing alkaloids/derivatives thereof but not containing hormones/other products of 29.37/antibiotics, put up in measured doses/forms/packings for RS",3003C,Medicaments -- containing alkaloids
300450,"Medicaments containing vitamins/other products of 29.36 (excl. of 3004.10-3004.40), put up in measured doses/forms/packings for RS",3003D,Medicaments -- contng other substances
300490,"Medicaments (excluding goods of heading 30.02/30.05/30.06/3004.10-3004.50) consisting of mixed/unmixed products for therapeutic/prophylactic uses, put up in measured doses (including those in the form of transdermal administration systems)/in forms/packi",3003D,Medicaments -- contng other substances
300510,Adhesive dressings & other articles having an adhesive layer,3004,Wadding for medical purposes
300590,"Wadding, gauze, bandages & similar articles (eg. dressings, adhesive plasters, poultices), impregnated/coated with pharmaceutical substances/put up in forms/packings for retail sale for medical, surgical, dental/veterinary purposes(excl. of 3005.10)",3004,Wadding for medical purposes
300610,"Sterile surgical catgut, similar sterile suture materials (including sterile absorbable surgical/dental yarns)&sterile tissue adhesives for surgical wound closure; sterile laminaria&sterile laminaria tents; sterile absorbable surgical/dental/veterinary p",3005,Other pharmaceutical goods
300620,Blood-grouping reagents,3005,Other pharmaceutical goods
300630,Opacifying preparations for X-ray examinations; diagnostic reagents designed to be administered to the patient,3005,Other pharmaceutical goods
300640,Dental cements & other dental fillings; bone reconstruction cements,3005,Other pharmaceutical goods
300650,First-aid boxes & kits,3005,Other pharmaceutical goods
300660,Chemical contraceptive preparations based on hormones/other products of 29.37/spermicides,3005,Other pharmaceutical goods
300670,Gel preparations designed to be used in human/veterinary medicine as a lubricant for parts of the body for surgical operations/physical examinations/as a coupling agent between the body & medical instruments,3819C,"Other chemical products,preparations,nes"
300691,Appliances identifiable for ostomy use,3907H,Othr plastc articles nes
300692,Waste pharmaceuticals,3005,Other pharmaceutical goods
310100,"Animal/vegetable fertilisers, whether/not mixed together/chemically treated; fertilisers produced by the mixing/chemical treatment of animal/vegetable products",3101,Animal or vegetable fertilisers
310210,"Urea, whether/not in aqueous solution",3102G,Urea
310221,Ammonium sulphate,3102D,Ammonium sulphate
310229,Double salts & mixtures of ammonium sulphate & ammonium nitrate,3102C,Ammonium sulphonitrate
310230,"Ammonium nitrate, whether/not in aqueous solution",3102B,Ammonium nitrate
310240,Mixtures of ammonium nitrate with calcium carbonate/other inorganic non-fertilising substance,3102H,Chemical nitrogen frtilisers nes
310250,Sodium nitrate,3102A,Natural sodium nitrate
310260,Double salts & mixtures of calcium nitrate & ammonium nitrate,3102H,Chemical nitrogen frtilisers nes
310280,Mixtures of urea & ammonium nitrate in aqueous/ammoniacal solution,3102H,Chemical nitrogen frtilisers nes
310290,"Mineral/chemical fertilisers, nitrogenous (excl. of 3102.10-3102.80), including mixtures not specified in the foregoing subheadings",3102H,Chemical nitrogen frtilisers nes
310310,Superphosphates,3103B,Superphosphates
310390,"Mineral/chemical fertilisers, phosphatic(excl. of 3103.10)",3103C,Chemical phosphatic fertilsers nes
310420,Potassium chloride,3104B,Potassium chloride
310430,Potassium sulphate,3104C,Potassium sulphate nes
310490,"Mineral/chemical fertilisers, potassic(excl. of 3104.20 & 3104.30)",3104D,Chemical potassic frtiliserzr nes
310510,Fertilisers of Ch.31 in tablets/similar forms/in packages of a gross weight not >10kg,3105D,Other fertilisers nes
310520,"Mineral/chemical fertilisers containing the 3 fertilising elements nitrogen, phosphorus & potassium",3105A,Nitrogen-phosphorus-potassium fertilisers nes
310530,Diammonium hydrogenorthophosphate (diammonium phosphate),3105B,Nitrogen-phosphorus fertilsers nes
310540,Ammonium dihydrogenorthophosphate (monoammonium phosphate) & mixtures thereof with diammonium hydrogenorthophosphate (diammonium phosphate),3105B,Nitrogen-phosphorus fertilsers nes
310551,Mineral/chemical fertilisers containing nitrates & phosphates,3105B,Nitrogen-phosphorus fertilsers nes
310559,"Mineral/chemical fertilisers containing the 2 fertilising elements nitrogen & phosphorus, other than those containing nitrates & phosphates",3105B,Nitrogen-phosphorus fertilsers nes
310560,Mineral/chemical fertilisers containing the 2 fertilising elements phosphorus & potassium,3105D,Other fertilisers nes
310590,"Mineral/chemical fertilisers containing two/three of the fertilising elements nitrogen, phosphorus & potassium; other fertilisers (excl. of 3105.20-3105.60)",3105D,Other fertilisers nes
320110,Quebracho extract,3201,"Vegetable tanning extrcts,tannins"
320120,Wattle extract,3201,"Vegetable tanning extrcts,tannins"
320190,"Tanning extracts of vegetable origin other than quebracho extract/wattle extract; tannins & their salts, ethers, esters & other derivatives",3201,"Vegetable tanning extrcts,tannins"
320210,Synthetic organic tanning substance,3203,Synthetic organic tanning substances
320290,"Inorganic tanning substance; tanning preparations, whether/not containing natural tanning substance; enzymatic preparations for pre-tanning",3203,Synthetic organic tanning substances
320300,"Colouring matter of vegetable/animal origin (incl. dyeing extracts. excl. animal black), whether/not chemically defined; preparations as spec. in Note 3, Ch.32 based on colouring matter of vegetable/animal origin",3204,"Dyeing extrcts vegetable,anmal"
320411,Disperse dyes & preparations based thereon,3205A,Synthetic orgnic dyestuffs
320412,"Acid dyes, whether/not premetallised, & preparationsbased thereon; mordant dyes & preparations based thereon",3205A,Synthetic orgnic dyestuffs
320413,Basic dyes & preparations based thereon,3205A,Synthetic orgnic dyestuffs
320414,Direct dyes & preparations based thereon,3205A,Synthetic orgnic dyestuffs
320415,Vat dyes (incl. those usable in that state as pigments) & preparations based thereon,3205A,Synthetic orgnic dyestuffs
320416,Reactive dyes & preparations based thereon,3205A,Synthetic orgnic dyestuffs
320417,Pigments & preparations based thereon,3205A,Synthetic orgnic dyestuffs
320419,"Synthetic organic colouring matter & preparations based thereon as spec. in Note 3 to Ch.32, incl. mixtures of colouring matter of 2/more headings of 3204.11-3204.19, n.e.s. in Ch.32",3205A,Synthetic orgnic dyestuffs
320420,Synthetic organic products of a kind used as fluorescent brightening agents,3205B,"Synthetic organic luminophores etc,indgo"
320490,"Synthetic organic products of a kind used as luminophores, whether/not chemically defined",3205B,"Synthetic organic luminophores etc,indgo"
320500,Colour lakes; preparations as spec. in Note 3 to Ch.32 based on colour lakes,3206,Colour lakes
320611,"Pigments & preparations based on titanium dioxide, containing 80%/more by weight of titanium dioxide calc. on the dry matter",3207,Other colouring matter
320619,Pigments & preparations based on titanium dioxide other than those containing 80%/more by weight of titanium dioxide calc. on the dry matter,3207,Other colouring matter
320620,Pigments & preparations based on chromium comps.,3207,Other colouring matter
320641,Ultramarine & preparations based thereon,3207,Other colouring matter
320642,Lithopone & other pigments & preparations based on zinc sulphide,3207,Other colouring matter
320649,"Colouring matter&other preparations,n.e.s. in Ch 32",3207,Other colouring matter
320650,Inorganic products of a kind used as luminophores,3207,Other colouring matter
320710,"Prepared pigments, prepared opacifiers, prepared colours & similar preparations",3208,"Prepared pigment,glaze etc"
320720,"Vitrifiable enamels & glazes, engobes (slips) & similar preparations",3208,"Prepared pigment,glaze etc"
320730,Liquid lustres & similar preparations,3208,"Prepared pigment,glaze etc"
320740,"Glass frit & other glass, in the form of powder/granules/flakes",3208,"Prepared pigment,glaze etc"
320810,Paints & varnishes (incl. enamels & lacquers) based on polyesters,3209B,"Other paints,varnishes etc"
320820,Paints & varnishes (incl. enamels & lacquers) based on acrylic/vinyl polymers,3209B,"Other paints,varnishes etc"
320890,"Paints & varnishes (incl. enamels & lacquers, excl. of 3208.10 & 3208.20) based on synthetic polymers/chemically modified natural polymers, dispersed/dissolved in a non-aqueous medium; solutions as defined in Note 4 to this Ch.",3209B,"Other paints,varnishes etc"
320910,Paints & varnishes (incl. enamels & lacquers) based on acrylic/vinyl polymers,3209A,Water-thinned paints
320990,"Paints & varnishes (incl. enamels & lacquers) based on synthetic polymers/chemically modified natural polymers other than acrylic/vinyl polymers, dispersed/dissolved in an aqueous medium",3209A,Water-thinned paints
321000,"Paints & varnishes (incl. enamels, lacquers & distempers; excl. of 32.08 & 32.09); prepared water pigments of a kind used for finishing leather",3209B,"Other paints,varnishes etc"
321100,Prepared driers,3211,Prepared driers
321210,Stamping foils,3209D,"Distempers,dyes nes etc"
321290,"Pigments (incl. metallic powders & flakes) dispersed in non-aqueous media/in liquid/paste form, of a kind used in the manufacture of paints (incl. enamels); dyes & other colouring matter put up in forms/packings-RS",3209D,"Distempers,dyes nes etc"
321310,Artists'/students'/signboard painters' colours in sets,3210,"Artists colours, etc"
321390,"Artists'/students'/signboard painters' colours, modifying tints, amusement colours&the like, in tablets/tubes/jars/bottles/pans/in similar forms/packings, other than in sets",3210,"Artists colours, etc"
321410,"Glaziers' putty, grafting putty, resin cements, caulking comps. & other mastics; painters' fillings",3212,Putty surfacing preparations
321490,Non-refractory surfacing preparations for fa?ades/indoor walls/floors/ceilings/the like,3212,Putty surfacing preparations
321511,"Printing ink, black",3213A,Printing inks
321519,Printing ink (excl. black),3213A,Printing inks
321590,"Writing/drawing ink & other inks, other than printing ink, whether/not concentrated/solid",3213B,Ink excluding printing ink
330112,Essential oils of orange,3301,"Essentl oil,resinoid,etc"
330113,Essential oils of lemon,3301,"Essentl oil,resinoid,etc"
330119,"Essential oils of citrus fruit, other than of orange/lemon",3301,"Essentl oil,resinoid,etc"
330124,Essential oils of peppermint (Mentha piperita),3301,"Essentl oil,resinoid,etc"
330125,Essential oils of mints other than peppermint,3301,"Essentl oil,resinoid,etc"
330129,Essential oils other than those of citrus fruit (excl. of 3301.24 & 3301.25),3301,"Essentl oil,resinoid,etc"
330130,Resinoids,3301,"Essentl oil,resinoid,etc"
330190,"Essential oils (terpeneless/not), including concretes & absolutes(excl. of 3301.12-3301.29);extracted oleoresins; concentrates of essential oils in fats, in fixed oils, in waxes/the like, obtained by enfleurage/maceration; terpenic by-products of the det",3301,"Essentl oil,resinoid,etc"
330210,"Mixtures of odoriferous substance & mixtures (incl. alcoholic solutions) with a basis of one/more of these substance, of a kind used in the food/drink industries",3304,Mixed perfume substances
330290,"Mixtures of odoriferous substance & mixtures, incl. alcoholic solutions, with a basis of one/more of these substance, of a kind used as raw materials in industry other than food/drink industries",3304,Mixed perfume substances
330300,Perfumes & toilet waters,3306,"Perfumery,cosmetics,etc"
330410,Lip make-up preparations,3306,"Perfumery,cosmetics,etc"
330420,Eye make-up preparations,3306,"Perfumery,cosmetics,etc"
330430,Manicure/pedicure preparations,3306,"Perfumery,cosmetics,etc"
330491,"Powders, whether/not compressed, for beauty/make-up/care of the skin (excl. meds.; excl. of 3304.10-3304.30)",3306,"Perfumery,cosmetics,etc"
330499,"Beauty/make-up preparations & preparations for the care of the skin (excl. meds.; excl. of 3304.10-3304.91), incl. sunscreen/sun tan preparations",3306,"Perfumery,cosmetics,etc"
330510,Shampoos,3306,"Perfumery,cosmetics,etc"
330520,Preparations for permanent waving/straightening the hair,3306,"Perfumery,cosmetics,etc"
330530,Hair lacquers,3306,"Perfumery,cosmetics,etc"
330590,Preparations for use on the hair (excl. of 3305.10-3305.30),3306,"Perfumery,cosmetics,etc"
330610,"Dentifrices, in individual retail packages",3306,"Perfumery,cosmetics,etc"
330620,"Yarn used to clean between the teeth (dental floss), in individual retail packages",5101B,"Synthetic fibre yarn,bulk,monofil --non-textured etc continuous polyamide"
330690,"Preparations for oral/dental hygiene, incl. denture fixative pastes & powders, in individual retail packages (excl. of 3306.10 & 3306.20)",3306,"Perfumery,cosmetics,etc"
330710,Pre-shave/shaving/after-shave preparations,3306,"Perfumery,cosmetics,etc"
330720,Personal deodorants & antiperspirants,3306,"Perfumery,cosmetics,etc"
330730,Perfumed bath salts & other bath preparations,3306,"Perfumery,cosmetics,etc"
330741,Agarbatti & other odoriferous preparations which operate by burning,3306,"Perfumery,cosmetics,etc"
330749,Preparations for perfuming/deodorizing rooms other than agarbatti & other odoriferous preparations which operate by burning,3306,"Perfumery,cosmetics,etc"
330790,"Depilatories & other perfumery, cosmetic/toilet preparations, n.e.s.",3306,"Perfumery,cosmetics,etc"
340111,"Soap & organic surface-active products & preparations, in the form of bars, cakes, moulded pieces/shapes, & paper, wadding, felt & nonwovens, impregnated, coated/covered with soap/detergent, for toilet use(incl. medicated products)",3401,Soap
340119,"Soap & organic surface-active products & preparations, in the form of bars, cakes, moulded pieces/shapes, & paper, wadding, felt & nonwovens, impregnated, coated/covered with soap/detergent(excl. of 3401.11)",3401,Soap
340120,Soap in other forms (excl. of 3401.11 & 3401.19),3401,Soap
340130,"Organic surface-active products & preparations for washing the skin, in the form of liquid/cream & put up for RS, whether/not containing soap",3402,Organic surface-active agents
340211,"Anionic surface-active agents, whether/not PURS",3402,Organic surface-active agents
340212,"Cationic surface-active agents, whether/not PURS",3402,Organic surface-active agents
340213,"Non-ionic surface-active agents, whether/not PURS",3402,Organic surface-active agents
340219,"Organic surface-active agents, whether/not PURS (excl. of 3402.11-3402.13)",3402,Organic surface-active agents
340220,"Surface-active preparations, washing preparations (incl. auxiliary washing preparations) & cleaning preparations, whether/not containing soap (excl. of 34.01/3402.11-3402.9), put up for RS",3402,Organic surface-active agents
340290,"Organic surface-active agents, surface-active preparations, washing preparations & cleaning preparations, n.e.s. in Ch.34",3402,Organic surface-active agents
340311,"Lubricating preparations containing petroleum oils/oils obt. from bituminous mins., for the treatment of textile materials/leather/furskins/other materials",3403,Lubricating preparations
340319,"Lubricating preparations containing petroleum oils/oils obt. from bituminous mins., other than for treatment of textile materials/leather/furskins/other materials",3403,Lubricating preparations
340391,"Lubricating preparations (excl. those containing petroleum oils/oils obt. from bituminous mins.), for the treatment of textile materials/leather/furskins/other mats",3403,Lubricating preparations
340399,"Lubricating preparations (excl. those containing petroleum oils/oils obt. from bituminous mins.), other than for the treatment of textile materials/leather/furskins/other mats",3403,Lubricating preparations
340420,"Artificial waxes & prepared waxes, of poly(oxyethylene) (polyethylene glycol)",3404,"Artificial,etc waxes"
340490,Artificial waxes & prepared waxes (excl. of  3404.20),3404,"Artificial,etc waxes"
340510,"Polishes, creams & similar preparations for footwear/leather",3405,Polishes and creams
340520,"Polishes, creams & similar preparations for the maintenance of wooden furniture/floors/other woodwork",3405,Polishes and creams
340530,Polishes & similar preparations for coachwork (excl. metal polishes),3405,Polishes and creams
340540,Scouring pastes & powders & other scouring preparations,3405,Polishes and creams
340590,"Polishes & creams, scouring pastes & powders & similar preparations (excl. waxes of 34.04; excl. of 3405.10-3405.40)",3405,Polishes and creams
340600,"Candles, tapers&the like",3406,"Candles,tapers,etc"
340700,"Modelling pastes, including those put up for children's amusement; preparations known as dental wax/as dental impression compounds, put up in sets, in packings for retail sale/in plates, horseshoe shapes, sticks/similar forms; other preparations",3407,"Modelling pastes, etc"
350110,Casein,3501,"Casein and derivatives, casein glues"
350190,Caseinates & other casein derivatives; casein glues,3501,"Casein and derivatives, casein glues"
350211,Dried egg albumin,3502,Albumins and derivatives
350219,Egg albumin (excl. dried),3502,Albumins and derivatives
350220,"Milk albumin, incl. concentrates of 2/more whey proteins",3502,Albumins and derivatives
350290,"Albumins (including concentrates of two/more whey proteins, containing by weight more than 80 % whey proteins, calculated on the dry matter), albuminates&other albumin derivatives (excl. of 3502.11 - 3502.20)",3502,Albumins and derivatives
350300,"Gelatin, incl. gelatin in rectangular (incl. square) sheets, whether/not surface-worked /coloured & gelatin derivatives; isinglass; other glues of animal origin (excl. casein glues of 35.01)",3503,"Gelatin and derivatives, etc"
350400,"Peptones&their derivatives; other protein substances&their derivatives, n.e.s/incld.; hide powder, whether/not chromed.",3504,Peptones and other protein substances
350510,Dextrins & other modified starches,3505,Dextrins and dextrin glues
350520,Glues based on starches/dextrins/other modified starches,3505,Dextrins and dextrin glues
350610,"Products suit. for use as glues/adhesives, put up for RS as glues/adhesives, not > a net weight of 1kg",3506,"Prepared glues nes,etc"
350691,Adhesives based on polymers of 39.01-39.13/based on rubber,3506,"Prepared glues nes,etc"
350699,"Prepared glues & other prepared adhesives, n.e.s. in 35.06",3506,"Prepared glues nes,etc"
350710,Rennet & concentrates thereof,3507,Enzymes; prepared enzymes nes
350790,"Prepared enzymes, n.e.s., other than rennet & concentrates thereof",3507,Enzymes; prepared enzymes nes
360100,Propellent powders,3601,Propellent powders
360200,Prepared explosives (excl. propellent powders),3602,Prepared explosives nes
360300,Safety fuses; detonating fuses; percussion/detonating caps; igniters; electric detonators,3604,Percussion and detonating caps
360410,Fireworks,3605,Pyrotechnic articles
360490,"Signalling flares, rain rockets, fog signals & other pyrotechnic articles (excl. fireworks)",3605,Pyrotechnic articles
360500,"Matches, other than pyrotechnic articles of 36.04",3606,Matches excluding bengal matches
360610,Liquid/liquefied-gas fuels in containters of a kind used for filling/refilling cigarette/similar lighters & of a capacity not >300cm3,3608,Other combustible preparations
360690,Ferro-cerium & other pyrophoric alloys in all forms; articles of combustible materials as spec. in Note 2 to Ch.36 (excl. of 3606.10),3608,Other combustible preparations
370110,"Photographic plates & film in the flat, sensitised, unexposed, of any material other than paper/paperboard/textiles, for X-ray",3701,Photo film flat unexposd
370120,"Instant print film in the flat, sensitised, unexposed, whether/not in packs",3701,Photo film flat unexposd
370130,"Photographic plates & film in the flat (excl. film for X-rays, instant print film), sensitised, unexposed, of any material other than paper/paperboard/textiles, with any side >255mm",3701,Photo film flat unexposd
370191,"Photographic plates & film in the flat (excl. of 3701.20 & 3701.30), sensitised, unexposed, of any material other than paper/paperboard/textiles, for colour photography (polychrome)",3701,Photo film flat unexposd
370199,"Photographic plates & film in the flat, sensitised, unexposed, of any material other than paper/paperboard/textiles, n.e.s. in Ch.37",3701,Photo film flat unexposd
370210,"Photographic film in rolls, sensitised, unexposed, of any material other than paper/paperboard/textiles, for X-ray",3702,Photo film roll unexposd
370231,"Photographic film in rolls ( excl. film for X-ray),  without perforations, of a width not > 105 mm,for colour photography (polychrome)",3702,Photo film roll unexposd
370232,"Photographic film in rolls ( excl. film for X-ray),  without perforations, of a width not >105 mm, with silver halide emulsion",3702,Photo film roll unexposd
370239,"Photographic film in rolls ( excl. film for X-ray),  without perforations, of a width not >105 mm (excl. of 3702.31 & 3702.32)",3702,Photo film roll unexposd
370241,"Photographic film in rolls ( excl. film for X-ray),  without perforations, of a width exceeding 610mm&of a length exceeding 200 m, for colour photography (polychrome)",3702,Photo film roll unexposd
370242,"Photographic film in rolls ( excl. film for X-ray),  without perforations, of a width > 610mm&of a length > 200 m, other than for colour photography ",3702,Photo film roll unexposd
370243,"Photographic film in rolls ( excl. film for X-ray),  without perforations, of a width > 610mm&of a length not >200 m",3702,Photo film roll unexposd
370244,"Photographic film in rolls ( excl. film for X-ray),  without perforations, of a width > 105 mm but          not > 610 mm. ",3702,Photo film roll unexposd
370251,"Photographic film in rolls (excl. film for X-rays & instant print film), for colour photography (polychrome), of a width not >16mm & of a length not >14m",3702,Photo film roll unexposd
370252,"Photographic film in rolls (excl. film for X-rays & instant print film), for colour photography (polychrome), of a width not >16mm & of a length >14m",3702,Photo film roll unexposd
370253,"Photographic film in rolls (excl. film for X-rays & instant print film), for colour photography (polychrome), of a width >16mm but not >35mm & of a length not >30m, for slides",3702,Photo film roll unexposd
370254,"Photographic film in rolls (excl. film for X-rays & instant print film), for colour photography (polychrome), of a width >16mm but not >35mm & of a length not >30m, other than for slides",3702,Photo film roll unexposd
370255,"Photographic film in rolls (excl. film for X-rays & instant print film), for colour photography (polychrome), of a width >16mm but not >35mm & of a length >30m",3702,Photo film roll unexposd
370256,"Photographic film in rolls (excl. film for X-rays & instant print film), for colour photography (polychrome), of a width >35mm",3702,Photo film roll unexposd
370291,"Photographic film in rolls (excl. film for X-rays & instant print film), n.e.s., of a width not >16mm",3702,Photo film roll unexposd
370293,"Photographic film in rolls (excl. film for X-rays & instant print film), n.e.s., of a width >16mm but not >35mm & of a length not >30m",3702,Photo film roll unexposd
370294,"Photographic film in rolls (excl. film for X-rays & instant print film), n.e.s., of a width >16mm but not >35mm & of a length >30m",3702,Photo film roll unexposd
370295,"Photographic film in rolls (excl. film for X-rays & instant print film), n.e.s., of a width >35mm",3702,Photo film roll unexposd
370310,"Photographic paper, paperboard & textiles, sensitised, unexposed, in rolls of a width >610mm",3703,Photo sensitised cloth etc
370320,"Photographic paper, paperboard & textiles, sensitised, unexposed, for colour photography (polychrome)",3703,Photo sensitised cloth etc
370390,"Photographic paper, paperboard & textiles, sensitised, unexposed, n.e.s.",3703,Photo sensitised cloth etc
370400,"Photographic plates, film, paper, paperboard & textiles, exposed but not developed",3703,Photo sensitised cloth etc
370510,"Photographic plates & film, exposed & developed (excl. cinematographic film), for offset reproduction",3705,"Plates, exposed and developed"
370590,"Photographic plates & film, exposed&developed, other than cinematographic film (excl. of 3705.10)",3705,"Plates, exposed and developed"
370610,"Cinematographic film, exposed & developed, whether/not incorporating sound track/consisting only of sound track, of a width of 35mm/more",3707,Developed cinema film
370690,"Cinematographic film, exposed & developed, whether/not incorporating sound track/consisting only of sound track, of a width of <35mm",3707,Developed cinema film
370710,"Sensitising emulsions for photog. uses, put up in measured portions/put up for RS in a form ready for use",3708,Chemical products for photography use
370790,"Chemical preparations for photographic uses (other than varnishes, glues, adhesives&similar preparations); unmixed products for photographic uses, put up in measured portions/put up for retail sale in a form ready for use (excl. of 3707.10)",3708,Chemical products for photography use
380110,Artificial graphite,3801,"Artificial,etc graphite"
380120,Colloidal/semi-colloidal graphite,3801,"Artificial,etc graphite"
380130,Carbonaceous pastes for electrodes & similar pastes for furnace linings,3801,"Artificial,etc graphite"
380190,Preparations based on graphite/other carbon in the form of pastes/blocks/plates/other semi-manufactures (excl. of 3801.10-3801.30),3801,"Artificial,etc graphite"
380210,Activated carbon,3803,Activated natural mineral products
380290,"Activated natural mineral products other than of activated carbon; animal black, incl. spent animal black",3803,Activated natural mineral products
380300,"Tall oil, whether/not refined",3805,Tall oil
380400,"Residual lyes from the manufacture of wood pulp, whether/not concentrated/desugared/chemically treated, incl. lignin sulphonates (excl. tall oil of 38.03)",3806,Concentrated sulphite lye
380510,Gum/wood/sulphate turpentine oils,3807,Spirts of turpentine etc
380590,Terpenic oils produced by the distillation/other treatment of coniferous woods; crude dipentene; sulphite turpentine&other crude para-cymene; pine oil containing alpha-terpineol as the main constituent.,3807,Spirts of turpentine etc
380610,Rosin & resin acids,3808,Rosin and resin acids
380620,Salts of rosin/resin acids/derivatives of rosin/resin acids (excl. salts of rosin adducts),3808,Rosin and resin acids
380630,Ester gums,3808,Rosin and resin acids
380690,Derivatives of rosin/resin acids (excl. of 3806.2); rosin spirit & rosin oils; run gums,3808,Rosin and resin acids
380700,Wood tar; wood tar oils; wood creosote; wood naphtha; vegetable pitch; brewers' pitch & similar preparations based on rosin/resin acids/vegetable pitch,3809,"Wood tar,vegetable pitch etc"
380850,Goods specified in Subheading Note 1 to this Ch.,3811D,"Herbicides,for retail"
380891,"Insecticides, put up in forms/packings for retail sale/as preparations/articles ",3811B,"Insecticides,for retail"
380892,"Fungicides, put up in forms/packings for retail sale/as preparations/articles ",3811C,"Fungicides,for retail"
380893,"Herbicides, anti-sprounting products&plant-growth regulators, put up in forms/packings for retail sale/as preparations/articles ",3811D,"Herbicides,for retail"
380894,"Disinfectants, put up in forms/packings for retail sale/as preparations/articles ",3811A,Disinfectants for retail
380899,"Rodenticides&other biocides, n.e.s.,put up in forms/packings for retail sale/as preparations/articles ",3811E,Rat poisons etc fr retail
380910,"Finishing agents, dye carriers to accelerate the dyeing/fixing of dyestuffs & other products & preparations, with a basis of amylaceous substance",3812,"Prepared glazings,dressings"
380991,"Finishing agents, dye carriers to accelerate the dyeing/fixing of dyestuffs & other products & preparations (e.g., dressings & mordants), of a kind used in the textile industries (excl. of 3809.10)",3812,"Prepared glazings,dressings"
380992,"Finishing agents, dye carriers to accelerate the dyeing/fixing of dyestuffs & other products & preparations (e.g., dressings & mordants), of a kind used in the paper industries (excl. of 3809.10)",3812,"Prepared glazings,dressings"
380993,"Finishing agents, dye carriers to accelerate the dyeing/fixing of dyestuffs & other products & preparations (e.g., dressings & mordants), of a kind used in the leather industries (excl. of 3809.10)",3812,"Prepared glazings,dressings"
381010,Pickling preparations for metal surfaces; soldering/brazing/welding powders & pastes consisting of metal & other materials,3813,Pickling preparations
381090,Fluxes & other auxiliary preparations for soldering/brazing/welding; preparations of a kind used as cores/coatings for welding electrodes/rods,3813,Pickling preparations
381111,Anti-knock preparations based on lead comps.,3814,Anti-knock preparations etc
381119,Anti-knock preparations other than those based on lead comps.,3814,Anti-knock preparations etc
381121,Additives for lubricating oils containing petroleum oils/oils obt. from bituminous mins.,3814,Anti-knock preparations etc
381129,Additives for lubricating oils (excl. of 3811.21),3814,Anti-knock preparations etc
381190,"Oxidation inhibitors, gum inhibitors, viscosity improvers, anti-corrosive preparations (excl. of 3811.21 & 3811.29)",3814,Anti-knock preparations etc
381210,Prepared rubber accelerators,3815,Prepared rubber accelerators
381220,"Compound plasticisers for rubber/plastics, n.e.s.",3819C,"Other chemical products,preparations,nes"
381230,Anti-oxidising preparations & other compound stabilisers for rubber/plastics,3819C,"Other chemical products,preparations,nes"
381300,Preparations & charges for fire-extinguishers; charged fire-extinguishing grenades,3817,Preparations for fire-extinguishers
381400,"Organic composite solvents & thinners, n.e.s.; prepared paint/varnish removers",3818,"Varnish solvents,thinnrs"
381511,"Supported catalysts, with nickel/nickel comps. as the active substance",3819A,Compound catalysts
381512,"Supported catalysts, with precious metal/precious metal comps. as the active substance",3819A,Compound catalysts
381519,Supported catalysts other than those with nickel/nickel comps./precious metal/precial metal comps. as the active substance,3819A,Compound catalysts
381590,"Reaction initiators, reaction accelerators & catalytic preparations (excl. of 3815.11-3815.19)",3819A,Compound catalysts
381600,"Refractory cements, mortars, concretes & similar compositions, other than products of 38.01",3819B,"Refractory cement,mortar"
381700,Mixed alkylbenzenes & mixed alkylnaphthalenes (excl. of 27.07/29.02),3819C,"Other chemical products,preparations,nes"
381800,"Chemical elements doped for use in electronics, in the form of discs/wafers/similar forms; chemical comps. doped for use in electronics",3819C,"Other chemical products,preparations,nes"
381900,"Hydraulic brake fluids & other prepared liquids for hydraulic transmission, not containing/containing <70% by weight of petroleum oils/oils obt. from bituminous mins.",3819C,"Other chemical products,preparations,nes"
382000,Anti-freezing preparations & prepared de-icing fluids,3819C,"Other chemical products,preparations,nes"
382100,"Prepared culture media for the development/maintenance of micro-organisms (including viruses&the like)/of plant, human/animal cells.",3816,Culture media for micro-organisms
382200,"Diagnostic/laboratory reagents on a backing, prepared diagnostic/laboratory reagents whether/not on a backing, other than those of heading 30.02/30.06; certified reference materials.",3819C,"Other chemical products,preparations,nes"
382311,Stearic acid,1510A,"Fatty acids,acid oils"
382312,Oleic acid,1510A,"Fatty acids,acid oils"
382313,Tall oil fatty acids,1510A,"Fatty acids,acid oils"
382319,Industrial monocarboxylic fatty acids other than stearic acid/oleic acid/tall oil fatty acids; acid oils from refining,1510A,"Fatty acids,acid oils"
382370,Industrial fatty alcohols,1510B,Fatty alcohols
382410,Prepared binders for foundry moulds/cores,3819C,"Other chemical products,preparations,nes"
382430,Non-agglomerated metal carbides mixed together/with metallic binders,3819C,"Other chemical products,preparations,nes"
382440,Prepared additives for cements/mortars/concretes,3819C,"Other chemical products,preparations,nes"
382450,Non-refractory mortars & concretes,3819C,"Other chemical products,preparations,nes"
382460,Sorbitol other than of 2905.44,3819C,"Other chemical products,preparations,nes"
382471,"Mixtures containing chlorofluorocarbons (CFCs), whether/not containing hydrochlorofluorocarbons (HCFCs), perfluorocarbons (PFCs)/hydrofluorocarbons (HFCs)",3819C,"Other chemical products,preparations,nes"
382472,"Mixtures containing bromochlorodifluoromethane, bromotrifluoromethane/dibromotetrafluoroethanes",3819C,"Other chemical products,preparations,nes"
382473,Mixtures containing hydrobromofluorocarbons (HBFCs),3819C,"Other chemical products,preparations,nes"
382474,"Mixtures containing hydrochlorofluorocarbons (HCFCs), whether/not containing perfluorocarbons (PFCs)/hydrofluorocarbons (HFCs), but not containing chlorofluorocarbons (CFCs)",3819C,"Other chemical products,preparations,nes"
382475,Mixtures containing carbon tetrachloride,3819C,"Other chemical products,preparations,nes"
382476,"Mixtures containing 1,1,1-trichloroethane (methyl chloroform)",3819C,"Other chemical products,preparations,nes"
382477,Mixtures containing bromomethane (methyl bromide)/bromochloromethane,3819C,"Other chemical products,preparations,nes"
382478,"Mixtures containing perfluorocarbons (PFCs)/hydrofluorocarbons (HFCs), but not containing chlorofluorocarbons (CFCs)/hydrochlorofluorocarbons (HCFCs)",3819C,"Other chemical products,preparations,nes"
382479,"Mixtures containing halogenated derivatives of methane, ethane/propane (excl.of 3824.71 - 3824.78)",3819C,"Other chemical products,preparations,nes"
382481,Mixtures&preparations containing oxirane (ethylene oxide),3819C,"Other chemical products,preparations,nes"
382482,"Mixtures&preparations containing polychlorinated biphenyls (PCBs), polychlorinated terphenyls (PCTs)/polybrominated biphenyls (PBBs)",3819C,"Other chemical products,preparations,nes"
382483,"Mixtures&preparations containing tris(2,3-dibromopropyl) phosphate",3819C,"Other chemical products,preparations,nes"
382490,"Chemical products&preparations of the chemical/allied industries (including those consisting of mixtures of natural products, excl. of 3824.30 - 3824.83)",3819C,"Other chemical products,preparations,nes"
382510,Municipal waste,3819C,"Other chemical products,preparations,nes"
382520,Sewage sludge,3819C,"Other chemical products,preparations,nes"
382530,Clinical waste,3819C,"Other chemical products,preparations,nes"
382541,Halogenated waste organic solvents,3819C,"Other chemical products,preparations,nes"
382549,Waste organic solvents other than halogenated waste organic solvents,3819C,"Other chemical products,preparations,nes"
382550,"Wastes of metal pickling liquors, hydraulic fluids, brake fluids & anti-freeze fluids",3819C,"Other chemical products,preparations,nes"
382561,"Wastes from chemical/allied industries, mainly containing organic constituents, n.e.s. in Ch.38",3819C,"Other chemical products,preparations,nes"
382569,"Wastes from chemical/allied industries, n.e.s. in Ch.38",3819C,"Other chemical products,preparations,nes"
382590,"Residual products of the chemical/allied industries, n.e.s. in Ch.38",3819C,"Other chemical products,preparations,nes"
390110,"Polyethylene having a sp.gr. of <0.94, in primary forms",3902B,Polyethylene -- in primary forms
390120,"Polyethylene having a sp.gr. of 0.94/more, in primary forms",3902B,Polyethylene -- in primary forms
390130,"Ethylene-vinyl acetate copolymers, in primary forms",3902AA,Other polymrztion etc products
390190,"Polymers of ethylene, in primary forms (excl. of 3901.10-3901.30)",3902AA,Other polymrztion etc products
390210,"Polypropylene, in primary forms",3902F,Polypropylene -- in primary forms
390220,"Polyisobutylene, in primary forms",3902AA,Other polymrztion etc products
390230,"Propylene copolymers, in primary forms",3902AA,Other polymrztion etc products
390290,"Polymers of propylene/of other olefins, in primary forms (excl. of 3902.10-3902.30)",3902AA,Other polymrztion etc products
390311,"Polystyrene, expansible, in primary forms",3902I,"Polystyrene,its copolymr -- in primary forms"
390319,"Polystyrene other than expansible, in primary forms",3902I,"Polystyrene,its copolymr -- in primary forms"
390320,"Styrene-acrylonitrile (SAN) copolymers, in primary forms",3902I,"Polystyrene,its copolymr -- in primary forms"
390330,"Acrylonitrile-butadiene-styrene (ABS) copolymers, in primary forms",3902I,"Polystyrene,its copolymr -- in primary forms"
390390,"Polymers of styrene, in primary forms (excl. of 3903.11-3903.30)",3902I,"Polystyrene,its copolymr -- in primary forms"
390410,"Poly(vinyl chloride), not mixed with any other substance, in primary forms",3902M,Polyvinyl chloride -- in primary forms
390421,"Poly(vinyl chloride), non-plasticised, in primary forms (excl. of 3904.10)",3902M,Polyvinyl chloride -- in primary forms
390422,"Poly(vinyl chloride), plasticised, in primary forms (excl. of 3904.10)",3902M,Polyvinyl chloride -- in primary forms
390430,"Vinyl chloride-vinyl acetate copolymers, in primary forms",3902R,"Vynil chloride,acetate copolym -- in primary forms"
390440,"Vinyl chloride copolymers, in primary forms (excl. of 3904.10-3904.30)",3902AA,Other polymrztion etc products
390450,"Vinylidene chloride polymers, in primary forms",3902AA,Other polymrztion etc products
390461,"Polytetrafluoroethylene, in primary forms",3902AA,Other polymrztion etc products
390469,"Fluoro-polymers other than polytetrafluoroethylene, in primary forms",3902AA,Other polymrztion etc products
390490,"Polymers of vinyl chloride/of other halogenated olefins, in primary forms (excl. of 3904.10-3904.69)",3902AA,Other polymrztion etc products
390512,"Poly(vinyl acetate), in aqueous dispersion, in primary forms",3902Z,Polyvinyl acetate
390519,"Poly(vinyl acetate) other than in aqueous dispersion, in primary forms",3902Z,Polyvinyl acetate
390521,"Vinyl acetate copolymers, in aqueous dispersion, in primary forms",3902Z,Polyvinyl acetate
390529,"Vinyl acetate copolymers other than in aqueous dispersion, in primary forms",3902Z,Polyvinyl acetate
390530,"Poly(vinyl alcohol), whether/not containing unhydrolysed acetate groups, in primary forms",3902AA,Other polymrztion etc products
390591,"Copolymers, in primary forms",3902AA,Other polymrztion etc products
390599,"Polymers of vinyl acetate/of other vinyl esters, in primary forms, n.e.s. in Ch.39; other vinyl polymers in primary forms, n.e.s. in Ch.39",3902AA,Other polymrztion etc products
390610,"Poly(methyl methacrylate), in primary forms",3902W,"Acrylic polymers,etc -- in primary forms"
390690,"Acrylic polymers other than poly(methyl methacrylate), in primary forms",3902W,"Acrylic polymers,etc -- in primary forms"
390710,"Polyacetals, in primary forms",3901S,"Other condnsation,etc products"
390720,"Polyethers other than polyacetals, in primary forms",3901S,"Other condnsation,etc products"
390730,"Epoxide resins, in primary forms",3901P,Epoxide resins -- in primary forms
390740,"Polycarbonates, in primary forms",3901H,"Alkyds,other polyesters -- in primary forms"
390750,"Alkyd resins, in primary forms",3901H,"Alkyds,other polyesters -- in primary forms"
390760,"Poly(ethylene terephthalate), in primary forms",3901H,"Alkyds,other polyesters -- in primary forms"
390770,Poly(lactic acid),3901H,"Alkyds,other polyesters -- in primary forms"
390791,"Polyesters (excl. of 3907.10-3907.60), unsaturated, in primary forms",3901H,"Alkyds,other polyesters -- in primary forms"
390799,"Polyesters (excl. of 3907.10-3907.91), in primary forms",3901H,"Alkyds,other polyesters -- in primary forms"
390810,"Polyamide-6/ -11/ -12/ -6,6/ -6,9/ -6,10/ -6,12, in primary forms",3901K,Polyamides -- in primary forms
390890,"Polyamides (excl. of 3908.10), in primary forms",3901K,Polyamides -- in primary forms
390910,"Urea resins, in primary forms; thiourea resins, in primary forms",3901E,Aminoplasts -- in primary forms
390920,"Melamine resins, in primary forms",3901E,Aminoplasts -- in primary forms
390930,"Amino-resins (excl. of 3909.10 & 3910.20), in primary forms",3901E,Aminoplasts -- in primary forms
390940,"Phenolic resins, in primary forms",3901B,Phenoplasts -- in primary forms
390950,"Polyurethanes, in primary forms",3901N,Polyurethanes -- in primary forms
391000,"Silicones, in primary forms",3901R,Silicones
391110,"Petroleum resins, coumarone, indene/coumarone-indene resins & polyterpenes, in primary forms",3902AA,Other polymrztion etc products
391190,"Polysulphides, polysulphones & other products spec. in Note 3 to Ch.39, n.e.s., in primary forms",3902AA,Other polymrztion etc products
391211,"Cellulose acetates, non-plasticised, in primary forms",3903D,Cellulose acetates -- non-plasticized
391212,"Cellulose acetates, plasticised, in primary forms",3903E,Cellulose acetates -- plasticized
391220,"Cellulose nitrates (incl. collodions), in primary forms",3903B,Cellulose nitrates -- non-plasticized
391231,"Carboxymethylcellulose & its salts, in primary forms",3903F,"Other cellulose derivatives,non-plasticised"
391239,"Cellulose ethers other than carboxymethylcellulose & its salts, in primary forms",3903F,"Other cellulose derivatives,non-plasticised"
391290,"Cellulose & its chemical derivatives, n.e.s., in primary forms (excl. of 3912.11-3912.39)",3903A,Regenerated cellulose
391310,"Alginic acid, its salts & esters, in primary forms",3906A,"Alginic acid,salts,estrs"
391390,"Natural polymers & modified natural polymers (e.g., hardened proteins, chemical derivatives of natural rubber), other than alginic acid, its salts & esters, in primary forms",3904,Hardened proteins
391400,"Ion-exchangers based on polymers of 39.01-39.13, in primary forms",3902A,"Ion exchangers,polymerised etc type"
391510,"Waste, parings & scrap, of polymers of ethylene",3902E,Polyethylene -- waste and scrap
391520,"Waste, parings & scrap, of polymers of styrene",3902L,"Polystyrene,its copolymr -- waste and scrap"
391530,"Waste, parings & scrap, of polymers of vinyl chloride",3902Q,Polyvinyl chloride -- waste and scrap
391590,"Waste, parings & scrap, of plastics n.e.s. in 39.15",3902AA,Other polymrztion etc products
391610,"Monofilament of which any cross-sectional dim. exceeds 1mm; rods, sticks & profile shapes, whether/not surface-worked but not othw. worked, of polymers of ethylene",3902C,"Polyethylene -- monofil,tubes,etc"
391620,"Monofilament of which any cross-sectional dim. exceeds 1mm; rods, sticks & profile shapes, whether/not surface-worked but not othw. worked, of polymers of vinyl chloride",3902N,"Polyvinyl chloride -- monofil,tubes,etc"
391690,"Monofilament of which any cross-sectional dim. exceeds 1mm; rods, sticks & profile shapes, whether/not surface-worked but not othw. worked, of plastics n.e.s. in 39.16",3902AA,Other polymrztion etc products
391710,Artificial guts (sausage casings) of hardened protein/of cellulosic mats,3907H,Othr plastc articles nes
391721,"Tubes, pipes & hoses, rigid, of polymers of ethylene",3907H,Othr plastc articles nes
391722,"Tubes, pipes & hoses, rigid, of polymers of propylene",3907H,Othr plastc articles nes
391723,"Tubes, pipes & hoses, rigid, of polymers of vinyl chloride",3907H,Othr plastc articles nes
391729,"Tubes, pipes & hoses, rigid, of plastics n.e.s. in 39.17",3907H,Othr plastc articles nes
391731,"Flexible tubes, pipes & hoses of plastics, having a minimum burst pressure of 27.6 MPa",3907H,Othr plastc articles nes
391732,"Tubes, pipes & hoses of plastics (excl. of 3917.31), not reinforcededed/othw. combined with other materials, without fittings",3907H,Othr plastc articles nes
391733,"Tubes, pipes & hoses of plastics (excl. of 3917.31 & 3917.32), not reinforcededed/othw. combined with other materials, with fittings",3907H,Othr plastc articles nes
391739,"Tubes, pipes & hoses of plastics, n.e.s. (excl. of 3917.21-3917.33)",3907H,Othr plastc articles nes
391740,"Fittings (e.g., joints, elbows, flanges) for tubes, pipes & hoses, of plastics",3907H,Othr plastc articles nes
391810,"Floor coverings of polymers of vinyl chloride, whether/not self-adhesive, in rolls/in the form of tiles; wall/ceiling coverings of plastics as defined in Note 9 to Ch.39",3902O,Pvc flooring tiles etc
391890,"Floor coverings of plastics other than polymers of vinyl chloride, whether/not self-adhesive, in rolls/in the form of tiles; wall/ceiling coverings of plastics as defined in Note 9 to Ch.39",3902O,Pvc flooring tiles etc
391910,"Self-adhesive plates, sheets, film, foil, tape, strip & other flat shapes, of plastics, in rolls of a width not >20cm",3907H,Othr plastc articles nes
391990,"Self-adhesive plates, sheets, film, foil, tape, strip & other flat shapes, of plastics, whether/not in rolls (excl. of 3919.10)",3907H,Othr plastc articles nes
392010,"Plates, sheets, film, foil&strip, of polymers of ethylene, non-cellular&not reinforcededed, laminated, supported/similarly combined with other materials(excl. self-adhesvie)",3902D,"Polyethylene -- plates,film,strip,etc"
392020,"Plates, sheets, film, foil&strip, of polymers of propylene, non-cellular&not reinforcededed, laminated, supported/similarly combined with other materials(excl. self-adhesvie)",3902G,"Polypropylene -- plates,film,strip,etc"
392030,"Plates, sheets, film, foil&strip, of polymers of styrene, non-cellular&not reinforcededed, laminated, supported/similarly combined with other materials(excl. self-adhesvie)",3902K,"Polystyrene,its copolymr -- plates,film,strip,etc"
392043,"Plates, sheets, film, foil&strip, of polymers of vinyl chloride,containing by weight not < 6% of plasticisers, non-cellular&not reinforcededed, laminated, supported/similarly combined with other materials(excl. self-adhesvie)",3902P,"Polyvinyl chloride -- plates,film,strip,etc"
392049,"Plates, sheets, film, foil & strip, of polymers of vinyl chloride(excl. of 3920.43), non-cellular & not reinforcededed/laminated/supported/similarly combined with other materials (excl. self-adhesive)",3902P,"Polyvinyl chloride -- plates,film,strip,etc"
392051,"Plates, sheets, film, foil & strip, of poly(methyl methacrylate), non-cellular & not reinforcededed/laminated/supported/similarly combined with other materials (excl. self-adhesive)",3902X,"Acrylic polymers,etc -- plates,film,strip,etc"
392059,"Plates, sheets, film, foil & strip, of acrylic polymers other than poly(methyl methacrylate), non-cellular & not reinforcededed/laminated/supported/similarly combined with other materials (excl. self-adhesive)",3902X,"Acrylic polymers,etc -- plates,film,strip,etc"
392061,"Plates, sheets, film, foil & strip, of polycarbonates, non-cellular & not reinforcededed/laminated/supported/similarly combined with other materials (excl. self-adhesive)",3901I,"Alkyds,other polyesters -- plates,film,strip etc"
392062,"Plates, sheets, film, foil & strip, of poly(ethylene terephthalate), non-cellular & not reinforcededed/laminated/supported/similarly combined with other materials (excl. self-adhesive)",3901I,"Alkyds,other polyesters -- plates,film,strip etc"
392063,"Plates, sheets, film, foil & strip, of unsaturated polyesters, non-cellular & not reinforcededed/laminated/supported/similarly combined with other materials (excl. self-adhesive)",3901I,"Alkyds,other polyesters -- plates,film,strip etc"
392069,"Plates, sheets, film, foil & strip, of polyesters, n.e.s. in 39.20, non-cellular & not reinforcededed/laminated/supported/similarly combined with other materials (excl. self-adhesive)",3901I,"Alkyds,other polyesters -- plates,film,strip etc"
392071,"Plates, sheets, film, foil & strip, of regenerated cellulose, non-cellular & not reinforcededed/laminated/supported/similarly combined with other materials (excl. self-adhesive)",3903G,"Other cellulose derivatives,plasticised"
392073,"Plates, sheets, film, foil & strip, of cellulose acetate, non-cellular & not reinforcededed/laminated/supported/similarly combined with other materials (excl. self-adhesive)",3903G,"Other cellulose derivatives,plasticised"
392079,"Plates, sheets, film, foil & strip, of cellulose derivatives, n.e.s. in 39.20, non-cellular & not reinforcededed/laminated/supported/similarly combined with other materials (excl. self-adhesive)",3903G,"Other cellulose derivatives,plasticised"
392091,"Plates, sheets, film, foil & strip, of poly(vinyl butyral), non-cellular & not reinforcededed/laminated/supported/similarly combined with other materials (excl. self-adhesive)",3902AA,Other polymrztion etc products
392092,"Plates, sheets, film, foil & strip, of polyamides, non-cellular & not reinforcededed/laminated/supported/similarly combined with other materials (excl. self-adhesive)",3902AA,Other polymrztion etc products
392093,"Plates, sheets, film, foil & strip, of amino-resins, non-cellular & not reinforcededed/laminated/supported/similarly combined with other materials (excl. self-adhesive)",3902AA,Other polymrztion etc products
392094,"Plates, sheets, film, foil & strip, of phenolic resins, non-cellular & not reinforcededed/laminated/supported/similarly combined with other materials (excl. self-adhesive)",3902AA,Other polymrztion etc products
392099,"Plates, sheets, film, foil & strip, of plastics,n.e.s. in 39.20, non-cellular & not reinforcededed/laminated/supported/simply combined with other materials (excl. self-adhesive)",3902AA,Other polymrztion etc products
392111,"Plates, sheets, film, foil & strip, cellular, of polymers of styrene",3902AA,Other polymrztion etc products
392112,"Plates, sheets, film, foil & strip, cellular, of polymers of vinyl chloride",3902AA,Other polymrztion etc products
392113,"Plates, sheets, film, foil & strip, cellular, of polyurethanes",3902AA,Other polymrztion etc products
392114,"Plates, sheets, film, foil&strip, of regenerated cellulose",3902AA,Other polymrztion etc products
392119,"Plates, sheets, film, foil&strip, cellular, of plastics (excl. of 3921.11-3921.14)",3902AA,Other polymrztion etc products
392190,"Plates, sheets, film, foil & strip (excl. cellular), of plastics, n.e.s. in 39.21",3902AA,Other polymrztion etc products
392210,"Baths, shower-baths, sinks & wash-basins, of plastics",3907B,"Plstic sanitry,toilet art"
392220,"Lavatory seats & covers, of plastics",3907B,"Plstic sanitry,toilet art"
392290,"Bidets, lavatory pans, flushing cisterns & similar sanitary ware, of plastics",3907B,"Plstic sanitry,toilet art"
392310,"Boxes, cases, crates & similar articles, of plastics",3907A,"Plastic packing containers,lids"
392321,"Sacks & bags (incl. cones), of polymers of ethylene",3907A,"Plastic packing containers,lids"
392329,"Sacks & bags (incl. cones), of plastics other than polymers of ethylene",3907A,"Plastic packing containers,lids"
392330,"Carboys, bottles, flasks & similar articles, of plastics",3907A,"Plastic packing containers,lids"
392340,"Spools, cops, bobbins & similar supports, of plastics",3907A,"Plastic packing containers,lids"
392350,"Stoppers, lids, caps & other closures, of plastics",3907A,"Plastic packing containers,lids"
392390,"Articles for the conveyance/packing of goods, of plastics (excl. of 3923.10-3923.50)",3907A,"Plastic packing containers,lids"
392410,"Tableware & kitchenware, of plastics",3907H,Othr plastc articles nes
392490,"Household articles & toilet articles (excl. tableware & kitchenware), of plastics",3907H,Othr plastc articles nes
392510,"Reservoirs, tanks, vats & similar containters, of a capacity >300 l, of plastics",3907H,Othr plastc articles nes
392520,"Doors, windows & their frames & thresholds for doors, of plastics",3907H,Othr plastc articles nes
392530,"Shutters, blinds (incl. Venetian blinds) & similar articles & parts thereof , of plastics",3907H,Othr plastc articles nes
392590,"Builders' ware of plastics, n.e.s. (excl. of 3925.10-3925.30)",3907H,Othr plastc articles nes
392610,"Office/school supplies, of plastics & other materials of 39.01-39.14",3907D,"Plastic office,school sup"
392620,"Articles of apparel & clothing accessories (incl. gloves, mittens & mitts), of plastics & other materials of 39.01-39.14",3907E,"Plastic,rubbr clothes accessories-- of artificial plastic material"
392630,"Fittings for furniture/coachwork/the like, of plastics & other materials of 39.01-39.14",3907H,Othr plastc articles nes
392640,"Statuettes & other ornamental articles, of plastics & other materials of 39.01-39.14",3907H,Othr plastc articles nes
392690,"Articles of plastics&articles of other materials of headings 39.01 to 39.14, n.e.s. in Ch 39",3907H,Othr plastc articles nes
400110,"Natural rubber latex, whether/not pre-vulcanised",4001A,Natural rubber latex
400121,"Natural rubber (excl. latex), in smoked sheets",4001B,Other natural rubber
400122,Technically spec. natural rubber (TSNR),4001B,Other natural rubber
400129,Natural rubber other than latex/smoked sheets/technically spec. natural rubber,4001C,"Balata,gutta-percha,gums"
400130,"Balata, gutta-percha, guayule, chicle & similar natural gums",4001C,"Balata,gutta-percha,gums"
400211,"Styrene-butadiene rubber (SBR), latex; carboxylated styrene-butadiene rubber (XSBR), latex, in primary forms/in plates/sheets/strip",4002E,Polybutadiene-styrene(sbr)
400219,"Styrene-butadiene rubber (SBR), other than latex; carboxylated styrene-butadiene rubber (XSBR), other than latex, in primary forms/in plates/sheets/strip",4002E,Polybutadiene-styrene(sbr)
400220,"Butadiene rubber (BR), in primary forms/in plates/sheets/strip",4002C,Polybutadiene rubber(br)
400231,"Isobutene-isoprene (butyl) rubber (IIR), in primary forms/in plates/sheets/strip",4002F,Butyl rubber(iir)
400239,"Halo-isobutene-isoprene rubber (CIIR/BIIR), in primary forms/in plates/sheets/strip",4002F,Butyl rubber(iir)
400241,"Chloroprene (chlorobutadiene) rubber (CR), latex, in primary forms/in plates/sheets/strip",4002D,Polychlorobutadiene(cr)
400249,"Chloroprene (chlorobutadiene) rubber (CR), other than latex, in primary forms/in plates/sheets/strip",4002D,Polychlorobutadiene(cr)
400251,"Acrylonitrile-butadiene rubber (NBR), latex, in primary forms/in plates/sheets/strip",4002G,"Other synthetic rubber,factice"
400259,"Acrylonitrile-butadiene rubber (NBR), other than latex, in primary forms/in plates/sheets/strip",4002G,"Other synthetic rubber,factice"
400260,"Isoprene rubber (IR), in primary forms/in plates/sheets/strip",4002G,"Other synthetic rubber,factice"
400270,"Ethylene-propylene-non-conjugated diene rubber (EPDM), in primary forms/in plates/sheets/strip",4002G,"Other synthetic rubber,factice"
400280,"Mixtures of any prod. of 40.01 with any prod. of this heading, in primary forms/in plates/sheets/strip",4001A,Natural rubber latex
400291,"Synthetic rubber & factice derived from oils, latex (excl. of 4002.11, 4002.41 & 4002.51), in primary forms/in plates/sheets/strip",4002B,"Other rubber synthtc,latex"
400299,"Synthetic rubber & factice derived from oils, other than latex (excl. of 4001.21-4001.80), in primary forms/in plates/sheets/strip",4002B,"Other rubber synthtc,latex"
400300,Reclaimed rubber in primary forms/in plates/sheets/strip,4003,Reclaimed rubber
400400,"Waste, parings & scrap, of rubber (excl. hard rubber) & powders & granules obt. therefrom",4004,Waste unhardened rubber
400510,"Compounded rubber, compounded with carbon black/silica, unvulcanised, in primary forms/in plates/sheets/strip",4005,Sheets etc rubber unvulcanised
400520,"Solutions of compounded rubber, unvulcanised; dispersions of compounded rubber, unvulcanised (excl. of 4005.10)",4006,"Rubber unvulcanised,shaped"
400591,"Compounded rubber (excl. of 4005.10 & 4005.20), unvulcanised, in plates, sheets & strip, n.e.s.",4008,Plates unhardened vulcanised rubber
400599,"Compounded rubber (excl. of 4005.10 & 4005.20), unvulcanised, other than in plates, sheets & strip",4008,Plates unhardened vulcanised rubber
400610,Unvulcanised rubber in camel-back strips for retreading rubber tyres,4008,Plates unhardened vulcanised rubber
400690,"Forms (e.g., rods, tubes & profile shapes) & articles (e.g., discs & rings), of unvulcanised rubber, other than camel-back strips for retreading rubber tyres",4006,"Rubber unvulcanised,shaped"
400700,Vulcanised rubber thread & cord,4007,"Vulc rubber thread,cord"
400811,"Plates, sheets & strip, of cellular vulcanised rubber other than hard rubber",4008,Plates unhardened vulcanised rubber
400819,"Rods & profile shapes, of cellular vulcanised rubber, other than hard rubber",4008,Plates unhardened vulcanised rubber
400821,"Plates, sheets & strip, of non-cellular vulcanised rubber other than hard rubber",4008,Plates unhardened vulcanised rubber
400829,"Rods & profile shapes, of non-cellular vulcanised rubber other than hard rubber",4008,Plates unhardened vulcanised rubber
400911,"Tubes, pipes & hoses, of vulcanised rubber other than hard rubber, not reinforcededed/othw. combined with other materials, without fittings",4009,Piping and tubing of unhardened vulcanised rubber
400912,"Tubes, pipes & hoses, of vulcanised rubber other than hard rubber, not reinforcededed/othw. combined with other materials, with fittings (e.g., joints, elbows, flanges)",4009,Piping and tubing of unhardened vulcanised rubber
400921,"Tubes, pipes & hoses, of vulcanised rubber other than hard rubber, reinforcededed/othw. combined only with metal, without fittings",4009,Piping and tubing of unhardened vulcanised rubber
400922,"Tubes, pipes & hoses, of vulcanised rubber other than hard rubber, reinforcededed/othw. combined only with metal, with fittings (e.g., joints, elbows, flanges)",4009,Piping and tubing of unhardened vulcanised rubber
400931,"Tubes, pipes & hoses, of vulcanised rubber other than hard rubber, reinforcededed/othw. combined only with textile materials, without fittings",4009,Piping and tubing of unhardened vulcanised rubber
400932,"Tubes, pipes & hoses, of vulcanised rubber other than hard rubber, reinforcededed/othw. combined only with textile materials, with fittings (e.g., joints, elbows, flanges)",4009,Piping and tubing of unhardened vulcanised rubber
400941,"Tubes, pipes & hoses, of vulcanised rubber other than hard rubber, reinforcededed/othw. combined with other materials, without fittings",4009,Piping and tubing of unhardened vulcanised rubber
400942,"Tubes, pipes & hoses, of vulcanised rubber other than hard rubber, reinforcededed/othw. combined with other materials, with fittings (e.g., joints, elbows, flanges)",4009,Piping and tubing of unhardened vulcanised rubber
401011,"Conveyor belts/belting, reinforcededed only with metal, of vulcanised rubber",4010,Conveyor belts of vulcanised rubber
401012,"Conveyor belts/belting, reinforcededed only with textile materials, of vulcanised rubber",4010,Conveyor belts of vulcanised rubber
401019,"Conveyor belts/belting (excl. of 4010.11-4010.13), of vulanised rubber",4010,Conveyor belts of vulcanised rubber
401031,"Endless transmission belts of trapezoidal cross-section (V-belts), V-ribbed, of an outside circumference >60cm but not >180cm, of vulcanised rubber",4010,Conveyor belts of vulcanised rubber
401032,"Endless transmission belts of trapezoidal cross-section (V-belts), other than V-ribbed, of an outside circumference >60cm but not >180cm, of vulcanised rubber",4010,Conveyor belts of vulcanised rubber
401033,"Endless transmission belts of trapezoidal cross-section (V-belts), V-ribbed, of an outside circumference >180cm but not >240cm, of vulcanised rubber",4010,Conveyor belts of vulcanised rubber
401034,"Endless transmission belts of trapezoidal cross-section (V-belts), other than V-ribbed, of an outside circumference >180cm but not >240cm, of vulcanised rubber",4010,Conveyor belts of vulcanised rubber
401035,"Endless synchronous belts, of an outside circumference >60 cm but not >150 cm, of vulcanised rubber",4010,Conveyor belts of vulcanised rubber
401036,"Endless synchronous belts, of an outside circumference >150cm but not >198cm, of vulcanised rubber",4010,Conveyor belts of vulcanised rubber
401039,"Transmission belts/belting (excl. of 4010.31-4010.36), of vulcanised rubber, n.e.s.",4010,Conveyor belts of vulcanised rubber
401110,"New pneumatic tyres, of rubber, of a kind used on motor cars (incl. station wagons & racing cars)",4011A,Tyres new for motor cars
401120,"New pneumatic tyres, of rubber, of a kind used on buses/lorries",4011B,"Tyres,new,bus or lorry"
401130,"New pneumatic tyres, of rubber, of a kind used on aircraft",4011C,Tyres new for aircraft
401140,"New pneumatic tyres, of rubber, of a kind used on motorcycles",4011D,"Tyres,new,motor cycles or bicycle"
401150,"New pneumatic tyres, of rubber, of a kind used on bicycles",4011D,"Tyres,new,motor cycles or bicycle"
401161,"New pneumatic tyres, of rubber, having a herring-bone/similar tread, of a kind used on agricultural/forestry vehicles & machines",4011F,"Tyres nes,tyre cases,etc"
401162,"New pneumatic tyres, of rubber, having a herring-bone/similar tread, of a kind used on construction/industrial handling vehicles & machines & having a rim size not >61cm",4011F,"Tyres nes,tyre cases,etc"
401163,"New pneumatic tyres, of rubber, having a herring-bone/similar tread, of a kind used on construction/industrial handling vehicles & machines & having a rim size >61cm",4011F,"Tyres nes,tyre cases,etc"
401169,"New pneumatic tyres, of rubber, having a herring-bone/similar tread (excl. of 4011.61-4011.63)",4011F,"Tyres nes,tyre cases,etc"
401192,"New pneumatic tyres, of rubber (excl. those with herring-bone/similartread), of a kind used on agricultural/forestry vehicles & machines",4011F,"Tyres nes,tyre cases,etc"
401193,"New pneumatic tyres, of rubber (excl. those with herring-bone/similartread), of a kind used on construction/industrial handling vehicles & machines & having a rim size not >61cm",4011F,"Tyres nes,tyre cases,etc"
401194,"New pneumatic tyres, of rubber (excl. those with herring-bone/similartread), of a kind used on construction/industrial handling vehicles & machines & having a rim size >61cm",4011F,"Tyres nes,tyre cases,etc"
401199,"New pneumatic tyres, of rubber (excl. those with herring-bone/similartread; excl. of 4011.92-4011.94)",4011F,"Tyres nes,tyre cases,etc"
401211,"Retreaded pneumatic tyres of rubber, of a kind used on motor cars (incl. station wagons & racing cars)",4011F,"Tyres nes,tyre cases,etc"
401212,"Retreaded pneumatic tyres of rubber, of a kind used on buses/lorries",4011F,"Tyres nes,tyre cases,etc"
401213,"Retreaded pneumatic tyres of rubber, of a kind used on aircraft",4011F,"Tyres nes,tyre cases,etc"
401219,Retreaded pneumatic tyres of rubber (excl. of 4012.11-4012.13),4011F,"Tyres nes,tyre cases,etc"
401220,Used pneumatic tyres of rubber,4011F,"Tyres nes,tyre cases,etc"
401290,"Solid/cushion tyres, tyre treads & tyre flaps, of rubber",4011F,"Tyres nes,tyre cases,etc"
401310,"Inner tubes, of rubber, of a kind used on motor cars (incl. station wagons & racing cars), buses/lorries",4011E,Inner tubes
401320,"Inner tubes, of rubber, of a kind used on bicycles",4011E,Inner tubes
401390,"Inner tubes, of rubber (excl. of 4013.10 & 4013.20)",4011E,Inner tubes
401410,Sheath contraceptives of vulcanised rubber,4012,Rubber pharmaceutical products
401490,"Hygienic/pharmaceutical articles, incl. teats, of vulcanised rubber other than hard rubber, with/without fittings of hard rubber (excl. sheath contraceptives)",4012,Rubber pharmaceutical products
401511,Surgical gloves of vulcanised rubber,4013,"Plastic,rubber clothes accessories-- of unhardened vulcanised rubber"
401519,"Gloves (excl. surgical), mittens & mitts, for all purposes, of vulcanised rubber other than hard rubber",4013,"Plastic,rubber clothes accessories-- of unhardened vulcanised rubber"
401590,"Articles of apparel & clothing accessories for all purposes, of vulcanised rubber other than hard rubber (excl. gloves,mittens & mitts)",4013,"Plastic,rubber clothes accessories-- of unhardened vulcanised rubber"
401610,"Articles of vulcanised rubber other than hard rubber (excl. of 40.15), of cellular rubber",4014,Other articles of vulcanised rubber
401691,Floor coverings & mats of vulcanised rubber other than hard rubber,4014,Other articles of vulcanised rubber
401692,Erasers of vulcanised rubber other than hard rubber,4014,Other articles of vulcanised rubber
401693,"Gaskets, washers & other seals of vulcanised rubber other than hard rubber",4014,Other articles of vulcanised rubber
401694,"Boat/dock fenders, whether/not inflatable, of vulcanised rubber other than hard rubber",4014,Other articles of vulcanised rubber
401695,Inflatable articles of vulcanised rubber other than hard rubber (excl. of 4016.94),4014,Other articles of vulcanised rubber
401699,"Articles of vulcanised rubber other than hard rubber, n.e.s. in Ch.40",4014,Other articles of vulcanised rubber
401700,"Hard rubber (e.g., ebonite) in all forms, incl. waste & scrap; articles of hard rubber",4016,Articles of hardened rubber
410120,"Whole bovine (incl. buffalo)/equine hides & skins, weight per skin not >8kg (simply dried)/10kg (dry-salted)/16kg (fresh/wet-salted/othw. preserved)",4101B,"Calf and kip skins,raw"
410150,"Whole bovine (incl. buffalo)/equine hides & skins, weight >16kg(fresh/salted/dried/limed/pickled/othw. preserved but not tanned/parchment-dressed/further prepared), whether/not dehaired/split",4101A,"Bovine,equine hides,raw"
410190,"Raw hides & skins of bovine (including buffalo)/equine animals (fresh/salted/dried/limed/ pickled/othw. preserved, but not tanned/parchment-dressed/further prepared), whether/not dehaired/split(excl. of 4101.20&4101.50)",4101A,"Bovine,equine hides,raw"
410210,"Raw skins of sheep/lambs (fresh/salted/dried/limed/pickled/othw. preserved but not tanned/parchment-dressed/further prepared), with wool on",4101D,Sheep skin common with wool
410221,"Raw skins of sheep/lambs, pickled but not tanned/parchment-dressed/further prepared, without wool on",4101E,Sheep skin without wool
410229,"Raw skins of sheep/lambs (fresh/salted/dried/limed/pickled/othw. preserved, but not tanned/parchment-dressed/further prepared), split, other than those excld. by Note 1 (c) to this Ch..",4101E,Sheep skin without wool
410320,"Raw hides & skins of reptiles (fresh/salted/dried/limed/pickled/othw. preserved, but not tanned/parchment-dressed/further prepared), whether/not dehaired/split, other than those excld. by Note 1 (b)/1 (c) to this Ch. ",4101F,"Hides and skins nes,raw"
410330,"Raw hides & skins of swine(fresh/salted/dried/limed/pickled/othw. preserved, but not tanned/parchment-dressed/further prepared), whether/not dehaired/split, other than those excld. by Note 1 (b)/1 (c) to this Ch. ",4101F,"Hides and skins nes,raw"
410390,"Raw hides&skins (fresh,/salted, dried, limed, pickled/othw. preserved, but not tanned, parchment-dressed/further prepared), whether/not dehaired/split, other than those excld. by Note 1 (b)/1 (c) to this Ch., n.e.s. in Ch 41",4101F,"Hides and skins nes,raw"
410411,"Tanned/crust hides & skins of bovine (incl. buffalo)/equine animals, without hair on, in the wet state (incl. wet-blue), full grains, unsplit; grain splits but not further prepared",4102A,Calf leather
410419,"Tanned/crust hides & skins of bovine (incl. buffalo)/equine animals, without hair on, in the wet state (incl. wet-blue), whether/not split but not further prepared (excl. of 4104.11)",4102B,"Leathr bovine nes,equine"
410441,"Tanned/crust hides & skins of bovine (incl. buffalo)/equine animals, without hair on, in the dry state (crust), full grains, unsplit; grain splits but not further prepared",4102B,"Leathr bovine nes,equine"
410449,"Tanned/crust hides & skins of bovine (incl. buffalo)/equine animals, without hair on, in the dry state (crust), whether/not split but not further prepared (excl. of 4104.41)",4102B,"Leathr bovine nes,equine"
410510,"Tanned/crust skins of sheep/lambs, without wool on, in the wet state (incl. wet-blue), whether/not split but not further prepared",4103,"Leather from sheep,lambs"
410530,"Tanned/crust skins of sheep/lambs, without wool on, in the dry state (crust), whether/not split but not further prepared",4103,"Leather from sheep,lambs"
410621,"Tanned/crust hides & skins of goats/kids, without wool/hair on, in the wet state (incl. wet-blue) whether/not split but not further prepared",4104,"Leather from goat,kid"
410622,"Tanned/crust hides & skins of goats/kids, without wool/hair on, in the dry state (crust) whether/not split but not further prepared",4104,"Leather from goat,kid"
410631,"Tanned/crust hides & skins of swine, without wool/hair on, in the wet state (incl. wet-blue) whether/not split but not further prepared",4105,Other kinds of leather
410632,"Tanned/crust hides & skins of swine, without wool/hair on, in the dry state (crust) whether/not split but not further prepared",4105,Other kinds of leather
410640,"Tanned/crust hides & skins of reptiles, whether/not split but not further prepared",4105,Other kinds of leather
410691,"Tanned/crust hides & skins, n.e.s., without wool/hair on, in the wet state (incl. wet-blue) whether/not split but not further prepared",4105,Other kinds of leather
410692,"Tanned/crust hides & skins, n.e.s., without wool/hair on, in the dry state (crust) whether/not split but not further prepared",4105,Other kinds of leather
410711,"Leather further prepared after tanning/crusting, incl. parchment-dressed leather, of bovine (incl. buffalo)/equine animals, without hair on, whole hides & skins, full grains, unsplit",4102A,Calf leather
410712,"Leather further prepared after tanning/crusting, incl. parchment-dressed leather, of bovine (incl. buffalo)/equine animals, without hair on, whole hides & skins, grain splits",4102B,"Leathr bovine nes,equine"
410719,"Leather further prepared after tanning/crusting, incl. parchment-dressed leather, of bovine (incl. buffalo)/equine animals, without hair on, whole hides & skins, n.e.s. in 41.07",4102B,"Leathr bovine nes,equine"
410791,"Leather further prepared after tanning/crusting, incl. parchment-dressed leather, of bovine (incl. buffalo)/equine animals, without hair on, other than whole hides&skins, full grains, unsplit",4102B,"Leathr bovine nes,equine"
410792,"Leather further prepared after tanning/crusting, incl. parchment-dressed leather, of bovine (incl. buffalo)/equine animals, without hair on, other than whole hides & skins, grain splits",4102B,"Leathr bovine nes,equine"
410799,"Leather further prepared after tanning/crusting, incl. parchment-dressed leather, of bovine (incl. buffalo)/equine animals, without hair on, n.e.s. in 41.07, incl. sides",4102B,"Leathr bovine nes,equine"
411200,"Leather further prepared after tanning/crusting, incl. parchment-dressed leather, of sheep/lamb, without wool on, whether/not split, other than leather of 41.14",4103,"Leather from sheep,lambs"
411310,"Leather further prepared after tanning/crusting, incl. parchment-dressed leather, of goats/kids, without wool/hair on, whether/not split, other than leather of 41.14",4104,"Leather from goat,kid"
411320,"Leather further prepared after tanning/crusting, incl. parchment-dressed leather, of swine, without wool/hair on, whether/not split, other than leather of 41.14",4105,Other kinds of leather
411330,"Leather further prepared after tanning/crusting, incl. parchment-dressed leather, of reptiles, without wool/hair on, whether/not split, other than leather of 41.14",4105,Other kinds of leather
411390,"Leather further prepared after tanning/crusting, incl. parchment-dressed leather, of animals n.e.s. in 41.13, without wool/hair on, whether/not split, other than leather of 41.14",4105,Other kinds of leather
411410,Chamois (incl. combination chamois) leather,4106,Chamois-dressed leather
411420,Patent leather & patent laminated leather; metallised leather,4108,"Patent leather, metallised leather"
411510,"Composition leather with a basis of leather/leather fibre, in slabs/sheets/strip, whether/not in rolls",4110,"Composition leather, etc"
411520,"Parings & other waste of leather/composition leather, not suit. for the manufacture of leather articles; leather dust, powder & flour",4109,Waste and used leather
420100,"Saddlery & harness for any animal (incl. traces, leads, knee pads, muzzles, saddle cloths, saddle bags, dog coats&the like), of any material",4201,Saddlery and harness
420211,"Trunks, suit-cases, vanity-cases, executive-cases, brief-cases, school satchels & similar containters, with outer surface of leather/composition leather/patent leather",4202B,"Travel gds,toilet-cases"
420212,"Trunks, suit-cases, vanity-cases, executive-cases, brief-cases, school satchels & similar containters, with outer surface of plastics/textile materials",4202B,"Travel gds,toilet-cases"
420219,"Trunks, suit-cases, vanity-cases, executive-cases, brief-cases, school satchels & similar containters, n.e.s. in 42.02",4202B,"Travel gds,toilet-cases"
420221,"Handbags, whether/not with shoulder strap, incl. those without handle, with outer surface of leather/composition leather/patent leather",4202A,Handbags nes
420222,"Handbags, whether/not with shoulder strap, incl. those without handle, with outer surface of plastic sheeting/textile materials",4202A,Handbags nes
420229,"Handbags, whether/not with shoulder strap, incl. those without handle, n.e.s. in 42.02",4202A,Handbags nes
420231,"Articles of a kind normally carried in the pocket/the handbag, with outer surface of leather/composition leather/patent leather",4202D,"Other travel bags,cases"
420232,"Articles of a kind normally carried in the pocket/the handbag, with outer surface of plastic sheeting/textile materials",4202D,"Other travel bags,cases"
420239,"Articles of a kind normally carried in the pocket/the handbag, n.e.s. in 42.02",4202D,"Other travel bags,cases"
420291,"Trunks, suit-cases, vanity-cases, executive-cases, brief-cases, school satchels, spectacle cases, binocular cases, camera cases, musical instrument cases, gun cases, holsters & similar containers; travelling-bags, insulated food/beverages bags, toilet ba",4202D,"Other travel bags,cases"
420292,"Trunks, suit-cases, vanity-cases, executive-cases, brief-cases, school satchels, spectacle cases, binocular cases, camera cases, musical instrument cases, gun cases, holsters & similar containers; travelling-bags, insulated food/beverages bags, toilet ba",4202D,"Other travel bags,cases"
420299,"Trunks, suit-cases, vanity-cases, executive-cases, brief-cases, school satchels, spectacle cases, binocular cases, camera cases, musical instrument cases, gun cases, holsters & similar containers; travelling-bags, insulated food/beverages bags, toilet ba",4202D,"Other travel bags,cases"
420310,"Articles of apparel, of leather/composition leather",4203,"Leather clothes,accessor"
420321,"Gloves, mittens & mitts, of leather/composition leather, specially designed for use in sports",4203,"Leather clothes,accessor"
420329,"Gloves, mittens & mitts, of leather/composition leather other than those specially designed for use in sports",4203,"Leather clothes,accessor"
420330,"Belts & bandoliers, of leather/composition leather",4203,"Leather clothes,accessor"
420340,"Clothing accessories (excl. of 4203.21-4203.30), of leather/composition leather",4203,"Leather clothes,accessor"
420500,"Articles of leather/of composition leather, n.e.s. in Ch 42",4205,Other articles of leather
420600,"Articles of gut (other than silk-worm gut), of goldbeater's skin, of bladders/of tendons",4206,"Articles made from gut, etc"
430110,"Raw furskins, of mink, whole, with/without head/tail/paws",4301A,"Mink skins,raw"
430130,"Raw furskins, of lamb: Astrakhan, Broadtail, Caracul, Persian & similar lamb, Indian/Chinese/Mongolian/Tibetan lamb, whole, with/without head/tail/paws",4301B,"Other furskins,raw"
430160,"Raw furskins, of fox, whole, with/without head/tail/paws",4301B,"Other furskins,raw"
430180,"Raw furskins(excl. of 4301.10-4301.60), whole, with/without head, tail,/paws, other than raw hides&skins of heading 41.01, 41.02/41.03",4301B,"Other furskins,raw"
430190,"Heads, tails, paws&other pieces/cuttings, suitable for furriers' use",4301B,"Other furskins,raw"
430211,"Tanned/dressed furskins of mink, whole, with/without head/tail/paws, not assembled",4302,"Fur skins tanned,dressed"
430219,"Tanned/dressed furskins (excl. of mink), whole, with/without head, tail/paws, not assembled",4302,"Fur skins tanned,dressed"
430220,"Heads, tails, paws & other pieces/cuttings of tanned/dressed furskins, not assembled",4302,"Fur skins tanned,dressed"
430230,"Tanned/dressed furskins, whole skins & pieces/cuttings thereof , assembled (without the addition of other materials) (excl. of 43.03)",4302,"Fur skins tanned,dressed"
430310,"Articles of apparel & clothing accessories, of furskin",4303,"Articles of furskin,nes"
430390,Articles of furskin other than apparel & clothing accessories,4303,"Articles of furskin,nes"
430400,Artificial fur & articles thereof,4304,"Artificial fur,articles of"
440110,"Fuel wood, in logs/billets/twigs/faggots/similar forms",4401A,"Fuel wood in logs,etc"
440121,"Wood, in chips/particles, coniferous",4409A,"Pulpwood chips,particles"
440122,"Wood, in chips/particles, non-coniferous",4409A,"Pulpwood chips,particles"
440130,"Sawdust & wood waste & scrap, whether/not agglomerated in logs/briquettes/pellets/similar forms",4401B,Wood waste(including sawdust)
440210,"Wood charcoal of bamboo(including shell/nut charcoal), whether/not agglomerated.",4402,Wood charcoal
440290,"Wood charcoal (including shell/nut charcoal, excl. of 440210), whether/not agglomerated.",4402,Wood charcoal
440310,"Wood, in the rough, whether/not stripped of bark/sapwood/roughly squared, treated with paint/stains/creosote/other preservatives",4403B,"Saw-,veneer-logs conifer -- in the rough"
440320,"Wood, in the rough, whether/not stripped of bark/sapwood/roughly squared (excl. of 4403.10), coniferous",4403B,"Saw-,veneer-logs conifer -- in the rough"
440341,"Dark Red Meranti, Light Red Meranti & Meranti Bakau, in the rough, whether/not stripped of bark/sapwood/roughly squared",4403C,"Saw-,veneer-logs non-con -- in the rough"
440349,"Topical wood spec. in SH Note 1 to Ch.44 (excl. of 4403.41), in the rough, whether/not stripped of bark/sapwood/roughly squared",4403C,"Saw-,veneer-logs non-con -- in the rough"
440391,"Oak (Quercus spp.), in the rough, whether/not stripped of bark/sapwood/roughly squared",4403C,"Saw-,veneer-logs non-con -- in the rough"
440392,"Beech (Fagus spp.), in the rough, whether/not stripped of bark/sapwood/roughly squared",4403C,"Saw-,veneer-logs non-con -- in the rough"
440399,"Wood, in the rough (excl. of 4403.10-4403.92), whether/not stripped of bark/sapwood/roughly squared",4403C,"Saw-,veneer-logs non-con -- in the rough"
440410,"Hoopwood; split poles; piles, pickets & stakes of wood, pointed but not sawn lengthwise; wooden sticks, roughly trimmed but not turned, bent/othw. worked, suitable for the manufacture of walking-sticks, umbrellas, tool handles/the like; chipwood & the li",4409B,"Hoopwood,split poles etc"
440420,"Hoopwood; split poles; piles, pickets & stakes of wood, pointed but not sawn lengthwise; wooden sticks, roughly trimmed but not turned, bent/othw. worked, suitable for the manufacture of walking-sticks, umbrellas, tool handles/the like; chipwood & the li",4409B,"Hoopwood,split poles etc"
440500,Wood wool; wood flour,4412,Wood wool and wood flour
440610,"Railway/tramway sleepers (cross-ties) of wood, not impregnated",4407,"Railway sleepers,ties"
440690,"Railway/tramway sleepers (cross-ties) of wood, other than those not impregnated",4407,"Railway sleepers,ties"
440710,"Wood sawn/chipped length wise, sliced/peeled, whether/not planed, sanded/end-jointed, of a thickness >6mm, coniferous",4405A,Lumber sawn etc coniferous
440721,"Wood sawn/chipped lengthwise, sliced/peeled, whether/not planed, sanded/end-jointed, of a thickness >6mm, of Mahogany (Swietenia spp.)",4405B,Lumber sawn etc non-coniferous
440722,"Wood sawn/chipped lengthwise, sliced/peeled, whether/not planed, sanded/end-jointed, of a thickness >6mm, of Virola, Imbuia&Balsa",4405B,Lumber sawn etc non-coniferous
440725,"Wood sawn/chipped length wise, sliced/peeled, whether/not planed, sanded/end-jointed, of a thickness >6mm, of Dark Red Meranti, Light Red Meranti & Meranti Bakau",4405B,Lumber sawn etc non-coniferous
440726,"Wood sawn/chipped length wise, sliced/peeled, whether/not planed, sanded/end-jointed, of a thickness >6mm, of White Lauan, White Meranti, White Seraya, Yellow Meranti & Alan",4405B,Lumber sawn etc non-coniferous
440727,"Wood sawn/chipped lengthwise, sliced/peeled, whether/not planed, sanded/end-jointed, of a thickness >6mm, of Sapelli",4405B,Lumber sawn etc non-coniferous
440728,"Wood sawn/chipped lengthwise, sliced/peeled, whether/not planed, sanded/end-jointed, of a thickness >6mm, of Iroko",4405B,Lumber sawn etc non-coniferous
440729,"Wood sawn/chipped lengthwise, sliced/peeled, whether/not planed, sanded/end-jointed, of a thickness >6mm, of tropical wood specified in Subheading Note 1 to this Ch. (excl. of 4407.21-4407.28)",4405B,Lumber sawn etc non-coniferous
440791,"Oak (Quercus spp.), sawn/chipped length wise, sliced/peeled, whether/not planed, sanded/end-jointed, of a thickness >6mm",4405B,Lumber sawn etc non-coniferous
440792,"Beech (Fagus spp.), sawn/chipped length wise, sliced/peeled, whether/not planed, sanded/end-jointed, of a thickness >6mm",4405B,Lumber sawn etc non-coniferous
440793,"Maple (Acer spp.), sawn/chipped lengthwise, sliced/peeled, whether/not planed, sanded/end-jointed, of a thickness >6mm",4405B,Lumber sawn etc non-coniferous
440794,"Cherry (Prunus spp.), sawn/chipped lengthwise, sliced/peeled, whether/not planed, sanded/end-jointed, of a thickness >6mm",4405B,Lumber sawn etc non-coniferous
440795,"Ash(Fraxinus spp.), sawn/chipped lengthwise, sliced/peeled, whether/not planed, sanded/end-jointed, of a thickness >6mm",4405B,Lumber sawn etc non-coniferous
440799,"Wood(excl. of  4407.10-4407.95), sawn/chipped lengthwise, sliced/peeled, whether/not planed, sanded/end-jointed, of a thickness >6mm",4405B,Lumber sawn etc non-coniferous
440810,"Sheets for veneering (including those obtained by slicing laminated wood), for plywood/for similar laminated wood & other wood, sawn lengthwise, sliced/peeled, whether/not planed, sanded, spliced/end-jointed, of a thickness not> 6 mm,coniferous",4414,Sawn wood and veneer sheets
440831,"Sheets for veneering (including those obtained by slicing laminated wood), for plywood/for similar laminated wood & other wood, sawn lengthwise, sliced/peeled, whether/not planed, sanded, spliced/end-jointed, of a thickness not> 6 mm, of Dark Red Meranti",4414,Sawn wood and veneer sheets
440839,"Sheets for veneering (including those obtained by slicing laminated wood), for plywood/for similar laminated wood & other wood, sawn lengthwise, sliced/peeled, whether/not planed, sanded, spliced/end-jointed, of a thickness not> 6 mm, of  tropical wood s",4414,Sawn wood and veneer sheets
440890,"Sheets for veneering (including those obtained by slicing laminated wood), for plywood/for similar laminated wood & other wood, sawn lengthwise, sliced/peeled, whether/not planed, sanded, spliced/end-jointed, of a thickness not> 6 mm (excl. of 4408.10-44",4414,Sawn wood and veneer sheets
440910,"Wood (including strips & friezes for parquet flooring, not assembled) continuously shaped (tongued, grooved, rebated, chamfered, V-jointed, beaded, moulded, rounded/the like) along any of its edges, ends/faces, whether/not planed, sanded/end-jointed, con",4413A,Lumber planed etc conifrous
440921,"Wood (including strips&friezes for parquet flooring, not assembled) continuously shaped (tongued, grooved, rebated, chamfered, V-jointed, beaded, moulded, rounded/the like) along any of its edges, ends/faces, whether/not planed/sanded/end-jointed, non-co",4413B,Lumber planed etc non-coniferous
440929,"Wood (including strips&friezes for parquet flooring, not assembled) continuously shaped (tongued, grooved, rebated, chamfered, V-jointed, beaded, moulded, rounded/the like) along any of its edges, ends/faces, whether/not planed/sanded/end-jointed, non-co",4413B,Lumber planed etc non-coniferous
441011,"Particle board of wood, whether/not agglomerated with resins/other organic binding substances",4418,Reconstituted wood
441012,"Oriented strand board (OSB)  of wood, whether/not agglomerated with resins/other organic binding substances",4418,Reconstituted wood
441019,"Board of wood (excl. of 4410.11&4410.12) , whether/not agglomerated with resins/other organic binding substances, n.e.s.",4418,Reconstituted wood
441090,"Particle board & similar board (e.g., oriented strand board & waferboard) of wood/other ligneous materials, whether/not agglomerated with resins/other organic binding substance (excl. of 4410.21-4410.39)",4418,Reconstituted wood
441112,"Medium density of fibreboard of wood/other ligneous materials, whether/not bonded with resins/other organic substances, of a thkns not >5mm",4411A,Fibreboard of wood etc --compressed(hardboard)
441113,"Medium density of fibreboard of wood/other ligneous materials, whether/not bonded with resins/other organic substances, of a thkns >5mm       but not >9mm",4411B,"Fibreboard of wood etc --non compressed,insulatng board"
441114,"Medium density of fibreboard of wood/other ligneous materials, whether/not bonded with resins/other organic substances, of a thkns >9mm",4411A,Fibreboard of wood etc --compressed(hardboard)
441192,"Fibreboard of wood/other ligneous materials, whether/not bonded with resins/other organic substances, of a density > 0.8 g/cm¦",4411B,"Fibreboard of wood etc --non compressed,insulatng board"
441193,"Fibreboard of wood/other ligneous materials, whether/not bonded with resins/other organic substances, of a density >0.5g/cm¦ but not >0.8 g/cm¦",4411B,"Fibreboard of wood etc --non compressed,insulatng board"
441194,"Fibreboard of wood/other ligneous materials, whether/not bonded with resins/other organic substances, of a density not >0.5g/cm¦ ",4411B,"Fibreboard of wood etc --non compressed,insulatng board"
441210,"Plywood, veneered panels&similar laminated wood, of bamboo",4415A,Plywood of wood sheets
441231,"Plywood, consisting solely of sheets of wood (other than bamboo), each ply not> 6 mm thkns, with at least one outer ply of tropical wood specified in Subheading Note 1 to this Ch.",4415A,Plywood of wood sheets
441232,"Plywood, consisting solely of sheets of wood (other than bamboo), each ply not> 6 mm thkns, with at least one outer ply of non-coniferous wood ",4415A,Plywood of wood sheets
441239,"Plywood, consisting solely of sheets of wood (other than bamboo,excl. of 4412.31 &4412.32), each ply not> 6 mm thkns",4415A,Plywood of wood sheets
441294,"Plywood, veneered panels&similar laminated wood, of blockboard, laminboard&battenboard",4415A,Plywood of wood sheets
441299,"Plywood, veneered panels&similar laminated wood, n.e.s.(excl. of 4412.10-4412.94)",4415A,Plywood of wood sheets
441300,"Densified wood, in blocks/plates/strips/profile shapes",4417,"Improved wood, in sheets, and the like"
441400,Wooden frames for paintings/photographs/mirrors/similar objects,4420,"Wooden picture frames, mirror frames"
441510,"Cases, boxes, crates, drums & similar packings of wood; cable-drums of wood",4421,"Boxes,cases,crates,etc"
441520,"Pallets, box pallets & other load boards of wood; pallet collars of wood",4421,"Boxes,cases,crates,etc"
441600,"Casks, barrels, vats, tubs & other coopers' products & parts thereof , of wood, incl. staves",4422,"Cooprage products,including staves"
441700,"Tools, tool bodies, tool handles, broom/brush bodies & handles, of wood; boot/shoe lasts & trees, of wood",4425,"Wooden tools, tool bodies and handles"
441810,"Windows, French-windows & their frames, of wood, incl. cellular wood panels",4423,Builders' carpentry and joinery
441820,"Doors & their frames & thresholds, of wood, incl. cellular wood panels",4423,Builders' carpentry and joinery
441840,"Shuttering for concrete constructional work, of wood, incl. cellular wood panels",4423,Builders' carpentry and joinery
441850,"Shingles & shakes of wood, incl. cellular wood panels",4428,Other wood articles nes
441860,Posts&beams,4423,Builders' carpentry and joinery
441871,Assembled flooring panels for mosaic floors,4423,Builders' carpentry and joinery
441872,"Assembled flooring panels, multilayer",4423,Builders' carpentry and joinery
441879,Assembled flooring panels (excl. of 4418.71& 4418.72),4423,Builders' carpentry and joinery
441890,"Builders' joinery&carpentry of wood, including cellular wood panels, assembled flooring panels, shingles&shakes(excl. of 4418.10-4418.79)",4423,Builders' carpentry and joinery
441900,"Tableware & kitchenware, of wood",4424,Wooden household utensils
442010,"Statuettes & other ornaments, of wood",4427,Lighting fittings of wood
442090,"Wood marquetry & inlaid wood; caskets & cases for jewellery/cutlery, & similar articles, of wood; wooden articles of furniture not falling in Ch.94",4427,Lighting fittings of wood
442110,"Clothes hangers, of wood",4428,Other wood articles nes
442190,Articles of wood n.e.s. in Ch.44,4428,Other wood articles nes
450110,"Natural cork, raw/simply prepared",4501,"Cork unworked,waste"
450190,Waste cork; crushed/granulated/ground cork,4501,"Cork unworked,waste"
450200,"Natural cork, debacked/roughly squared/in rectangular (incl. square) blocks/plates/sheets/strip (incl. sharp-edged blanks for corks/stoppers)",4502,"Natural cork in blocks, plates"
450310,"Corks & stoppers, of natural cork",4503,Articles of natural cork
450390,Articles of natural cork other than corks & stoppers,4503,Articles of natural cork
450410,"Blocks, plates, sheets & strip, of agglomerated cork; tiles of any shape, of agglomerated cork; solid cylinders, incl. discs, of agglomerated cork",4504,"Agglomerated cork,articles of agglomerated cork"
450490,Agglomerated cork (with/without a binding substance) & other articles of agglomerated cork (excl. of 4504.10),4504,"Agglomerated cork,articles of agglomerated cork"
460121," Mats, matting&screens of vegetable materials, of bamboo",4602,"Plaits,plaited products"
460122," Mats, matting&screens of vegetable materials, of rattan",4602,"Plaits,plaited products"
460129,"Mats, matting&screens of vegetable materials (excl. of 4601.21& 4601.22)",4602,"Plaits,plaited products"
460192,"Plaits&similar products of plaiting materials, whether/not assembled into strips; plaiting materials, plaits&similar products of plaiting materials, bound together in parallel strands/woven, in sheet form, whether/not being finished articles, of bamboo",4602,"Plaits,plaited products"
460193,"Plaits&similar products of plaiting materials, whether/not assembled into strips; plaiting materials, plaits&similar products of plaiting materials, bound together in parallel strands/woven, in sheet form, whether/not being finished articles, of rattan",4602,"Plaits,plaited products"
460194,"Plaits&similar products of plaiting materials, whether/not assembled into strips; plaiting materials, plaits&similar products of plaiting materials, bound together in parallel strands/woven, in sheet form, whether/not being finished articles, of other ve",4602,"Plaits,plaited products"
460199,"Plaits & similar products of plaiting materials, whether/not assembled into strips; plaiting materials, plaits & similar products of plaiting materials, bound together in parallel strands/woven, in sheet form, whether/not being finished articles (excl. o",4602,"Plaits,plaited products"
460211,"Basketwork, wickerwork & other articles, made directly to shape from bamboo",4603,Basketwork etc
460212,"Basketwork, wickerwork & other articles, made directly to shape from rattan",4603,Basketwork etc
460219,"Basketwork, wickerwork & other articles, made directly to shape from vegetable materials other than bamboo&rattan; articles of loofah",4603,Basketwork etc
460290,"Basketwork, wickerwork & other articles, made directly to shape from plaiting materials other than vegetable materials/made up from goods of 46.01 other than vegetable material",4603,Basketwork etc
470100,Mechanical wood pulp,4701A,Mechanical wood pulp
470200,"Chemical wood pulp, dissolving grades",4701B,Chemical wood pulp dissolvng
470311,"Chemical wood pulp, soda/sulphate, other than dissolving grades, unbleached, coniferous",4701C,"Soda,sulphate wood pulp -- unbleached"
470319,"Chemical wood pulp, soda/sulphate, other than dissolving grades, unbleached, non-coniferous",4701C,"Soda,sulphate wood pulp -- unbleached"
470321,"Chemical wood pulp, soda/sulphate, other than dissolving grades, semi-bleached/bleached, coniferous",4701D,"Soda,sulphate wood pulp -- bleached,nondissolvng"
470329,"Chemical wood pulp, soda/sulphate, other than dissolving grades, semi-bleached/bleached, non-coniferous",4701D,"Soda,sulphate wood pulp -- bleached,nondissolvng"
470411,"Chemical wood pulp, sulphite, other than dissolving grades, unbleached, coniferous",4701E,Sulphite wood pulp -- unbleached
470419,"Chemical wood pulp, sulphite, other than dissolving grades, unbleached, non-coniferous",4701E,Sulphite wood pulp -- unbleached
470421,"Chemical wood pulp, sulphite, other than dissolving grades, semi-bleached/bleached, coniferous",4701F,"Sulphite wood pulp -- bleached,nondissolvng"
470429,"Chemical wood pulp, sulphite, other than dissolving grades, semi-bleached/bleached, non-coniferous",4701F,"Sulphite wood pulp -- bleached,nondissolvng"
470500,Wood pulp obt. by a combination of mechanical & chemical pulping processes,4701G,Semi-chemical wood pulp
470610,Cotton linters pulp,4701H,Pulp othr than wood pulp
470620,Pulps of fibres derived from recovered (waste & scrap) paper/paperboard,4701H,Pulp othr than wood pulp
470630,"Pulps of fibres derived from recovered (waste & scrap) paper/paperboard/of other cellulosic material, of bamboo",4701H,Pulp othr than wood pulp
470691,"Pulps of fibres derived from recovered (waste & scrap) paper/paperboard/of fibrous cellulosic material (excl. of 4706.10-4706.30), mechanical",4701H,Pulp othr than wood pulp
470692,"Pulps of fibres derived from recovered (waste & scrap) paper/paperboard/of fibrous cellulosic material (excl. of 4706.10-4706.30), chemical",4701H,Pulp othr than wood pulp
470693,"Pulps of fibres derived from recovered (waste & scrap) paper/paperboard/of fibrous cellulosic material (excl. of 4706.10-4706.30), semi-chemical",4701H,Pulp othr than wood pulp
470710,Recovered (waste & scrap) unbleached kraft paper/paperboard/corrugated paper/paperboard,4702,Waste paper and paperboard
470720,"Recovered (waste & scrap) paper/paperboard made mainly of bleached chemical pulp, not coloured in the mass",4702,Waste paper and paperboard
470730,"Recovered (waste & scrap) paper/paperboard made mainly of mechanical pulp (e.g., newspapers, journals & similar printed matter)",4702,Waste paper and paperboard
470790,"Recovered (waste & scrap) paper/paperboard (excl. of 4707.10-4707.30), incl. unsorted waste & scrap",4702,Waste paper and paperboard
480100,"Newsprint, in rolls/sheets",4801A,Newsprint
480210,"Hand-made paper & paperboard, uncoated, of a kind used for writing/printing/other graphic purposes",4801B,"Printg,writing paper nes -- uncoated"
480220,"Paper & paperboard, uncoated, of a kind used as a base for photo-sensitive/heat-sensitive/electro-sensitive paper/paperboard",4801H,"Other paper etc,bulk,nes"
480240,Wallpaper base,4801H,"Other paper etc,bulk,nes"
480254,"Paper&paperboard, not containing fibres obtained by a mechanical/chemi-mechanical process/of which not > 10% by weight of the total fibre content consists of such fibres, weighing < 40 g/m¦",4801H,"Other paper etc,bulk,nes"
480255,"Paper&paperboard, not containing fibres obtained by a mechanical/chemi-mechanical process/of which not > 10% by weight of the total fibre content consists of such fibres, weighing >40 g/m¦ but not >150 g/m¦, in rolls",4801H,"Other paper etc,bulk,nes"
480256,"Paper&paperboard, not containing fibres obtained by a mechanical/chemi-mechanical process/of which not > 10% by weight of the total fibre content consists of such fibres, weighing > 40 g/m¦ but not > 150 g/m¦, in sheets with one side not > 435 mm&the oth",4801H,"Other paper etc,bulk,nes"
480257,"Paper&paperboard, not containing fibres obtained by a mechanical/chemi-mechanical process/of which not > 10% by weight of the total fibre content consists of such fibres, weighing > 40 g/m¦ but not > 150 g/m¦(excl. of 4802.54-4802.56)",4801H,"Other paper etc,bulk,nes"
480258,"Paper&paperboard, not containing fibres obtained by a mechanical/chemi-mechanical process/of which not > 10% by weight of the total fibre content consists of such fibres, weighing > 150 g/m¦",4801E,"Kraft paper paperboard,nes"
480261,"Paper&paperboard, of which >10 % by weight of the total fibre content consists of fibres obtained by a mechanical/chemi-mechanical process, in rolls",4801H,"Other paper etc,bulk,nes"
480262,"Paper&paperboard, of which >10 % by weight of the total fibre content consists of fibres obtained by a mechanical/chemi-mechanical process, in sheets with one side not>435mm&the other side not>297mm in the unfolded state",4801H,"Other paper etc,bulk,nes"
480269,"Paper&paperboard, of which >10 % by weight of the total fibre content consists of fibres obtained by a mechanical/chemi-mechanical process (excl. of 4802.61& 4802.62), n.e.s.",4801H,"Other paper etc,bulk,nes"
480300,"Toilet/facial tissue stock, towel/napkin stock & similar paper of a kind used for household/sanitary purposes, cellulose wadding & webs of cellulose fibres, whether/not creped, crinkled, embossed, perforated, surface-coloured, surface-decorated/printed,",4805B,Creped household paper etc
480411,"Kraftliner, uncoated, unbleached, in rolls/sheets (excl. of 48.02/48.03)",4801C,Kraft liner in bulk
480419,"Kraftliner, uncoated, other than unbleached, in rolls/sheets (excl. of 48.02/48.03)",4801C,Kraft liner in bulk
480421,"Sack kraft paper, uncoated, unbleached, in rolls/sheets (excl. of 48.02/48.03)",4801D,Sack kraft paper in bulk
480429,"Sack kraft paper, uncoated, other than unbleached, in rolls/sheets (excl. of 48.02/48.03)",4801D,Sack kraft paper in bulk
480431,"Kraft paper (excl. kraftliner & sack kraft paper) & paperboard, uncoated, unbleached, in rolls/sheets, weighing 150g/m2/less",4801E,"Kraft paper paperboard,nes"
480439,"Kraft paper (excl. kraftliner & sack craft paper) & paperboard, uncoated, in rolls/sheets, weighing 150g/m2/less",4801E,"Kraft paper paperboard,nes"
480441,"Kraft paper (excl. kraftliner & sack kraft paper) & paperboard, uncoated, unbleached, in rolls/sheets, weighing >150g/m2 but <225g/m2",4801E,"Kraft paper paperboard,nes"
480442,"Kraft paper (excl. kraftliner & sack kraft paper) & paperboard weighing more than 150 g/m¦ but less than 225 g/m¦ ,bleached uniformly throughout the mass & of which more than 95% by weight of the total fibre content consists of wood obtained by a chemica",4801E,"Kraft paper paperboard,nes"
480449,"Kraft paper (excl. kraftliner & sack kraft paper) & paperboard, uncoated, in rolls/sheets, weighing >150g/m2 but <225g/m2",4801E,"Kraft paper paperboard,nes"
480451,"Kraft paper (excl. kraftliner & sack kraft paper) & paperboard, uncoated, unbleached, in rolls/sheets, weighing 225g/m2/more",4801E,"Kraft paper paperboard,nes"
480452,"Kraft paper (excl. kraftliner & sack kraft paper) & paperboard weighing more than  225 g/m¦ ,bleached uniformly throughout the mass & of which more than 95% by weight of the total fibre content consists of wood obtained by a chemical process, in rolls/sh",4801E,"Kraft paper paperboard,nes"
480459,"Kraft paper (excl. kraftliner & sack kraft paper) & paperboard, uncoated, in rolls/sheets, weighing 225g/m2/more (excl. of 4804.51 & 4805.52)",4801E,"Kraft paper paperboard,nes"
480511,"Semi-chemicalfluting paper,uncoated, in rolls/sheets, not further worked than/further processed than as spec. in Note 3 to Ch.48",4801F,Semi-chemical fluting paper
480512,"Straw fluting paper, uncoated, in rolls/sheets, not further worked than/further processed than as spec. in Note 3 to Ch.48",4801H,"Other paper etc,bulk,nes"
480519,"Fluting paper (excl. semi-chemical/straw fluting paper), uncoated, in rolls/sheets, not further worked than/further processed than as spec. in Note 3 to Ch.48",4801H,"Other paper etc,bulk,nes"
480524,"Testliner (recycled liner board), uncoated, in rolls/sheets, not further worked than/further processed than as spec. in Note 3 to Ch.48, weighing 150g/m2/less",4801H,"Other paper etc,bulk,nes"
480525,"Testliner (recycled liner board), uncoated, in rolls/sheets, not further worked than/further processed than as spec. in Note 3 to Ch.48, weighing >150g/m2",4801H,"Other paper etc,bulk,nes"
480530,"Sulphite wrapping paper, uncoated, in rolls/sheets, not further worked than/further processed than as spec. in Note 3 to Ch.48",4801G,"Sulphite wrap paper,bulk"
480540,"Filter paper & paperboard, uncoated, in rolls/sheets, not further worked than/further processed than as spec. in Note 3 to Ch.48",4801H,"Other paper etc,bulk,nes"
480550,"Felt paper & paperboard, uncoated, in rolls/sheets, not further worked than/further processed than as spec. in Note 3 to Ch.48",4801H,"Other paper etc,bulk,nes"
480591,"Uncoated paper & paperboard (excl. of 4801.00-4805.50), in rolls/sheets, not further worked than/further processed than as spec. in Note 3 to Ch.48, weighing 150g/m2",4801H,"Other paper etc,bulk,nes"
480592,"Uncoated paper & paperboard (excl. of 4801.00-4805.50), in rolls/sheets, not further worked than/further processed than as spec. in Note 3 to Ch.48, weighing >150g/m2 but <225g/m2",4801H,"Other paper etc,bulk,nes"
480593,"Uncoated paper & paperboard (excl. of 4801.00-4805.50), in rolls/sheets, not further worked than/further processed than as spec. in Note 3 to Ch.48, weighing 225g/m2/more",4801H,"Other paper etc,bulk,nes"
480610,"Vegetable parchment, in rolls/sheets",4803,Parchment or greaseproof paper
480620,"Greaseproof papers, in rolls/sheets",4803,Parchment or greaseproof paper
480630,"Tracing papers, in rolls/sheets",4803,Parchment or greaseproof paper
480640,"Glassine & other glazed transparent/translucent papers, in rolls/sheets",4803,Parchment or greaseproof paper
480700,"Composite paper & paperboard (made by sticking flat layers of paper/paperboard together with an adhesive), not surface-coated/impregnated, whether/not internally reinforceded, in rolls/sheets",4804,Composite paper or paperboard
480810,"Corrugated paper & paperboard (with/without glued flat surface sheets), whether/not perforated, in rolls/sheets (excl. of 48.03)",4805D,Paper etc corrugated etc
480820,"Sack kraft paper, creped/crinkled, whether/not embossed/perforated, in rolls/sheets (excl. of 48.03)",4805A,Kraft paper creped etc
480830,"Kraft paper (excl. sack kraft paper), creped/crinkled, whether/not embossed/perforated, in rolls/sheets (excl. of 48.03)",4805A,Kraft paper creped etc
480890,"Paper & paperboard, corrugated (with/without glued flat surface sheets), creped, crinkled, embossed/perforated, in rolls/sheets, other than paper of the kind described in heading 48.03 (excl. of 4808.10-4808.30)",4805C,Other creped etc paper
480920,"Self-copy paper, whether/not printed, in rolls/sheets",4807D,Coated paper etc nes
480990,"Carbon paper, other copying/transfer papers (including coated/impregnated paper for duplicator stencils/offset plates), whether/not printed, in rolls/sheets.",4807D,Coated paper etc nes
481013,"Paper & paperboard of a kind used for writing/printing/other graphic purposes, coated on one/both sides with kaolin (China clay)/other inorganic substances, with/without a binder, & with no other coating, whether/not surface-coloured, surface-decorated/p",4807A,"Printg,writing paper nes -- coated,impregnatd etc"
481014,"Paper & paperboard of a kind used for writing/printing/other graphic purposes, coated on one/both sides with kaolin (China clay)/other inorganic substances, with/without a binder, & with no other coating, whether/not surface-coloured, surface-decorated/p",4807A,"Printg,writing paper nes -- coated,impregnatd etc"
481019,"Paper & paperboard of a kind used for writing/printing/other graphic purposes, coated on one/both sides with kaolin (China clay)/other inorganic substances, with/without a binder, & with no other coating, whether/not surface-coloured, surface-decorated/p",4807A,"Printg,writing paper nes -- coated,impregnatd etc"
481022,"Paper & paperboard of a kind used for writing/printing/other graphic purposes, coated on one/both sides with kaolin (China clay)/other inorganic substances, with/without a binder, & with no other coating, whether/not surface-coloured, surface-decorated/p",4807A,"Printg,writing paper nes -- coated,impregnatd etc"
481029,"Paper & paperboard of a kind used for writing/printing/other graphic purposes, coated on one/both sides with kaolin (China clay)/other inorganic substances, with/without a binder, & with no other coating, whether/not surface-coloured, surface-decorated/p",4807A,"Printg,writing paper nes -- coated,impregnatd etc"
481031,"Kraft paper & paperboard, other than that of a kind used for writing/printing/other graphic purposes, coated on one/both sides with kaolin (China clay)/other inorganic substances, with/without a binder, & with no other coating, whether/not surface-colour",4807C,"Tarred etc paper,paperbd"
481032,"Kraft paper & paperboard, other than that of a kind used for writing/printing/other graphic purposes, coated on one/both sides with kaolin (China clay)/other inorganic substances, with/without a binder, & with no other coating, whether/not surface-colour",4807D,Coated paper etc nes
481039,"Kraft paper & paperboard, other than that of a kind used for writing/printing/other graphic purposes, coated on one/both sides with kaolin (China clay)/other inorganic substances, with/without a binder, & with no other coating, whether/not surface-colour",4807B,Plastic coated paper etc
481092,"Paper & paperboard(excl. of 4810.13-4810.39), coated on one/both sides with kaolin (China clay)/other inorganic substances, with/without a binder, & with no other coating, whether/not surface-coloured, surface-decorated/printed, in rolls/rectangular (inc",4807D,Coated paper etc nes
481099,"Paper & paperboard(excl. of 4810.13-4810.92), coated on one/both sides with kaolin (China clay)/other inorganic substances, with/without a binder, & with no other coating, whether/not surface-coloured, surface-decorated/printed, in rolls/rectangular (inc",4807D,Coated paper etc nes
481110,"Tarred/bituminised/asphalted paper,paperboard,  coated, impregnated, covered, surface-coloured, surface-decorated/printed, in rolls/rectangular (including square) sheets, of any size, other than goods of the kind described in heading 48.03,48.09/48.10",4807C,"Tarred etc paper,paperbd"
481141,"Gummed/adhesive paper,paperboard,coated, impregnated, covered, surface-coloured, surface-decorated/printed, in rolls/rectangular (including square) sheets, of any size, other than goods of the kind described in heading 48.03,48.09/48.10, self-adhesive",4807D,Coated paper etc nes
481149,"Gummed/adhesive paper,paperboard (excl. of 4811.41), coated, impregnated, covered, surface-coloured, surface-decorated/printed, in rolls/rectangular (including square) sheets, of any size, other than goods of the kind described in heading 48.03,48.09/48.",4807D,Coated paper etc nes
481151,"Paper&paperboard coated/impregnated/ covered with plastics (excluding adhesives), bleached, weighing > 150 g/m¦, in rolls/rectangular (including square) sheets, of any size, other than goods of the kind described in heading 48.03,48.09/48.10",4807B,Plastic coated paper etc
481159,"Paper&paperboard coated/impregnated/ covered with plastics (excl. adhesives&of 4811.51), in rolls/rectangular (including square) sheets, of any size, other than goods of the kind described in heading 48.03,48.09/48.10",4807B,Plastic coated paper etc
481160,"Paper&paperboard coated/impregnated/ covered with wax/paraffin wax/stearin/oil/glycero, in rolls/rectangular (including square) sheets, of any size, other than goods of the kind described in heading 48.03,48.09/48.10",4807D,Coated paper etc nes
481190,"Paper, paperboard, cellulose wadding&webs of cellulose fibres(excl. of 4811.10-4811.60), coated/impregnated/covered/surface-coloured/surface-decorated/printed, in rolls/rectangular (including square) sheets, of any size, other than goods of the kind desc",4807D,Coated paper etc nes
481200,"Filter blocks, slabs & plates, of paper pulp",4808,"Filter blocks, of paper pulp"
481310,"Cigarette paper, in the form of booklets/tubes",4810,Cigarette paper precut
481320,"Cigarette paper, in rolls of a width not >5cm",4810,Cigarette paper precut
481390,Cigarette paper (excl. of 4813.10 & 4813.20),4810,Cigarette paper precut
481410,Ingrain paper,4811,"Wallpaper,lincrusta,etc"
481420,"Wallpaper & similar wall coverings, consisting of paper coated/covered, on the face side, with a grained/embossed/coloured/design-printed/othw. decorated layer of plastics",4811,"Wallpaper,lincrusta,etc"
481490,Wallpaper&similar wall coverings(excl. of 4814.10&4814.20); window transparencies of paper.,4811,"Wallpaper,lincrusta,etc"
481620,"Self-copy paper, whether/not put up in boxes",4813,Copying paper cut to size
481690,"Carbon paper,&other copying/transfer papers (other than those of heading 48.09), duplicator stencils&offset plates, of paper, whether/not put up in boxes.",4813,Copying paper cut to size
481710,"Envelopes, of paper/paperboard",4814,Correspondence stationry
481720,"Letter cards, plain postcards & correspondence cards, of paper/paperboard",4814,Correspondence stationry
481730,"Boxes, pouches, wallets & writing compendiums, of paper/paperboard, containing an assortment of paper stationery",4814,Correspondence stationry
481810,"Toilet paper, in rolls of a width not >36cm/cut to size/shape",4815A,Toilet paper cut to size
481820,"Handkerchiefs, cleansing/facial tissues & towels, of paper pulp/paper/cellulose wadding/webs of cellulose fibres",4821C,"Paper tissues,towels etc"
481830,"Tablecloths & serviettes, of paper pulp/paper/cellulose wadding/webs of cellulose fibres",4821C,"Paper tissues,towels etc"
481840,"Sanitary towels & tampons, napkins & napkin liners for babies & similar sanitary articles, of paper pulp/paper/cellulose wadding/webs of cellulose fibres",4821D,Paper etc diapers etc
481850,"Articles of apparel & clothing accessories, of paper pulp/paper/cellulose wadding/webs of cellulose fibres",4821C,"Paper tissues,towels etc"
481890,"Paper of a kind used for h-hold./sanitary purposes, bed sheets & similar h-hold./sanitary/hospital articles, of paper pulp/paper/cellulose wadding/webs of cellulose fibres, n.e.s.",4821C,"Paper tissues,towels etc"
481910,"Cartons, boxes & cases, of corrugated paper/paperboard",4816,Paper etc containers
481920,"Folding cartons, boxes & cases, of non-corrugated paper/paperboard",4816,Paper etc containers
481930,"Sacks & bags, having a base of a width of 40cm/more",4816,Paper etc containers
481940,"Sacks & bags (excl. those having a base of a width of 40cm/more), incl. cones",4816,Paper etc containers
481950,"Packing containters of paper/paperboard/cellulose wadding/webs of cellulose fibres (excl. of 4819.10-4819.40), incl. record sleeves",4816,Paper etc containers
481960,"Box files, letter trays, storage boxes & similar articles, of a kind used in offices/shops/the like",4816,Paper etc containers
482010,"Registers, account books, notebooks, order books, receipt books, letter pads, memorandum pads, diaries & similar articles, of paper/paperboard",4818,"Registers, exercise books"
482020,Exercise books of paper/paperboard,4818,"Registers, exercise books"
482030,"Binders (excl. book covers), folders & file covers, of paper/paperboard",4818,"Registers, exercise books"
482040,"Manifold business forms & interleaved carbon sets, of paper/paperboard",4818,"Registers, exercise books"
482050,Albums for samples/collections of paper/paperboard,4818,"Registers, exercise books"
482090,"Blotting-pads, binders (loose-leaf/other),book covers & other articles of stationery, n.e.s., of paper/paperboard",4818,"Registers, exercise books"
482110,"Paper/paperboard labels of all kinds, printed",4819,Paper or paperboard labels
482190,"Paper/paperboard labels of all kinds, not printed",4819,Paper or paperboard labels
482210,"Bobbins, spools, cops & similar supports of paper pulp/paper/paperboard (whether/not perforated/hardened), of a kind used for winding textile yarn",4820,Spools etc of paper etc
482290,"Bobbins, spools, cops & similar supports of paper pulp/paper/paperboard (whether/not perforated/hardened), n.e.s. (excl. of 4822.10)",4820,Spools etc of paper etc
482320,"Filter paper & paperboard, cut to size/shape",4801H,"Other paper etc,bulk,nes"
482340,"Rolls, sheets & dials, printed for self-recording apparatus",4821E,Other articles of paper
482361,"Trays, dishes, plates, cups&the like, of paper/paperboard, of bamboo",4821B,"Paper dishes,cups,etc"
482369," Trays, dishes, plates, cups&the like, of paper/paperboard (excl. of 4823.61)",4821B,"Paper dishes,cups,etc"
482370,Moulded/pressed articles of paper pulp,4821E,Other articles of paper
482390,"Paper, paperboard, cellulose wadding&webs of cellulose fibres, cut to size/shape; other articles of paper pulp, paper, paperboard, cellulose wadding/webs of cellulose fibres, n.e.s. in Ch.48",4821E,Other articles of paper
490110,"Printed books, brochures, leaflets & similar printed matter, in single sheets, whether/not folded",4901,"Printed books, brochures, etc"
490191,"Dictionaries & encyclopaedias, & serial instalments thereof",4901,"Printed books, brochures, etc"
490199,"Printed books, brochures, leaflets & similar printed matter (excl. dictionaries & encyclopaedias, & serial instalments thereof ), other than those in single sheets",4901,"Printed books, brochures, etc"
490210,"Newspapers, journals & periodicals, whether/not illustrated/containing advertising material, appearing at least 4 times a week",4902,"Newspapers, journals and periodicals"
490290,"Newspapers, journals & periodicals, whether/not illustrated/containing advertising material, other than those appearing at least 4 times a week",4902,"Newspapers, journals and periodicals"
490300,Children's picture/drawing/colouring books,4903,Children's picture books
490400,"Music, printed/in manuscript, whether/not bound/illustrated",4904,"Music, printed or in manuscript"
490510,Globes,4905,Maps and similar charts of all kinds
490591,"Maps & hydrographic/similar charts of all kinds, incl. atlases, topographical plans, printed, in book form",4905,Maps and similar charts of all kinds
490599,"Maps & hydrographic/similar charts of all kinds, wall maps, topographical plans & globes, printed, other than in book form",4905,Maps and similar charts of all kinds
490600,"Plans & drawings for architectural, engineering, industrial, commercial, topographical/similar purposes, being originals drawn by hand; hand-written texts; photographic reproductions on sensitised paper & carbon copies of the foregoing",4906,"Plans,etc not printed"
490700,"Unused postage, revenue/similar stamps of current/new issue in the country in which they have,/will have, a recognised face value; stamp-impressed paper; banknotes; cheque forms; stock, share/bond certificates & similar documents of title",4907,"Unused postage, revenue stamps"
490810,"Transfers (decalcomanias), vitrifiable",4908,Decalcomanias
490890,Transfers (decalcomanias) other than vitrifiable transfers,4908,Decalcomanias
490900,"Printed/illustrated postcards; printed cards bearing personal greetings/messages/announcements, whether/not illustrated, with/without envelopes/trimmings",4909,"Picture postcards,greetng-crds"
491000,"Calendars of any kind, printed, incl. calendar blocks",4910,Calendars of any kind
491110,"Trade advertising material, commercial catalogues&the like",4911A,"Trade advertising material,catalogues"
491191,"Pictures, designs & photographs",4911B,Other printed matter
491199,"Printed matter, n.e.s.",4911B,Other printed matter
500100,Silk-worm cocoons suit. for reeling,5001,Silk-worm cocoons
500200,Raw silk (not thrown),5002,Raw silk not thrown
500300,"Silk waste (including cocoons unsuitable for reeling, yarn waste&garneted stock).",5003,"Silk,cocoon waste,etc"
500400,Silk yarn (excl. yarn spun from silk waste) not put up for retail sale,5004,Silk yarn not for retail sale
500500,"Yarn spun from silk waste, not put up for retail sale",5005,Yarn spun from silk waste
500600,"Silk yarn & yarn spun from silk waste, put up for RS; silk-worm gut",5007,Silk yarn and yarn spun from noil
500710,Woven fabrics of noil silk,5009,Woven fabrics of silk
500720,Woven fabrics containing 85%/more by weight of silk/silk waste other than noil silk,5009,Woven fabrics of silk
500790,Woven fabrics of silk/silk waste (excl. of 5007.10 & 5007.20),5009,Woven fabrics of silk
510111,"Wool, not carded/combed, greasy, incl. fleece-washed wool, shorn",5301A,"Wool greasy,fleece-wshed"
510119,"Wool, not carded/combed, greasy, incl. fleece-washed wool, other than shorn",5301A,"Wool greasy,fleece-wshed"
510121,"Wool, not carded/combed, degreased, not carbonised, shorn",5301B,"Wool degreased,uncombed"
510129,"Wool, not carded/combed, degreased, not carbonised, other than shorn",5301B,"Wool degreased,uncombed"
510130,"Wool, not carded/combed, carbonised",5301B,"Wool degreased,uncombed"
510211,"Fine animal hair, not carded/combed, of Kashmir (cashmere) goats",5302A,"Fine animal hair,uncombed"
510219,"Fine animal hair, not carded/combed, other than of Kashmir (cashmere) goats",5302A,"Fine animal hair,uncombed"
510220,"Coarse animal hair, not carded/combed",5302B,Coarse hair nes uncombed
510310,Noils of wool/fine animal hair,5303,"Waste of wool,hair nes -- not pulld or garnettd"
510320,"Waste of wool/of fine animal hair, incl. yarn waste but excl. garnetted stock, other than noils of wool/fine animal hair",5303,"Waste of wool,hair nes -- not pulld or garnettd"
510330,Waste of coarse animal hair,5303,"Waste of wool,hair nes -- not pulld or garnettd"
510400,Garnetted stock of wool/of fine/coarse animal hair,5304,"Waste of wool,hair nes -- pulled or garnetted"
510510,"Wool & fine/coarse animal hair, carded",5305B,Wool or hair combed etc
510521,Combed wool in fragments,5305B,Wool or hair combed etc
510529,Wool tops & other combed wool other than combed wool in fragments,5305A,Wool tops
510531,"Fine animal hair, carded/combed, of Kashmir (cashmere) goats",5305B,Wool or hair combed etc
510539,"Fine animal hair, carded/combed, other than of Kashmire (cashmere) goats",5305B,Wool or hair combed etc
510540,"Coarse animal hair, carded/combed",5305B,Wool or hair combed etc
510610,"Yarn of carded wool, not put up for retail sale, containing 85%/more by weight of wool",5306A,Carded wool yarn in bulk
510620,"Yarn of carded wool, not put up for retail sale, containing <85% by weight of wool",5306B,Carded wool blended yarn
510710,"Yarn of combed wool, not put up for retail sale, containing 85%/more by weight of wool",5307A,Combed wool yarn in bulk
510720,"Yarn of combed wool, not put up for retail sale, containing <85% by weight of wool",5307B,Combed wool blended yarn
510810,"Yarn of fine animal hair, carded, not put up for retail sale",5308,"Yarn of fine animal hair, not for retail sale"
510820,"Yarn of fine animal hair, combed, not put up for retail sale",5308,"Yarn of fine animal hair, not for retail sale"
510910,"Yarn of wool/fine animal hair, put up for RS, containing 85%/more by weight of wool/fine animal hair",5310A,Wool etc yarn at retail
510990,"Yarn of wool/fine animal hair, put up for RS (excl. of 5109.10)",5310B,Wool etc blend yarn retail
511000,"Yarn of coarse animal hair/horsehair (incl. gimped horsehair yarn), whether/not PURS",5309,Yarn of horsehair not for retail sale
511111,"Woven fabrics of carded wool/carded fine animal hair, containing 85%/more by weight of wool/fine animal hair, of a weight not >300g/m2",5311A,"Woven wool,hair nonpile -- of card wool,fine hair"
511119,"Woven fabrics of carded wool/carded fine animal hair, containing 85%/more by weight of wool/fine animal hair (excl. of 5111.11)",5311A,"Woven wool,hair nonpile -- of card wool,fine hair"
511120,"Woven fabrics of carded wool/carded fine animal hair (excl. of 5111.11 & 5111.19), mixed mainly/solely with man-made filaments",5311D,Woven wool etc with fabric nes -- with discontinuous synthetic fibres
511130,"Woven fabrics of carded wool/carded fine animal hair (excl. of 5111.11 & 5111.19), mixed mainly/solely with man-made staple fibres",5311D,Woven wool etc with fabric nes -- with discontinuous synthetic fibres
511190,Woven fabrics of carded wool/carded fine animal hair (excl. of 5111.11-5111.30),5311E,Woven wool etc with fabric nes -- with other textaile fibres nes
511211,"Woven fabrics of combed wool/combed fine animal hair, containing 85%/more by weight of wool/fine animal hair, of a weight not >200g/m2",5311B,"Woven wool,hair nonpile -- of comb wool,fine hair"
511219,"Woven fabrics of combed wool/combed fine animal hair, containing 85%/more by weight of wool/fine animal hair (excl. of 5112.11)",5311B,"Woven wool,hair nonpile -- of comb wool,fine hair"
511220,"Woven fabrics of combed wool/combed fine animal hair (excl. of 5112.11 & 5112.19), mixed mainly/solely with man-made filaments",5311D,Woven wool etc with fabric nes -- with discontinuous synthetic fibres
511230,"Woven fabrics of combed wool/combed fine animal hair (excl. of 5112.11 & 5112.19), mixed mainly/solely with man-made staple fibres",5311D,Woven wool etc with fabric nes -- with discontinuous synthetic fibres
511290,Woven fabrics of combed wool/combed fine animal hair (excl. of 5112.11-5112.30),5311E,Woven wool etc with fabric nes -- with other textaile fibres nes
511300,Woven fabrics of coarse animal hair/horsehair,5312,Woven fabrics of coarse animal hair
520100,"Cotton, not carded/combed",5501,"Cotton, not carded or combed"
520210,"Yarn waste (incl. thread waste), of cotton",5503,"Cotton waste, not carded or combed"
520291,Garnetted stock of cotton,5503,"Cotton waste, not carded or combed"
520299,Cotton waste other than yarn waste (incl. thread waste) & garnetted stock,5503,"Cotton waste, not carded or combed"
520300,"Cotton, carded/combed",5504,"Cotton, carded or combed"
520411,"Cotton sewing thread, not put up for retail sale, containing 85%/more by weight of cotton",5506,Cotton yarn -- put up for retail
520419,"Cotton sewing thread, not put up for retail sale (excl. of 5204.11)",5506,Cotton yarn -- put up for retail
520420,"Cotton sewing thread, put up for RS",5506,Cotton yarn -- put up for retail
520511,"Cotton yarn, single (excl. sewing thread), of uncombed fibres, containing 85%/more by weight of cotton, measuring 714.29dtx./more (not >14 metric number), not put up for retail sale",5505C,Cotton yarn -- over 40 but under 80km/kg
520512,"Cotton yarn, single (excl. sewing thread), of uncombed fibres, containing 85%/more by weight of cotton, measuring <714.29dtx. but not <232.56dtx. (>14 metric number but not >43 metric number), not put up for retail sale",5505C,Cotton yarn -- over 40 but under 80km/kg
520513,"Cotton yarn, single (excl. sewing thread), of uncombed fibres,containing 85%/more by weight of cotton, measuring <232.56dtx. but not <192.31dtx. (>43 metric number but not > 52 metric number), not put up for retail sale",5505C,Cotton yarn -- over 40 but under 80km/kg
520514,"Cotton yarn, single (excl. sewing thread), of uncombed fibres, containing 85%/more by weight of cotton, measuring <192.31dtx. but not <125dtx. (>52 metric number but not >80 metric number), not put up for retail sale",5505C,Cotton yarn -- over 40 but under 80km/kg
520515,"Cotton yarn, single (excl. sewing thread), of uncombed fibres, containing 85%/more by weight of cotton, measuring <125dtx. (>80 metric number), not put up for retail sale",5505C,Cotton yarn -- over 40 but under 80km/kg
520521,"Cotton yarn, single (excl. sewing thread), of combed fibres, containing 85%/more by weight of cotton, measuring 714.29dtx./more (not >14 metric number), not put up for retail sale",5505C,Cotton yarn -- over 40 but under 80km/kg
520522,"Cotton yarn, single (excl. sewing thread), of combed fibres, containing 85%/more by weight of cotton, measuring <714.29dtx. but not <232.56dtx. (>14 metric number but not >43 metric number), not put up for retail sale",5505C,Cotton yarn -- over 40 but under 80km/kg
520523,"Cotton yarn, single (excl. sewing thread), of combed fibres, containing 85%/more by weight of cotton, measuring <232.56dtx. but not <192.31dtx. (>43 metric number but not >52 metric number), not put up for retail sale",5505C,Cotton yarn -- over 40 but under 80km/kg
520524,"Cotton yarn, single (excl. sewing thread), of combed fibres, containing 85%/more by weight of cotton, measuring <192.31dtx. but not <125dtx. (>52 metric number but not >80 metric number), not put up for retail sale",5505C,Cotton yarn -- over 40 but under 80km/kg
520526,"Cotton yarn, single (excl. sewing thread), of combed fibres, containing 85%/more by weight of cotton, measuring <125dtx. but not <106.38dtx. (>80 metric number but not >94 metric number), not put up for retail sale",5505C,Cotton yarn -- over 40 but under 80km/kg
520527,"Cotton yarn, single (excl. sewing thread), of combed fibres, containing 85%/more by weight of cotton, measuring <106.38dtx. but not <83.33dtx. (>94 metric number but not >120 metric number), not put up for retail sale",5505C,Cotton yarn -- over 40 but under 80km/kg
520528,"Cotton yarn, single (excl. sewing thread), of combed fibres, containing 85%/more by weight of cotton, measuring <83.33dtx. (>120 metric number), not put up for retail sale",5505C,Cotton yarn -- over 40 but under 80km/kg
520531,"Cotton yarn, mult./cab. (excl. sewing thread), of uncombed fibres, containing85%/more by weightof cotton, measuring per single yarn 714.29dtx./more(not >14 metric number per single yarn), not put up for retail sale",5505C,Cotton yarn -- over 40 but under 80km/kg
520532,"Cotton yarn, multiple(folded)/cabled . (excl. sewing thread), of uncombed fibres, containing 85%/more by weight of cottonàmeasuring per single yarn <714.29dtx. but not <232.56dtx,(exceeding 14 metric number but not > 43 metric number per single yarn)",5505C,Cotton yarn -- over 40 but under 80km/kg
520533,"Cotton yarn, multiple(folded)/cabled . (excl. sewing thread), of uncombed fibres, containing 85%/more by weight of cottonàmeasuring per single yarn <232.56dtx. but not <192.31dtx,(exceeding 43 metric number but not > 52 metric number per single yarn)",5505C,Cotton yarn -- over 40 but under 80km/kg
520534,"Cotton yarn, multiple(folded)/cabled . (excl. sewing thread), of uncombed fibres, containing 85%/more by weight of cottonàmeasuring per single yarn <192.31dtx. but not <125dtx,(exceeding 52 metric number but not > 80 metric number per single yarn)",5505C,Cotton yarn -- over 40 but under 80km/kg
520535,"Cotton yarn, mult./cab. (excl. sewing thread), of uncombed fibres, containing 85%/more by weight of cotton, measuring per single yarn <125dtx. (>80 metric number per single yarn), not put up for retail sale",5505C,Cotton yarn -- over 40 but under 80km/kg
520541,"Cotton yarn, mult./cab. (excl. sewing thread), of combed fibres, containing85%/more by weight of cotton,measuring per single yarn 714.29dtx./more (not >14 metric number per single yarn), not put up for retail sale",5505C,Cotton yarn -- over 40 but under 80km/kg
520542,"Cotton yarn, multiple(folded)/cabled . (excl. sewing thread), of combed fibres, containing 85%/more by weight of cottonàmeasuring per single yarn <714.29dtx. but not <232.56dtx,(exceeding 14 metric number but not > 43 metric number per single yarn)",5505C,Cotton yarn -- over 40 but under 80km/kg
520543,"Cotton yarn, multiple(folded)/cabled . (excl. sewing thread), of combed fibres, containing 85%/more by weight of cottonàmeasuring per single yarn <232.56dtx. but not <192.31dtx,(exceeding 43 metric number but not > 52 metric number per single yarn)",5505C,Cotton yarn -- over 40 but under 80km/kg
520544,"Cotton yarn, multiple(folded)/cabled . (excl. sewing thread), of combed fibres, containing 85%/more by weight of cottonàmeasuring per single yarn <192.31dtx. but not <125dtx,(exceeding 52 metric number but not > 80 metric number per single yarn)",5505C,Cotton yarn -- over 40 but under 80km/kg
520546,"Cotton yarn, multiple(folded)/cabled . (excl. sewing thread), of combed fibres, containing 85%/more by weight of cottonàmeasuring per single yarn <125dtx. but not <106.38dtx,(exceeding 80 metric number but not > 94 metric number per single yarn)",5505C,Cotton yarn -- over 40 but under 80km/kg
520547,"Cotton yarn, multiple(folded)/cabled . (excl. sewing thread), of combed fibres, containing 85%/more by weight of cottonàmeasuring per single yarn <106.38dtx. but not <83.33dtx,(exceeding 94 metric number but not > 120 metric number per single yarn)",5505C,Cotton yarn -- over 40 but under 80km/kg
520548,"Cotton yarn, mult./cab. (excl. sewing thread), of combed fibres, containing 85%/more by weight of cotton, measuring per single yarn <83.33dtx. (>20 metric number per single yarn), not put up for retail sale",5505C,Cotton yarn -- over 40 but under 80km/kg
520611,"Cotton yarn, single (excl. sewing thread), of uncombed fibres, containing <85% by weight of cotton, measuring 714.29dtx./more (not >14 metric number), not put up for retail sale",5505D,Cotton yarn -- 80 km/kg or more
520612,"Cotton yarn, single (excl. sewing thread), of uncombed fibres, containing <85% by weight of cotton, measuring <714.29dtx. but not <232.56dtx. (>14 metric number but not >43 metric number), not put up for retail sale",5505D,Cotton yarn -- 80 km/kg or more
520613,"Cotton yarn, single (excl. sewing thread), of uncombed fibres, containing <85% by weight of cotton, measuring <232.56dtx. but not <192.31dtx. (>43 metric number but not >52 metric number), not put up for retail sale",5505D,Cotton yarn -- 80 km/kg or more
520614,"Cotton yarn, single (excl. sewing thread), of uncombed fibres, containing <85% by weight of cotton, measuring <192.31dtx. but not <125dtx. (>52 metric number but not >80 metric number), not put up for retail sale",5505D,Cotton yarn -- 80 km/kg or more
520615,"Cotton yarn, single (excl. sewing thread), of uncombed fibres, containing <85% by weight of cotton, measuring <125dtx. (>80 metric number), not put up for retail sale",5505D,Cotton yarn -- 80 km/kg or more
520621,"Cotton yarn, single (excl. sewing thread), of combed fibres, containing <85% by weight of cotton, measuring 714.29dtx./more (not >14 metric number), not put up for retail sale",5505D,Cotton yarn -- 80 km/kg or more
520622,"Cotton yarn, single (excl. sewing thread), of combed fibres, containing <85% by weight of cotton, measuring <714.29dtx. but not <232.56dtx. (>14 metric number but not >43 metric number), not put up for retail sale",5505D,Cotton yarn -- 80 km/kg or more
520623,"Cotton yarn, single (excl. sewing thread), of combed fibres, containing <85% by weight of cotton, measuring <232.56dtx. but <192.31dtx. (>43 metric number but not >52 metric number), not put up for retail sale",5505D,Cotton yarn -- 80 km/kg or more
520624,"Cotton yarn, single (excl. sewing thread), of combed fibres, containing <85% by weight of cotton, measuring <192.31dtx. but not <125dtx. (>52 metric number but not >80 metric number), not put up for retail sale",5505D,Cotton yarn -- 80 km/kg or more
520625,"Cotton yarn, single (excl. sewing thread), of combed fibres, containing <85% by weight of cotton, measuring <125dtx. (>80 metric number), not put up for retail sale",5505D,Cotton yarn -- 80 km/kg or more
520631,"Cotton yarn, mult./cab. (excl. sewing thread), of uncombed fibres, containing <85% by weight of cotton, measuring per single yarn 714.29dtx./more (not >14 metric number per single yarn), not put up for retail sale",5505D,Cotton yarn -- 80 km/kg or more
520632,"Cotton yarn, multiple(folded)/cabled . (excl. sewing thread), of uncombed fibres, containing less than 85%/ by weight of cottonàmeasuring per single yarn <714.29dtx. but not <232.56dtx,(exceeding 14 metric number but not > 43 metric number per single yar",5505D,Cotton yarn -- 80 km/kg or more
520633,"Cotton yarn, multiple(folded)/cabled . (excl. sewing thread), of uncombed fibres, containing less than 85%/ by weight of cottonàmeasuring per single yarn <232.56dtx. but not <192.31dtx,(exceeding 43 metric number but not > 52 metric number per single yar",5505D,Cotton yarn -- 80 km/kg or more
520634,"Cotton yarn, multiple(folded)/cabled . (excl. sewing thread), of uncombed fibres, containing less than 85%/ by weight of cottonàmeasuring per single yarn <192.31dtx. but not <125dtx,(exceeding 52 metric number but not > 80 metric number per single yarn)",5505D,Cotton yarn -- 80 km/kg or more
520635,"Cotton yarn, mult./cab. (excl. sewing thread), of uncombed fibres, containing <85% by weight of cotton, measuring per single yarn <125dtx. (>80 metric number per single yarn), not put up for retail sale",5505D,Cotton yarn -- 80 km/kg or more
520641,"Cotton yarn, mult./cab. (excl. sewing thread), of combed fibres, containing <85% by weight of cotton, measuring per single yarn 714.29dtx./more (not >14 metric number per single yarn), not put up for retail sale",5505D,Cotton yarn -- 80 km/kg or more
520642,"Cotton yarn, multiple(folded)/cabled . (excl. sewing thread), of combed fibres, containing less than 85%/ by weight of cottonàmeasuring per single yarn <714.29dtx. but not <232.56dtx,(exceeding 14 metric number but not > 43 metric number per single yarn)",5505D,Cotton yarn -- 80 km/kg or more
520643,"Cotton yarn, multiple(folded)/cabled . (excl. sewing thread), of combed fibres, containing less than 85%/ by weight of cottonàmeasuring per single yarn <232.56dtx. but not <192.31dtx,(exceeding 43 metric number but not > 52 metric number per single yarn)",5505D,Cotton yarn -- 80 km/kg or more
520644,"Cotton yarn, multiple(folded)/cabled . (excl. sewing thread), of combed fibres, containing less than 85%/ by weight of cottonàmeasuring per single yarn <192.31dtx. but not <125dtx,(exceeding 52 metric number but not > 80 metric number per single yarn)",5505D,Cotton yarn -- 80 km/kg or more
520645,"Cotton yarn, mult./cab. (excl. sewing thread), of combed fibres, containing <85% by weight of cotton, measuring per single yarn <125dtx. (80 metric number per single yarn), not put up for retail sale",5505D,Cotton yarn -- 80 km/kg or more
520710,"Cotton yarn (excl. sewing thread) containing 85%/more by weight of cotton, put up for RS",5505A,Cotton yarn -- 14 km/kg or less
520790,"Cotton yarn (excl. sewing thread) containing <85% by weight of cotton, put up for RS",5505B,Cotton yarn -- between 14 and 40 km/kg
520811,"Woven fabrics of cotton, unbleached, containing 85%/more by weight of cotton, plain weave, weighing not >100g/m2",5509A,Grey woven cotton nes
520812,"Woven fabrics of cotton, unbleached, containing 85%/more by weight of cotton, plain weave, weighing >100g/m2",5509A,Grey woven cotton nes
520813,"Woven fabrics of cotton, unbleached, containing 85%/more by weight of cotton, 3-/4-thread twill, incl. cross twill, weighing not >200g/m2",5509A,Grey woven cotton nes
520819,"Woven fabrics of cotton (excl. of 5208.11-5208.13), unbleached, containing 85%/more by weight of cotton, weighing not >200g/m2",5509A,Grey woven cotton nes
520821,"Woven fabrics of cotton, containing 85%/more by weight of cotton, bleached, plain weave, weighing not >100g/m2",5509B,Bleached cotton fabric nes
520822,"Woven fabrics of cotton, containing 85%/more by weight of cotton, bleached, plain weave, weighing >100g/m2",5509B,Bleached cotton fabric nes
520823,"Woven fabrics of cotton, containing 85%/more by weight of cotton, bleached, 3-/4-thread twill, incl. cross twill, weighing not >200g/m2",5509B,Bleached cotton fabric nes
520829,"Woven fabrics of cotton (excl. of 5208.21-5208.23), containing 85%/more by weight of cotton, bleached, weighing not >200g/m2",5509B,Bleached cotton fabric nes
520831,"Woven fabrics of cotton, containing 85%/more by weight of cotton, dyed, plain weave, weighing not >100g/m2",5509B,Bleached cotton fabric nes
520832,"Woven fabrics of cotton, containing 85%/more by weight of cotton, dyed, plain weave, weighing >100g/m2",5509B,Bleached cotton fabric nes
520833,"Woven fabrics of cotton, containing 85%/more by weight of cotton, dyed, 3-/4-thread twill, incl. cross twill, weighing not >200g/m2",5509B,Bleached cotton fabric nes
520839,"Woven fabrics of cotton (excl. of 5208.31-5208.33), containing 85%/more by weight of cotton, dyed, weighing not >200g/m2",5509B,Bleached cotton fabric nes
520841,"Woven fabrics of cotton, containing 85%/more by weight of cotton, of yarns of different colours, plain weave, weighing not >100g/m2",5509B,Bleached cotton fabric nes
520842,"Woven fabrics of cotton, containing 85%/more by weight of cotton, of yarns of different colours, plain weave, weighing >100g/m2",5509B,Bleached cotton fabric nes
520843,"Woven fabrics of cotton, containing 85%/more by weight of cotton, of yarns of different colours, 3-/4-thread twill, incl. cross twill, weighing not >200g/m2",5509B,Bleached cotton fabric nes
520849,"Woven fabrics of cotton (excl. of 5208.41-5208.43), containing 85%/more by weight of cotton, of yarns of different colours, weighing not >200g/m2",5509B,Bleached cotton fabric nes
520851,"Woven fabrics of cotton, containing 85%/more by weight of cotton, printed, plain weave, weighing not >100g/m2",5509B,Bleached cotton fabric nes
520852,"Woven fabrics of cotton, containing 85%/more by weight of cotton, printed, plain weave, weighing >100g/m2",5509B,Bleached cotton fabric nes
520859," Woven fabrics of cotton, containing 85%/more by weight of cotton, printed, weighing not>200 g/m¦",5509B,Bleached cotton fabric nes
520911,"Woven fabrics of cotton, containing 85%/more by weight of cotton, unbleached, plain weave, weighing >200g/m2",5509A,Grey woven cotton nes
520912,"Woven fabrics of cotton, containing 85%/more by weight of cotton, unbleached, 3-/4-thread twill, incl. cross twill, weighing >200g/m2",5509A,Grey woven cotton nes
520919,"Woven fabrics of cotton (excl. of 5209.11 & 5209.12), containing 85%/more by weight of cotton, unbleached, weighing >200g/m2",5509A,Grey woven cotton nes
520921,"Woven fabrics of cotton, containing 85%/more by weight of cotton, bleached, plain weave, weighing >200g/m2",5509B,Bleached cotton fabric nes
520922,"Woven fabrics of cotton, containing 85%/more by weight of cotton, bleached, 3-/4-thread twill, incl. cross twill, weighing >200g/m2",5509B,Bleached cotton fabric nes
520929,"Woven fabrics of cotton (excl. of 5209.21 & 5209.22), containing 85%/more by weight of cotton, bleached, weighing >200g/m2",5509B,Bleached cotton fabric nes
520931,"Woven fabrics of cotton, containing 85%/more by weight of cotton, dyed, plain weave, weighing >200g/m2",5509B,Bleached cotton fabric nes
520932,"Woven fabrics of cotton, containing 85%/more by weight of cotton, dyed, 3-/4-thread twill, incl. cross twill, weighing >200g/m2",5509B,Bleached cotton fabric nes
520939,"Woven fabrics of cotton (excl. of 5209.31 & 5209.32), containing 85%/more by weight of cotton, dyed, weighing >200g/m2",5509B,Bleached cotton fabric nes
520941,"Woven fabrics of cotton, containing 85%/more by weight of cotton, of yarns of different colours, plain weave, weighing >200g/m2",5509B,Bleached cotton fabric nes
520942,"Woven fabrics of cotton, containing 85%/more by weight of cotton, denim, weighing >200g/m2",5509B,Bleached cotton fabric nes
520943,"Woven fabrics of cotton, containing 85%/more by weight of cotton, of yarns of different colours, 3-/4-thread twill, incl. cross twill, weighing >200g/m2",5509B,Bleached cotton fabric nes
520949,"Woven fabrics of cotton (excl. of 5209.41-5209.43), containing 85%/more by weight of cotton, of yarns of different colours, weighing >200g/m2",5509B,Bleached cotton fabric nes
520951,"Woven fabrics of cotton, containing 85%/more by weight of cotton, printed, plain weave, weighing >200g/m2",5509B,Bleached cotton fabric nes
520952,"Woven fabrics of cotton, containing 85%/more by weight of cotton, printed, 3-/4-thread twill, incl. cross twill, weighing >200g/m2",5509B,Bleached cotton fabric nes
520959,"Woven fabrics of cotton (excl. of 5209.51 & 5209.52), containing 85%/more by weight of cotton, printed, weighing >200g/m2",5509B,Bleached cotton fabric nes
521011,"Woven fabrics of cotton, containing <85% by weight of cotton, mixed mainly/solely with man-made fibres, unbleached, plain weave, weighing not >200g/m2",5509C,Grey woven cotton blend nes
521019,"Woven fabrics of cotton(excl. of 5210.11), containing <85% by weight of cotton, mixed mainly/solely with man-made fibres, unbleached, plain weave, weighing not >200g/m¦",5509C,Grey woven cotton blend nes
521021,"Woven fabrics of cotton, containing <85% by weight of cotton, mixed mainly/solely with man-made fibres, bleached, plain weave, weighing not >200g/m2",5509D,Bleached cotton blend fabrics nes
521029,"Woven fabrics of cotton(excl. of 5210.21), containing <85% by weight of cotton, mixed mainly/solely with man-made fibres, bleached, plain weave, weighing not >200g/m¦",5509D,Bleached cotton blend fabrics nes
521031,"Woven fabrics of cotton, containing <85% by weight of cotton, mixed mainly/solely with man-made fibres, dyed, plain weave, weighing not >200g/m2",5509D,Bleached cotton blend fabrics nes
521032,"Woven fabrics of cotton, containing <85% by weight of cotton, mixed mainly/solely with man-made fibres, dyed, 3-/4-thread twill, incl. cross twill, weighing not >200g/m2",5509D,Bleached cotton blend fabrics nes
521039,"Woven fabrics of cotton (excl. of 5210.31 & 5210.32), containing <85% by weight of cotton, mixed mainly/solely with man-made fibres, dyed, weighing not >200g/m2",5509D,Bleached cotton blend fabrics nes
521041,"Woven fabrics of cotton, containing <85% by weight of cotton, mixed mainly/solely with man-made fibres, of yarns of different colours, plain weave, weighing not >200g/m2",5509D,Bleached cotton blend fabrics nes
521049,"Woven fabrics of cotton(excl. of 5210.41), containing <85% by weight of cotton, mixed mainly/solely with man-made fibres, of yarns of different colours, plain weave, weighing not >200g/m¦",5509D,Bleached cotton blend fabrics nes
521051,"Woven fabrics of cotton, containing <85% by weight of cotton, mixed mainly/solely with man-made fibres, printed, plain weave, weighing not >200g/m2",5509D,Bleached cotton blend fabrics nes
521059,"Woven fabrics of cotton(excl. of 5210.51), containing <85% by weight of cotton, mixed mainly/solely with man-made fibres, printed, plain weave, weighing not >200g/m¦",5509D,Bleached cotton blend fabrics nes
521111,"Woven fabrics of cotton, containing <85% by weight of cotton, mixed mainly/solely with man-made fibres, unbleached, plain weave, weighing >200g/m2",5509C,Grey woven cotton blend nes
521112,"Woven fabrics of cotton, containing <85% by weight of cotton, mixed mainly/solely with man-made fibres, unbleached, 3-/4-thread twill, incl. cross twill, weighing >200g/m2",5509C,Grey woven cotton blend nes
521119,"Woven fabrics of cotton (excl. of 5211.11 & 5211.12), containing <85% by weight of cotton, mixed mainly/solely with man-made fibres, unbleached, weighing >200g/m2",5509C,Grey woven cotton blend nes
521120,"Woven fabrics of cotton, containing <85% by weight of cotton, mixed mainly/solely with man-made fibres, bleached, weighing >200g/m¦",5509D,Bleached cotton blend fabrics nes
521131,"Woven fabrics of cotton, containing <85% by weight of cotton, mixed mainly/solely with man-made fibres, dyed, plain weave, weighing >200g/m2",5509D,Bleached cotton blend fabrics nes
521132,"Woven fabrics of cotton, containing <85% by weight of cotton, mixed mainly/solely with man-made fibres, dyed, 3-/4-thread twill, incl. cross twill, weighing >200g/m2",5509D,Bleached cotton blend fabrics nes
521139,"Woven fabrics of cotton (excl. of 5211.31 & 5211.32), containing <85% by weight of cotton, mixed mainly/solely with man-made fibres, dyed, weighing >200g/m2",5509D,Bleached cotton blend fabrics nes
521141,"Woven fabrics of cotton, containing <85% by weight of cotton, mixed mainly/solely with man-made fibres, of yarns of different colours, plain weave, weighing >200g/m2",5509D,Bleached cotton blend fabrics nes
521142,"Woven fabrics of cotton, containing <85% by weight of cotton, mixed mainly/solely with man-made fibres, denim, weighing >200g/m2",5509D,Bleached cotton blend fabrics nes
521143,"Woven fabrics of cotton, containing <85% by weight of cotton, mixed mainly/solely with man-made fibres, of yarns of different colours, 3-/4-thread twill, incl. cross twill, weighing >200g/m2",5509D,Bleached cotton blend fabrics nes
521149,"Woven fabrics of cotton (excl. of 5211.41-5211.43), containing <85% by weight of cotton, mixed mainly/solely with man-made fibres, of yarns of different colours, weighing >200g/m2",5509D,Bleached cotton blend fabrics nes
521151,"Woven fabrics of cotton, containing <85% by weight of cotton, mixed mainly/solely with man-made fibres, printed, plain weave, weighing >200g/m2",5509D,Bleached cotton blend fabrics nes
521152,"Woven fabrics of cotton, containing <85% by weight of cotton, mixed mainly/solely with man-made fibres, printed, 3-/4-thread twill, incl. cross twill, weighing >200g/m2",5509D,Bleached cotton blend fabrics nes
521159,"Woven fabrics of cotton (excl. of 5211.51 & 5211.52), containing <85% by weight of cotton, mixed mainly/solely with man-made fibres, printed, weighing >200g/m2",5509D,Bleached cotton blend fabrics nes
521211,"Woven fabrics of cotton (excl. of 52.08-52.11), bleached, weighing not >200 g/m2",5509C,Grey woven cotton blend nes
521212,"Woven fabrics of cotton (excl. of 52.08-52.11), unbleached, weighing not >200 g/m2",5509D,Bleached cotton blend fabrics nes
521213,"Woven fabrics of cotton (excl. of 52.08-52.11), dyed, weighing not >200 g/m2",5509D,Bleached cotton blend fabrics nes
521214,"Woven fabrics of cotton (excl. of 52.08-52.11), of yarns of different colours, weighing not >200 g/m2",5509D,Bleached cotton blend fabrics nes
521215,"Woven fabrics of cotton (excl. of 52.08-52.11), printed, weighing not >200 g/m2",5509D,Bleached cotton blend fabrics nes
521221,"Woven fabrics of cotton (excl. of 52.08-52.11), unbleached, weighing >200 g/m2",5509C,Grey woven cotton blend nes
521222,"Woven fabrics of cotton (excl. of 52.08-52.11), bleached, weighing >200 g/m2",5509D,Bleached cotton blend fabrics nes
521223,"Woven fabrics of cotton (excl. of 52.08-52.11), dyed, weighing >200 g/m2",5509D,Bleached cotton blend fabrics nes
521224,"Woven fabrics of cotton (excl. of 52.08-52.11), of yarns of different colours, weighing >200 g/m2",5509D,Bleached cotton blend fabrics nes
521225,"Woven fabrics of cotton (excl. of 52.08-52.11), printed, weighing >200 g/m2",5509D,Bleached cotton blend fabrics nes
530110,"Flax, raw/retted",5401A,"Flax,raw or retted"
530121,"Flax, broken/scutched",5401B,"Flax,broken,scutched etc"
530129,"Flax, hackled/othw. processed (excl. of 5301.21) but not spun",5401B,"Flax,broken,scutched etc"
530130,Flax tow & waste,5401C,"Flax tow,waste,etc"
530210,"True hemp (Cannabis sativa L.), raw/retted",5701,"True hemp,tow,waste,etc"
530290,"True hemp (Cannabis sativa L.), processed but not spun (excl. of 5302.10); tow & waste of true hemp (incl. yarn waste & garnetted stock)",5701,"True hemp,tow,waste,etc"
530310,"Jute & other textile bast fibres, raw/retted",5703,"Jute, & other textile bast fibres n.e.s."
530390,"Jute & other textile bast fibres (excl. flax, true hemp & ramie), raw/processed but not spun (excl. of 5303.10); tow & waste of these fibres (incl. yarn waste & garnetted stock)",5703,"Jute, & other textile bast fibres n.e.s."
530500,"Coconut, abaca (Manila hemp/Musa textilis Nee), ramie&other vegetable textile fibres, not elsewhere specified/incld., raw/processed but not spun; tow, noils&waste of these fibres (including yarn waste&garnetted stock).",5704A,"Sisal,agave fibres,waste"
530610,"Flax yarn, single",5403,"Flax or ramie yarn, not for retail sale"
530620,"Flax yarn, mult./cab.",5403,"Flax or ramie yarn, not for retail sale"
530710,"Yarn of jute/of other textile bast fibres of 53.03, single",5403,"Flax or ramie yarn, not for retail sale"
530720,"Yarn of jute/of other textile bast fibres of 53.03, mult./cab.",5403,"Flax or ramie yarn, not for retail sale"
530810,Coir yarn,5707,Yarn of other vegetable textile fibres
530820,True hemp yarn,5707,Yarn of other vegetable textile fibres
530890,Yarn of vegetable textile fibres other than coir & true hemp; paper yarn,5707,Yarn of other vegetable textile fibres
530911,"Woven fabrics of flax, containing 85%/more by weight of flax, unbleached/bleached",5405,Woven fabrics of flax or of ramie
530919,"Woven fabrics of flax (excl. of 5309.11), containing 85%/more by weight of flax",5405,Woven fabrics of flax or of ramie
530921,"Woven fabrics of flax, containing< 85% by weight of flax, unbleached/bleached",5405,Woven fabrics of flax or of ramie
530929,"Woven fabrics of flax (excl. of 5309.21), containing <85% by weight of flax",5405,Woven fabrics of flax or of ramie
531010,"Woven fabrics of jute/other textile bast fibres of 53.03, unbleached",5710,Weaves of jute and other bast fibres of cccn 5703
531090,"Woven fabrics of jute/other textile bast fibres of 53.03, other than unbleached",5710,Weaves of jute and other bast fibres of cccn 5703
531100,Woven fabrics of vegetable textile fibres n.e.s. in 53.09 & 5310; woven fabrics of paper yarn,5711,Woven fabrics of other textile fibres
540110,"Sewing thread of man-made filaments, whether/not put up for RS, of synthetic filaments",5101A,"Synthetic fibre yarn,bulk,monofil --textured,continuous polyamide"
540120,"Sewing thread of man-made filaments, whether/not put up for RS, of artificial filaments",5101H,Continuous viscose rayon yarn
540211,"High tenacity yarn other than textured yarn/sewing thread, of aramids, not put up for retail sale",5101B,"Synthetic fibre yarn,bulk,monofil --non-textured etc continuous polyamide"
540219,"High tenacity yarn other than textured yarn/sewing thread, of nylon/other polyamides (excl. of 5402.11), not put up for retail sale",5101B,"Synthetic fibre yarn,bulk,monofil --non-textured etc continuous polyamide"
540220,"High tenacity yarn other than textured yarn/sewing thread, of polyesters, not put up for retail sale",5101B,"Synthetic fibre yarn,bulk,monofil --non-textured etc continuous polyamide"
540231,"Textured yarn other than sewing thread, of nylon/other polyamides, measuring per single yarn not >50dtx., not put up for retail sale",5101A,"Synthetic fibre yarn,bulk,monofil --textured,continuous polyamide"
540232,"Textured yarn other than sewing thread, of nylon/other polyamides, measuring per single yarn >50dtx., not put up for retail sale",5101A,"Synthetic fibre yarn,bulk,monofil --textured,continuous polyamide"
540233,"Textured yarn other than sewing thread, of polyesters, not put up for retail sale",5101D,"Synthetic fibre yarn,bulk,monofil --textured,continuous polyester"
540234,"Textured yarn other than sewing thread, of polypropylene, not put up for retail sale",5101G,"Synthetic fibre yarn,bulk,monofil --of other continuous yarn fibre"
540239,"Textured yarn other than sewing thread (excl. of 5402.31-5402.34), not put up for retail sale",5101G,"Synthetic fibre yarn,bulk,monofil --of other continuous yarn fibre"
540244,"Yarn other than high tenacity/textured yarn (excl. sewing thread), single/untwisted/with a twist not >50 turns per metre, elastomeric, not put up for retail sale",5101B,"Synthetic fibre yarn,bulk,monofil --non-textured etc continuous polyamide"
540245,"Yarn other than high tenacity/textured yarn (excl. sewing thread), single/untwisted/with a twist not >50 turns per metre, of nylon/other polyamides, not put up for retail sale",5101B,"Synthetic fibre yarn,bulk,monofil --non-textured etc continuous polyamide"
540246,"Yarn other than high tenacity/textured yarn (excl. sewing thread), single/untwisted/with a twist not >50 turns per metre, of polyesters, partially oriented, not put up for retail sale",5101B,"Synthetic fibre yarn,bulk,monofil --non-textured etc continuous polyamide"
540247,"Yarn other than high tenacity/textured yarn (excl. sewing thread; excl. of 5412.46), single/untwisted/with a twist not >50 turns per metre, of polyesters, not put up for retail sale",5101B,"Synthetic fibre yarn,bulk,monofil --non-textured etc continuous polyamide"
540248,"Yarn other than high tenacity/textured yarn (excl. sewing thread), single/untwisted/with a twist not >50 turns per metre, of polypropylene, not put up for retail sale",5101B,"Synthetic fibre yarn,bulk,monofil --non-textured etc continuous polyamide"
540249,"Yarn other than high tenacity/textured yarn (excl. sewing thread,excl .of 5402.44-5412.48), single/untwisted/with a twist not >50 turns per metre, not put up for retail sale",5101B,"Synthetic fibre yarn,bulk,monofil --non-textured etc continuous polyamide"
540251,"Yarn other than sewing thread (excl. of 5402.10-5402.49), single, with a twist >50 turns per metre, of nylon/other polyamides, not put up for retail sale",5101C,"Synthetic fibre yarn,bulk,monofil --other non-textured continuous polyamid"
540252,"Yarn other than sewing thread (excl. of 5402.10-5402.51), single, with a twist >50 turns per metre, of polyesters, not put up for retail sale",5101C,"Synthetic fibre yarn,bulk,monofil --other non-textured continuous polyamid"
540259,"Synthetic filament yarn other than sewing thread (excl. of 5402.10-5402.52), single, with a twist >50 turns per metre, n.e.s., not put up for retail sale",5101C,"Synthetic fibre yarn,bulk,monofil --other non-textured continuous polyamid"
540261,"Yarn other than sewing thread, mult./cab., of nylon/other polyamides, not put up for retail sale",5101B,"Synthetic fibre yarn,bulk,monofil --non-textured etc continuous polyamide"
540262,"Yarn other than sewing thread, mult./cab., of polyesters, not put up for retail sale",5101B,"Synthetic fibre yarn,bulk,monofil --non-textured etc continuous polyamide"
540269,"Synthetic filament yarn other than sewing thread (excl. of 5402.61 & 5402.62), mult./cab., not put up for retail sale",5101B,"Synthetic fibre yarn,bulk,monofil --non-textured etc continuous polyamide"
540310,"High tenacity yarn other than sewing thread, of viscose rayon, not put up for retail sale",5101J,Oth continuous regenerated fibre yarn
540331,"Artificial filament yarn (other than sewing thread,excl. of 5403.10), single, of viscose rayon, untwisted/with a twist not >120 turns per metre, incl. artificial monofilament of <67dtx., not put up for retail sale",5101H,Continuous viscose rayon yarn
540332,"Artificial filament yarn (other than sewing thread,excl. of 5403.10), single, of viscose rayon, untwisted/with a twist >120 turns per metre, incl. artificial monofilament of <67dtx., not put up for retail sale",5101H,Continuous viscose rayon yarn
540333,"Artificial filament yarn (other than sewing thread,excl. of 5403.10), single, of cellulose acetate, incl. artificial monofilament of <67dtx., not put up for retail sale",5101H,Continuous viscose rayon yarn
540339,"Artificial filament yarn (other than sewing thread,excl. of 5403.10,5403.31-5403.33), single, incl. artificial monofilament of <67dtx., not put up for retail sale",5101H,Continuous viscose rayon yarn
540341,"Artificial filament yarn (other than sewing thread,excl. of 5403.10), mult./cab., of viscose rayon, incl. artificial monofilament of <67dtx., not put up for retail sale",5101H,Continuous viscose rayon yarn
540342,"Artificial filament yarn (other than sewing thread,excl. of 5403.10), mult./cab., of cellulose acetate, incl. artificial monofilament of <67dtx., not put up for retail sale",5101H,Continuous viscose rayon yarn
540349,"Artificial filament yarn (other than sewing thread,excl. of 5403.10, 5403.41&5403.42), mult./cab., of cellulose acetate, incl. artificial monofilament of <67dtx., not put up for retail sale",5101H,Continuous viscose rayon yarn
540411,"Synthetic monofilament of 67dtx./more & of which no cross-sectional dim. exceeds 1mm, elastomeric",5102A,Synthetic fibre monofil etc
540412,"Synthetic monofilament, of polypropylene, of 67 decitex/more & of which no cross-sectional dimension exceeds 1 mm; strip & the like (eg. artificial straw) of synthetic textile materials of an apparent width not > 5 mm; other than elastomeric.",5102A,Synthetic fibre monofil etc
540419,"Synthetic monofilament, other than of polypropylene/elastomeric, of 67 decitex/more & of which no cross-sectional dimension exceeds 1 mm; strip & the like (eg. artificial straw) of synthetic textile materials of an apparent width not > 5 mm.",5102A,Synthetic fibre monofil etc
540490,"Strip & the like (e.g., artificial straw) of synthetic textile materials of an apparent width not >5mm,n.e.s",5102A,Synthetic fibre monofil etc
540500,"Artificial monofilament of 67dtx./more & of which no cross-sectional dim. exceeds 1mm; strip & the like (e.g., artificial straw) of artificial textile materials of an apparent width not >5mm",5102B,Regen fibre monofil etc
540600,"Man-made filament yarn (other than sewing thread), put up for retail sale.",5103A,Yarn of 6514 for retail -- of continuous fibres
540710,Woven fabrics obt. from high tenacity yarn of nylon/other polyamides/polyesters,5104B,Continuous synthetic textaile fabric nes
540720,Woven fabrics obt. from strip/the like,5104B,Continuous synthetic textaile fabric nes
540730,Woven fabrics of synthetic filament yarn as spec. in Note 9 to Section XI,5104B,Continuous synthetic textaile fabric nes
540741,"Woven fabrics (excl. of 5407.10-5407.30), containing 85%/more by weight of filaments of nylon/other polyamides, unbleached/bleached",5104B,Continuous synthetic textaile fabric nes
540742,"Woven fabrics (excl. of 5407.10-5407.30), containing 85%/more by weight of filaments of nylon/other polyamides, dyed",5104B,Continuous synthetic textaile fabric nes
540743,"Woven fabrics (excl. of 5407.10-5407.30), containing 85%/more by weight of filaments of nylon/other polyamides, of yarns of different colours",5104B,Continuous synthetic textaile fabric nes
540744,"Woven fabrics (excl. of 5407.10-5407.30), containing 85%/more by weight of filaments of nylon/other polyamides, printed",5104B,Continuous synthetic textaile fabric nes
540751,"Woven fabrics (excl. of 5407.10-5407.30), containing 85%/more by weight of textured polyester filaments, bleached/unbleached",5104B,Continuous synthetic textaile fabric nes
540752,"Woven fabrics (excl. of 5407.10-5407.30), containing 85%/more by weight of textured polyester filaments, dyed",5104B,Continuous synthetic textaile fabric nes
540753,"Woven fabrics (excl. of 5407.10-5407.30), containing 85%/more by weight of textured polyester filaments, of yarns of different colours",5104B,Continuous synthetic textaile fabric nes
540754,"Woven fabrics (excl. of 5407.10-5407.30), containing 85%/more by weight of textured polyester filaments, printed",5104B,Continuous synthetic textaile fabric nes
540761,"Woven fabrics (excl. of 5407.10-5407.30), containing 85%/more by weight of non-textured polyester filaments",5104B,Continuous synthetic textaile fabric nes
540769,"Woven fabrics (excl. of 5407.10-5407.30), containing 85%/more by weight of polyester filaments other than non-textured filaments",5104B,Continuous synthetic textaile fabric nes
540771,"Woven fabrics (excl. of 5407.10-5407.30), containing 85%/more by weight of synthetic filaments, unbleached/bleached",5104B,Continuous synthetic textaile fabric nes
540772,"Woven fabrics (excl. of 5407.10-5407.30), containing 85%/more by weight of synthetic filaments, dyed",5104B,Continuous synthetic textaile fabric nes
540773,"Woven fabrics (excl. of 5407.10-5407.30), containing 85%/more by weight of synthetic filaments, of yarns of different colours",5104B,Continuous synthetic textaile fabric nes
540774,"Woven fabrics (excl. of 5407.10-5407.30), containing 85%/more by weight of synthetic filaments, printed",5104B,Continuous synthetic textaile fabric nes
540781,"Woven fabrics (excl. of 5407.10-5407.30), containing <85% by weight of synthetic filaments, mixed mainly/solely with cotton, unbleached/bleached",5104A,Continuous synthetic tyre cord fabric
540782,"Woven fabrics (excl. of 5407.10-5407.30), containing <85% by weight of synthetic filaments, mixed mainly/solely with cotton, dyed",5104A,Continuous synthetic tyre cord fabric
540783,"Woven fabrics (excl. of 5407.10-5407.30), containing <85% by weight of synthetic filaments, mixed mainly/solely with cotton, of yarns of different colours",5104A,Continuous synthetic tyre cord fabric
540784,"Woven fabrics (excl. of 5407.10-5407.30), containing <85% by weight of synthetic filaments, mixed mainly/solely with cotton, printed",5104A,Continuous synthetic tyre cord fabric
540791,"Woven fabrics of synthetic filament yarn (excl. of 5407.10-5407.84), incl. woven fabrics obt. from materials of 54.04, bleached/unbleached",5104A,Continuous synthetic tyre cord fabric
540792,"Woven fabrics of synthetic filament yarn (excl. of 5407.10-5407.84), incl. woven fabrics obt. from materials of 54.04, dyed",5104A,Continuous synthetic tyre cord fabric
540793,"Woven fabrics of synthetic filament yarn (excl. of 5407.10-5407.84), incl. woven fabrics obt. from materials of 54.04, of yarns of different colours",5104A,Continuous synthetic tyre cord fabric
540794,"Woven fabrics of synthetic filament yarn (excl. of 5407.10-5407.84), incl. woven fabrics obt. from materials of 54.04, printed",5104A,Continuous synthetic tyre cord fabric
540810,Woven fabrics obt. from high tenacity yarn of viscose rayon,5104E,Continuous regnerated textaile fabric nes
540821,"Woven fabrics (excl. of 5408.10), containing 85%/more by weight of artificial filament/strip/the like, unbleached/bleached",5104E,Continuous regnerated textaile fabric nes
540822,"Woven fabrics (excl. of 5408.10), containing 85%/more by weight of artificial filament/strip/the like, dyed",5104E,Continuous regnerated textaile fabric nes
540823,"Woven fabrics (excl. of 5408.10), containing 85%/more by weight of artificial filament/strip/the like, of yarns of different colours",5104E,Continuous regnerated textaile fabric nes
540824,"Woven fabrics (excl. of 5408.10), containing 85%/more by weight of artificial filament/strip/the like, printed",5104E,Continuous regnerated textaile fabric nes
540831,"Woven fabrics of artificial filament yarn (excl. of 5408.10-5408.24), unbleached/bleached",5104F,Continuous regenerated blend fabric nes
540832,"Woven fabrics of artificial filament yarn (excl. of 5408.10-5408.24), dyed",5104F,Continuous regenerated blend fabric nes
540833,"Woven fabrics of artificial filament yarn (excl. of 5408.10-5408.24), of yarns of different colours",5104F,Continuous regenerated blend fabric nes
540834,"Woven fabrics of artificial filament yarn (excl. of 5408.10-5408.24), printed",5104F,Continuous regenerated blend fabric nes
550110,"Synthetic filament tow, of nylon/other polyamides",5602A,"Continuous filamnt tow, synthetic -- of polyamide fibres"
550120,"Synthetic filament tow, of polyesters",5602B,"Continuous filamnt tow, synthetic -- of polyester fibres"
550130,"Synthetic filament tow, acrylic/modacrylic",5602C,"Continuous filamnt tow, synthetic -- of acrylic fibres"
550140,"Synthetic filament tow, of polypropylene",5602D,"Continuous filamnt tow, synthetic -- of oth synthetictc fibres"
550190,"Synthetic filament tow, n.e.s",5602D,"Continuous filamnt tow, synthetic -- of oth synthetictc fibres"
550200,Artificial filament tow,5602E,"Continuous filamnt tow, regenerated"
550311,"Synthetic staple fibres, of aramids, of nylon/other polyamides; not carded, combed/othw. processed for spinning.",5601A,Discontinuous synthetic fibre uncombed -- polyamide
550319,"Synthetic staple fibres, other than of aramid, but of nylon/other polyamides; not carded, combed/othw. processed for spinning.",5601A,Discontinuous synthetic fibre uncombed -- polyamide
550320,"Synthetic staple fibres, not carded/combed/othw. processed for spinning, of polyester",5601B,Discontinuous synthetic fibre uncombed -- polyester
550330,"Synthetic staple fibres, not carded/combed/othw. processed for spinning, acrylic/modacrylic",5601C,Discontinuous synthetic fibre uncombed -- acrylic
550340,"Synthetic staple fibres, not carded/combed/othw. processed for spinning, of polypropylene",5601D,Discontinuous synthetic fibre uncombed -- other
550390,"Synthetic staple fibres, not carded/combed/othw. processed for spinning (excl. of 5503.10-5503.10)",5601D,Discontinuous synthetic fibre uncombed -- other
550410,"Artificial staple fibres, not carded/combed/othw. processed for spinning, of viscose rayon",5601E,Discontinuous regenerated fibre uncombed
550490,"Artificial staple fibres, not carded/combed/othw. processed for spinning, other than of viscose rayon",5601E,Discontinuous regenerated fibre uncombed
550510,"Waste (incl. noils, yarn waste & garnetted stock) of synthetic fibres",5603A,Waste of man-made fibres -- syntheticetic
550520,"Waste (incl. noils, yarn waste & garnetted stock) of artificial fibres",5603B,Waste of man-made fibres -- regenerated
550610,"Synthetic staple fibres, carded/combed/othw. processed for spinning, of nylon/other polyamides",5604A,Discontinuous synthetic fibre combed -- polyamide
550620,"Synthetic staple fibres, carded/combed/othw. processed for spinning, of polyesters",5604B,Discontinuous synthetic fibre combed -- polyester
550630,"Synthetic staple fibres, carded/combed/othw. processed for spinning, acrylic/modacrylic",5604C,Discontinuous synthetic fibre combed -- acrylic
550690,"Synthetic staple fibres, carded/combed/othw. processed for spinning (excl. of 5506.10-5506.30)",5604D,Discontinuous synthetic fibre combed -- other
550700,"Artificial staple fibres, carded/combed/othw. processed for spinning",5604E,Discontinuous regenerated fibre combed
550810,"Sewing thread of man-made staple fibres, whether/not put up for RS, of synthetic staple fibres",5605A,"Synthetic fibres,yarn,bulk,monofil -- of discontinuous synthetic fibres"
550820,"Sewing thread of man-made staple fibres, whether/not put up for RS, of artificial staple fibres",5605E,Discontinuous regenerated fibre yarn
550911,"Yarn other than sewing thread, of synthetic staple fibres, containing 85%/more by weight of staple fibres of nylon/other polyamides, single yarn, not put up for retail sale",5605D,Other discontinuous synthetic blend yarn
550912,"Yarn other than sewing thread, of synthetic staple fibres, containing 85%/more by weight of staple fibres of nylon/other polyamides, mult./cab. yarn, not put up for retail sale",5605D,Other discontinuous synthetic blend yarn
550921,"Yarn other than sewing thread, of synthetic staple fibres, containing 85%/more by weight of polyester staple fibres, single yarn, not put up for retail sale",5605D,Other discontinuous synthetic blend yarn
550922,"Yarn other than sewing thread, of synthetic staple fibres, containing 85%/more by weight of polyester staple fibres, mult./cab. yarn, not put up for retail sale",5605D,Other discontinuous synthetic blend yarn
550931,"Yarn other than sewing thread, of synthetic staple fibres, containing 85%/more by weight of acrylic/modacrylic staple fibres, single yarn, not put up for retail sale",5605D,Other discontinuous synthetic blend yarn
550932,"Yarn other than sewing thread, of synthetic staple fibres, containing 85%/more by weight of acrylic/modacrylic staple fibres, mult./cab. yarn, not put up for retail sale",5605D,Other discontinuous synthetic blend yarn
550941,"Yarn other than sewing thread, of synthetic staple fibres, containing 85%/more by weight of synthetic staple fibres, single yarn, not put up for retail sale",5605D,Other discontinuous synthetic blend yarn
550942,"Yarn other than sewing thread, of synthetic staple fibres, containing 85%/more by weight of synthetic staple fibres, mult./cab. yarn, not put up for retail sale",5605D,Other discontinuous synthetic blend yarn
550951,"Yarn other than sewing thread, of polyester staple fibres mixed mainly/solely with artificial staple fibres, not put up for retail sale",5605B,Discontinuous synthetic fibres/cotton yarn
550952,"Yarn other than sewing thread, of polyester staple fibres mixed mainly/solely with wool/fine animal hair, not put up for retail sale",5605B,Discontinuous synthetic fibres/cotton yarn
550953,"Yarn other than sewing thread, of polyester staple fibres mixed mainly/solely with cotton, not put up for retail sale",5605B,Discontinuous synthetic fibres/cotton yarn
550959,"Yarn other than sewing thread, of polyester staple fibres (excl. of 5509.51-5509.53), not put up for retail sale",5605B,Discontinuous synthetic fibres/cotton yarn
550961,"Yarn other than sewing thread, of acrylic/modacrylic staple fibres, mixed mainly/solely with wool/fine animal hair, not put up for retail sale",5605B,Discontinuous synthetic fibres/cotton yarn
550962,"Yarn other than sewing thread, of acrylic/modacrylic staple fibres, mixed mainly/solely with cotton, not put up for retail sale",5605B,Discontinuous synthetic fibres/cotton yarn
550969,"Yarn other than sewing thread, of acrylic/modacrylic staple fibres (excl. of 5509.61 & 5509.62), not put up for retail sale",5605B,Discontinuous synthetic fibres/cotton yarn
550991,"Yarn other than sewing thread, of synthetic staple fibres n.e.s. in 55.09, mixed mainly/solely with wool/fine animal hair, not put up for retail sale",5605B,Discontinuous synthetic fibres/cotton yarn
550992,"Yarn other than sewing thread, of synthetic staple fibres n.e.s. in 55.09, mixed mainly/solely with cotton, not put up for retail sale",5605B,Discontinuous synthetic fibres/cotton yarn
550999,"Yarn other than sewing thread, of synthetic staple fibres n.e.s. in 55.09 (excl. of 5509.91 & 5509.92), not put up for retail sale",5605B,Discontinuous synthetic fibres/cotton yarn
551011,"Yarn other than sewing thread, of artificial staple fibres, containing 85%/more by weight of artificial staple fibres, single yarn, not put up for retail sale",5605E,Discontinuous regenerated fibre yarn
551012,"Yarn other than sewing thread, of artificial staple fibres, containing 85%/more by weight of artificial staple fibres, mult./cab. yarn, not put up for retail sale",5605E,Discontinuous regenerated fibre yarn
551020,"Yarn other than sewing thread, of artificial staple fibres mixed mainly/solely with wool/fine animal hair, not put up for retail sale",5605F,Discontinuous regenerated fibres with cottn yarn
551030,"Yarn other than sewing thread, of artificial staple fibres mixed mainly/solely with cotton, not put up for retail sale",5605F,Discontinuous regenerated fibres with cottn yarn
551090,"Yarn other than sewing thread, of artificial staple fibres, other (excl. of 5510.11-5510.30), not put up for retail sale",5605F,Discontinuous regenerated fibres with cottn yarn
551110,"Yarn other than sewing thread, of synthetic staple fibres, containing 85%/more by weight of such fibres, put up for RS",5606A,Yarn of sitc 6514 for retail -- of discontinuous fibres
551120,"Yarn other than sewing thread, of synthetic staple fibres, containing <85% by weight of such fibres, put up for RS",5606B,Yarn of sitc 6516 for retail -- of discontinuous fibres
551130,"Yarn other than sewing thread, of artificial staple fibres, put up for RS",5605E,Discontinuous regenerated fibre yarn
551211,"Woven fabrics of synthetic staple fibres, containing 85%/more by weight of polyester staple fibres, unbleached/bleached",5607A,Discontinuous synthetic textile fabrics nes
551219,"Woven fabrics of synthetic staple fibres, containing 85%/more by weight of polyester staple fibres (excl. of 5512.11)",5607A,Discontinuous synthetic textile fabrics nes
551221,"Woven fabrics of synthetic staple fibres, containing 85%/more by weight of acrylic/modacrylic staple fibres, unbleached/bleached",5607A,Discontinuous synthetic textile fabrics nes
551229,"Woven fabrics of synthetic staple fibres, containing 85%/more by weight of acrylic/modacrylic staple fibres (excl. of 5512.21)",5607A,Discontinuous synthetic textile fabrics nes
551291,"Woven fabrics of synthetic staple fibres (excl. of 5512.11-5512.29), containing 85%/more by weight of synthetic staple fibres, unbleached/bleached",5607A,Discontinuous synthetic textile fabrics nes
551299,"Woven fabrics of synthetic staple fibres (excl. of 5512.11-5512.91), containing 85%/more by weight of synthetic staple fibres",5607A,Discontinuous synthetic textile fabrics nes
551311,"Woven fabrics of polyester staple fibres, containing <85% by weight of such fibres, mixed mainly/solely with cotton, of a weight not >170g/m2, plain weave, unbleached/bleached",5607B,Discontinuous synthetic blend fabrics nes -- with cotton fibres
551312,"Woven fabrics of polyester staple fibres, containing <85% by weight of such fibres, mixed mainly/solely with cotton, of a weight not >170g/m2, 3-/4-thread twill, incl. cross twill, unbleached/bleached",5607B,Discontinuous synthetic blend fabrics nes -- with cotton fibres
551313,"Woven fabrics of polyester staple fibres (excl. of 5513.11 & 5513.12), containing <85% by weight of such fibres, mixed mainly/solely with cotton, of a weight not >170g/m2, unbleached/bleached",5607B,Discontinuous synthetic blend fabrics nes -- with cotton fibres
551319,"Woven fabrics of synthetic staple fibres n.e.s. in 55.13, containing <85% by weight of such fibres, mixed mainly/solely with cotton, of a weight not >170g/m2, unbleached/bleached",5607B,Discontinuous synthetic blend fabrics nes -- with cotton fibres
551321,"Woven fabrics of polyester staple fibres, containing <85% by weight of such fibres, mixed mainly/solely with cotton, of a weight not >170g/m2, plain weave, dyed",5607B,Discontinuous synthetic blend fabrics nes -- with cotton fibres
551323,"Dyed Woven fabrics of synthetic, polyester staple fibres, other than of plain weave,  containing less than 85 % by weight of such fibres, mixed mainly/solely with cotton, of a weight not > 170 g/m2.",5607B,Discontinuous synthetic blend fabrics nes -- with cotton fibres
551329,"Woven fabrics of other synthetic staple fibres (excl. of 5513.21-5513.23), containing <85% by weight of such fibres, mixed mainly/solely with cotton, of a weight not >170g/m2, dyed",5607B,Discontinuous synthetic blend fabrics nes -- with cotton fibres
551331,"Woven fabrics of polyester staple fibres, containing <85% by weight of such fibres, mixed mainly/solely with cotton, of a weight not >170g/m2, plain weave, of yarns of different colours",5607B,Discontinuous synthetic blend fabrics nes -- with cotton fibres
551339,"Other Woven fabrics of synthetic staple fibres, of yarns of different colours, other than of plain weave,  containing less than 85 % by weight of such fibres, mixed mainly/solely with cotton, of a weight not > 170 g/m2.",5607B,Discontinuous synthetic blend fabrics nes -- with cotton fibres
551341,"Woven fabrics of polyester staple fibres, containing <85% by weight of such fibres, mixed mainly/solely with cotton, of a weight not >170g/m2, plain weave, printed",5607B,Discontinuous synthetic blend fabrics nes -- with cotton fibres
551349,"Printed & Woven fabrics of synthetic staple fibres, other than of plain weave, containing less than 85 % by weight of such fibres, mixed mainly/solely with cotton, of a weight not > 170 g/m2.",5607B,Discontinuous synthetic blend fabrics nes -- with cotton fibres
551411,"Woven fabrics of polyester staple fibres, containing <85% by weight of such fibres, mixed mainly/solely with cotton, of a weight >170g/m2, plain weave, unbleached/bleached",5607B,Discontinuous synthetic blend fabrics nes -- with cotton fibres
551412,"Woven fabrics of polyester staple fibres, containing <85% by weight of such fibres, mixed mainly/solely with cotton, of a weight>170g/m2, 3-/4-thread twill, incl. cross twill, unbleached/bleached",5607B,Discontinuous synthetic blend fabrics nes -- with cotton fibres
551419,"Unbleached/bleached Woven fabrics of synthetic staple fibres, other than of plain weave,and of 3/4 thread twill/cross twill,containing less than 85 % by weight of such fibres, mixed mainly/solely with cotton, of a weight exceeding 170 g/m2.",5607B,Discontinuous synthetic blend fabrics nes -- with cotton fibres
551421,"Woven fabrics of polyester staple fibres, containing <85% by weight of such fibres, mixed mainly/solely with cotton, of a weight >170g/m2, plain weave, dyed",5607B,Discontinuous synthetic blend fabrics nes -- with cotton fibres
551422,"Woven fabrics of polyester staple fibres, containing <85% by weight of such fibres, mixed mainly/solely with cotton, of a weight >170g/m2, 3-/4-thread twill, incl. cross twill, dyed",5607B,Discontinuous synthetic blend fabrics nes -- with cotton fibres
551423,"Woven fabrics of polyester staple fibres (excl. of 5514.21 & 5514.22), containing <85% by weight of such fibres, mixed mainly/solely with cotton, of a weight >170g/m2, dyed",5607B,Discontinuous synthetic blend fabrics nes -- with cotton fibres
551429,"Woven fabrics of other synthetic staple fibres (excl. of 5514.21-5514.23), containing <85% by weight of such fibres, mixed mainly/solely with cotton, of a weight >170g/m2, dyed",5607B,Discontinuous synthetic blend fabrics nes -- with cotton fibres
551430,"Woven fabrics of synthetic staple fibres, of yarns of different colours, containing less than 85 % by weight of such fibres, mixed mainly/solely with cotton, of a weight exceeding 170 g/m2.",5607B,Discontinuous synthetic blend fabrics nes -- with cotton fibres
551441,"Woven fabrics of polyester staple fibres, containing <85% by weight of such fibres, mixed mainly/solely with cotton, of a weight >170g/m2, plain weave, printed",5607B,Discontinuous synthetic blend fabrics nes -- with cotton fibres
551442,"Woven fabrics of polyester staple fibres, containing <85% by weight of such fibres, mixed mainly/solely with cotton, of a weight >170g/m2, 3-/4-thread twill, incl. cross twill, printed",5607B,Discontinuous synthetic blend fabrics nes -- with cotton fibres
551443,"Woven fabrics of polyester staple fibres (excl. of 5514.41 & 5514.42), containing <85% by weight of such fibres, mixed mainly/solely with cotton, of a weight >170g/m2, printed",5607B,Discontinuous synthetic blend fabrics nes -- with cotton fibres
551449,"Woven fabrics of other synthetic staple fibres (excl. of 5514.41-5514.43), containing <85% by weight of such fibres, mixed mainly/solely with cotton, of a weight >170g/m2, printed",5607B,Discontinuous synthetic blend fabrics nes -- with cotton fibres
551511,Woven fabrics of polyester staple fibres mixed mainly/solely with viscose rayon staple fibres,5607E,Discontinuous synthetic blend fabrics nes -- with textile fibres nes
551512,Woven fabrics of polyester staple fibres mixed mainly/solely with man-made filaments,5607D,Discontinuous synthetic blend fabrics nes -- with cont man-made fibre
551513,Woven fabrics of polyester staple fibres mixed mainly/solely with wool/fine animal hair,5607C,"Discontinuous synthetic blend fabrics nes -- with wool,fine hair"
551519,"Woven fabrics of polyester staple fibres, n.e.s.",5607E,Discontinuous synthetic blend fabrics nes -- with textile fibres nes
551521,Woven fabrics of acrylic/modacrylic staple fibres mixed mainly/solely with man-made filaments,5607D,Discontinuous synthetic blend fabrics nes -- with cont man-made fibre
551522,Woven fabrics of acrylic/modacrylic staple fibres mixed mainly/solely with wool/fine animal hair,5607C,"Discontinuous synthetic blend fabrics nes -- with wool,fine hair"
551529,"Woven fabrics of acrylic/modacrylic staple fibres, other than that mixed mainly/solely with man-made filaments/wool/fine animal hair",5607E,Discontinuous synthetic blend fabrics nes -- with textile fibres nes
551591,Woven fabrics of synthetic staple fibres mixed mainly/solely with man-made filaments,5607D,Discontinuous synthetic blend fabrics nes -- with cont man-made fibre
551599,"Woven fabrics of synthetic staple fibres,n.e.s. in 55.12 -55.15",5607E,Discontinuous synthetic blend fabrics nes -- with textile fibres nes
551611,"Woven fabrics of artificial staple fibres containing 85%/more by weight of artificial staple fibres, unbleached/bleached",5607F,Discontinuous regenerated textile fabrics nes
551612,"Woven fabrics of artificial staple fibres containing 85%/more by weight of artificial staple fibres, dyed",5607F,Discontinuous regenerated textile fabrics nes
551613,"Woven fabrics of artificial staple fibres containing 85%/more by weight of artificial staple fibres, of yarns of different colours",5607F,Discontinuous regenerated textile fabrics nes
551614,"Woven fabrics of artificial staple fibres containing 85%/more by weight of artificial staple fibres, printed",5607F,Discontinuous regenerated textile fabrics nes
551621,"Woven fabrics of artificial staple fibres containing <85% by weight of artificial staple fibres, mixed mainly/solely with man-made filaments, unbleached/bleached",5607I,Discontinuous regenerated blend fabrics nes -- with cont man-made fibre
551622,"Woven fabrics of artificial staple fibres containing <85% by weight of artificial staple fibres, mixed mainly/solely with man-made filaments, dyed",5607I,Discontinuous regenerated blend fabrics nes -- with cont man-made fibre
551623,"Woven fabrics of artificial staple fibres containing <85% by weight of artificial staple fibres, mixed mainly/solely with man-made filaments, of yarns of different colours",5607I,Discontinuous regenerated blend fabrics nes -- with cont man-made fibre
551624,"Woven fabrics of artificial staple fibres containing <85% by weight of artificial staple fibres, mixed mainly/solely with man-made filaments, printed",5607I,Discontinuous regenerated blend fabrics nes -- with cont man-made fibre
551631,"Woven fabrics of artificial staple fibres containing <85% by weight of artificial staple fibres, mixed mainly/solely with wool/fine animal hair, unbleached/bleached",5607H,"Discontinuous regenerated blend fabrics nes -- with wool,fine hair"
551632,"Woven fabrics of artificial staple fibres containing <85% by weight of artificial staple fibres, mixed mainly/solely with wool/fine animal hair, dyed",5607H,"Discontinuous regenerated blend fabrics nes -- with wool,fine hair"
551633,"Woven fabrics of artificial staple fibres containing <85% by weight of artificial staple fibres, mixed mainly/solely with wool/fine animal hair, of yarns of different colours",5607H,"Discontinuous regenerated blend fabrics nes -- with wool,fine hair"
551634,"Woven fabrics of artificial staple fibres containing <85% by weight of artificial staple fibres, mixed mainly/solely with wool/fine animal hair, printed",5607H,"Discontinuous regenerated blend fabrics nes -- with wool,fine hair"
551641,"Woven fabrics of artificial staple fibres containing <85% by weight of artificial staple fibres, mixed mainly/solely with cotton, unbleached/bleached",5607G,Discontinuous regenerated blend fabrics nes -- with cotton fibres
551642,"Woven fabrics of artificial staple fibres containing <85% by weight of artificial staple fibres, mixed mainly/solely with cotton, dyed",5607G,Discontinuous regenerated blend fabrics nes -- with cotton fibres
551643,"Woven fabrics of artificial staple fibres containing <85% by weight of artificial staple fibres, mixed mainly/solely with cotton, of yarns of different colours",5607G,Discontinuous regenerated blend fabrics nes -- with cotton fibres
551644,"Woven fabrics of artificial staple fibres containing <85% by weight of artificial staple fibres, mixed mainly/solely with cotton, printed",5607G,Discontinuous regenerated blend fabrics nes -- with cotton fibres
551691,"Woven fabrics of artificial staple fibres, n.e.s. in 55.16, unbleached/bleached",5607J,Discontinuous regenerated blend fabrics nes -- with textile fibres nes
551692,"Woven fabrics of artificial staple fibres, n.e.s. in 55.16, dyed",5607J,Discontinuous regenerated blend fabrics nes -- with textile fibres nes
551693,"Woven fabrics of artificial staple fibres, n.e.s. in 55.16, of yarns of different colours",5607J,Discontinuous regenerated blend fabrics nes -- with textile fibres nes
551694,"Woven fabrics of artificial staple fibres, n.e.s. in 55.16, printed",5607J,Discontinuous regenerated blend fabrics nes -- with textile fibres nes
560110,"Sanitary towels & tampons, napkins & napkin liners for babies & similar sanitary articles, of wadding",5901,Wadding and articles of wadding
560121,"Wadding; other articles of wadding, of cotton",5901,Wadding and articles of wadding
560122,"Wadding; other articles of wadding, of man-made fibres",5901,Wadding and articles of wadding
560129,Wadding; other articles of wadding other than of cotton/man-made fibres,5901,Wadding and articles of wadding
560130,"Textile flock (i.e., not >5mm in length) & dust & mill neps",5901,Wadding and articles of wadding
560210,"Needleloom felt & stitch-bonded fibre fabrics, whether/not impregnated/coated/covered/laminated",5902B,Felt and articles nes
560221,"Felt (excl. needleloom felt & stitch-bonded fibre fabrics), not impregnated/coated/covered/laminated, of wool/fine animal hair",5902B,Felt and articles nes
560229,"Felt (excl. needleloom felt & stitch-bonded fibre fabrics), not impregnated/coated/covered/laminated, other than of wool/fine animal hair",5902B,Felt and articles nes
560290,"Felt (excl. of 5602.10-5602.29), whether/not coated/covered/laminated",5902B,Felt and articles nes
560311,"Nonwovens, whether/not impregnated/coated/covered/laminated, of man-made filaments, weighing not >25g/m2",5903,Bonded fibre fabrics and articles
560312,"Nonwovens, whether/not impregnated/coated/covered/laminated, of man-made filaments, weighing >25g/m2 but not >70g/m2",5903,Bonded fibre fabrics and articles
560313,"Nonwovens, whether/not impregnated/coated/covered/laminated, of man-made filaments, weighing >70g/m2 but not >150g/m2",5903,Bonded fibre fabrics and articles
560314,"Nonwovens, whether/not impregnated/coated/covered/laminated, of man-made filaments, weighing >150 g/m2",5903,Bonded fibre fabrics and articles
560391,"Nonwovens, whether/not impregnated/coated/covered/laminated (excl. of 5603.11-5603.14), weighing not >25g/m2",5903,Bonded fibre fabrics and articles
560392,"Nonwovens, whether/not impregnated/coated/covered/laminated (excl. of 5603.11-5603.14), weighing >25g/m2 but not >70g/m2",5903,Bonded fibre fabrics and articles
560393,"Nonwovens, whether/not impregnated/coated/covered/laminated (excl. of 5603.11-5603.14), weighing >70g/m2 but not >150g/m2",5903,Bonded fibre fabrics and articles
560394,"Nonwovens, whether/not impregnated/coated/covered/laminated (excl. of 5603.11-5603.14), weighing >150g/m2",5903,Bonded fibre fabrics and articles
560410,"Rubber thread & cord, textile covered",4007,"Vulc rubber thread,cord"
560490,"Other type of rubber thread & cord, textile covered",4007,"Vulc rubber thread,cord"
560500,"Metallised yarn, whether/not gimped, being textile yarn/strip/the like of 54.04/54.05, combined with metal in the form of thread/strip/powder/covered with metal",5201,Metallized textile yarn
560600,"Gimped yarn, & strip & the like of 54.04/54.05, gimped (other than of 56.05 & gimped horsehair yarn); chenille yarn (incl. flock chenille yarn); loop wale-yarn",5807,"Chenille yarn, gimped yarn, braid etc"
560721,"Binder/baler twine of sisal/other textile fibres of the genus Agave, whether/not plaited/braided & whether/not impregnated/coated/covered/sheathed with rubber/plastics",5904,"Twine, cordage, ropes and cables"
560729,"Twine (excl. binder/bailer twine), cordage, ropes & cables, of sisal/other textile fibres of the genus Agave, n.e.s., whether/not plaited/braided & whether/not impregnated, coated,covered/sheathed with rubber/plastics.",5904,"Twine, cordage, ropes and cables"
560741,"Binder/baler twine, cordage, ropes & cables of polyethylene/polypropylene, whether/not plaited/braided & whether/not impregnated/coated/covered/sheathed with rubber/plastics",5904,"Twine, cordage, ropes and cables"
560749,"Twine (excl. binder/bailer twine), cordage, ropes & cables, of polyethylene/polypropylene, n.e.s., whether/not plaited/braided & whether/not impregnated, coated,covered/sheathed with rubber/plastics.",5904,"Twine, cordage, ropes and cables"
560750,"Twine, cordage, ropes & cables of synthetic fibres other than polyethylene/polypropylene, whether/not plaited/braided & whether/not impregnated/coated/covered/sheathed with rubber/plastics",5904,"Twine, cordage, ropes and cables"
560790,"Twine, cordage, ropes & cables of  fibres n.e.s. other than synthetic fiber/sisal/textile fibres, whether/not plaited/braided & whether/not impregnated, coated, covered/sheathed with rubber/plastics.",5904,"Twine, cordage, ropes and cables"
560811,Made up fishing nets of man-made textile materials,5905,Nets and netting made of twine
560819,"Knotted netting of twine, cordage/rope; made up nets other than fishing nets, of man-made textile materials",5905,Nets and netting made of twine
560890,"Knotted netting of twine, cordage/rope; made up fishing nets & other made up nets, of textile materials other than man-made",5905,Nets and netting made of twine
560900,"Articles of yarn/strip/the like of 54.04/54.05, twine/cordage/rope/cables, n.e.s.",5906,"Other articles made from yarn, twine"
570110,"Carpets & other textile floor coverings, knotted, whether/not made up, of wool/fine animal hair",5801A,Carpets etc knotted -- of wool or fine hair
570190,"Carpets & other textile floor coverings, knotted, whether/not made up, of textile materials other than wool/fine animal hair",5801B,Carpets etc knotted -- of other textile materials
570210,"Kelem, Schumacks, Karamanie & similar hand-woven rugs",5802A,"Kelem,schumacks etc rugs"
570220,Floor coverings of coconut fibres (coir),5802I,Other textile carpets etc nes -- other than knotted etc
570231,"Carpets & other textile floor coverings, woven, of pile construction, not made up, of wool/fine animal hair",5802C,Wool carpets etc nes -- woven
570232,"Carpets & other textile floor coverings, woven, of pile construction, not made up, of man-made textile materials",5802F,Man-made textile carpts nes -- woven
570239,"Carpets & other textile floor coverings, woven, of pile construction, not made up, of textile materials other than of wool/fine animal hair/man-made textile materials",5802I,Other textile carpets etc nes -- other than knotted etc
570241,"Carpets & other textile floor coverings, woven, of pile construction, made up, of wool/fine animal hair",5802C,Wool carpets etc nes -- woven
570242,"Carpets & other textile floor coverings, woven, of pile construction, made up, of man-made textile materials",5802F,Man-made textile carpts nes -- woven
570249,"Carpets & other textile floor coverings, woven, of pile construction, made up, of textile materials other than of wool/fine animal hair/man-made textile materials",5802I,Other textile carpets etc nes -- other than knotted etc
570250,"Carpets & other textile floor coverings, not of pile construction & not made up, woven, not tufted/flocked, incl. Kelem, Schumacks, Karamanie & similar hand-woven rugs.",5802I,Other textile carpets etc nes -- other than knotted etc
570291,"Carpets & other textile floor coverings, woven, not of pile construction, made up, of wool/fine animal hair",5802C,Wool carpets etc nes -- woven
570292,"Carpets & other textile floor coverings, woven, not of pile construction, made up, of man-made textile materials",5802F,Man-made textile carpts nes -- woven
570299,"Carpets & other textile floor coverings, woven, not of pile construction, made up, of textile materials other than of wool/fine animal hair/man-made textile materials",5802I,Other textile carpets etc nes -- other than knotted etc
570310,"Carpets & other textile floor coverings, tufted, whether/not made up, of wool/fine animal hair",5802B,Wool carpets etc nes -- tufted
570320,"Carpets & other textile floor coverings, tufted, whether/not made up, of nylon/other polyamides",5802E,Man-made textile carpts nes -- tufted
570330,"Carpets & other textile floor coverings, tufted, whether/not made up, of man-made textile materials other than nylon/other polyamides",5802E,Man-made textile carpts nes -- tufted
570390,"Carpets & other textile floor coverings, tufted, whether/not made up, of textile materials other than wool/fine animal hair/man-made",5802H,Other textile carpets etc nes -- tufted
570410,"Tiles, of felt, not tufted/flocked, having a maximum surface area of 0.3 m2",5902A,Floor coverings of felts
570490,"Carpets & other textile floor coverings, of felt, not tufted/flocked, whether/not made up, other than the tiles of 5704.10",5902A,Floor coverings of felts
570500,"Carpets & other textile floor coverings, n.e.s. in Ch.57, whether/not made up",5802I,Other textile carpets etc nes -- other than knotted etc
580110,"Woven pile fabrics & chenille fabrics (excl. of 58.02/58.06), of wool/fine animal hair",5804A,"Pile etc fabrics,wool"
580121,"Uncut weft pile fabrics (excl. of 58.02/58.06), of cotton",5804B,Pile etc cotton fabrics
580122,"Cut corduroy, of cotton",5804B,Pile etc cotton fabrics
580123,"Weft pile fabrics other than uncut (excl. of 58.02/58.06), of cotton",5804B,Pile etc cotton fabrics
580124,"Warp pile fabrics (excl. of 58.02/58.06), ?pingl? (uncut), of cotton",5804B,Pile etc cotton fabrics
580125,"Warp pile fabrics (excl. of 58.02/58.06), cut, of cotton",5804B,Pile etc cotton fabrics
580126,"Chenille fabrics (excl. of 58.02/58.06), of cotton",5804B,Pile etc cotton fabrics
580131,"Uncut weft pile fabrics (excl. of 58.02/58.06), of man-made fibres",5804C,Man-made pile etc fabric -- syntheticetic
580132,"Cut corduroy, of man-made fibres",5804D,Man-made pile etc fabric -- regenerated
580133,"Weft pile fabrics other than uncut (excl. of 58.02/58.06), of man-made fibres",5804D,Man-made pile etc fabric -- regenerated
580134,"Warp pile fabrics (excl. of 58.02/58.06), ?pingl? (uncut), of man-made fibres",5804C,Man-made pile etc fabric -- syntheticetic
580135,"Warp pile fabrics (excl. of 58.02/58.06), cut, of man-made fibres",5804D,Man-made pile etc fabric -- regenerated
580136,"Chenille fabrics (excl. of 58.02/58.06), of man-made fibres",5804D,Man-made pile etc fabric -- regenerated
580190,"Woven pile fabrics & chenille fabrics (excl. of 58.02/58.06), of textile materials other than wool/fine animal hair",5804E,"Pile,chenille fabric nes"
580211,"Terry towelling & similar woven terry fabrics (excl. narrow fabrics of 58.06), of cotton, unbleached",5508A,Unbleached cotton terry fabrics
580219,"Terry towelling & similar woven terry fabrics (excl. narrow fabrics of 58.06), of cotton, other than unbleached",5508B,Bleached cotton terry fabrics
580220,"Terry towelling & similar woven terry fabrics (excl. narrow fabrics of 58.06), of textile materials other than cotton",5804E,"Pile,chenille fabric nes"
580230,Tufted textile fabrics (excl. products of 57.03),5804E,"Pile,chenille fabric nes"
580300,"Gauze, other than narrow fabrics of heading 58.06.",5104E,Continuous regnerated textaile fabric nes
580410,Tulles & other net fabrics (excl. woven/knitted/crocheted fabrics),5808,"Tulle and other net fabrics, plain"
580421,"Mechanically made lace in the piece/in strips/in motifs, other than fabrics of 60.02-60.06, of man-made fibres",5809,"Tulle and other net fabrics, figured"
580429,"Mechanically made lace in the piece/in strips/in motifs, other than fabrics of 60.02-60.06, of other textile materials (excl. man-made fibres)",5809,"Tulle and other net fabrics, figured"
580430,"Hand-made lace in the piece/in strips/in motifs, other than fabrics of 60.02-60.06",5809,"Tulle and other net fabrics, figured"
580500,"Hand-woven tapestries of the type Gobelins, Flanders, Aubusson, Beauvais & the like, & needle-worked tapestries (e.g., petit point, cross stitch), whether/not made up",5803,"Tapestries, hand-made and needle-worked"
580610,"Narrow woven pile fabrics (incl. terry towelling & similar terry fabrics) & chenille fabrics, other than goods of 58.07",5805,Narrow woven fabrics
580620,"Narrow woven fabrics (excl. of 5806.10), containing by weight 5%/more of elastomeric yarn/rubber thread, other than goods of 58.07",5805,Narrow woven fabrics
580631,"Narrow woven fabrics (excl. of 5806.10 & 5806.20), other than goods of 58.07, of cotton",5805,Narrow woven fabrics
580632,"Narrow woven fabrics (excl. of 5806.10-5806.31), other than goods of 58.07, of man-made fibres",5805,Narrow woven fabrics
580639,"Narrow woven fabrics (excl. of 5806.10-5806.32), other than goods of 58.07, of other textile materials",5805,Narrow woven fabrics
580640,Narrow woven fabrics consisting of warp without weft assembled by means of an adhesive (bolducs),5805,Narrow woven fabrics
580710,"Labels, badges & similar articles of textile materials, in the piece, in strips/cut to shape/size, not embroidered, woven",5806,"Woven labels, not embroidered"
580790,"Labels, badges & similar articles of textile materials, in the piece, in strips/cut to shape/size, not embroidered (excl. woven)",5902B,Felt and articles nes
580810,Braids in the piece,5807,"Chenille yarn, gimped yarn, braid etc"
580890,"Ornamental trimmings in the piece, without embroidery (excl. knitted/crocheted; tassels, pompons & similar articles)",5807,"Chenille yarn, gimped yarn, braid etc"
580900,"Woven fabrics of metal thread & woven fabrics of metallised yarn of 56.05, of a kind used in apparel/as furnishing fabrics/for similar purposes, n.e.s. in Ch.58",5202,Woven fabrics of metal thread
581010,"Embroidery in the piece, without visible ground, in strips/motifs",5810,"Embroidery, in the piece"
581091,"Embroidery in the piece (excl. embroidery without visible ground), in strips/motifs, of cotton",5810,"Embroidery, in the piece"
581092,"Embroidery in the piece (excl. embroidery without visible ground), in strips/motifs, of man-made fibres",5810,"Embroidery, in the piece"
581099,"Embroidery in the piece (excl. embroidery without visible ground), in strips/motifs, of textile materials other than cotton/man-made fibres",5810,"Embroidery, in the piece"
581100,"Quilted textile products in the piece, composed of one/more layers of textile materials assembled with padding by stitching/othw., other than embroidery of 58.10",5509B,Bleached cotton fabric nes
590110,"Textile fabrics coated with gum/amylaceous substance, of a kind used for the outer covers of books/the like",5907,Textile fabrics coated with gum
590190,Tracing cloth; prepared painting canvas; buckram & similar stiffened textile fabrics of a kind used for hat foundations,5907,Textile fabrics coated with gum
590210,Tyre cord fabric of high tenacity yarn of nylon/other polyamides,5911,Rubberised textile fabrics not knitted
590220,Tyre cord fabric of high tenacity yarn of polyesters,5911,Rubberised textile fabrics not knitted
590290,Tyre cord fabric of high tenacity yarn of viscose rayon,5911,Rubberised textile fabrics not knitted
590310,Textile fabrics impregnated/coated/covered/laminated with poly(vinyl chloride) other than of 59.02,5908,Textile fabrics coated with plastic
590320,Textile fabrics impregnated/coated/covered/laminated with polyurethane other than of 59.02,5908,Textile fabrics coated with plastic
590390,Textile fabrics impregnated/coated/covered/laminated with plastics other than of 59.02 (excl. of 5903.10 & 5903.20),5908,Textile fabrics coated with plastic
590410,"Linoleum, whether/not cut to shape",5910,Linoleum etc textile based
590490,"Floor coverings consisting of a coating/covering applied on a textile backing, whether/not cut to shape (excl. linoleum)",5910,Linoleum etc textile based
590500,Textile wall coverings,5908,Textile fabrics coated with plastic
590610,Adhesive tape of a width not >20cm,5911,Rubberised textile fabrics not knitted
590691,"Rubberised textile fabrics (excl. of 59.02 & 5906.10), knitted/crocheted",5911,Rubberised textile fabrics not knitted
590699,"Rubberised textile fabrics (excl. of 59.02, 5906.10 & 5906.91)",5911,Rubberised textile fabrics not knitted
590700,"Textile fabrics othw. impregnated, coated/covered; painted canvas being theatrical scenery/studio back-cloths/the like",5912,Textile fabrics otherwise impregnated
590800,"Textile wicks, woven/plaited/knitted, for lamps/stoves/lighters/candles/the like; incandescent gas mantles & tubular knitted gas mantle fabric therefor, whether/not impregnated",5914,"Wicks, of woven or knitted textile"
590900,"Textile hosepiping & similar textile tubing, with/without lining, armour/accessories of other materials",5915,Textile hosepiping and similar tubing
591000,"Transmission/conveyor belts/belting, of textile material, whether/not impregnated/coated/covered/laminated with plastics/reinforcededed with metal/other material",5916,"Transmission, conveyor belts or belting"
591110,"Textile fabrics, felt & felt-lined woven fabrics, coated, covered/laminated with rubber, leather/other material, of a kind used for card clothing, & similar fabrics of a kind used for other technical purposes, including narrow fabrics made of velvet impr",5917,"Textile articles, used in machinery or plant"
591120,"Bolting cloth, whether/not made up",5917,"Textile articles, used in machinery or plant"
591131,"Textile fabrics & felts, endless/fitted with linking devices, of a kind used in paper-making/similar machines (e.g., for pulp/asbestos-cement), weighing <650g/m2",5917,"Textile articles, used in machinery or plant"
591132,"Textile fabrics & felts, endless/fitted with linking devices, of a kind used in paper-making/similar machines (e.g., for pulp/asbestos-cement), weighing 650g/m2/more",5917,"Textile articles, used in machinery or plant"
591140,"Straining cloth of a kind used in oil presses/the like, incl. that of human hair",5917,"Textile articles, used in machinery or plant"
591190,"Textile products & articles, for technical uses, spec. in Note 7 to Ch.59 (excl. of 5911.10-5911.40)",5917,"Textile articles, used in machinery or plant"
600110,"Long pile fabrics, knitted/crocheted",6001A,Other knitted etc fabrics nonelastic -- of wool or fine hair
600121,"Looped pile fabrics, of cotton, knitted/crocheted",6001B,Other knitted etc fabrics nonelastic -- of cotton
600122,"Looped pile fabrics, of man-made fibres, knitted/crocheted",6001B,Other knitted etc fabrics nonelastic -- of cotton
600129,"Looped pile fabrics, of other textile materials (excl. of cotton/man-made fibres), knitted/crocheted",6001B,Other knitted etc fabrics nonelastic -- of cotton
600191,"Pile fabrics & terry fabrics, knitted/crocheted (excl. of 6001.10-6001.29), of cotton",6001E,Other knitted etc fabrics nonelastic -- of other fibres
600192,"Pile fabrics & terry fabrics, knitted/crocheted (excl. of 6001.10-6001.29), of man-made fibres",6001E,Other knitted etc fabrics nonelastic -- of other fibres
600199,"Pile fabrics & terry fabrics, knitted/crocheted (excl. of 6001.10-6001.29), of other textile materials (excl. of cotton/man-made fibres)",6001E,Other knitted etc fabrics nonelastic -- of other fibres
600240,"Knitted/crocheted fabrics of a width not > 30 cm, containing by weight 5 %/more of elastomeric yarn but not containing rubber thread, other than those of heading 60.01.",6001A,Other knitted etc fabrics nonelastic -- of wool or fine hair
600290,"Other Knitted/crocheted fabrics of a width not > 30 cm, other than those of heading 60.01 & 6002.40",6001A,Other knitted etc fabrics nonelastic -- of wool or fine hair
600310,"Knitted/crocheted fabrics of wool/fine animal hair, a width not > 30 cm, other than those of heading 60.01/60.02.",6001A,Other knitted etc fabrics nonelastic -- of wool or fine hair
600320,"Knitted/crocheted fabrics of cotton, a width not > 30 cm, other than those of heading 60.01/60.02.",6001A,Other knitted etc fabrics nonelastic -- of wool or fine hair
600330,"Knitted/crocheted fabrics of synthetic fibres, a width not > 30 cm, other than those of heading 60.01/60.02.",6001A,Other knitted etc fabrics nonelastic -- of wool or fine hair
600340,"Knitted/crocheted fabrics of artificial fibres, a width not > 30 cm, other than those of heading 60.01/60.02.",6001A,Other knitted etc fabrics nonelastic -- of wool or fine hair
600390,"Knitted/crocheted fabrics other than of wool/fine animal hair/cotton/synthetic fibres/ artificial fibres, of a width not > 30 cm, other than those of heading 60.01/60.02.",6001A,Other knitted etc fabrics nonelastic -- of wool or fine hair
600410,"Knitted/crocheted fabrics of a width >30cm, containing by weight 5%/more of elastomeric yarn/rubber thread but not containing rubbr thread (excl. of 60.01)",6001B,Other knitted etc fabrics nonelastic -- of cotton
600490,"Knitted/crocheted fabrics of a width >30cm, containing by weight 5%/more of elastomeric yarn/rubber thread (excl. of 60.01 & 6004.10)",6001B,Other knitted etc fabrics nonelastic -- of cotton
600521,"Warp knit fabrics. incl. those made on galloon knitting machines (excl. of 60.01-60.04), of cotton, unbleached/bleached",6001D,Other knitted etc fabrics nonelastic -- of regenerated fibres
600522,"Warp knit fabrics. incl. those made on galloon knitting machines (excl. of 60.01-60.04), of cotton, dyed",6001D,Other knitted etc fabrics nonelastic -- of regenerated fibres
600523,"Warp knit fabrics. incl. those made on galloon knitting machines (excl. of 60.01-60.04), of cotton, of yarns of different colours",6001D,Other knitted etc fabrics nonelastic -- of regenerated fibres
600524,"Warp knit fabrics. incl. those made on galloon knitting machines (excl. of 60.01-60.04), of cotton, printed",6001D,Other knitted etc fabrics nonelastic -- of regenerated fibres
600531,"Warp knit fabrics. incl. those made on galloon knitting machines (excl. of 60.01-60.04), of synthetic fibres, unbleached/bleached",6001D,Other knitted etc fabrics nonelastic -- of regenerated fibres
600532,"Warp knit fabrics. incl. those made on galloon knitting machines (excl. of 60.01-60.04), of synthetic fibres, dyed",6001D,Other knitted etc fabrics nonelastic -- of regenerated fibres
600533,"Warp knit fabrics. incl. those made on galloon knitting machines (excl. of 60.01-60.04), of synthetic fibres, of yarns of different colours",6001D,Other knitted etc fabrics nonelastic -- of regenerated fibres
600534,"Warp knit fabrics. incl. those made on galloon knitting machines (excl. of 60.01-60.04), of synthetic fibres, printed",6001D,Other knitted etc fabrics nonelastic -- of regenerated fibres
600541,"Warp knit fabrics. incl. those made on galloon knitting machines (excl. of 60.01-60.04), of artificial fibres, unbleached/bleached",6001D,Other knitted etc fabrics nonelastic -- of regenerated fibres
600542,"Warp knit fabrics. incl. those made on galloon knitting machines (excl. of 60.01-60.04), of artificial fibres, dyed",6001D,Other knitted etc fabrics nonelastic -- of regenerated fibres
600543,"Warp knit fabrics. incl. those made on galloon knitting machines (excl. of 60.01-60.04), of artificial fibres, of yarns of different colours",6001D,Other knitted etc fabrics nonelastic -- of regenerated fibres
600544,"Warp knit fabrics. incl. those made on galloon knitting machines (excl. of 60.01-60.04), of artificial fibres, printed",6001D,Other knitted etc fabrics nonelastic -- of regenerated fibres
600590,"Warp knit fabrics, including those made on galloon knitting machines (excl. of  60.01-60.04 & 6005.21-6005.44)",6001D,Other knitted etc fabrics nonelastic -- of regenerated fibres
600610,"Knitted/crocheted fabrics, n.e.s. in Ch.60, of wool/fine animal hair",6001E,Other knitted etc fabrics nonelastic -- of other fibres
600621,"Knitted/crocheted fabrics, n.e.s. in Ch.60, of cotton, unbleached/bleached",6001E,Other knitted etc fabrics nonelastic -- of other fibres
600622,"Knitted/crocheted fabrics, n.e.s. in Ch.60, of cotton, dyed",6001E,Other knitted etc fabrics nonelastic -- of other fibres
600623,"Knitted/crocheted fabrics, n.e.s. in Ch.60, of cotton, of yarns of different colours",6001E,Other knitted etc fabrics nonelastic -- of other fibres
600624,"Knitted/crocheted fabrics, n.e.s. in Ch.60, of cotton, printed",6001E,Other knitted etc fabrics nonelastic -- of other fibres
600631,"Knitted/crocheted fabrics, n.e.s. in Ch.60, of synthetic fibres, unbleached/bleached",6001E,Other knitted etc fabrics nonelastic -- of other fibres
600632,"Knitted/crocheted fabrics, n.e.s. in Ch.60, of synthetic fibres, dyed",6001E,Other knitted etc fabrics nonelastic -- of other fibres
600633,"Knitted/crocheted fabrics, n.e.s. in Ch.60, of synthetic fibres, of yarns of different colours",6001E,Other knitted etc fabrics nonelastic -- of other fibres
600634,"Knitted/crocheted fabrics, n.e.s. in Ch.60, of synthetic fibres, printed",6001E,Other knitted etc fabrics nonelastic -- of other fibres
600641,"Knitted/crocheted fabrics, n.e.s. in Ch.60, of artificial fibres, unbleached/bleached",6001E,Other knitted etc fabrics nonelastic -- of other fibres
600642,"Knitted/crocheted fabrics, n.e.s. in Ch.60, of artificial fibres, dyed",6001E,Other knitted etc fabrics nonelastic -- of other fibres
600643,"Knitted/crocheted fabrics, n.e.s. in Ch.60, of artificial fibres, of yarns of different colours",6001E,Other knitted etc fabrics nonelastic -- of other fibres
600644,"Knitted/crocheted fabrics, n.e.s. in Ch.60, of artificial fibres, printed",6001E,Other knitted etc fabrics nonelastic -- of other fibres
600690,"Knitted/crocheted fabrics, n.e.s. in Ch.60",6001E,Other knitted etc fabrics nonelastic -- of other fibres
610120,"Men's/boys' overcoats, car-coats, capes, cloaks, anoraks (incl. ski-jackets), wind-cheaters, wind-jackets & similar articles, knitted/crocheted (excl. of 61.03), of cotton",6005O,"Outerwear,accessories,nes -- other fibres"
610130,"Men's/boys' overcoats, car-coats, capes, cloaks, anoraks (incl. ski-jackets), wind-cheaters, wind-jackets & similar articles, knitted/crocheted (excl. of 61.03), of man-made fibres",6005O,"Outerwear,accessories,nes -- other fibres"
610190,"Men's/boys' overcoats, car-coats, capes, cloaks, anoraks (incl. ski-jackets), wind-cheaters, wind-jackets & similar articles of other textile materials, other than of cotton/man-made fibres, knitted/crocheted, other than those of heading 61.03.",6005O,"Outerwear,accessories,nes -- other fibres"
610210,"Women's/girls' overcoats, car-coats, capes, cloaks, anoraks (incl. ski-jackets), wind-cheaters, wind-jackets & similar articles, knitted/crocheted (excl. of 61.04), of wool/fine animal hair",6005O,"Outerwear,accessories,nes -- other fibres"
610220,"Women's/girls' overcoats, car-coats, capes, cloaks, anoraks (incl. ski-jackets), wind-cheaters, wind-jackets & similar articles, knitted/crocheted (excl. of 61.04), of cotton",6005O,"Outerwear,accessories,nes -- other fibres"
610230,"Women's/girls' overcoats, car-coats, capes, cloaks, anoraks (incl. ski-jackets), wind-cheaters, wind-jackets & similar articles, knitted/crocheted (excl. of 61.04), of man-made fibres",6005O,"Outerwear,accessories,nes -- other fibres"
610290,"Women's/girls' overcoats, car-coats, capes, cloaks, anoraks (incl. ski-jackets), wind-cheaters, win-jackets, knitted/crocheted ,of textile materials other than  of wool/fine animal hair/cotton/man-made fibres",6005O,"Outerwear,accessories,nes -- other fibres"
610310,"Men's/boys' suits, knitted/crocheted.",6005K,"Outerwear,accessories,nes -- wool,fine hair"
610322,"Men's/boys' ensembles, knitted/crocheted, of cotton",6005L,"Outerwear,accessories,nes -- cotton"
610323,"Men's/boys' ensembles, knitted/crocheted, of synthetic fibres",6005L,"Outerwear,accessories,nes -- cotton"
610329,"Men's/boys' ensembles, of other textile materials other than of cotton & synthetic fibres, knitted/crocheted.",6005L,"Outerwear,accessories,nes -- cotton"
610331,"Men's/boys' ensembles, knitted/crocheted, of wool/fine animal hair",6005M,"Outerwear,accessories,nes -- synthetic fibres"
610332,"Men's/boys' jackets & blazers, knitted/crocheted, of cotton",6005M,"Outerwear,accessories,nes -- synthetic fibres"
610333,"Men's/boys' jackets & blazers, knitted/crocheted, of synthetic fibres",6005M,"Outerwear,accessories,nes -- synthetic fibres"
610339,"Men's/boys' jackets & blazers, knitted/crocheted, of other textile materials (excl. of 6103.31-6103.33)",6005M,"Outerwear,accessories,nes -- synthetic fibres"
610341,"Men's/boys' trousers, bib & brace overalls, breeches & shorts (excl. swimwear), knitted/crocheted, of wool/fine animal hair",6005N,"Outerwear,accessories,nes -- regenerated fibres"
610342,"Men's/boys' trousers, bib & brace overalls, breeches & shorts (excl. swimwear), knitted/crocheted, of cotton",6005N,"Outerwear,accessories,nes -- regenerated fibres"
610343,"Men's/boys' trousers, bib & brace overalls, breeches & shorts (excl. swimwear), knitted/crocheted, of synthetic fibres",6005N,"Outerwear,accessories,nes -- regenerated fibres"
610349,"Men's/boys' trousers, bib & brace overalls, breeches & shorts (excl. swimwear), knitted/crocheted, of other textile materials (excl. of 6103.41-6103.43)",6005N,"Outerwear,accessories,nes -- regenerated fibres"
610413,"Women's/girls' suits, knitted/crocheted, of synthetic fibres",6005F,"Outerwear,women's,girls' -- wool,fine hair"
610419,"Women's/girls' suits, of other textile materials other than of synthetic fibres, knitted/crocheted.",6005F,"Outerwear,women's,girls' -- wool,fine hair"
610422,"Women's/girls' ensembles, knitted/crocheted, of cotton",6005L,"Outerwear,accessories,nes -- cotton"
610423,"Women's/girls' ensembles, knitted/crocheted, of synthetic fibres",6005L,"Outerwear,accessories,nes -- cotton"
610429,"Women's/girls' ensembles of other textile materials, other than of cotton/synthetic fibres, knitted/crocheted.",6005L,"Outerwear,accessories,nes -- cotton"
610431,"Women's/girls' jackets & blazers, knitted/crocheted, of wool/fine animal hair",6005G,"Outerwear,women's,girls' -- cotton"
610432,"Women's/girls' jackets & blazers, knitted/crocheted, of cotton",6005G,"Outerwear,women's,girls' -- cotton"
610433,"Women's/girls' jackets & blazers, knitted/crocheted, of synthetic fibres",6005G,"Outerwear,women's,girls' -- cotton"
610439,"Women's/girls' jackets & blazers, knitted/crocheted, of textile materials other than wool/fine animal hair/cotton/synthetic fibres",6005G,"Outerwear,women's,girls' -- cotton"
610441,"Women's/girls' dresses, knitted/crocheted, of wool/fine animal hair",6005H,"Outerwear,women's,girls' -- synthetic fibres"
610442,"Women's/girls' dresses, knitted/crocheted, of cotton",6005H,"Outerwear,women's,girls' -- synthetic fibres"
610443,"Women's/girls' dresses, knitted/crocheted, of synthetic fibres",6005H,"Outerwear,women's,girls' -- synthetic fibres"
610444,"Women's/girls' dresses, knitted/crocheted, of artificial fibres",6005H,"Outerwear,women's,girls' -- synthetic fibres"
610449,"Women's/girls' dresses, knitted/crocheted, of textile materials other than wool/fine animal hair/cotton/synthetic fibres/artificial fibres",6005H,"Outerwear,women's,girls' -- synthetic fibres"
610451,"Women's/girls' skirts & divided skirts, knitted/crocheted, of wool/fine animal hair",6005I,"Outerwear,women's,girls' -- regenerated fibres"
610452,"Women's/girls' skirts & divided skirts, knitted/crocheted, of cotton",6005I,"Outerwear,women's,girls' -- regenerated fibres"
610453,"Women's/girls' skirts & divided skirts, knitted/crocheted, of synthetic fibres",6005I,"Outerwear,women's,girls' -- regenerated fibres"
610459,"Women's/girls' skirts & divided skirts, knitted/crocheted, of textile materials other than wool/fine animal hair/cotton/synthetic fibres",6005I,"Outerwear,women's,girls' -- regenerated fibres"
610461,"Women's/girls' trousers, bib & brace overalls, breeches & shorts (excl. swimwear), knitted/crocheted, of wool/fine animal hair",6005O,"Outerwear,accessories,nes -- other fibres"
610462,"Women's/girls' trousers, bib & brace overalls, breeches & shorts (excl. swimwear), knitted/crocheted, of cotton",6005O,"Outerwear,accessories,nes -- other fibres"
610463,"Women's/girls' trousers, bib & brace overalls, breeches & shorts (excl. swimwear), knitted/crocheted, of synthetic fibres",6005O,"Outerwear,accessories,nes -- other fibres"
610469,"Women's/girls' trousers, bib & brace overalls, breeches & shorts (excl. swimwear), knitted/crocheted, of textile materials other than wool/fine animal hair/cotton/synthetic fibres",6005O,"Outerwear,accessories,nes -- other fibres"
610510,"Men's/boys' shirts, knitted/crocheted, of cotton",6004C,"Mens,boys shirts -- cotton"
610520,"Men's/boys' shirts, knitted/crocheted, of man-made fibres",6004F,"Mens,boys shirts -- synthetic fibres"
610590,"Men's/boys' shirts, knitted/crocheted, of other textile materials (excl. of cotton/man-made fibres)",6004F,"Mens,boys shirts -- synthetic fibres"
610610,"Women's/girls' blouses, shirts & shirt-blouses, knitted/crocheted, of cotton",6005O,"Outerwear,accessories,nes -- other fibres"
610620,"Women's/girls' blouses, shirts & shirt-blouses, knitted/crocheted, of man-made fibres",6005O,"Outerwear,accessories,nes -- other fibres"
610690,"Women's/girls' blouses, shirts & shirt-blouses, knitted/crocheted, of textile materials other than cotton/man-made fibres",6005O,"Outerwear,accessories,nes -- other fibres"
610711,"Men's/boys' underpants & briefs, knitted/crocheted, of cotton",6004D,Other under garments -- cotton
610712,"Men's/boys' underpants & briefs, knitted/crocheted, of man-made fibres",6004D,Other under garments -- cotton
610719,"Men's/boys' underpants & briefs, knitted/crocheted, of other textile materials (excl. of cotton/man-made fibres)",6004D,Other under garments -- cotton
610721,"Men's/boys' nightshirts & pyjamas, knitted/crocheted, of cotton",6004D,Other under garments -- cotton
610722,"Men's/boys' nightshirts & pyjamas, knitted/crocheted, of man-made fibres",6004D,Other under garments -- cotton
610729,"Men's/boys' nightshirts & pyjamas, knitted/crocheted, of other textile materials (excl. of cotton/man-made fibres)",6004D,Other under garments -- cotton
610791,"Men's/boys' bathrobes, dressing gowns & similar articles, knitted/crocheted, of cotton",6005O,"Outerwear,accessories,nes -- other fibres"
610799,"Men's/boys' bathrobes, dressing gowns & similar articles, of other textile materials, not of cotton, knitted/crocheted.",6005O,"Outerwear,accessories,nes -- other fibres"
610811,"Women's/girls' slips & petticoats, knitted/crocheted, of man-made fibres",6004D,Other under garments -- cotton
610819,"Women's/girls' slips & petticoats, knitted/crocheted, of textile materials other than man-made fibres",6004D,Other under garments -- cotton
610821,"Women's/girls' briefs & panties, knitted/crocheted, of cotton",6004D,Other under garments -- cotton
610822,"Women's/girls' briefs & panties, knitted/crocheted, of man-made fibres",6004D,Other under garments -- cotton
610829,"Women's/girls' briefs & panties, knitted/crocheted, of textile materials other than cotton/man-made fibres",6004D,Other under garments -- cotton
610831,"Women's/girls' nightdresses & pyjamas, knitted/crocheted, of cotton",6004D,Other under garments -- cotton
610832,"Women's/girls' nightdresses & pyjamas, knitted/crocheted, of man-made fibres",6004D,Other under garments -- cotton
610839,"Women's/girls' nightdresses & pyjamas, knitted/crocheted, of textile materials other than cotton/man-made fibres",6004D,Other under garments -- cotton
610891,"Women's/girls' nTgligTs, bathrobes, dressing gowns & similar articles, knitted/crocheted, of cotton",6005O,"Outerwear,accessories,nes -- other fibres"
610892,"Women's/girls' nTgligTs, bathrobes, dressing gowns & similar articles, knitted/crocheted, of man-made fibres",6005O,"Outerwear,accessories,nes -- other fibres"
610899,"Women's/girls' nTgligTs, bathrobes, dressing gowns & similar articles, knitted/crocheted, of textile materials other than cotton/man-made fibres",6005O,"Outerwear,accessories,nes -- other fibres"
610910,"T-shirts, singlets & other vests, knitted/crocheted, of cotton",6004D,Other under garments -- cotton
610990,"T-shirts, singlets & other vests, knitted/crocheted, other than of cotton",6004D,Other under garments -- cotton
611011,"Jerseys, pullovers, cardigans, waist-coats & similar articles, knitted/crocheted, of wool",6005B,Jerseys etc -- cotton
611012,"Jerseys, pullovers, cardigans, waist-coats & similar articles, knitted/crocheted, of Kashmir (cashmere) goats",6005B,Jerseys etc -- cotton
611019,"Jerseys, pullovers, cardigans, waist-coats & similar articles, knitted/crocheted, of fine animal hair other than of Kashmir (cashmere) goats",6005B,Jerseys etc -- cotton
611020,"Jerseys, pullovers, cardigans, waist-coats & similar articles, knitted/crocheted, of cotton",6005B,Jerseys etc -- cotton
611030,"Jerseys, pullovers, cardigans, waist-coats & similar articles, knitted/crocheted, of man-made fibres",6005B,Jerseys etc -- cotton
611090,"Jerseys, pullovers, cardigans, waist-coats & similar articles, knitted/crocheted, of textile materials other than wool/Kashmir/other fine animal hair/cotton/man-made fibres",6005B,Jerseys etc -- cotton
611120,"Babies' garments & clothing accessories, knitted/crocheted, of cotton",6005L,"Outerwear,accessories,nes -- cotton"
611130,"Babies' garments & clothing accessories, knitted/crocheted, of synthetic fibres",6005L,"Outerwear,accessories,nes -- cotton"
611190,"Babies' garments & clothing accessories, of other textile materials, other than of cotton/synthetic fibres, knitted/crocheted.",6005L,"Outerwear,accessories,nes -- cotton"
611211,"Track suits, knitted/crocheted, of cotton",6005K,"Outerwear,accessories,nes -- wool,fine hair"
611212,"Track suits, knitted/crocheted, of synthetic fibres",6005K,"Outerwear,accessories,nes -- wool,fine hair"
611219,"Track suits, knitted/crocheted, of textile materials other than of cotton/synthetic fibres",6005K,"Outerwear,accessories,nes -- wool,fine hair"
611220,"Ski suits, knitted/crocheted",6005L,"Outerwear,accessories,nes -- cotton"
611231,"Men's/boys' swimwear, knitted/crocheted, of synthetic fibres",6005L,"Outerwear,accessories,nes -- cotton"
611239,"Men's/boys' swimwear, knitted/crocheted, of other textile materials (excl. of synthetic fibres)",6005L,"Outerwear,accessories,nes -- cotton"
611241,"Women's/girls' swimwear, knitted/crocheted, of synthetic fibres",6005N,"Outerwear,accessories,nes -- regenerated fibres"
611249,"Women's/girls' swimwear, knitted/crocheted, of textile materials other than synthetic fibres",6005N,"Outerwear,accessories,nes -- regenerated fibres"
611300,Garments made up of knitted/crocheted fabrics of 59.03/59.06/59.07,6005A,"Jerseys etc -- wool,fine hair"
611420,"Garments, n.e.s., knitted/crocheted, of cotton",6005O,"Outerwear,accessories,nes -- other fibres"
611430,"Garments, n.e.s., knitted/crocheted, of man-made fibres",6005O,"Outerwear,accessories,nes -- other fibres"
611490,"Other garments, n.e.s., of other textile materials, other than of cotton/man-made fibres, knitted/crocheted.",6005O,"Outerwear,accessories,nes -- other fibres"
611510,"Graduated compression hosiery (eg. stockings for varicose veins) & footwear without applied soles, knitted/crocheted.",6003,"Textile clothing accessories nes ---- socks,etc nonelastic"
611521,"Panty hose, tights, stockings, socks & other hosiery, & footwear without applied soles, of synthetic fibres, measuring per single yarn less than 67 decitex, knitted/crocheted.",6004E,Panty hose -- synthetic fibres
611522,"Panty hose, tights, stockings, socks & other hosiery, & footwear without applied soles, of synthetic fibres, measuring per single yarn 67 decitex/more, knitted/crocheted.",6004E,Panty hose -- synthetic fibres
611529,"Panty hose, tights, stockings, socks & other hosiery, & footwear without applied soles, of other textile materials, other than of synthetic fibres, knitted/crocheted.",6004E,Panty hose -- synthetic fibres
611530,"Other women's full-length/knee-length hosiery, measuring per single yarn less than 67 decitex, knitted/crocheted.",6003,"Textile clothing accessories nes ---- socks,etc nonelastic"
611594,"Other n.e.s. in 61.15, knitted/crocheted, of wool/fine animal hair.",6003,"Textile clothing accessories nes ---- socks,etc nonelastic"
611595,"Other n.e.s. in 61.15, knitted/crocheted, of cotton.",6003,"Textile clothing accessories nes ---- socks,etc nonelastic"
611596,"Other n.e.s. in 61.15, knitted/crocheted, of synthetic fibres.",6003,"Textile clothing accessories nes ---- socks,etc nonelastic"
611599,"Other n.e.s. in 61.15, knitted/crocheted, of other textile materials.",6003,"Textile clothing accessories nes ---- socks,etc nonelastic"
611610,"Gloves, mittens & mitts, knitted/crocheted, impregnated/coated/covered with plastics/rubber",6002,"Textile clothing accessories nes ---- gloves,etc nonelastic"
611691,"Gloves, mittens & mitts, knitted/crocheted, other than those impregnated/coated/covered with plastics/rubber, of wool/fine animal hair",6002,"Textile clothing accessories nes ---- gloves,etc nonelastic"
611692,"Gloves, mittens & mitts, knitted/crocheted, other than those impregnated/coated/covered with plastics/rubber, of cotton",6002,"Textile clothing accessories nes ---- gloves,etc nonelastic"
611693,"Gloves, mittens & mitts, knitted/crocheted, other than those impregnated/coated/covered with plastics/rubber, of synthetic fibres",6002,"Textile clothing accessories nes ---- gloves,etc nonelastic"
611699,"Gloves, mittens & mitts, knitted/crocheted, other than those impregnated/coated/covered with plastics/rubber, of textile materials other than wool/fine animal hair/cotton/synthetic fibres",6002,"Textile clothing accessories nes ---- gloves,etc nonelastic"
611710,"Shawls, scarves, mufflers, mantillas, veils & the like, knitted/crocheted",6106,"Textile clothing accessories nes ---- shawls,veils etc"
611780,"Other made up clothing accessories, other than shawls/scarve/mufflers/mantillas/veils, knitted/crocheted; ",6111,Textile clothing accessories nes ---- made up accessories nes
611790,knitted/crocheted parts of garments/clothing accessories,6111,Textile clothing accessories nes ---- made up accessories nes
620111,"Men's/boys overcoats, raincoats, car coats, capes, cloaks & similar articles (excl. of 62.03), of wool/fine animal hair",6101B,"Overcoat,other,men's -- wool,fine hair,not-knitted"
620112,"Men's/boys overcoats, raincoats, car coats, capes, cloaks & similar articles (excl. of 62.03), of cotton",6101C,"Overcoat,other,men's -- other fibrres,not-knitted"
620113,"Men's/boys overcoats, raincoats, car coats, capes, cloaks & similar articles (excl. of 62.03), of man-made fibres",6101C,"Overcoat,other,men's -- other fibrres,not-knitted"
620119,"Men's/boys overcoats, raincoats, car coats, capes, cloaks & similar articles (excl. of 62.03), of other textile materials (excl. of 6201.11-6201.13)",6101C,"Overcoat,other,men's -- other fibrres,not-knitted"
620191,"Men's/boys', anoraks (incl. ski-jackets), wind-cheaters, wind-jackets & similar articles (excl. of 62.03), of wool/fine animal hair",6101A,"Garments,waterproof fabrics,men's,not-knitted"
620192,"Men's/boys', anoraks (incl. ski-jackets), wind-cheaters, wind-jackets & similar articles (excl. of 62.03), of cotton",6101A,"Garments,waterproof fabrics,men's,not-knitted"
620193,"Men's/boys', anoraks (incl. ski-jackets), wind-cheaters, wind-jackets & similar articles (excl. of 62.03), of man-made fibres",6101A,"Garments,waterproof fabrics,men's,not-knitted"
620199,"Men's/boys', anoraks (incl. ski-jackets), wind-cheaters, wind-jackets & similar articles (excl. of 62.03), of other textile materials (excl. of 6201.91-6201.93)",6101A,"Garments,waterproof fabrics,men's,not-knitted"
620211,"Women's/girls' overcoats, raincoats, car-coats, capes, cloaks & similar articles, of wool/fine animal hair",6102B,"Coat & jackt,women's -- wool,fine hair,not-knitted"
620212,"Women's/girls' overcoats, raincoats, car-coats, capes, cloaks & similar articles, of cotton",6102B,"Coat & jackt,women's -- wool,fine hair,not-knitted"
620213,"Women's/girls' overcoats, raincoats, car-coats, capes, cloaks & similar articles, of man-made fibres",6102B,"Coat & jackt,women's -- wool,fine hair,not-knitted"
620219,"Women's/girls' overcoats, raincoats, car-coats, capes, cloaks & similar articles, of textile materials other than wool/fine animal hair/cotton/man-made fibres",6102B,"Coat & jackt,women's -- wool,fine hair,not-knitted"
620291,"Women's/girls' anoraks (incl. ski-jackets), wind-cheaters, wind-jackets & similar articles (excl. of 62.04), of wool/fine animal hair",6102A,"Garm,waterproof fab,women's,not-knitted"
620292,"Women's/girls' anoraks (incl. ski-jackets), wind-cheaters, wind-jackets & similar articles (excl. of 62.04), of cotton",6102A,"Garm,waterproof fab,women's,not-knitted"
620293,"Women's/girls' anoraks (incl. ski-jackets), wind-cheaters, wind-jackets & similar articles (excl. of 62.04), of man-made fibres",6102A,"Garm,waterproof fab,women's,not-knitted"
620299,"Women's/girls' anoraks (incl. ski-jackets), wind-cheaters, wind-jackets & similar articles (excl. of 62.04), of textile materials other than wool/fine animal hair/cotton/man-made fibres",6102A,"Garm,waterproof fab,women's,not-knitted"
620311,"Men's/boys' suits (excl. knitted/crocheted), of wool/fine animal hair",6101D,"Suits,men's -- wool,fine hair,not-knitted"
620312,"Men's/boys' suits (excl. knitted/crocheted), of synthetic fibres",6101F,"Suits,men's -- man-made fibres,not-knitted"
620319,"Men's/boys' suits (excl. knitted/crocheted), of other textile materials (excl. of wool/fine animal hair/synthetic fibres)",6101F,"Suits,men's -- man-made fibres,not-knitted"
620322,"Men's/boys' ensembles (excl. knitted/crocheted), of cotton",6101P,"Other outer garments,men's -- wool,fine hair,not-knitted"
620323,"Men's/boys' ensembles (excl. knitted/crocheted), of synthetic fibres",6101P,"Other outer garments,men's -- wool,fine hair,not-knitted"
620329,"Men's/boys' ensembles (excl. knitted/crocheted), of other textile materials, other than of synthetic fibres/cotton.",6101P,"Other outer garments,men's -- wool,fine hair,not-knitted"
620331,"Men's/boys' jackets & blazers (excl. knitted/crocheted), of wool/fine animal hair",6101L,"Jackets,etc,men's -- wool,fine hair,not-knitted"
620332,"Men's/boys' jackets & blazers (excl. knitted/crocheted), of cotton",6101L,"Jackets,etc,men's -- wool,fine hair,not-knitted"
620333,"Men's/boys' jackets & blazers (excl. knitted/crocheted), of synthetic fibres",6101L,"Jackets,etc,men's -- wool,fine hair,not-knitted"
620339,"Men's/boys' jackets & blazers (excl. knitted/crocheted), of other textile materials (excl. of 6203.31-6203.33)",6101L,"Jackets,etc,men's -- wool,fine hair,not-knitted"
620341,"Men's/boys' trousers, bib & brace overalls, breeches & shorts (excl. swimwear; excl. knitted/crocheted), of wool/fine animal hair",6101H,"Trousers,etc,men's -- wool,fine hair,not-knitted"
620342,"Men's/boys' trousers, bib & brace overalls, breeches & shorts (excl. swimwear; excl. knitted/crocheted), of cotton",6101H,"Trousers,etc,men's -- wool,fine hair,not-knitted"
620343,"Men's/boys' trousers, bib & brace overalls, breeches & shorts (excl. swimwear; excl. knitted/crocheted), of synthetic fibres",6101H,"Trousers,etc,men's -- wool,fine hair,not-knitted"
620349,"Men's/boys' trousers, bib & brace overalls, breeches & shorts (excl. swimwear; excl. knitted/crocheted), of other textile materials (excl. of 6203.41-6203.43)",6101H,"Trousers,etc,men's -- wool,fine hair,not-knitted"
620411,"Women's/girls' suits (excl. knitted/crocheted), of wool/fine animal hair",6102F,"Suit & costm,women's -- wool,fine hair,not-knitted"
620412,"Women's/girls' suits (excl. knitted/crocheted), of cotton",6102F,"Suit & costm,women's -- wool,fine hair,not-knitted"
620413,"Women's/girls' suits (excl. knitted/crocheted), of synthetic fibres",6102F,"Suit & costm,women's -- wool,fine hair,not-knitted"
620419,"Women's/girls' suits (excl. knitted/crocheted), of textile materials other than wool/fine animal hair/cotton/synthetic fibres",6102F,"Suit & costm,women's -- wool,fine hair,not-knitted"
620421,"Women's/girls' ensembles (excl. knitted/crocheted), of wool/fine animal hair",6102U,"Other out garm,women's -- wool,fine hair,not-knitted"
620422,"Women's/girls' ensembles (excl. knitted/crocheted), of cotton",6102U,"Other out garm,women's -- wool,fine hair,not-knitted"
620423,"Women's/girls' ensembles (excl. knitted/crocheted), of synthetic fibres",6102U,"Other out garm,women's -- wool,fine hair,not-knitted"
620429,"Women's/girls' ensembles (excl. knitted/crocheted), of textile materials other than wool/fine animal hair/cotton",6102U,"Other out garm,women's -- wool,fine hair,not-knitted"
620431,"Women's/girls' jackets & blazers (excl. knitted/crocheted), of wool/fine animal hair",6102C,"Coat & jackt,women's -- cotton,not-knitted"
620432,"Women's/girls' jackets & blazers (excl. knitted/crocheted), of cotton",6102C,"Coat & jackt,women's -- cotton,not-knitted"
620433,"Women's/girls' jackets & blazers (excl. knitted/crocheted), of synthetic fibres",6102C,"Coat & jackt,women's -- cotton,not-knitted"
620439,"Women's/girls' jackets & blazers (excl. knitted/crocheted), of textile materials other than wool/fine animal hair/cotton/synthetic fibres",6102C,"Coat & jackt,women's -- cotton,not-knitted"
620441,"Women's/girls' dresses (excl. knitted/crocheted), of wool/fine animal hair",6102J,"Dresses,women's -- wool,fine hair,not-knitted"
620442,"Women's/girls' dresses (excl. knitted/crocheted), of cotton",6102J,"Dresses,women's -- wool,fine hair,not-knitted"
620443,"Women's/girls' dresses (excl. knitted/crocheted), of synthetic fibres",6102J,"Dresses,women's -- wool,fine hair,not-knitted"
620444,"Women's/girls' dresses (excl. knitted/crocheted), of artificial fibres",6102J,"Dresses,women's -- wool,fine hair,not-knitted"
620449,"Women's/girls' dresses (excl. knitted/crocheted), of textile materials other than wool/fine animal hair/cotton/synthetic fibres/artificial fibres",6102J,"Dresses,women's -- wool,fine hair,not-knitted"
620451,"Women's/girls' skirts & divided skirts (excl. knitted/crocheted), of wool/fine animal hair",6102N,"Skirts,women's -- wool,fine hair,not-knitted"
620452,"Women's/girls' skirts & divided skirts (excl. knitted/crocheted), of cotton",6102N,"Skirts,women's -- wool,fine hair,not-knitted"
620453,"Women's/girls' skirts & divided skirts (excl. knitted/crocheted), of synthetic fibres",6102N,"Skirts,women's -- wool,fine hair,not-knitted"
620459,"Women's/girls' skirts & divided skirts (excl. knitted/crocheted), of textile materials other than wool/fine animal hair/cotton/synthetic fibres",6102N,"Skirts,women's -- wool,fine hair,not-knitted"
620461,"Women's/girls', trousers, bib & brace overalls, breeches & shorts (excl. swimwear; excl. knitted/crocheted), of wool/fine animal hair",6102V,"Other out garm,women's -- cotton,not-knitted"
620462,"Women's/girls', trousers, bib & brace overalls, breeches & shorts (excl. swimwear; excl. knitted/crocheted), of cotton",6102V,"Other out garm,women's -- cotton,not-knitted"
620463,"Women's/girls', trousers, bib & brace overalls, breeches & shorts (excl. swimwear; excl. knitted/crocheted), of synthetic fibres",6102V,"Other out garm,women's -- cotton,not-knitted"
620469,"Women's/girls', trousers, bib & brace overalls, breeches & shorts (excl. swimwear; excl. knitted/crocheted), of textile materials other than wool/fine animal hair/cotton/synthetic fibres",6102V,"Other out garm,women's -- cotton,not-knitted"
620520,"Men's/boys' shirts (excl. knitted/crocheted), of cotton",6103A,"Shirts,men's & boys' -- cotton,not knitted"
620530,"Men's/boys' shirts (excl. knitted/crocheted), of man-made fibres",6103B,"Shirts,men's & boys' -- synthetic fibres,not knitted"
620590,"Men's/boys' shirts (exclud. knitted/crocheted), of other textile materials, other than of cotton/man-made fibres.",6103B,"Shirts,men's & boys' -- synthetic fibres,not knitted"
620610,"Women's/girls' blouses, shirts & shirt-blouses (excl. knitted/crocheted), of silk/silk waste",6102R,"Blouses,women's -- wool,fine hair,not-knitted"
620620,"Women's/girls' blouses, shirts & shirt-blouses (excl. knitted/crocheted), of wool/fine animal hair",6102R,"Blouses,women's -- wool,fine hair,not-knitted"
620630,"Women's/girls' blouses, shirts & shirt-blouses (excl. knitted/crocheted), of cotton",6102R,"Blouses,women's -- wool,fine hair,not-knitted"
620640,"Women's/girls' blouses, shirts & shirt-blouses (excl. knitted/crocheted), of man-made fibres",6102R,"Blouses,women's -- wool,fine hair,not-knitted"
620690,"Women's/girls' blouses, shirts & shirt-blouses (excl. knitted/crocheted), of textile materials other than silk/silk waste/wool/fine animal hair/cotton/man-made fibres",6102R,"Blouses,women's -- wool,fine hair,not-knitted"
620711,"Men's/boys' underpants & briefs (excl. knitted/crocheted), of cotton",6103D,"Under garments nes,men's & boys' -- cotton,not knitted"
620719,"Men's/boys' underpants & briefs (excl. knitted/crocheted), of other textile materials (excl. of cotton)",6103D,"Under garments nes,men's & boys' -- cotton,not knitted"
620721,"Men's/boys' nightshirts & pyjamas (excl. knitted/crocheted), of cotton",6103E,"Under garments nes,men's & boys' -- synthetic,not knitted"
620722,"Men's/boys' nightshirts & pyjamas (excl. knitted/crocheted), of man-made fibres",6103E,"Under garments nes,men's & boys' -- synthetic,not knitted"
620729,"Men's/boys' nightshirts & pyjamas (excl. knitted/crocheted), of other textile materials (excl. of cotton/man-made fibres)",6103E,"Under garments nes,men's & boys' -- synthetic,not knitted"
620791,"Men's/boys' singlets & other vests, bathrobes, dressing gowns & similar articles (excl. knitted/crocheted), of cotton",6103F,"Under garments nes,men's & boys' -- other,not knitted"
620799,"Men's/boys' singlets & other vests, bathrobes, dressing gowns & similar articles (excl. knitted/crocheted), of other textil materials, not of cotton",6103F,"Under garments nes,men's & boys' -- other,not knitted"
620811,"Women's/girls' slips & petticoats (excl. knitted/crocheted), of man-made fibres",6104A,"Under garments,women's & girls' -- cottn,not knitted"
620819,"Women's/girls' slips & petticoats (excl. knitted/crocheted), of textile materials other than man-made fibres",6104A,"Under garments,women's & girls' -- cottn,not knitted"
620821,"Women's/girls' nightdresses & pyjamas (excl. knitted/crocheted), of cotton",6104B,"Under garments,women's & girls' -- synthetic fibres,not knitted"
620822,"Women's/girls' nightdresses & pyjamas (excl. knitted/crocheted), of man-made fibres",6104B,"Under garments,women's & girls' -- synthetic fibres,not knitted"
620829,"Women's/girls' nightdresses & pyjamas (excl. knitted/crocheted), of textile materials other than cotton/man-made fibrs",6104B,"Under garments,women's & girls' -- synthetic fibres,not knitted"
620891,"Women's/girls' singlets & other vests, briefs, panties, nTgligTs, bathrobes, dressing gowns & similar articles (excl. of 3208.11-3208.29; excl. knitted/crocheted), of cotton",6102W,"Other out garm,women's -- man-made fibres,not-knitted"
620892,"Women's/girls' singlets & other vests, briefs, panties, nTgligTs, bathrobes, dressing gowns & similar articles (excl. of 3208.11-3208.29; excl. knitted/crocheted), of man-made fibres",6102W,"Other out garm,women's -- man-made fibres,not-knitted"
620899,"Women's/girls' singlets & other vests, briefs, panties, nTgligTs, bathrobes, dressing gowns & similar articles (excl. of 3208.11-3208.29; excl. knitted/crocheted),of textile materialsother than cotton/man-made fibres",6102W,"Other out garm,women's -- man-made fibres,not-knitted"
620920,"Babies' garments & clothing accessories (excl. knitted/crocheted), of cotton",6102X,"Other out garm,women's -- other fibres,not-knitted"
620930,"Babies' garments & clothing accessories (excl. knitted/crocheted), of synthetic fibres",6102X,"Other out garm,women's -- other fibres,not-knitted"
620990,"Babies' garments & clothing accessories (excl. knitted/crocheted), of other textile materials, other than of synthetic Fibres/cotton.",6102X,"Other out garm,women's -- other fibres,not-knitted"
621010,Garments made up of fabrics of 56.02/56.03,6102A,"Garm,waterproof fab,women's,not-knitted"
621020,"Garments made up of fabrics of 59.03/59.06/59.07, of the type desc. in 6201.11-6201.19",6101Q,"Other outer garments,men's -- cotton,not-knitted"
621030,"Garments made up of fabrics of 59.03/59.06/59.07, of the type desc. in 6202.11-6202.19",6102U,"Other out garm,women's -- wool,fine hair,not-knitted"
621040,"Men's/boys' garments made up of fabrics of 59.03/59.06/59.07, n.e.s.",6101Q,"Other outer garments,men's -- cotton,not-knitted"
621050,"Women's/girls' garments made up of fabrics of 59.03/59.06/59.07, n.e.s.",6102U,"Other out garm,women's -- wool,fine hair,not-knitted"
621111,"Swimwear (excl. knitted/crocheted), men's/boys'",6101R,"Other outer garments,men's -- man-made fibres,not-knitted"
621112,"Swimwear (excl. knitted/crocheted), women's/girls'",6102V,"Other out garm,women's -- cotton,not-knitted"
621120,Ski suits (excl. knitted/crocheted),6102W,"Other out garm,women's -- man-made fibres,not-knitted"
621132,"Track suits (excl. knitted/crocheted), men's/boys'; other garments, n.e.s. (excl. knitted/crocheted), men's/boys', of cotton",6101S,"Other outer garments,men's -- other fibres,not-knitted"
621133,"Track suits (excl. knitted/crocheted), men's/boys'; other garments, n.e.s. (excl. knitted/crocheted), men's/boys', of man-made fibres",6101S,"Other outer garments,men's -- other fibres,not-knitted"
621139,"Track suits (excl. knitted/crocheted), men's/boys'; other garments, n.e.s. (excl. knitted/crocheted), men's/boys', of other textile materials, other than of cotton/man-made fibres.",6101S,"Other outer garments,men's -- other fibres,not-knitted"
621141,"Track suits (excl. knitted/crocheted), women's/girls'; other garments, n.e.s. (excl. knitted/crocheted), women's/girls', of wool/fine animal hair",6102X,"Other out garm,women's -- other fibres,not-knitted"
621142,"Track suits (excl. knitted/crocheted), women's/girls'; other garments, n.e.s. (excl. knitted/crocheted), women's/girls', of cotton",6102X,"Other out garm,women's -- other fibres,not-knitted"
621143,"Track suits (excl. knitted/crocheted), women's/girls'; other garments, n.e.s. (excl. knitted/crocheted), women's/girls', of man-made fibres",6102X,"Other out garm,women's -- other fibres,not-knitted"
621149,"Track suits (excl. knitted/crocheted), women's/girls'; other garments, n.e.s. (excl. knitted/crocheted), women's/girls', other than of wool/fine animal hair/cotton/man-made fibres",6102X,"Other out garm,women's -- other fibres,not-knitted"
621210,"BrassiFres & parts thereof , whether/not knitted/crocheted",6109A,Brassieres
621220,"Girdles & panty-girdles & parts thereof , whether/not knitted/crocheted",6109B,"Corsets,braces etc"
621230,"Corselettes & parts thereof , whether/not knitted/crocheted",6109B,"Corsets,braces etc"
621290,"Braces, suspenders, garters & similar articles & parts thereof , whether/not knitted/crocheted",6109B,"Corsets,braces etc"
621320,"Handkerchiefs, of cotton",6105,Textile clothing accessories nes ---- handkerchiefs
621390,"Handkerchiefs, of other textile materials, not of cotton.",6105,Textile clothing accessories nes ---- handkerchiefs
621410,"Shawls, scarves, mufflers, mantillas, veils & the like (excl. knitted/crocheted), of silk/silk waste",6106,"Textile clothing accessories nes ---- shawls,veils etc"
621420,"Shawls, scarves, mufflers, mantillas, veils & the like (excl. knitted/crocheted), of wool/fine animal hair",6106,"Textile clothing accessories nes ---- shawls,veils etc"
621430,"Shawls, scarves, mufflers, mantillas, veils & the like (excl. knitted/crocheted), of synthetic fibres",6106,"Textile clothing accessories nes ---- shawls,veils etc"
621440,"Shawls, scarves, mufflers, mantillas, veils & the like (excl. knitted/crocheted), of artificial fibres",6106,"Textile clothing accessories nes ---- shawls,veils etc"
621490,"Shawls, scarves, mufflers, mantillas, veils & the like (excl. knitted/crocheted), of textile materials other than silk/silk waste/wool/fine animal hair/synthetic fibres/artificial fibres",6106,"Textile clothing accessories nes ---- shawls,veils etc"
621510,"Ties, bow ties & cravats (excl. knitted/crocheted), of silk/silk waste",6107,"Textile clothing accessories nes ---- ties,cravats,etc"
621520,"Ties, bow ties & cravats (excl. knitted/crocheted), of man-made fibres",6107,"Textile clothing accessories nes ---- ties,cravats,etc"
621590,"Ties, bow ties & cravats (excl. knitted/crocheted), of textile materials other than silk/silk waste/man-made fibres",6107,"Textile clothing accessories nes ---- ties,cravats,etc"
621600,"Gloves, mittens & mitts (excl. knitted/crocheted)",6110,"Textile clothing accessories nes ---- gloves,socks,etc"
621710,"Made up clothing accessories (excl. knitted/crocheted), n.e.s.",6103B,"Shirts,men's & boys' -- synthetic fibres,not knitted"
621790,Parts of garments/clothing accessories (excl. knitted/crocheted; excl. of 62.12),6103B,"Shirts,men's & boys' -- synthetic fibres,not knitted"
630110,Electric blankets,6201A,Electric blankets
630120,"Blankets (excl. electric) & travelling rugs, of wool/of fine animal hair",6201B,Blankets etc non electric -- of wool or fine hair
630130,"Blankets (excl. electric) & travelling rugs, of cotton",6201C,Blankets etc non electric -- of cotton
630140,"Blankets (excl. electric) & travelling rugs, of synthetic fibres",6201D,Blankets etc non electric -- of syntheticetic fibres
630190,Blankets (excl. electric) & travelling rugs other than of wool/fine animal hair/cotton/synthetic fibres,6201E,Blankets etc non electric -- of other fibres
630210,"Bed linen, knitted/crocheted",6005P,Knitted etc articles nes
630221,"Bed linen (excl. knitted/crocheted), printed, of cotton",6202A,Bed linen of cotton
630222,"Bed linen (excl. knitted/crocheted), printed, of man-made fibres",6202B,Bed linen of other fibres
630229,"Bed linen (excl. knitted/crocheted), printed, of textile materials other than cotton/man-made fibres",6202B,Bed linen of other fibres
630231,"Bed linen (excl. knitted/crocheted), of cotton (excl. printed)",6202A,Bed linen of cotton
630232,"Bed linen (excl. knitted/crocheted), of man-made fibres (excl. printed)",6202B,Bed linen of other fibres
630239,"Bed linen (excl. knitted/crocheted), of textile materials other than cotton/man-made fibres (excl. printed)",6202B,Bed linen of other fibres
630240,"Table linen, knitted/crocheted",6005P,Knitted etc articles nes
630251,"Table linen (excl. knitted/crocheted), of cotton",6202C,Table linen of cotton
630253,"Table linen (excl. knitted/crocheted), of man-made fibres",6202D,Table linen of other fibre
630259,"Table linen (excl. knitted/crocheted), of other textile materials, other than of man-made fibres/cotton",6202D,Table linen of other fibre
630260,"Toilet linen & kitchen linen, of terry towelling/similar terry fabrics, of cotton",6202E,Other linen of cotton
630291,"Toilet linen & kitchen linen other than of terry fabrics, of cotton",6202E,Other linen of cotton
630293,"Toilet linen & kitchen linen other than of terry fabrics, of man-made fibres",6202F,Other linen of other fibre
630299,"Toilet linen & kitchen linen of other textile materials, other than of terry fabrics/man-made fibres/cotton.",6202F,Other linen of other fibre
630312,"Curtains (incl. drapes) & interior blinds, knitted/crocheted; curtain/bed valances, knitted/crocheted, of synthetic fibres",6202H,Other furnishing articles of other fibres
630319,"Curtains (incl. drapes) & interior blinds, knitted/crocheted; curtain/bed valances, knitted/crocheted, of other textile materials, other than of synthetic fibres",6202H,Other furnishing articles of other fibres
630391,"Curtains (incl. drapes) & interior blinds (excl. knitted/crocheted); curtain/bed valances, not knitted/crocheted, of cotton",6202H,Other furnishing articles of other fibres
630392,"Curtains (incl. drapes) & interior blinds (excl. knitted/crocheted); curtain/bed valances, not knitted/crocheted, of synthetic fibres",6202H,Other furnishing articles of other fibres
630399,"Curtains (incl. drapes) & interior blinds (excl. knitted/crocheted); curtain/bed valances, not knitted/crocheted, of textile materials other than cotton/synthetic fibres",6202H,Other furnishing articles of other fibres
630411,"Bedspreads, knitted/crocheted",6202H,Other furnishing articles of other fibres
630419,Bedspreads other than knitted/crocheted,6202H,Other furnishing articles of other fibres
630491,"Textile furnishing articles other than bedspreads (excl. of 94.04), knitted/crocheted",6005P,Knitted etc articles nes
630492,"Textile furnishing articles other than bedspreads (excl. of 94.04), not knitted/crocheted, of cotton",6005P,Knitted etc articles nes
630493,"Textile furnishing articles other than bedspreads (excl. of 94.04), not knitted/crocheted, of synthetic fibres",6005P,Knitted etc articles nes
630499,"Textile furnishing articles other than bedspreads (excl. of 94.04), not knitted/crocheted, of textile materials other than cotton/synthetic fibres",6005P,Knitted etc articles nes
630510,"Sacks & bags, of a kind used for the packing of goods, of jute/of other textile bast fibres of 53.03",6203,"Bags,sacks of textiles"
630520,"Sacks & bags, of a kind used for the packing of goods, of cotton",6203,"Bags,sacks of textiles"
630532,"Flexible intermediate bulk containters of a kind used for the packing of goods, of man-made textile materials",6203,"Bags,sacks of textiles"
630533,"Sacks & bags, of a kind used for the packing of goods, of polyethylene/polypropylene strip/the like",6203,"Bags,sacks of textiles"
630539,"Sacks & bags, of a kind used for the packing of goods, of man-made textile materials (excl. of 6305.32 & 6305.33)",6203,"Bags,sacks of textiles"
630590,"Sacks & bags, of a kind used for the packing of goods, of other textile materials (excl. of 6305.10-6305.39)",6203,"Bags,sacks of textiles"
630612,"Tarpaulins, awnings & sunblinds, of synthetic fibres",6204A,Made-up canvas goods -- of cotton
630619,"Tarpaulins, awnings & sunblinds, of other textile materials, other than of synthetic fibres",6204A,Made-up canvas goods -- of cotton
630622,"Tents, of synthetic fibres",6204B,Made-up canvas goods -- other than of cotton
630629,"Tents, Of other textile materials, other than of synthetic fibres",6204B,Made-up canvas goods -- other than of cotton
630630,Sails,6204B,Made-up canvas goods -- other than of cotton
630640,Pneumatic mattresses,6204B,Made-up canvas goods -- other than of cotton
630691,"Camping goods (excl. of 6306.41), of cotton",6204B,Made-up canvas goods -- other than of cotton
630699,"Camping goods (excl. of 6306.49), of textile materials other than cotton",6204B,Made-up canvas goods -- other than of cotton
630710,"Floor-cloths, dish-cloths, dusters & similar cleaning cloths",6005P,Knitted etc articles nes
630720,Life-jackets & life-belts,6205,Other made up textile articles
630790,"Other made-up textile articles, incl. dress patterns, n.e.s.",6205,Other made up textile articles
630800,"Sets consisting of woven fabric & yarn, whether/not with accessories, for making up into rugs/tapestries/embroidered table cloths/serviettes,/similar textile articles, put up in packings for retail sale.",5607J,Discontinuous regenerated blend fabrics nes -- with textile fibres nes
630900,Worn clothing & other worn articles,6301,"Used clothing, furnishing articles"
631010,"Used/new rags, scrap twine, cordage, rope & cables & worn out articles of twine/cordage/rope/cables, of textile materials, sorted",6302,"Used or new rags, scrap twine"
631090,"Used/new rags, scrap twine, cordage, rope & cables & worn out articles of twine/cordage/rope/cables, of textile materials (excl. sorted)",6302,"Used or new rags, scrap twine"
640110,Waterproof footwear with outer soles & uppers of rubber/plastics...incorporating a protective metal toe-cap,6401,Footwear with outer soles and uppers of rubber
640192,Waterproof footwear with outer soles & uppers of rubber/plastics (excl. of 6401.10)...covering the ankle but not covering the knee,6401,Footwear with outer soles and uppers of rubber
640199,"Other Waterproof footwear with outer soles & uppers of rubber/plastics (excld. of 6401.10), other n.e.s. in 64.01",6401,Footwear with outer soles and uppers of rubber
640212,"Ski-boots, cross-country ski footwear & snowboard boots, with outer soles & uppers of rubber/plastics",6401,Footwear with outer soles and uppers of rubber
640219,"Sports footwear other than ski-boots/cross-country ski footwear/snowboard boots, with outer soles & uppers of rubber/plastics",6401,Footwear with outer soles and uppers of rubber
640220,"Footwear with outer soles & uppers of rubber/plastics, with upper straps/thongs assembled to the sole by means of plugs",6401,Footwear with outer soles and uppers of rubber
640291,"Other footwear with outer soles & uppers of rubber/plastics, covering the ankle.",6401,Footwear with outer soles and uppers of rubber
640299,"Other footwear with outer soles & uppers of rubber/plastics, not covering the ankle.",6401,Footwear with outer soles and uppers of rubber
640312,"Ski-boots, cross-country ski footwear & snowboard boots, with outer soles of rubber/plastics/leather/composition leather & uppers of leather",6402,Footwear leather
640319,"Sports footwear other than ski-boots/cross-country ski footwear/snowboard boots, with outer soles of rubber/plastics/leather/composition leather & uppers of leather",6402,Footwear leather
640320,Footwear with outer soles of leather & uppers which consist of leather straps across the instep & around the big toe,6402,Footwear leather
640340,Footwear (excl. waterproof) incorporating a protective metal toe-cap (excl. of 6401.10 & 6402.30),6402,Footwear leather
640351,"Footwear (excl. waterproof) with outer soles & uppers of leather, covering the ankle (excl. of 6403.12-6403.40)",6402,Footwear leather
640359,"Footwear (excl. waterproof) with outer soles & uppers of leather, other than that covering the ankle (excl. of 6403.12-6403.51)",6402,Footwear leather
640391,"Other footwear without outer soles of  leather, covering the ankle.",6402,Footwear leather
640399,"Other footwear without  outer soles of  leather, not covering the ankle.",6402,Footwear leather
640411,"Sports footwear; tennis shoes, basketball shoes, gym shoes, training shoes & the like, with outer soles of rubber/plastics & uppers of textile materials",6402,Footwear leather
640419,Footwear (excl. waterproof) with outer soles of rubber/plastics & uppers of textile materials (excl. of 6404.11),6402,Footwear leather
640420,Footwear with outer soles of leather/composition leather & uppers of textile materials,6402,Footwear leather
640510,"Footwear with uppers of leather/composition leather, n.e.s.",6403,Footwear with outer soles of wood or cork
640520,"Footwear with uppers of textile materials, n.e.s.",6404,Footwear with outer soles of other materials
640590,"Footwear other than with uppers of leather/composition leather/textile materials, n.e.s.",6402,Footwear leather
640610,"Uppers & parts thereof (excl. stiffeners), whether/not attached to soles other than outer soles",6405,Parts of footwear of any material except metal
640620,"Outer soles & heels, of rubber/plastics",6405,Parts of footwear of any material except metal
640691,"Parts of footwear (excl. of 6406.10 & 6406.20), of wood",6405,Parts of footwear of any material except metal
640699,"Removable insoles, heel cushions & similar articles; gaiters, leggings & similar articles, & parts thereof",6405,Parts of footwear of any material except metal
650100,"Hat-forms, hat bodies & hoods of felt, neither blocked to shape/with made brims; plateaux & manchons (incl. slit manchons), of felt",6501,"Hat-forms, hat bodies, of felt"
650200,"Hat-shapes, plaited/made by assembling strips of any material, neither blocked to shape/with made brims/lined/trimmed",6502,Hat bodies nes
650400,"Hats & other headgear, plaited/made by assembling strips of any material, whether/not lined/trimmed",6504,Hats and other headgear
650510,"Hair-nets of any material, whether/not lined/trimmed",6505,"Hats and headgear, knitted or crocheted"
650590,"Other hats & other headgear, knitted/crocheted,/made up from lace, felt/other textile fabric, whether/not lined/trimmed; other than hair-nets.",6505,"Hats and headgear, knitted or crocheted"
650610,"Safety headgear, whether/not lined/trimmed",6506,Other headgear
650691,"Headgear, other than safety headgear, of rubber/plastics, whether/not PURS/not lined/trimmed (excl. of 6506.10)",6506,Other headgear
650699,"Headgear, other than safety headgear, of other materials, other than of rubber/plastics, whether/not PURS/not lined/trimmed (excl. of 6506.10)",6506,Other headgear
650700,"Head-bands, linings, covers, hat foundations, hat frames, peaks & chinstraps, for headgear",6507,"Head-bands etc., peaks and chinstraps"
660110,Garden/similar umbrellas,6601,Umbrellas and sunshades
660191,"Umbrellas & sun umbrellas (excl. of 6601.10), having a telescopic shaft",6601,Umbrellas and sunshades
660199,"Umbrellas & sun umbrellas (excl. of 6601.10 & 6610.91), incl. walking-stick umbrellas",6601,Umbrellas and sunshades
660200,"Walking-sticks, seat-sticks, whips, riding-crops & the like",6602,"Walking-sticks, canes, whips"
660320,"Umbrella frames, incl. frames mounted on shafts (sticks)",6603,"Parts, and accessories of articles of cccn 6601 & 6602"
660390,"Other parts, trimmings & accessories of articles of heading 66.01/66.02., other than umbrella frames, incl. frames mounted on shafts (sticks)",6603,"Parts, and accessories of articles of cccn 6601 & 6602"
670100,"Skins & other parts of birds with their feathers/down, feathers, parts of feathers, down & articles thereof (other than goods of 05.05 & worked quills & scapes)",6701,Parts of birds with feathers
670210,"Artificial flowers, foliage & fruit & parts thereof , of plastics; articles made of artificial flowers/foliage/fruit, of plastics",6702,Artificial flowers etc
670290,"Artificial flowers, foliage & fruit & parts thereof , of materials other than plastics; articles made of artificial flowers/foliage/fruit, of materials other than plastics",6702,Artificial flowers etc
670300,"Human hair, dressed/thinned/bleached/othw. worked; wool/other animal hair/other textile materials, prepared for use in making wigs/the like",6703,"Human hair, dressed"
670411,"Complete wigs, of synthetic textile materials",6704,"Wigs,false beards,etc"
670419,"Wigs other than complete wigs, false beards, eyebrows & eyelashes, switches & the like, of synthetic textile materials",6704,"Wigs,false beards,etc"
670420,"Wigs, false beards, eyebrows & eyelashes, switches & the like, of human hair",6704,"Wigs,false beards,etc"
670490,"Wigs, false beards, eyebrows & eyelashes, switches & the like, of animal hair/of textile materials (excl. synthetic textile materials).; articles of human hair, n.e.s.",6704,"Wigs,false beards,etc"
680100,"Setts, curbstones & flagstones, of natural stone (except slate)",6801,"Flagstones etc,natural stone"
680210,"Tiles, cubes & similar articles, whether/not rectangular (including square), the largest surface area of which is capable of being enclosed in a square the side of which is less than 7 cm; artificially coloured granules, chippings & powder",6802,Worked monumental or building stone
680221,"Worked monumental/building stone & articles thereof (excl. goods of 68.01), simply cut/sawn, with a flat/even surface (excl. of 6802.10), of marble, travertine & alabaster",6802,Worked monumental or building stone
680223,"Worked monumental/building stone & articles thereof (excl. goods of 68.01), simply cut/sawn, with a flat/even surface (excl. of 6802.10), of granite",6802,Worked monumental or building stone
680229,"Worked monumental/building stone & articles thereof (excl. goods of 68.01), simply cut/sawn, with a flat/even surface (excl. of 6802.10), of other stone, other than of granite/marble/travertine/alabaster",6802,Worked monumental or building stone
680291,"Mosaic cubes & the like, of marble/travertine/alabaster, whether/not on a backing; artificially coloured granules, chippings & powder, of marble/travertine/alabaster",6802,Worked monumental or building stone
680292,"Mosaic cubes & the like, of other calcareous stone...whether/not on a backing; artificially coloured granules, chippings & powder",6802,Worked monumental or building stone
680293,"Mosaic cubes & the like, of granite, whether/not on a backing; artificially coloured granules, chippings & powder, of granite",6802,Worked monumental or building stone
680299,"Mosaic cubes & the like, of other natural stone, incl. slateàn.e.s. in heading 68.02, whether/not on a backing; artificially coloured granules, chippings & powder, ",6802,Worked monumental or building stone
680300,Worked slate & articles of slate/agglomerated slate,6803,Worked slate and articles
680410,"Millstones & grindstones for milling/grinding/pulping, without frameworks",6804,"Millstones, grinding wheels"
680421,"Millstones, grindstones, grinding wheels & the like (excl. of 6804.10), without frameworks, of agglomerated synthetic/natural diamond",6804,"Millstones, grinding wheels"
680422,"Millstones, grindstones, grinding wheels & the like (excl. of 6804.10), without frameworks, of other agglomerated abrasives/of ceramics",6804,"Millstones, grinding wheels"
680423,"Millstones, grindstones, grinding wheels & the like (excl. of 6804.10), without frameworks, of natural stone",6804,"Millstones, grinding wheels"
680430,Hand sharpening/polishing stones,6804,"Millstones, grinding wheels"
680510,"Natural/artificial abrasive powder/grain, on a base of woven textile fabric only, whether/not cut to shape/sewn/othw. made up",6806,Abrasive cloths etc
680520,"Natural/artificial abrasive powder/grain, on a base of paper/paperboard only, whether/not cut to shape/sewn/othw. made up",6806,Abrasive cloths etc
680530,"Natural/artificial abrasive powder/grain, on a base of other materials (excl. of 6805.10 & 6805.20), whether/not cut to shape/sewn/othw. made up",6806,Abrasive cloths etc
680610,"Slag wool, rock wool & similar mineral wools (incl. intermixtures thereof ), in bulk/sheets/rolls",6807,Mineral insulating products nes
680620,"Exfoliated vermiculite, expanded clays, foamed slag & similar expanded mineral materials (incl. intermixtures thereof )",6807,Mineral insulating products nes
680690,Mixtures & articles of heat-insulating/sound-insulating/sound-absorbing mineral materials (excl. of 68.11/68.12/Ch.69),6807,Mineral insulating products nes
680710,"Articles of asphalt/similar material (e.g., petroleum bitumen/coal tar pitch), in rolls",6808,Asphalt etc products
680790,"Articles of asphalt/similar material (e.g., petroleum bitumen/coal tar pitch), other than in rolls",6808,Asphalt etc products
680800,"Panels, boards, tiles, blocks & similar articles of vegetable fibre/straw/shavings/chips/particles/sawdust/other waste, of wood, agglomerated with cement/plaster/other mineral binders",6809,Panels and similar articles
680911,"Boards, sheets, panels, tiles & similar articles, not ornamented, of plaster/of compositions based on plaster, faced/reinforcededed with paper/paperboard only",6810,Articles of plastering material
680919,"Boards, sheets, panels, tiles & similar articles, not ornamented, of plaster/of compositions based on plaster, n.e.s. in 68.09",6810,Articles of plastering material
680990,Articles of plaster/of compositions based on plaster (excl. of 6808.11 & 6808.19),6810,Articles of plastering material
681011,"Building blocks & bricks, of cement/concrete/artificial stone, whether/not reinforcededed",6811,"Cement,artificial stone products"
681019,"Tiles, flagstones & similar articles (excl. building blocks & bricks), of cement/concrete/artificial stone, whether/not reinforcededed",6811,"Cement,artificial stone products"
681091,"Prefabricated structural components for building/civil engineering, of cement/concrete/artificial stone, whether/not reinforcededed",6811,"Cement,artificial stone products"
681099,"Articles of cement/concrete/artificial stone, whether/not reinforcededed (excl. of 6810.11-6810.91)",6811,"Cement,artificial stone products"
681140,"Articles of asbestos-cement, of cellulose fibre-cement/the like, containing asbestos.",6812,Articles of asbestos-cement
681181,"Corrugated sheets, not containing asbestos.",6812,Articles of asbestos-cement
681182,"Other sheets, panels, tiles & similar articles, other than corrugated sheets, not containing asbestos.",6812,Articles of asbestos-cement
681183,"Tubes, pipes & tube/pipe fittings, other than other sheets, panels, tiles & corrugated sheets, not containing asbestos.",6812,Articles of asbestos-cement
681189,"Other articles of asbestos-cement, of cellulose fibre-cement/the like, not containing asbestos, other than corrugated sheets/tubes/pipes/pipe fittings.",6812,Articles of asbestos-cement
681280,"Fabricated asbestos fibres; mixtures with a basis of asbestos/with a basis of asbestos & magnesium carbonate; articles of such mixtures/of asbestos (eg. thread, woven fabric, clothing, headgear, footwear, gaskets), whether/not reinforcededed, other than",6813,"Asbestos manufactures,  nonfriction"
681291,"Other fabricated asbestos fibres; mixtures with a basis of asbestos/with a basis of asbestos & magnesium carbonate; articles of such mixtures/of asbestos (eg. thread, woven fabric, clothing, headgear, footwear, gaskets), whether/not reinforcededed, other",6813,"Asbestos manufactures,  nonfriction"
681292,"Other fabricated asbestos fibres; mixtures with a basis of asbestos/with a basis of asbestos & magnesium carbonate; articles of such mixtures/of asbestos (eg. thread, woven fabric, clothing, headgear, footwear, gaskets), whether/not reinforcededed, other",6813,"Asbestos manufactures,  nonfriction"
681293,"Other fabricated asbestos fibres; mixtures with a basis of asbestos/with a basis of asbestos & magnesium carbonate; articles of such mixtures/of asbestos (eg. thread, woven fabric, clothing, headgear, footwear, gaskets), whether/not reinforcededed, other",6813,"Asbestos manufactures,  nonfriction"
681299,"Other fabricated asbestos fibres; mixtures with a basis of asbestos/with a basis of asbestos & magnesium carbonate; articles of such mixtures/of asbestos (eg. thread, woven fabric, clothing, headgear, footwear, gaskets), whether/not reinforcededed, other",6813,"Asbestos manufactures,  nonfriction"
681320,"Friction material & articles thereof (eg. sheets, rolls, strips, segments, discs, washers, pads), not mounted, for brakes, for clutches/the like, with a basis of asbestos, of other mineral substances/of cellulose, whether/not combined with textile/other",6814,Friction material for brakes
681381,"Friction material & articles thereof (eg. sheets, rolls, strips, segments, discs, washers, pads), not mounted, for brakes, for clutches/the like, with a basis of asbestos, of other mineral substances/of cellulose, whether/not combined with textile/other",6814,Friction material for brakes
681389,"Other friction material & articles thereof (eg. sheets, rolls, strips, segments, discs, washers, pads), not mounted, for brakes, for clutches/the like, with a basis of asbestos, of other mineral substances/of cellulose, whether/not combined with textile/",6814,Friction material for brakes
681410,"Plates, sheets & strips of agglomerated/reconstituted mica, whether/not on a support",6815,Worked mica and articles
681490,"Worked mica & articles of mica (excl. of 6814.10), incl. agglomerated/reconstituted mica, whether/not on a support of paper/paperboard/other materials",6815,Worked mica and articles
681510,Non-electrical articles of graphite/other carbon,6816,"Other mineral manufactures,  nonceramic"
681520,Articles of peat,6816,"Other mineral manufactures,  nonceramic"
681591,Articles containing magnesite/dolomite/chromite,6816,"Other mineral manufactures,  nonceramic"
681599,"Articles of stone/of other mineral substance, n.e.s. (excl. of 6815.10-6815.91)",6816,"Other mineral manufactures,  nonceramic"
690100,"Bricks, blocks, tiles & other ceramic goods of siliceous fossil meals (e.g., kieselguhr/tripolite/diatomite)/similar siliceous earths",6901,"Siliceous earths,bricks"
690210,"Refractory bricks, blocks, tiles & similar refractory ceramic constructional goods..containing by weight..>50% of...Mg/Ca/Cr, expressed as MgO/CaO/Cr2O3 ",6902,Refractory brick nes
690220,"Refractory bricks, blocks, tiles & similar refractory ceramic constructional goods..containing by weight..>50% of alumina (Al2O3)/of silica (SiO2)/of a mixture/compound of these products",6902,Refractory brick nes
690290,"Refractory bricks, blocks, tiles & similar refractory ceramic constructional goods (excl. of siliceous fossil meals/similar siliceous earths; excl. of 6902.10 & 6902.20)",6902,Refractory brick nes
690310,"Refractory ceramic goods other than bricks/blocks/tiles (e.g., retorts, crucibles, muff;es, nozzles, plugs, support,cupels, tubes, pipes, sheaths & rods), containing by weight >50% of graphite/other carbon/mixture of these products",6903,"Refractory ware, nonbuilding"
690320,"Refractory ceramic goods other than bricks/blocks/tiles (e.g., retorts, crucibles, muff;es, nozzles, plugs, support,cupels, tubes, pipes, sheaths & rods), containing by weight >50% of alumina Al2O3/of a mixture/compound of alumina & of silica SiO2",6903,"Refractory ware, nonbuilding"
690390,"Refractory ceramic goods other than bricks/blocks/tiles (e.g., retorts, crucibles, muff;es, nozzles, plugs, support,cupels, tubes, pipes, sheaths & rods) other than of siliceous fossil meals/similar siliceous earths, n.e.s. in Ch.69 ",6903,"Refractory ware, nonbuilding"
690410,Ceramic building bricks,6904,Building bricks
690490,"Ceramic flooring blocks, support/filler tiles & the like",6904,Building bricks
690510,"Roofing tiles, ceramic",6905,"Roofing tiles etc,ceramic"
690590,"Chimney-pots, cowls, chimney liners, architectural ornaments & other ceramic constructional goods",6905,"Roofing tiles etc,ceramic"
690600,"Ceramic pipes, conduits, guttering & pipe fittings",6906,"Piping, conduits and guttering"
690710,"Unglazed ceramic tiles, cubes & similar articles, whether/not rectangular, the largest surface area of which is capable of being enclosed in a square the side of which is <7cm",6907,"Unglazed setts, hearth and wall tiles"
690790,"Unglazed ceramic flags & paving/hearth/wall tiles (excl. of 6907.10); unglazed ceramic mosaic cubes & the like, whether/not on a backing",6907,"Unglazed setts, hearth and wall tiles"
690810,"Glazed ceramic tiles, cubes & similar articles, whether/not rectangular, the largest surface area of which is capable of being enclosed in a square the side of which is <7cm",6908,"Glazed setts, hearth and wall tiles"
690890,"Glazed ceramic flags & paving/hearth/wall tiles (excl. of 6908.10); glazed ceramic mosaic cubes & the like, whether/not on a backing",6908,"Glazed setts, hearth and wall tiles"
690911,"Ceramic wares for laboratory/chemical/other technical uses, of porcelain/china",6909,"Laboratory,chemical wares,troughs"
690912,Ceramic wares for laboratory/chemical/other technical uses having a hardness equivalent to 9/more on the Mohs scale,6909,"Laboratory,chemical wares,troughs"
690919,"Other ceramic wares for laboratory/chemical/other technical uses, other than articles having a hardness equivalent to 9/more on the Mohs scale or, other than of porcelain/china.",6909,"Laboratory,chemical wares,troughs"
690990,"Ceramic troughs, tubs & similar receptacles of a kind used in agriculture; ceramic pots, jars & similar articles of a kind used for the conveyance/packing of goods",6909,"Laboratory,chemical wares,troughs"
691010,"Ceramic sinks, wash basins, wash basin pedestals, baths, bidets, water closet pans, flushing cisterns, urinals & similar sanitary fixtures, of porcelain/china",6910,"Sinks, baths and sanitary fixtures"
691090,"Ceramic sinks, wash basins, wash basin pedestals, baths, bidets, water closet pans, flushing cisterns, urinals & similar sanitary fixtures other than of porcelain/china",6910,"Sinks, baths and sanitary fixtures"
691110,"Tableware & kitchenware, of porcelain/china",6911,"Porcelain,china house ware"
691190,"Household articles & toilet articles (excl. tableware & kitchenware), of porcelain/china",6911,"Porcelain,china house ware"
691200,"Ceramic tableware, kitchenware, other h-hold. articles & toilet articles other than of porcelain/china",6912,Coarse ceramic houseware
691310,"Statuettes & other ornamental ceramic articles, of porcelain/china",6913,Ceramic ornaments etc
691390,Statuettes & other ornamental ceramic articles (excl. of porcelain/china),6913,Ceramic ornaments etc
691410,"Ceramic articles of porcelain/china, n.e.s. in Ch.69",6914,Other ceramic articles nes
691490,Ceramic articles n.e.s. in Ch.69,6914,Other ceramic articles nes
700100,Cullet & other waste & scrap of glass; glass in the mass,7001,"Glass in mass, nonoptical"
700210,"Glass in balls (excl. microspheres of 70.18), unworked",7003,Glass nes rods etc unworked
700220,"Glass in rods, unworked",7003,Glass nes rods etc unworked
700231,"Glass in tubes, unworked, of fused quartz/other fused silica",7003,Glass nes rods etc unworked
700232,"Glass in tubes, unworked, of glass other than fused quartz/other fused silica, having a linear C of E not >5 x 10-6 per Kelvin within a temp. range of 0 ?C to 300 ?C",7003,Glass nes rods etc unworked
700239,"Glass in tubes, unworked, n.e.s. in 70.02",7003,Glass nes rods etc unworked
700312,"Cast glass & rolled glass, in non-wired sheets...coloured throughout the mass (body tinted)/opacified/flashed/having an absorbent, reflecting/non-reflecting layer",7004,Unworked cast or rolled glass
700319,"Cast glass & rolled glass, in non-wired sheets, whether/not having an absorbent/reflecting/non-reflecting layer but not othw. worked, n.e.s. in 70.03",7004,Unworked cast or rolled glass
700320,"Cast glass & rolled glass, in wired sheets, whether/not having an absorbent/reflecting/non-reflecting layer but not othw. worked",7004,Unworked cast or rolled glass
700330,"Cast glass & rolled glass, in profiles, whether/not having an absorbent/reflecting/non-reflecting layer but not othw. worked",7004,Unworked cast or rolled glass
700420,"Drawn/blown glass, in sheets, coloured throughout the mass (body tinted)/opacified/flashed/having an absorbent/reflecting/non-reflecting layer but not othw. worked",7005,Unworked drawn or blown glass
700490,"Drawn/blown glass, in sheets (excl. of 7004.20), whether/not having an absorbent/reflecting/non-reflecting layer but not othw. worked",7005,Unworked drawn or blown glass
700510,"Float glass & surface ground/polished glass, in sheets, non-wired, having an absorbent/reflecting/non-reflecting layer but not othw. worked",7006,"Cast, rolled, drawn glass"
700521,"Float glass & surface ground/polished glass, non-wired (excl. of 7005.10), in sheets, whether/not having an absorbent , relecting/non-reflecting layer, but not othw. worked, coloured throughout the mass (body tinted), opacified,flashed/merely surface gro",7006,"Cast, rolled, drawn glass"
700529,"Float glass & surface ground/polished glass, non-wired (excl. of 7005.10), in sheets, whether/not having an absorbent/reflecting/non-reflecting layer but not othw.worked,other(excl. of 7005.21)",7006,"Cast, rolled, drawn glass"
700530,"Float glass & surface ground/polished glass, in sheets, wired, whether/not having an absorbent/reflecting/non-reflecting layer but not othw. worked",7006,"Cast, rolled, drawn glass"
700600,"Glass of 70.03/70.04/70.05, bent/edge-worked/engraved/drilled/enamelled/othw. worked but not framed/fitted with other materials",7007,"Cast, rolled, drawn glass not rectangular"
700711,"Toughened (tempered) safety glass, of size & shape suit. for incorporation in vehicles/aircraft/spacecraft/vessels",7008,"Safety glass, cut or not"
700719,"Toughened (tempered) safety glass, n.e.s. in 70.07",7008,"Safety glass, cut or not"
700721,"Laminated safety glass, of size & shape suit. for incorporation in vehicles/aircraft/spacecraft/vessels",7008,"Safety glass, cut or not"
700729,"Laminated safety glass, n.e.s. in 70.07",7008,"Safety glass, cut or not"
700800,Multiple-walled insulating units of glass,7007,"Cast, rolled, drawn glass not rectangular"
700910,Rear-view mirrors for vehicles,7009,Sheet glass metal-coated
700991,"Glass mirrors other than rear-view mirrors, unframed",7009,Sheet glass metal-coated
700992,"Glass mirrors other than rear-view mirrors, framed",7009,Sheet glass metal-coated
701010,"Ampoules, of glass",7017,"Laboratory, hygenic and pharmaceutical glassware"
701020,"Stoppers, lids & other closures, of glass",7010,Glass bottles etc nonvacuum
701090,"Carboys, bottles, flasks, jars, pots, phials & other containters, of glass, of a kind used for the conveyance/packing of goods; preserving jars of glass",7010,Glass bottles etc nonvacuum
701110,"Glass envelopes (incl. bulbs & tubes), open, & glass parts thereof , without fittings, for electric lighting",7011,Glass envelopes for lamps
701120,"Glass envelopes (incl. bulbs & tubes), open, & glass parts thereof , without fittings, for cathode-ray tubes",7011,Glass envelopes for lamps
701190,"Glass envelopes (incl. bulbs & tubes), open, & glass parts thereof , without fittings, other than those for electric lighting/for cathode-ray tubes",7011,Glass envelopes for lamps
701310,"Glassware of a kind used for table/kitchen/toilet/office/indoor decoration/similar purposes (excl. of 70.10/70.18), of glass-ceramics",7013,"Househld,hotel etc glassware"
701322,"Stemware drinking glasses, other than of glass-ceramics , of lead crystal.",7013,"Househld,hotel etc glassware"
701328,"Other stemware drinking glasses, other than of glass-ceramics/lead crystal.",7013,"Househld,hotel etc glassware"
701333,"Other drinking glasses, other than of glass ceramics, of lead crystal.",7013,"Househld,hotel etc glassware"
701337,"Other drinking glasses, other than of glass ceramics/lead crystal.",7013,"Househld,hotel etc glassware"
701341,"Glassware of a kind used for table (other than drinking glasses)/kitchen purposes, other than of glass-ceramics , of lead crystal.",7013,"Househld,hotel etc glassware"
701342,"Glassware of a kind used for table (other than drinking glasses)/kitchen purposes, other than of glass-ceramics , of glass having a linear coefficient of expansion not > 5 x 10<sup>-6</sup> per Kelvin within a temperature range of 0 ¦C to 300 ¦C",7013,"Househld,hotel etc glassware"
701349,"Other glassware of a kind used for table (other than drinking glasses)/kitchen purposes, other than of glass-ceramics/lead crystal/of glass having a linear coefficient of expansion not > 5 x 10<sup>-6</sup> per Kelvin within a temperature range of 0 ¦C t",7013,"Househld,hotel etc glassware"
701391,"Glassware of a kind used for table/kitchen/toilet/office/indoor decoration/similar purposes (excl. of 70.10/7013.10-7013.39/70.18), of lead crystal",7013,"Househld,hotel etc glassware"
701399,"Glassware of a kind used for table/kitchen/toilet/office/indoor decoration/similar purposes (excl. of 70.10/7013.10-7013.91/70.18), other than of lead crystal",7013,"Househld,hotel etc glassware"
701400,"Signalling glassware & optical elements of glass (excl. of 70.15), not optically worked",7018,Optical glass and elements of optical glass
701510,"Glasses for corrective spectacles, curved/bent/hollowed/the like, not optically worked",7015,Clock and watch glasses
701590,"Clock/watch glasses & similar glasses, glasses for non-corrective, curved, bent, hollowed/the like, not optically worked; hollow glass spheres & their segments, for the manufacture of such glasses.",7015,Clock and watch glasses
701610,"Glass cubes & other glass smallwares, whether/not on a backing, for mosaics/similar decorative purposes",7019,"Glass beads, imitation pearls"
701690,"Paving blocks, slabs, bricks, squares, tiles & other articles of pressed/moulded glass, whether/not wired, of a kind used for building/construction purposes; leaded lights & the like; multicellular/foam glass in blocks, panels, plates, shells/similar for",7007,"Cast, rolled, drawn glass not rectangular"
701710,"Laboratory/hygienic/pharmaceutical glassware, whether/not graduated/calibrated, of fused quartz/other fused silica",7017,"Laboratory, hygenic and pharmaceutical glassware"
701720,"Laboratory/hygienic/pharmaceutical glassware,whether/not graduated/calibrated,of glass other than of 7014.10,having a linear C of E not >5x10-6 per Kelvin within a temp.range of 0?C-300?C",7017,"Laboratory, hygenic and pharmaceutical glassware"
701790,"Laboratory/hygienic/pharmaceutical glassware, whether/not graduated/calibrated, n.e.s. in 70.17",7017,"Laboratory, hygenic and pharmaceutical glassware"
701810,"Glass beads, imitation pearls, imitation precious/semi-precious stones & similar glass smallwares",7019,"Glass beads, imitation pearls"
701820,Glass microspheres not >1mm in diameter,7019,"Glass beads, imitation pearls"
701890,"Articles of glass beads, imitation pearls, imitation precious/semi-precious stones; glass eyes other than prosthetic articles; statuettes & other ornaments of lamp-worked glass, other than imitation jewellery;",7019,"Glass beads, imitation pearls"
701911,"Chopped strands, of a length of not >50mm, of glass fibres",7020A,Yarn of glass fibre
701912,Rovings of glass fibres,7020A,Yarn of glass fibre
701919,"Slivers of glass fibres; chopped strands, of a length of >50mm, of glass fibres",7020A,Yarn of glass fibre
701931,Mats of glass fibres,7020C,Glass fibre and products
701932,Thin sheets (voiles) of glass fibres,7020C,Glass fibre and products
701939,"Webs, mattresses, boards & similar nonwoven products of glass fibres",7020C,Glass fibre and products
701940,Woven fabrics of rovings of glass fibres,7020B,Glass fibre fabric
701951,"Woven fabrics of glass fibres (excl. of 7019.40), of a width not >30cm",7020B,Glass fibre fabric
701952,"Woven fabrics of glass fibres (excl. of 7019.40), of a width >30cm, plain weave, weighing <250g/m2, of filaments measuring per single yarn >136tex",7020B,Glass fibre fabric
701959,"Woven fabrics of glass fibres (excl. of 7019.40), n.e.s. in 70.19",7020B,Glass fibre fabric
701990,Glass fibres (incl. glass wool) & articles thereof (excl. of 7019.11-7019.59),7020C,Glass fibre and products
702000,Other articles of glass.,7021,Other glass articles nes
710110,Natural pearls,7101,"Pearls unset,unstrung"
710121,"Cultured pearls, unworked",7101,"Pearls unset,unstrung"
710122,"Cultured pearls, worked",7101,"Pearls unset,unstrung"
710210,"Diamonds, unsorted",7102A,"Diamonds nonindustrial,unset -- rough,unsorted"
710221,"Industrial diamonds, unworked/simply sawn/cleaved/bruted",7102B,Industrial diamonds
710229,"Industrial diamonds, worked but not mounted/set",7102B,Industrial diamonds
710231,"Diamonds, non-industrial, unworked/simply sawn/cleaved/bruted",7102C,"Diamonds nonindustrial,unset -- sorted,rough,simply woked"
710239,"Diamonds, non-industrial other than unworked/simply sawn/cleaved/bruted",7102D,"Diamonds nonindustrial,unset -- cut etc not set"
710310,"Precious stones (excl. diamonds) & semi-precious stones, unworked/simply sawn/roughly shaped but not strung/mounted/set",7102E,"Precious-,semi-precious stones nes"
710391,"Rubies, sapphires & emeralds, worked othw. than simply sawn/roughly shaped but not strung/mounted/set",7102E,"Precious-,semi-precious stones nes"
710399,"Precious stones (excl. diamonds, rubies, saphires & emeralds) & semi-precious stones, whether/not worked/graded but not strung, mounted/set; ungraded precious stones...& semi-precious stones temporarily strung for convenience of transport",7102E,"Precious-,semi-precious stones nes"
710410,Piezo-electric quartz,7103,Synthetic precious stones
710420,"Synthetic/reconstructed precious/semi-precious stones (excl. piezo-electric quartz), unworked/simply sawn/roughly shaped",7103,Synthetic precious stones
710490,"Synthetic/reconstructed precious/semi-precious stones, whether/not worked/graded but not strung, mounted/set; ungraded synthetic/reconstructed precious/semi-precious stones, temporarily strung for convenience of transport.",7103,Synthetic precious stones
710510,Dust & powder of natural/synthetic diamonds,7104,Dust of precious stones
710590,Dust & powder of other natural/synthetic precious/semi-precious stones (excl. diamonds),7104,Dust of precious stones
710610,"Silver (incl. silver plated with gold/platinum), in powder form",7105B,Silver semi-manufactured
710691,"Silver (incl. silver plated with gold/platinum), unwrought",7105A,Silver unwrought
710692,"Silver (incl. silver plated with gold/platinum), in semi-manufactured forms",7105B,Silver semi-manufactured
710700,"Base metals clad with silver, not further worked than semi-manufactured",7106,Rolled silver
710811,"Gold (incl. gold plated with platinum), non-monetary, in powder form",7107A,"Non-monetary gold unwrought,semi-manufactured"
710812,"Gold (incl. gold plated with platinum), in unwrought forms (excl. powder)",7107A,"Non-monetary gold unwrought,semi-manufactured"
710813,"Gold (incl. gold plated with platinum), non-monetary, in semi-manufactured forms",7107A,"Non-monetary gold unwrought,semi-manufactured"
710900,"Base metals/silver, clad with gold, not further worked than semi-manufactured",7108,Rolled gold unworked or semi-manufactured.
711011,"Platinum, unwrought/in powder form",7109A,"Platinum,alloys unwrought"
711019,"Platinum, in semi-manufactured forms",7109C,Platinum group metals semi-manufactured
711021,"Palladium, unwrought/in powder form",7109B,Other platinum group metal unwrought
711029,"Palladium, in semi-manufactured forms",7109C,Platinum group metals semi-manufactured
711031,"Rhodium, unwrought/in powder form",7109B,Other platinum group metal unwrought
711039,"Rhodium, in semi-manufactured forms",7109C,Platinum group metals semi-manufactured
711041,"Iridium, osmium & ruthenium, unwrought/in powder form",7109B,Other platinum group metal unwrought
711049,"Iridium, osmium & ruthenium, in semi-manufactured forms",7109C,Platinum group metals semi-manufactured
711100,"Base metals/silver/gold, clad with platinum, not further worked than semi-manufactured",7110,Rolled platinum etc
711230,Ash containing precious metal/precious metal comps.,7111B,"Precious metal scraps,wastes"
711291,"Waste & scrap of gold, incl. metal clad with gold but excl. sweepings containing other precious metals",7111A,"Gold sweepings,waste etc"
711292,"Waste & scrap of platinum, incl. metal clad with platinum but excl. sweepings containing other precious metals",7111B,"Precious metal scraps,wastes"
711299,"Waste & scrap of precious metal/of metal clad with precious metal; other waste & scrap containing precious metal/precious metal compounds, of a kind used principally for the recovery of precious metal, other than gold/platinum, n.e.s. of 71.12",7111B,"Precious metal scraps,wastes"
711311,"Articles of jewellery & parts thereof , of silver, whether/not plated/clad with other precious metal",7112,Precious metal jewellery
711319,"Articles of jewellery & parts thereof , of other precious metal (excl. silver), whether/not plated/clad with precious metal",7112,Precious metal jewellery
711320,"Articles of jewellery & parts thereof , of base metal clad with precious metal",7112,Precious metal jewellery
711411,"Articles of goldsmiths'/silversmiths' wares & parts thereof , of silver, whether/not plated/clad with other precious metal",7113,"Gold,silver,etc ware"
711419,"Articles of goldsmiths'/silversmiths' wares & parts thereof , of other precious metal (excl. silver), whether/not plated/clad with precious metal",7113,"Gold,silver,etc ware"
711420,"Articles of goldsmiths'/silversmiths' wares & parts thereof , of base metal clad with precious metal",7113,"Gold,silver,etc ware"
711510,"Catalysts in the form of wire cloth/grill, of platinum",7114,Other articles of precious metal
711590,"Articles of precious metal/metal clad with precious metal, n.e.s. in Ch.71",7114,Other articles of precious metal
711610,Articles of natural/cultured pearls,7115,Articles of pearls
711620,Articles of precious/semi-precious stones (natural/synthetic/reconstructed),7115,Articles of pearls
711711,"Cuff-links & studs of base metal, whether/not plated with precious metal",7116,Imitation jewellery
711719,"Imitation jewellery, of base metal, whether/not plated with precious metal, other than cuff-links & studs",7116,Imitation jewellery
711790,Imitation jewellery other than of base metal,7116,Imitation jewellery
711810,"Coin (excl. gold coin), not being legal tender",7201A,"Coin nongold,noncurrent"
720110,"Non-alloy pig iron containing by weight 0.5%/less of phosphorus, in pigs/blocks/other primary forms",7301,"Pig iron, cast iron and spiegeleisen"
720120,"Non-alloy pig iron containing by weight >0.5% of phosphorus, in pigs/blocks/other primary forms",7301,"Pig iron, cast iron and spiegeleisen"
720150,"Alloy pig iron; spiegeleisen, in pigs/blocks/other primary forms",7301,"Pig iron, cast iron and spiegeleisen"
720211,"Ferro-manganese, containing by weight >2% of carbon, in granular/powder form",7302A,Ferro-manganese
720219,"Ferro-manganese, other than that containing by weight >2% of carbon, in granular/powder form",7302A,Ferro-manganese
720221,"Ferro-silicon, containing by weight >55% of silicon, in granular/powder form",7302B,Ferro-silicon
720229,"Ferro-silicon, other than that containing >55% of silicon, in granular/powder form",7302B,Ferro-silicon
720230,"Ferro-silico-manganese, in granular/powder form",7302C,Other ferro-alloys
720241,"Ferro-chromium, containing by weight >4% of carbon, in granular/powder form",7302C,Other ferro-alloys
720249,"Ferro-chromium, other than that containing by weight >4% of carbon, in granular/powder form",7302C,Other ferro-alloys
720250,"Ferro-silico-chromium, in granular/powder form",7302C,Other ferro-alloys
720260,"Ferro-nickel, in granular/powder form",7302C,Other ferro-alloys
720270,"Ferro-molybdenum, in granular/powder form",7302C,Other ferro-alloys
720280,"Ferro-tungsten & ferro-silico-tungsten, in granular/powder form",7302C,Other ferro-alloys
720291,"Ferro-titanium & ferro-silico-titanium, in granular/powder form",7302C,Other ferro-alloys
720292,"Ferro-vanadium, in granular/powder form",7302C,Other ferro-alloys
720293,"Ferro-niobium, in granular/powder form",7302C,Other ferro-alloys
720299,"Ferro-alloys (excl. of 7202.11-7202.93), in granular/powder form",7302C,Other ferro-alloys
720310,"Ferrous products obt. by direct reduction of iron ore, in lumps/pellets/similar forms",7305B,Sponge iron or steel
720390,"Spongy ferrous products (excl. of 7203.10), in lumps/pellets/similar forms; iron having a minimum purity by weight of 99.94%, in lumps/pellets/similar forms",7305B,Sponge iron or steel
720410,Waste & scrap of cast iron,7303A,Iron and steel scrap -- of pig or cast iron
720421,Waste & scrap of stainless steel,7303B,Iron and steel scrap -- of alloy steel
720429,Waste & scrap of alloy steel other than stainless steel,7303B,Iron and steel scrap -- of alloy steel
720430,Waste & scrap of tinned iron/steel,7303C,Iron and steel scrap -- of othr iron or steel
720441,"Ferrous turnings, shavings, chips, milling waste, sawdust, filings, trimmings & stampings, whether/not in bundles",7303C,Iron and steel scrap -- of othr iron or steel
720449,Ferrous waste & scrap (excl. of 7204.10-7204.41),7303C,Iron and steel scrap -- of othr iron or steel
720450,Remelting ferrous scrap ingots,7315C,Other alloy steel ingots
720510,"Granules of pig iron, spiegeleisen, iron/steel",7304,"Shot and angular grit, of iron or steel"
720521,"Powders, of alloy steel",7305A,"Iron,steel powders"
720529,"Powders, of pig iron, spiegeleisen, iron/steel (excl. alloy steel)",7305A,"Iron,steel powders"
720610,Iron & non-alloy steel in ingots (excl. iron of 72.03),7306B,"Iron,simple steel ingots"
720690,Iron & non-alloy steel in primary forms other than ingots (excl. iron of 72.03),7306A,"Iron,steel blocks,lumps,etc"
720711,"Semi-finished products of iron/non-alloy steel, containing by weight <0.25% of carbon, of rectangular (incl. square) cross-section, the width measuring < twice the thickness",7307,"Irn,simple steel blooms,etc"
720712,"Semi-finished products of iron/non-alloy steel, containing by weight <0.25% of carbon, of rectangular (other than square) cross-section",7307,"Irn,simple steel blooms,etc"
720719,"Semi-finished products of iron/non-alloy steel, containing by weight <0.25% of carbon, n.e.s. in 72.07",7307,"Irn,simple steel blooms,etc"
720720,"Semi-finished products of iron/non-alloy steel, containing by weight 0.25%/more of carbon",7307,"Irn,simple steel blooms,etc"
720810,"Flat-rolled products of iron/non-alloy steel, of a width of 600mm/more, hot-rolled, not clad/plated/coated, in coils, not further worked than hot-rolled, with patterns in relief",7308,"Iron,simple steel coils"
720825,"Flat-rolled products of iron/non-alloy steel, of a width of 600mm/more, hot-rolled, not clad/plated/coated, in coils, not further worked than hot-rolled, pickled, of a thickness of 4.75mm/more",7308,"Iron,simple steel coils"
720826,"Flat-rolled products of iron/non-alloy steel, of a width of 600mm/more, hot-rolled, not clad/plated/coated, in coils, not further worked than hot-rolled, pickled, of a thickness of 3mm/more but <4.75mm",7308,"Iron,simple steel coils"
720827,"Flat-rolled products of iron/non-alloy steel, of a width of 600mm/more, hot-rolled, not clad/plated/coated, in coils, not further worked than hot-rolled, pickled, of a thickness of <3mm",7308,"Iron,simple steel coils"
720836,"Flat-rolled products of iron/non-alloy steel, of a width of 600mm/more, hot-rolled, not clad/plated/coated, in coils, not further worked than hot-rolled (excl. pickled), of a thickness >10mm",7308,"Iron,simple steel coils"
720837,"Flat-rolled products of iron/non-alloy steel, of a width of 600mm/more, hot-rolled, not clad/plated/coated, in coils, not further worked than hot-rolled(excl.pickled),of a thicknessof 4.75mm/more but not >10mm",7308,"Iron,simple steel coils"
720838,"Flat-rolled products of iron/non-alloy steel, of a width of 600mm/more, hot-rolled, not clad/plated/coated, in coils, not further worked than hot-rolled (excl.pickled),of a thicknessof 3mm/more but <4.75mm",7308,"Iron,simple steel coils"
720839,"Flat-rolled products of iron/non-alloy steel, of a width of 600mm/more, hot-rolled, not clad/plated/coated, in coils, not further worked than hot-rolled (excl. pickled), of a thickness of <3mm",7308,"Iron,simple steel coils"
720840,"Flat-rolled products of iron/non-alloy steel, of a width of 600mm/more, hot-rolled, not clad/plated/coated, not in coils, not further worked than hot-rolled, with patterns in relief",7313B,"Iron,steel manufactured plate,rolled -- of iron or simple steel"
720851,"Flat-rolled products of iron/non-alloy steel, of a width of 600mm/more, hot-rolled, not clad/plated/coated, not in coils, not further worked than hot-rolled, of a thickness >10mm",7313A,"Iron,steel heavy plate,rolled -- of iron or simple steel"
720852,"Flat-rolled products of iron/non-alloy steel, of a width of 600mm/more, hot-rolled, not clad/plated/coated, not in coils, not further worked than hot-rolled, of a thickness of 4.75mm/more but not >10mm",7313A,"Iron,steel heavy plate,rolled -- of iron or simple steel"
720853,"Flat-rolled products of iron/non-alloy steel, of a width of 600mm/more, hot-rolled, not clad/plated/coated, not in coils, not further worked than hot-rolled, of a thickness of 3mm/more but <4.75mm",7313B,"Iron,steel manufactured plate,rolled -- of iron or simple steel"
720854,"Flat-rolled products of iron/non-alloy steel, of a width of 600mm/more, hot-rolled, not clad/plated/coated, not in coils, not further worked than hot-rolled, of a thickness of <3mm",7313B,"Iron,steel manufactured plate,rolled -- of iron or simple steel"
720890,"Flat-rolled products of iron/non-alloy steel, of a width of 600mm/more, hot-rolled, not clad/plated/coated, n.e.s. in 72.08",7313A,"Iron,steel heavy plate,rolled -- of iron or simple steel"
720915,"Flat-rolled products of iron/non-alloy steel, of a width of 600mm/more, in coils, not further worked than cold-rolled (cold-reduced), not clad/plated/coated, of a thickness of 3mm/more",7313C,"Iron,steel thin plate,rolled -- of iron or simple steel"
720916,"Flat-rolled products of iron/non-alloy steel, of a width of 600mm/more, in coils, not further worked than cold-rolled (cold-reduced), not clad/plated/coated, of a thickness >1mm but <3mm",7313C,"Iron,steel thin plate,rolled -- of iron or simple steel"
720917,"Flat-rolled products of iron/non-alloy steel, of a width of 600mm/more, in coils, not further worked than cold-rolled (cold-reduced), not clad/plated/coated, of a thickness of 0.5mm/more but not >1mm",7313C,"Iron,steel thin plate,rolled -- of iron or simple steel"
720918,"Flat-rolled products of iron/non-alloy steel, of a width of 600mm/more, in coils, not further worked than cold-rolled (cold-reduced), not clad/plated/coated, of a thickness of <0.5mm",7313C,"Iron,steel thin plate,rolled -- of iron or simple steel"
720925,"Flat-rolled products of iron/non-alloy steel, of a width of 600mm/more, not in coils, not further worked than cold-rolled (cold-reduced), not clad/plated/coated, of a thickness of 3mm/more",7313A,"Iron,steel heavy plate,rolled -- of iron or simple steel"
720926,"Flat-rolled products of iron/non-alloy steel, of a width of 600mm/more, not in coils, not further worked than cold-rolled (cold-reduced), not clad/plated/coated, of a thickness >1mm but <3mm",7313B,"Iron,steel manufactured plate,rolled -- of iron or simple steel"
720927,"Flat-rolled products of iron/non-alloy steel, of a width of 600mm/more, not in coils, not further worked than cold-rolled (cold-reduced), not clad/plated/coated, of a thicknessof 0.5mm/more but not >1mm",7313C,"Iron,steel thin plate,rolled -- of iron or simple steel"
720928,"Flat-rolled products of iron/non-alloy steel, of a width of 600mm/more, not in coils, not further worked than cold-rolled (cold-reduced), not clad/plated/coated, of a thickness of <0.5mm",7313C,"Iron,steel thin plate,rolled -- of iron or simple steel"
720990,"Flat-rolled products of iron/non-alloy steel, of a width of 600mm/more, cold-rolled (cold-reduced), not clad/plated/coated, n.e.s. in 72.09",7313E,"Other iron,steel plates,sheet -- of iron or simple steel"
721011,"Flat-rolled products of iron/non-alloy steel, of a width of 600mm/more, of a thickness of 0.5mm/more",7313D,"Tinned plates,sheets"
721012,"Flat-rolled products of iron/non-alloy steel, of a width of 600mm/more, of a thickness of <0.5mm",7313D,"Tinned plates,sheets"
721020,"Flat-rolled products of iron/non-alloy steel, of a width of 600mm/more, plated/coated with lead, incl. terne-plate",7313E,"Other iron,steel plates,sheet -- of iron or simple steel"
721030,"Flat-rolled products of iron/non-alloy steel, of a width of 600mm/more, electrolytically plated/coated with zinc",7313E,"Other iron,steel plates,sheet -- of iron or simple steel"
721041,"Flat-rolled products of iron/non-alloy steel, of a width of 600mm/more, othw. plated/coated with zinc (excl. electrolytically), corrugated",7313E,"Other iron,steel plates,sheet -- of iron or simple steel"
721049,"Flat-rolled products of iron/non-alloy steel, of a width of 600mm/more, othw. plated/coated with zinc (excl. electrolytically), other than corrugated",7313E,"Other iron,steel plates,sheet -- of iron or simple steel"
721050,"Flat-rolled products of iron/non-alloy steel, of a width of 600mm/more, plated/coated with chromium oxides/with chromium & chromium oxides",7313E,"Other iron,steel plates,sheet -- of iron or simple steel"
721061,"Flat-rolled products of iron/non-alloy steel, of a width of 600mm/more, plated/coated with aluminium-zinc alloys",7313E,"Other iron,steel plates,sheet -- of iron or simple steel"
721069,"Flat-rolled products of iron/non-alloy steel, of a width of 600mm/more, plated/coated with aluminium other than with aluminium-zinc alloys",7313E,"Other iron,steel plates,sheet -- of iron or simple steel"
721070,"Flat-rolled products of iron/non-alloy steel, of a width of 600mm/more, painted/varnished/coated with plastics",7313E,"Other iron,steel plates,sheet -- of iron or simple steel"
721090,"Flat-rolled products of iron/non-alloy steel, of a width of 600mm/more, clad/plated/coated, n.e.s. in 72.10",7313E,"Other iron,steel plates,sheet -- of iron or simple steel"
721113,"Other Flat-rolled products of iron/non-alloy steel, of a width of <600mm, not clad/plated/coated, not further worked than hot-rolled/not rolled on 4 faces/in a closed box pass/not in coils & without patterns in relief (exclud. 7211.13 & .14)",7313A,"Iron,steel heavy plate,rolled -- of iron or simple steel"
721114,"Flat-rolled products of iron/non-alloy steel, of a width of <600mm, not clad/plated/coated, not further worked than hot-rolled (excl. of 7211.13), of a thickness of 4.75mm/more",7313A,"Iron,steel heavy plate,rolled -- of iron or simple steel"
721119,"Flat-rolled products of iron/non-alloy steel, of a width of <600mm, not clad/plated/coated, not further worked than hot-rolled, n.e.s. in 72.11",7313B,"Iron,steel manufactured plate,rolled -- of iron or simple steel"
721123,"Flat-rolled products of iron/non-alloy steel, of a width of <600mm, not clad/plated/coated, not further worked than cold-rolled (cold-reduced), containing by weight <0.25% of carbon",7313C,"Iron,steel thin plate,rolled -- of iron or simple steel"
721129,"Flat-rolled products of iron/non-alloy steel, of a width of <600mm, not clad/plated/coated, not further worked than cold-rolled (cold-reduced) (excl. of 7211.23)",7313B,"Iron,steel manufactured plate,rolled -- of iron or simple steel"
721190,"Flat-rolled products of iron/non-alloy steel, of a width of <600mm, not clad/plated/coated, n.e.s. in 72.11",7313A,"Iron,steel heavy plate,rolled -- of iron or simple steel"
721210,"Flat-rolled products of iron/non-alloy steel, of a width of <600mm, plated/coated with tin",7313D,"Tinned plates,sheets"
721220,"Flat-rolled products of iron/non-alloy steel, of a width of <600mm, electrolytically plated/coated with zinc",7313E,"Other iron,steel plates,sheet -- of iron or simple steel"
721230,"Flat-rolled products of iron/non-alloy steel, of a width of <600mm, othw. plated/coated with zinc (excl. electrolytically)",7313E,"Other iron,steel plates,sheet -- of iron or simple steel"
721240,"Flat-rolled products of iron/non-alloy steel, of a width of <600mm, painted/varnished/coated with plastics",7313E,"Other iron,steel plates,sheet -- of iron or simple steel"
721250,"Flat-rolled products of iron/non-alloy steel, of a width of <600mm, othw. plated/\coated (excl. of 7212.10-7212.40)",7313E,"Other iron,steel plates,sheet -- of iron or simple steel"
721260,"Flat-rolled products of iron/non-alloy steel, of a width of <600mm, clad",7313E,"Other iron,steel plates,sheet -- of iron or simple steel"
721310,"Bars & rods, hot-rolled, in irregularly wound coils, of iron/non-alloy steel, containing indentations/ribs/grooves/other deformations produced during the rolling process",7310A,"Iron,simple steel wire rod"
721320,"Bars & rods, hot-rolled, in irregularly wound coils, of iron/non-alloy steel (excl. of 7213.10), of free-cutting steel",7315J,High carbon steel wire rod
721391,"Bars & rods, hot-rolled, in irregularly wound coils, of iron/non-alloy steel (excl. of 7213.10 & 7210.20), of circular cross-section measuring <14mm in diameter",7310A,"Iron,simple steel wire rod"
721399,"Bars & rods, hot-rolled, in irregularly wound coils, of iron/non-alloy steel, n.e.s. in 72.13",7310A,"Iron,simple steel wire rod"
721410,"Bars & rods of iron/non-alloy steel (excl. of 72.13), not further worked than forged",7315M,"Iron,steel bars etc -- of high carbon steel"
721420,"Bars & rods of iron/non-alloy steel (excl. of 72,13), containing indentations/ribs/grooves/other deformations produced during the rolling process/twisted after rolling",7310B,"Iron,steel bars etc -- other,hot-rolled etc"
721430,"Bars & rods of iron/non-alloy steel (excl. of 72.13), of free-cutting steel, not further worked than forged/hot-rolled/hot-drawn/hot-extruded but incl.those twisted after rolling",7315O,"Iron,steel bars etc -- of other alloy steel"
721491,"Bars & rods of iron/non-alloy steel (excl. of 72.13), not further worked than forged/hot-rolled/hot-drawn/hot-extruded but incl. those twisted after rolling, of rectangular (excl. square) cross-section",7310B,"Iron,steel bars etc -- other,hot-rolled etc"
721499,"Bars & rods of iron/non-alloy steel (excl. of 72.13), not further worked than forged/hot-rolled/hot-drawn/hot-extruded but incl. those twisted after rolling (excl. of 7214.10-7214.91)",7310B,"Iron,steel bars etc -- other,hot-rolled etc"
721510,"Bars & rods of iron/non-alloy steel, of free-cutting steel, not further worked than cold-formed/cold-finished",7315O,"Iron,steel bars etc -- of other alloy steel"
721550,"Bars & rods of iron/non-alloy steel other than free-cutting steel, not further worked than cold-formed/cold-finished",7315M,"Iron,steel bars etc -- of high carbon steel"
721590,"Bars & rods of iron/non-alloy steel, n.e.s.",7310C,"Iron,steel bars etc -- other,forged,etc"
721610,"Angles, shapes & sections of iron/non-alloy steel, U / I / H sections of iron/non-alloy steel, not further worked than hot-rolled/hot-drawn/extruded, of a height of <80mm",7311A,"Small u,i,h sections etc"
721621,"Angles, shapes & sections of iron/non-alloy steel, L sections, not further worked than hot-rolled/hot-drawn/extruded, of a height of <80mm",7311A,"Small u,i,h sections etc"
721622,"Angles, shapes & sections of iron/non-alloy steel, T sections, not further worked than hot-rolled/hot-drawn/extruded, of a height of <80mm",7311A,"Small u,i,h sections etc"
721631,"Angles, shapes & sections of iron/non-alloy steel, U sections, not further worked than hot-rolled/hot-drawn/extruded, of a height of 80mm/more",7311B,"Large u,i,h sections etc"
721632,"Angles, shapes & sections of iron/non-alloy steel, I sections, not further worked than hot-rolled/hot-drawn/extruded, of a height of 80mm/more",7311B,"Large u,i,h sections etc"
721633,"Angles, shapes & sections of iron/non-alloy steel, H sections, not further worked than hot-rolled/hot-drawn/extruded, of a height of 80mm/more",7311B,"Large u,i,h sections etc"
721640,"Angles, shapes & sections of iron/non-alloy steel, L / T sections, not further worked than hott-rolled/hot-drawn/extruded, of a height of 80mm/more",7311B,"Large u,i,h sections etc"
721650,"Angles, shapes & sections of iron/non-alloy steel (excl. of 7216.10-7216.40), not further worked than hot-rolled/hot-drawn/extruded",7311C,Other profiles hot-rolled etc
721661,"Angles, shapes & sections of iron/non-alloy steel, not further worked than cold-formed/cold-finished, obt. from flat-rolled products",7311D,Other profiles cold-formed etc
721669,"Angles, shapes & sections of iron/non-alloy steel, not further worked than cold-formed/cold-finished (excl. of 7216.61)",7311D,Other profiles cold-formed etc
721691,"Angles, shapes & sections of iron/non-alloy steel (excl. of 7216.10-7216.69), cold-formed/cold-finished from flat-rolled products",7311B,"Large u,i,h sections etc"
721699,"Angles, shapes & sections of iron/non-alloy steel, n.e.s. in 72.16",7311B,"Large u,i,h sections etc"
721710,"Wire of iron/non-alloy steel, not plated/coated, whether/not polished",7314,"Iron,steel wire (excluding wire rod --of iron or simple steel"
721720,"Wire of iron/non-alloy steel, plated/coated with zinc",7314,"Iron,steel wire (excluding wire rod --of iron or simple steel"
721730,"Wire of iron/non-alloy steel, plated/coated with other base metals",7314,"Iron,steel wire (excluding wire rod --of iron or simple steel"
721790,"Wire of iron/non-alloy steel, n.e.s. in 72.17",7315AI,"Iron,steel wire (excluding wire rod --of high carbon steel"
721810,Stainless steel in ingots & other primary forms,7315B,Stainless steel etc ingots
721891,"Stainless steel, of rectangular (excl. square) cross-section",7315E,Stnls steel etc blooms etc
721899,Semi-finished products of stainless steel (excl. of 7218.91),7315E,Stnls steel etc blooms etc
721911,"Flat-rolled products of stainless steel, of a width of 600mm/more, not further worked than hot-rolled, in coils, of a thickness >10mm",7315H,Stainless steel etc coils
721912,"Flat-rolled products of stainless steel, of a width of 600mm/more, not further worked than hot-rolled, in coils, of a thickness of 4.75mm/more but not >10mm",7315H,Stainless steel etc coils
721913,"Flat-rolled products of stainless steel, of a width of 600mm/more, not further worked than hot-rolled, in coils, of a thickness of 3mm/more but < 4.75mm",7315H,Stainless steel etc coils
721914,"Flat-rolled products of stainless steel, of a width of 600mm/more, not further worked than hot-rolled, in coils, of a thickness of <3mm",7315H,Stainless steel etc coils
721921,"Flat-rolled products of stainless steel, of a width of 600mm/more, not further worked than hot-rolled, not in coils, of a thickness >10mm",7315U,"Iron,steel heavy plate,rolled -- of stainless etc steel"
721922,"Flat-rolled products of stainless steel, of a width of 600mm/more, not further worked than hot-rolled, not in coils, of a thickness of 4.75mm/more but not >10mm",7315U,"Iron,steel heavy plate,rolled -- of stainless etc steel"
721923,"Flat-rolled products of stainless steel, of a width of 600mm/more, not further worked than hot-rolled, not in coils, of a thickness of 3mm/more but <4.75mm",7315X,"Iron,steel medium plate,rolled -- of stainless etc steel"
721924,"Flat-rolled products of stainless steel, of a width of 600mm/more, not further worked than hot-rolled, not in coils, of a thickness of <3mm",7315AA,"Iron,steel thin plate,rolld -- of stainless etc steel"
721931,"Flat-rolled products of stainless steel, of a width of 600mm/more, not further worked than cold-rolled (cold-reduced), of a thickness of 4.75mm/more",7315U,"Iron,steel heavy plate,rolled -- of stainless etc steel"
721932,"Flat-rolled products of stainless steel, of a width of 600mm/more, not further worked than cold-rolled (cold-reduced), of a thickness of 3mm/more but <4.75mm",7315X,"Iron,steel medium plate,rolled -- of stainless etc steel"
721933,"Flat-rolled products of stainless steel, of a width of 600mm/more, not further worked than cold-rolled (cold-reduced), of a thickness >1mm but <3mm",7315AA,"Iron,steel thin plate,rolld -- of stainless etc steel"
721934,"Flat-rolled products of stainless steel, of a width of 600mm/more, not further worked than cold-rolled (cold-reduced), of a thickness of 0.5mm/more but not >1mm",7315AA,"Iron,steel thin plate,rolld -- of stainless etc steel"
721935,"Flat-rolled products of stainless steel, of a width of 600mm/more, not further worked than cold-rolled (cold-reduced), of a thickness of < 0.5mm",7315AA,"Iron,steel thin plate,rolld -- of stainless etc steel"
721990,"Flat-rolled products of stainless steel, of a width of 600mm/more, n.e.s. in 72.19",7315AD,"Other iron,steel plates,sheet -- of stainless etc steel"
722011,"Flat-rolled products of stainless steel, of a width of <600mm, not further worked than hot-rolled, of a thickness of 4.75mm/more",7315U,"Iron,steel heavy plate,rolled -- of stainless etc steel"
722012,"Flat-rolled products of stainless steel, of a width of <600mm, not further worked than hot-rolled, of a thickness of <4.75mm",7315AA,"Iron,steel thin plate,rolld -- of stainless etc steel"
722020,"Flat-rolled products of stainless steel, of a width of <600mm, not further worked than cold-rolled (cold-reduced)",7315AA,"Iron,steel thin plate,rolld -- of stainless etc steel"
722090,"Flat-rolled products of stainless steel, of a width of <600mm, n.e.s. in 72.20",7315AD,"Other iron,steel plates,sheet -- of stainless etc steel"
722100,"Bars & rods, hot-rolled, in irregularly wound coils, of stainless steel",7315K,Stainless steel etc wire rod
722211,"Bars & rods of stainless steel, not further worked than hot-rolled/hot-drawn/extruded, of circular cross-section",7315N,"Iron,steel bars etc -- of stainless etc steel"
722219,"Bars & rods of stainless steel, not further worked than hot-rolled/hot-drawn/extruded other than of circular cross-section",7315N,"Iron,steel bars etc -- of stainless etc steel"
722220,"Bars & rods of stainless steel, not further worked than cold-formed/cold-finished",7315N,"Iron,steel bars etc -- of stainless etc steel"
722230,"Bars & rods of stainless steel, n.e.s. in 72.22",7315N,"Iron,steel bars etc -- of stainless etc steel"
722240,"Angles, shapes & sections of stainless steel",7315Q,Stainless steel etc profiles
722300,Wire of stainless steel,7315AJ,"Iron,steel wire (excluding wire rod --of stainless etc steel"
722410,Ingots & other primary forms of other alloy steel (excl. stainless steel),7315C,Other alloy steel ingots
722490,"Semi-finished products (excl. ingots & other primary forms) of alloy steel other than stainless steel, n.e.s.",7315F,Other alloy steel blooms etc
722511,"Flat-rolled products of silicon-electrical steel, grain-oriented (excl. stainless steel), of a width of 600mm/more",7315Y,"Iron,steel medium plate,rolled -- of other alloy steel"
722519,"Flat-rolled products of silicon-electrical steel, other than grain-oriented (excl. stainless steel), of a width of 600mm/more",7315Y,"Iron,steel medium plate,rolled -- of other alloy steel"
722530,"Other flat-rolled products of other alloy steel, of a width of 600 mm/more, not further worked than hot-rolled, in coils.",7315I,Other alloy steel coils
722540,"Other flat-rolled products of other alloy steel, of a width of 600 mm/more,  not further worked than hot-rolled,  not in coils.",7315AB,"Iron,steel thin plate,rolld -- of other alloy steel"
722550,"Other flat-rolled products of other alloy steel, of a width of 600 mm/more,  not further worked than cold-rolled (cold-reduced),",7315V,"Iron,steel heavy plate,rolled -- of other alloy steel"
722591,"Other n.e.s. in 72.25, flat-rolled products of other alloy steel, of a width of 600 mm/more, of electrolytically plated/coated with zinc.",7315AE,"Other iron,steel plates,sheet -- of other alloy steel"
722592,"Other n.e.s. in 72.25, flat-rolled products of other alloy steel, of a width of 600 mm/more, of othw. plated/coated with zinc.",7315AE,"Other iron,steel plates,sheet -- of other alloy steel"
722599,"Other n.e.s. in 72.25, flat-rolled products of other alloy steel, of a width of 600 mm/more, other than of electrolutically/othw. plated/coated with zinc/.",7315AE,"Other iron,steel plates,sheet -- of other alloy steel"
722611,"Flat-rolled products of silicon-electrical steel, grain-oriented (excl. stainless steel), of a width of <600mm",7315Y,"Iron,steel medium plate,rolled -- of other alloy steel"
722619,"Flat-rolled products of silicon-electrical steel, other than grain-oriented (excl. stainless steel), of a width of <600mm",7315Y,"Iron,steel medium plate,rolled -- of other alloy steel"
722620,"Flat-rolled products of high speed steel (excl. stainless steel), of a width of <600mm",7315Y,"Iron,steel medium plate,rolled -- of other alloy steel"
722691,"Flat-rolled products of other alloy steel (excl. stainless/silicon-electrical/high speed steel), of a width of <600mm, not further worked than hot-rolled",7315AB,"Iron,steel thin plate,rolld -- of other alloy steel"
722692,"Flat-rolled products of other alloy steel (excl. stainless/silicon-electrical/high speed steel), of a width of <600mm, not further worked than cold-rolled (cold-reduced)",7315V,"Iron,steel heavy plate,rolled -- of other alloy steel"
722699,"Other n.e.s. in 72.26 flat-rolled products of other alloy steel (excld. Stainless/silicon-electrical/high speed steel), of a width of less than 600 mm.",7315AE,"Other iron,steel plates,sheet -- of other alloy steel"
722710,"Bars & rods, hot-rolled, in irregularly wound coils, of high speed steel",7315L,Other alloy steel wire rod
722720,"Bars & rods, hot-rolled, in irregularly wound coils, of silico-manganese steel",7315L,Other alloy steel wire rod
722790,"Bars & rods, hot-rolled, in irregularly wound coils (excl. of 72.13 & 7221.00), n.e.s. in 72.27",7315L,Other alloy steel wire rod
722810,Bars & rods of high speed steel,7315O,"Iron,steel bars etc -- of other alloy steel"
722820,Bars & rods of silico-manganese steel,7315O,"Iron,steel bars etc -- of other alloy steel"
722830,"Bars & rods of other alloy steel (excl. of 72.27, 7228.10 & 7228.20), not further worked than hot-rolled/hot-drawn/extruded",7315O,"Iron,steel bars etc -- of other alloy steel"
722840,"Bars & rods of other alloy steel (excl. of 72.27, 7228.10 & 7228.20), not further worked than forged",7315O,"Iron,steel bars etc -- of other alloy steel"
722850,"Bars & rods of other alloy steel (excl. of 72.27), not further worked than cold-formed/cold-finished",7315O,"Iron,steel bars etc -- of other alloy steel"
722860,"Bars & rods of other alloy steel (excl. of 72.27), n.e.s. in 72.28",7315O,"Iron,steel bars etc -- of other alloy steel"
722870,"Angles, shapes & sections of alloy steel other than stainless steel",7315R,Other alloy steel profiles
722880,Hollow drill bars & rods of alloy/non-alloy steel,7310C,"Iron,steel bars etc -- other,forged,etc"
722920,Wire of silico-manganese steel,7315AK,"Iron,steel wire (excluding wire rod --of other alloy steel"
722990,"Other wire of other alloy steel, other than of silico-manganese steel.",7315AK,"Iron,steel wire (excluding wire rod --of other alloy steel"
730110,"Sheet piling of iron/steel, whether/not drilled/punched/made from assembled elements",7311F,"Iron,simple steel sheet piling"
730120,"Welded angles, shapes & sections of iron/steel",7311F,"Iron,simple steel sheet piling"
730210,Rails of iron/steel,7316A,"Railway rails iron,steel"
730230,"Switch blades, crossing frogs, point rods & other crossing pieces of iron/steel",7316B,"Railway track equipment nes iron,steel"
730240,Fish-plates & sole plates (base plates) of iron/steel,7316B,"Railway track equipment nes iron,steel"
730290,"Railway/tramway track construction material of iron/steel, the following : check-rails & rack rails, sleepers (cross-ties),chairs, chair wedges, rail clips, bedplates, ties & other material specialized for jointing/fixing rails.",7316B,"Railway track equipment nes iron,steel"
730300,"Tubes, pipes & hollow profiles of cast iron",7317,"Tubes and pipes, of cast iron"
730411,"Line pipe of a kind used for oil/gas pipelines, of stainless steel.",7318A,"Iron,steel seamless tubes"
730419,"Line pipe of a kind used for oil/gas pipelines, other than of stainless steel.",7318A,"Iron,steel seamless tubes"
730422,"Casing, tubing & drill pipe, of a kind used in drilling for oil/gas, of stainless steel",7318A,"Iron,steel seamless tubes"
730423,"Casing, tubing & drill pipe, of a kind used in drilling for oil/gas, other than of stainless steel",7318A,"Iron,steel seamless tubes"
730424,"Other casing, tubing, of a kind used in drilling for oil/gas, of stainless steel, other than drill pipe.",7318A,"Iron,steel seamless tubes"
730429,"Other casing, tubing, of a kind used in drilling for oil/gas (excld. of 7304.22/23/24), other than of drill pipe of stainless steel",7318A,"Iron,steel seamless tubes"
730431,"Tubes, pipes & hollow profiles (excl. of 7304.10-7304.29), seamless, of circular cross-section, of cold-drawn/cold-rolled (cold-reduced) steel",7318A,"Iron,steel seamless tubes"
730439,"Tubes, pipes & hollow profiles (excl. of 7304.10-7304.31), seamless, of circular cross section, of iron (excl. cast iron)/non-alloy steel",7318A,"Iron,steel seamless tubes"
730441,"Tubes, pipes & hollow profiles (excl. of 7304.10-7304.39), seamless, of circular cross-section, of stainless steel, cold-drawn/cold-rolled (cold-reduced)",7318A,"Iron,steel seamless tubes"
730449,"Tubes, pipes & hollow profiles (excl. of 7304.10-7304.39), seamless, of circular cross-section, of stainless steel other than cold drawn/cold rolled (cold reduced)",7318A,"Iron,steel seamless tubes"
730451,"Tubes, pipes & hollow profiles (excl. of 7304.10-7304.49), seamless, of circular cross-section, of alloy steel other than stainless steel, cold-drawn/cold-rolled (cold-reduced)",7318A,"Iron,steel seamless tubes"
730459,"Tubes, pipes & hollow profiles (excl. of 7304.10-7304.49), seamless, of circular cross-section, of alloy steel other than stainless steel (excl. of 7304.51)",7318A,"Iron,steel seamless tubes"
730490,"Tubes, pipes & hollow profiles (excl. of 7304.10-7304.59), seamless, of iron other than cast iron/steel",7318A,"Iron,steel seamless tubes"
730511,"Line pipe of a kind used for oil/gas pipelines, having circular cross-sections, the external diameter of which exceeds 406.4mm, longitudinally submerged arc welded",7318B,"Iron,steel tubes,pipes nes"
730512,"Line pipe of a kind used for oil/gas pipelines, having circular cross-sections, the external diameter of which exceeds 406.4mm, longitudinally welded (excl. of 7305.11)",7318B,"Iron,steel tubes,pipes nes"
730519,"Line pipe of a kind used for oil/gas pipelines, having circular cross-sections, the external diameter of which exceeds 406.4mm (excl. of 7305.11 & 7305.19)",7318B,"Iron,steel tubes,pipes nes"
730520,"Casing of a kind used in drilling for oil/gas, having circular cross-sections, the external diameter of which exceeds 406.4mm",7318B,"Iron,steel tubes,pipes nes"
730531,"Tubes & pipes (excl. of 7305.11-7305.20), having circular cross-sections, the external diameter of which exceeds 406.4mm, of iron/steel, longitudinally welded",7318B,"Iron,steel tubes,pipes nes"
730539,"Tubes & pipes (excl. of 7305.11-7305.20), having circular cross-sections, the external diameter of which exceeds 406.4mm, of iron/steel (excl. of 7305.31)",7318B,"Iron,steel tubes,pipes nes"
730590,"Tubes & pipes (e.g., welded/riveted/similarly closed), having circular cross-sections, the external diameter of which exceeds 406.4mm, of iron/steel (excl. of 7305.11-7305.39)",7318B,"Iron,steel tubes,pipes nes"
730611,"Line pipe of a kind used for oil/gas pipelines, welded, of stainless steel",7318B,"Iron,steel tubes,pipes nes"
730619,"Other line pipe of a kind used for oil/gas pipelines, other than welded/of stainless steel",7318B,"Iron,steel tubes,pipes nes"
730621,"Casing & tubing of a kind used in drilling for oil/gas, welded, of stainless steel",7318B,"Iron,steel tubes,pipes nes"
730629,"Casing & tubing of a kind used in drilling for oil/gas, other than welded/of stainless steel",7318B,"Iron,steel tubes,pipes nes"
730630,"Tubes, pipes & hollow profiles (excl. of 7306.10 & 7306.20), welded, of circular cross-section, of iron/non-alloy steel",7318B,"Iron,steel tubes,pipes nes"
730640,"Tubes, pipes & hollow profiles (excl. of 7306.10-7306.30), welded, of circular cross-section, of stainless steel",7318B,"Iron,steel tubes,pipes nes"
730650,"Tubes, pipes & hollow profiles (excl. of 7306.10-7306.40), welded, of circular cross-section, of alloy steel other than stainless steel",7318B,"Iron,steel tubes,pipes nes"
730661,"Other tubes, pipes & hollow profiles (excl. of 7306.10-7306.40), welded, of non-circular cross-section, of square/rectangular cross-section",7318B,"Iron,steel tubes,pipes nes"
730669,"Other tubes, pipes & hollow profiles (excl. of 7306.10-7306.40), welded, of other non-circular cross-section, other than of square/rectangular cross-section",7318B,"Iron,steel tubes,pipes nes"
730690,"Tubes, pipes & hollow profiles of iron (excl. cast iron)/steel, n.e.s. (excl. of 73.04, 73.05 & 7306.10-7306.60)",7318B,"Iron,steel tubes,pipes nes"
730711,"Cast tube/pipe fittings (e.g., couplings, elbows, sleeves) of non-malleable cast iron",7320,"Tube and pipe fittings, of iron or steel"
730719,"Cast tube/pipe fittings (e.g., couplings, elbows, sleeves) of iron (excl. non-malleable cast iron)/steel",7320,"Tube and pipe fittings, of iron or steel"
730721,Flanges of stainless steel,7320,"Tube and pipe fittings, of iron or steel"
730722,"Threaded elbows, bends & sleeves of stainless steel",7320,"Tube and pipe fittings, of iron or steel"
730723,Butt welding fittings of stainless steel,7320,"Tube and pipe fittings, of iron or steel"
730729,Tube/pipe fittings of stainless steel (excl. of 7307.21-7307.23),7320,"Tube and pipe fittings, of iron or steel"
730791,Flanges of iron/steel (excl. of cast iron/stainless steel),7320,"Tube and pipe fittings, of iron or steel"
730792,"Threaded elbows, bends & sleeves of iron/steel (excl. of cast iron/stainless steel)",7320,"Tube and pipe fittings, of iron or steel"
730793,Butt welding fittings of iron/steel (excl. of cast iron/stainless steel),7320,"Tube and pipe fittings, of iron or steel"
730799,Tube/pipe fittings of iron/steel (excl. cast iron/stainless steel; excl. of 7307.91-7307.93),7320,"Tube and pipe fittings, of iron or steel"
730810,Bridges & bridge-sections of iron/steel,7321,"Structures & parts, of iron or steel"
730820,Towers & lattice masts of iron/steel,7321,"Structures & parts, of iron or steel"
730830,"Doors, windows & their frames, & thresholds for doors, of iron/steel",7321,"Structures & parts, of iron or steel"
730840,Equipment for scaffolding/shuttering/propping/pitpropping of iron/steel,7321,"Structures & parts, of iron or steel"
730890,"Structures (excld.prefabricated buildings of heading 94.06) & parts of structures (eg. Bridges & bridge-sections, lock-gates, towers, lattice masts, roofs, roofing frame-works, doors & windows & their frames & thresholds for doors, shutters, balustrades,",7321,"Structures & parts, of iron or steel"
730900,"Reservoirs, tanks, vats & similar containters for any material other than compressed/liquefied gas, of iron/steel, of a capacity >300 l, whether/not lined/heat-insulated but not fitted with mechanical/thermal equip.",7322,Steel storage tanks etc
731010,"Tanks,casks,drums,cans,boxes&similarcontainters,for any materialother thancompressed/liquefied gas,of iron/steel,of a capacityof 50 l/more,whether/not lined/heat-insulated but not fitted with mechanical/thermal equip.",7323,Casks sheet or plate iron or steel
731021,"Cans to be closed by soldering/crimping, for any material other than compressed/liquefied gas, of iron/steel,of a capacity of <50 l, whether/not lined/heat-insulated but not fitted with mechanical/thermal equip.",7323,Casks sheet or plate iron or steel
731029,"Tanks, casks, drums, cans (excl. of 7310.21), boxes & similar containters, for any material other than compressed/liquefied gas, of iron/steel, of a capacity of <50 l, whether/not lined/heat-insulated, but not fitted with mechanical/thermal equipment",7323,Casks sheet or plate iron or steel
731100,"Containers for compressed/liquefied gas, of iron/steel",7324,Containers of iron or steel
731210,"Stranded wire, ropes & cables of iron/steel, not electrically insulated",7325,"Wire,cables,ropes etc -- of iron and steel"
731290,"Plaited bands, slings & the like, of iron/steel, not electrically insulated",7325,"Wire,cables,ropes etc -- of iron and steel"
731300,"Barbed wire of iron/steel; twisted hoop/single flat wire, barbed/not, & loosely twisted double wire, of a kind used for fencing, of iron/steel",7326,"Iron,steel fencing wire"
731412,"Endless bands for machinery, of woven cloth of stainless steel wire",7327,"Metal fencing,gauze,etc -- of iron or steel"
731414,"Woven cloth (excl. endless bands for machinery), of stainless steel wire",7327,"Metal fencing,gauze,etc -- of iron or steel"
731419,"Woven cloth (excl. endless bands for machinery), other than of stainless steel wire",7327,"Metal fencing,gauze,etc -- of iron or steel"
731420,"Grill, netting & fencing, welded at he intersection, of iron/steel wire with a maximum cross-sectional dim. of 3mm/more & having a mesh size of 100cm2/more",7327,"Metal fencing,gauze,etc -- of iron or steel"
731431,"Grill, netting & fencing of iron/steel wire (excl. of 7314.20), welded at the intersection, plated/coated with zinc",7327,"Metal fencing,gauze,etc -- of iron or steel"
731439,"Grill, netting & fencing of iron/steel wire (excl. of 7314.20 & 7314.31), welded at the intersection",7327,"Metal fencing,gauze,etc -- of iron or steel"
731441,"Cloth, grill, netting & fencing of iron/steel wire (excl. that welded at the intersection), plated/coated with zinc",7327,"Metal fencing,gauze,etc -- of iron or steel"
731442,"Cloth, grill, netting & fencing of iron/steel wire (excl. of 7314.20-7314.41), coated with plastics",7327,"Metal fencing,gauze,etc -- of iron or steel"
731449,"Cloth, grill, netting & fencing of iron/steel wire, n.e.s. in 73.14",7327,"Metal fencing,gauze,etc -- of iron or steel"
731450,Expanded metal of iron/steel,7327,"Metal fencing,gauze,etc -- of iron or steel"
731511,Roller chain of iron/steel,7329,"Iron,steel chain and parts"
731512,"Articulated link chain other than roller chain, of iron/steel",7329,"Iron,steel chain and parts"
731519,Parts of articulated link chain of iron/steel,7329,"Iron,steel chain and parts"
731520,Skid chain of iron/steel,7329,"Iron,steel chain and parts"
731581,Stud-link chain of iron/steel,7329,"Iron,steel chain and parts"
731582,Welded link chain of iron/steel,7329,"Iron,steel chain and parts"
731589,"Chain, of iron/steel, n.e.s. in 73.15",7329,"Iron,steel chain and parts"
731590,"Parts of chains (excl. articulated link chain), of iron/steel",7329,"Iron,steel chain and parts"
731600,"Anchors, grapnels & parts thereof , of iron/steel",7330,"Anchors, of iron or steel"
731700,"Nails, tacks, drawing pins, corrugated nails, staples (excl. of 83.05) & similar articles, of iron/steel, whether/not with heads of other material (excl. with heads of copper)",7331,"Nails, tacks of iron or steel"
731811,Coach screws of iron/steel,7332,Bolts and nuts of iron or steel
731812,"Wood screws other than coach screws, of iron/steel",7332,Bolts and nuts of iron or steel
731813,"Screw hooks & screw rings, of iron/steel",7332,Bolts and nuts of iron or steel
731814,Self-tapping screws of iron/steel,7332,Bolts and nuts of iron or steel
731815,"Screws & bolts (excl. of 7318.11-7318.14), whether/not with their nuts/washers, of iron/steel",7332,Bolts and nuts of iron or steel
731816,Nuts of iron/steel,7332,Bolts and nuts of iron or steel
731819,"Threaded articles of iron/steel (excl. of 73.07, 7318.11-7318.16)",7332,Bolts and nuts of iron or steel
731821,"Spring washers & other lock washers, of iron/steel",7332,Bolts and nuts of iron or steel
731822,Washers (excl. of 7318.21) of iron/steel,7332,Bolts and nuts of iron or steel
731823,Rivets of iron/steel,7332,Bolts and nuts of iron or steel
731824,"Cotters & cotter-pins, of iron/steel",7332,Bolts and nuts of iron or steel
731829,"Non-threaded articles similar to rivets, cotters & the like, of iron/steel (excl. of 7318.21-7318.24)",7332,Bolts and nuts of iron or steel
731920,Safety pins of iron/steel,7334,"Pins etc., of iron or steel"
731930,"Pins other than safety pins, of iron/steel",7334,"Pins etc., of iron or steel"
731990,"Sewing needles, knitting needles, bodkins, crochet hooks, embroidery stilettos & similar articles, for use in the hand, of iron/steel; not elsewhere specified/incld..",7333,"Needles, of iron or steel"
732010,"Leaf-springs & leaves therefor, of iron/steel",7335,Springs of iron or steel
732020,Helical springs of iron/steel,7335,Springs of iron or steel
732090,"Springs & leaves for springs, of iron/steel (excl. of 7320.10 & 7320.20)",7335,Springs of iron or steel
732111,"Cooking appliances & plate warmers , for gas fuel/for both gas & other fuels. ",7336A,"Iron,steel domestic cookg apprts"
732112,"Cooking appliances & plate warmers, for liquid fuel",7336A,"Iron,steel domestic cookg apprts"
732119,"Other cooking appliances & plate warmers incl. appliances for solid fuel, other than for gas fuel/for both gas & other fuels/liquid fuel.",7336A,"Iron,steel domestic cookg apprts"
732181,"Non-electric domestic appliances. & parts thereof , of iron/steel (similar to but excl. those of 7321.11-7321.13), for gas fuel/ for both gas & other fuels.",7336B,"Iron,steel domestic heatg apprts"
732182,"Non-electric domestic appliances, & parts thereof , of iron/steel (similar to but excl. those of 7321.11-7321.13), for liquid fuel",7336B,"Iron,steel domestic heatg apprts"
732189,"Non-electric domestic appliances, & parts thereof, of iron/steel (incl. appliances for solid fuel), other than for gas fuel/for both gas & other fuels/liquid fuel. ",7336B,"Iron,steel domestic heatg apprts"
732190,"Parts of the non-electric domestic appliances of 7321.11-7321.83, of iron/steel",7336C,Parts nes of apparatus of 6973
732211,"Radiators for central heating, non-electrically heated, & parts thereof , of cast iron",7337,Boilers of iron or steel
732219,"Radiators for central heating, non-electrically heated, & parts thereof , of iron (excl. cast iron)/steel",7337,Boilers of iron or steel
732290,"Air heaters & hot air distributors (incl. distributors which can distribute fresh/conditioned air), not electrically heated, incorporating a motor-driven fan/blower, & parts thereof , of iron/steel",7337,Boilers of iron or steel
732310,"Iron/steel wool; pot scourers & scouring/polishing pads, gloves & the like",7338A,Base metal domestic articles nes -- of iron or steel
732391,"Table/kitchen/other h-hold. articles & parts thereof (excl. of 7323.10), of cast iron, not enamelled",7338A,Base metal domestic articles nes -- of iron or steel
732392,"Table/kitchen/other h-hold. articles & parts thereof (excl. of 7323.10), of cast iron, enamelled",7338A,Base metal domestic articles nes -- of iron or steel
732393,"Table/kitchen/other h-hold. articles & parts thereof (excl. of 7323.10), of stainless steel",7338A,Base metal domestic articles nes -- of iron or steel
732394,"Table/kitchen/other h-hold. articles & parts thereof (excl. of 7323.10), of iron (excl. cast iron)/steel (excl. stainless steel), enamelled",7338A,Base metal domestic articles nes -- of iron or steel
732399,"Table/kitchen/other h-hold. articles & parts thereof (similar to but excl. those of 7323.10-7323.94), of iron/steel",7338A,Base metal domestic articles nes -- of iron or steel
732410,"Sinks & wash basins, of stainless steel",7338B,Base metal indor sanitary ware -- of iron or steel
732421,"Baths of cast iron, whether/not enamelled",7338B,Base metal indor sanitary ware -- of iron or steel
732429,Baths of iron other than cast iron/steel,7338B,Base metal indor sanitary ware -- of iron or steel
732490,"Sanitary ware & parts thereof , of iron/steel (excl. of 7324.10-7324.29)",7338B,Base metal indor sanitary ware -- of iron or steel
732510,"Cast articles of non-malleable cast iron, n.e.s.",7340A,Iron castings rough
732591,"Grinding balls & similar cast articles for mills, of iron/steel",7340A,Iron castings rough
732599,"Cast articles of iron (excl. non-malleable cast iron)/steel, n.e.s.",7340A,Iron castings rough
732611,"Grinding balls & similar articles for mills, of iron/steel, forged/stamped but not further worked",7340C,"Iron,steel forgings rough"
732619,"Articles of iron/steel, forged/stamped but not further worked, n.e.s.",7340C,"Iron,steel forgings rough"
732620,Articles of iron/steel wire,7340D,"Iron,steel manufactures nes"
732690,"Articles of iron/steel, n.e.s.",7340D,"Iron,steel manufactures nes"
740100,Copper mattes; cement copper (precipitated copper).,7401A,"Copper matte,cement"
740200,Unrefined copper; copper anodes for electrolytic refining,7401C,"Copper unrefined,excluding cement"
740311,"Cathodes & sections of cathodes, of refined copper, unwrought",7401D,Copper refined
740312,"Wire-bars of refined copper, unwrought",7401D,Copper refined
740313,"Billets of refined copper, unwrought",7401D,Copper refined
740319,Unwrought products of refined copper (excl. of 7403.11-7403.13),7401D,Copper refined
740321,"Copper-zinc base alloys (brass), unwrought",7401D,Copper refined
740322,"Copper-tin base alloys (bronze), unwrought",7401D,Copper refined
740329,"Other copper alloys (other than master alloys of heading 74.05), other than copper-zinc alloys(brass),/copper-tin base alloys(bronze).",7401D,Copper refined
740400,Copper waste & scrap,7401B,Copper waste and scrap
740500,Master alloys of copper,7402,Master alloy of copper
740610,"Powders of non-lamellar structure, of copper",7406,Copper powders and flakes
740620,"Powders of lamellar structure, of copper; flakes, of copper",7406,Copper powders and flakes
740710,"Bars, rods & profiles, of refined copper",7403,"Wrought bars of copper, copper wire"
740721,"Bars, rods & profiles, of copper-zinc base alloys (brass)",7403,"Wrought bars of copper, copper wire"
740729,"Bars, rods & profiles, of copper alloys (excl. of 7407.21)",7403,"Wrought bars of copper, copper wire"
740811,"Copper wire, of refined copper of which the maximum cross-sectional dim. exceeds 6mm",7403,"Wrought bars of copper, copper wire"
740819,"Copper wire, of refined copper (excl. of 7408.11)",7403,"Wrought bars of copper, copper wire"
740821,Wire of copper-zinc base alloys (brass),7403,"Wrought bars of copper, copper wire"
740822,Wire of copper-nickel base alloys (cupro-nickel)/copper-nickel-zinc base alloys (nickel silver),7403,"Wrought bars of copper, copper wire"
740829,Wire of copper alloys (excl. of 7408.21 & 7408.22),7403,"Wrought bars of copper, copper wire"
740911,"Copper plates, sheets & strip, of a thickness >0.15mm, of refined copper, in coils",7404,Wrought plates and strip of copper
740919,"Copper plates, sheets & strip, of a thickness >0.15mm, of refined copper, other than in coils",7404,Wrought plates and strip of copper
740921,"Copper plates, sheets & strip, of a thickness >0.15mm, of copper-zinc base alloys (brass), in coils",7404,Wrought plates and strip of copper
740929,"Copper plates, sheets & strip, of a thickness >0.15mm, of copper-zinc base alloys (brass), other than in coils",7404,Wrought plates and strip of copper
740931,"Copper plates, sheets & strip, of a thickness >0.15mm, of copper-tin base alloys (bronze), in coils",7404,Wrought plates and strip of copper
740939,"Copper plates, sheets & strip, of a thickness >0.15mm, of copper-tin base alloys (bronze), other than in coils",7404,Wrought plates and strip of copper
740940,"Copper plates, sheets & strip, of a thickness >0.15mm, of copper-nickel base alloys (cupro-nickel)/copper-nickel-zinc base alloys (nickel silver)",7404,Wrought plates and strip of copper
740990,"Copper plates, sheets & strip, of a thickness >0.15mm, of other copper alloys (excl. of 7409.11-7409.40)",7404,Wrought plates and strip of copper
741011,"Copper foil, whether/not printed, not backed with paper/paperboard/plactics/similar backing materials, of refined copper, of a thickness not >0.15mm",7405,Copper foil
741012,"Copper foil, whether/not printed, not backed with paper/paperboard/plactics/similar backing materials, of copper alloys, of a thickness not >0.15mm",7405,Copper foil
741021,"Copper foil, whether/not printed, backed with paper/paperboard/plactics/similar backing materials, of refined copper, of a thickness (excl. any backing) not >0.15mm",7405,Copper foil
741022,"Copper foil, whether/not printed, backed with paper/paperboard/plactics/similar backing materials, of copper alloys, of a thickness (excl. any backing) not >0.15mm",7405,Copper foil
741110,"Copper tubes & pipes, of refined copper",7407,"Tubes and pipes, of copper"
741121,"Copper tubes & pipes, of copper-zinc base alloys (brass)",7407,"Tubes and pipes, of copper"
741122,"Copper tubes & pipes, of copper-nickel base alloys (cupro-nickel)/copper-nickel-zinc base alloys (nickel silver)",7407,"Tubes and pipes, of copper"
741129,"Copper tubes & pipes, of copper alloys (excl. of 7411.21 & 7411.22)",7407,"Tubes and pipes, of copper"
741210,"Copper tube/pipe fittings (e.g., couplings, elbows, sleeves), of refined copper",7408,Tube and pipe fittings of copper
741220,"Copper tube/pipe fittings (e.g., couplings, elbows, sleeves), of copper alloys",7408,Tube and pipe fittings of copper
741300,"Stranded wire, cables, plaited bands & the like, of copper, not electrically insulated",7410,"Wire,cables,ropes etc -- of copper"
741510,"Nails, tacks, drawing pins, staples (excl. of 83.05) & similar articles, of copper/of iron/steel with heads of copper",7415,Bolts and nuts of copper
741521,Washers (incl. spring washers) of copper,7415,Bolts and nuts of copper
741529,"Non-threaded articles (e.g., rivets, cotters), of copper (excl. of 7415.10 & 7415.21)",7415,Bolts and nuts of copper
741533,"Screws; bolts & nuts, of copper",7415,Bolts and nuts of copper
741539,Threaded articles of copper (excl. of 7415.33),7415,Bolts and nuts of copper
741811,"Pot scourers & scouring/polishing pads, gloves & the like, of copper",7418A,Base metal domestic articles nes -- of copper
741819,"Table, kitchen/other household articles & parts thereof; of copper, other than pot scourers & scouring/polishing pads, gloves & the like",7418A,Base metal domestic articles nes -- of copper
741820,"Sanitary ware & parts thereof , of copper",7418B,Base metal indor sanitary ware -- of copper
741910,"Chain & parts thereof , of copper",7419,Other articles of copper
741991,"Other articles of copper such as cast, moulded, stamped/forged, but not further worked, other than chain & parts thereof,",7419,Other articles of copper
741999,"Other articles of copper, other than chain & parts thereof/cast, moulded, stamped/forged, but not further worked",7419,Other articles of copper
750110,Nickel mattes,7501A,"Nickel matte,sinters,etc"
750120,Nickel oxide sinters & other intermediate products of nickel metallurgy,7501A,"Nickel matte,sinters,etc"
750210,"Nickel, not alloyed, unwrought",7501C,"Nickel,alloys unwrought"
750220,"Nickel alloys, unwrought",7501C,"Nickel,alloys unwrought"
750300,Nickel waste & scrap,7501B,Nickel waste and scrap
750400,Nickel powders & flakes,7503,"Wrought plates, etc. of nickel, powder and waste"
750511,"Bars, rods, profiles & wire, of nickel, not alloyed",7502,"Wrought bars, rods, etc. of nickel, nickel wire"
750512,"Bars, rods, profiles & wire, of nickel alloys",7502,"Wrought bars, rods, etc. of nickel, nickel wire"
750521,"Wire of nickel, not alloyed",7502,"Wrought bars, rods, etc. of nickel, nickel wire"
750522,Wire of nickel alloys,7502,"Wrought bars, rods, etc. of nickel, nickel wire"
750610,"Plates, sheets, strip & foil, of nickel, not alloyed",7503,"Wrought plates, etc. of nickel, powder and waste"
750620,"Plates, sheets, strip & foil, of nickel alloys",7503,"Wrought plates, etc. of nickel, powder and waste"
750711,"Tubes & pipes, of nickel, not alloyed",7504,"Tubes and pipes, of nickel"
750712,"Tubes & pipes, of nickel alloys",7504,"Tubes and pipes, of nickel"
750720,"Tube/pipe fittings (e.g., couplings, elbows, sleeves), of nickel",7504,"Tubes and pipes, of nickel"
750810,"Cloth, grill & netting, of nickel wire",7506,Other articles of nickel
750890,Articles of nickel n.e.s. in Ch.75,7506,Other articles of nickel
760110,"Aluminium, not alloyed, unwrought",7601B,"Aluminium,alloys,unwrought"
760120,"Aluminium alloys, unwrought",7601B,"Aluminium,alloys,unwrought"
760200,Aluminium waste & scrap,7601A,Aluminium waste and scrap
760310,"Powders of non-lamellar structure, of aluminium",7605,Aluminium powders and flakes
760320,"Powders of lamellar structure, of aluminium; flakes of aluminium",7605,Aluminium powders and flakes
760410,"Bars, rods & profiles, of aluminium, not alloyed",7602,"Wrought bars, rods, etc of aluminium, aluminium wire"
760421,Hollow profiles of aluminium,7602,"Wrought bars, rods, etc of aluminium, aluminium wire"
760429,"Bars, rods & profiles (excl. hollow profiles) of aluminium alloys",7602,"Wrought bars, rods, etc of aluminium, aluminium wire"
760511,"Wire of aluminium, not alloyed, of which the maximum cross-sectional dim. exceeds 7mm",7602,"Wrought bars, rods, etc of aluminium, aluminium wire"
760519,"Wire of aluminium, not alloyed (excl. of 7605.11)",7602,"Wrought bars, rods, etc of aluminium, aluminium wire"
760521,"Wire of aluminium alloys, of which the maximum cross-sectional dim. exceeds 7mm",7602,"Wrought bars, rods, etc of aluminium, aluminium wire"
760529,Wire of aluminium alloys (excl. of 7605.21),7602,"Wrought bars, rods, etc of aluminium, aluminium wire"
760611,"Plates, sheets & strip, rectangular (incl. square), of a thickness >0.2mm, of aluminium, not alloyed",7603,"Wrought plates, of aluminium"
760612,"Plates, sheets & strip, rectangular (incl. square), of a thickness >0.2mm, of aluminium alloys",7603,"Wrought plates, of aluminium"
760691,"Plates, sheets & strip other than rectangular (incl. square), of a thickness >0.2mm, of aluminium, not alloyed",7603,"Wrought plates, of aluminium"
760692,"Plates, sheets & strip other than rectangular (incl. square), of a thickness >0.2mm, of aluminium alloys",7603,"Wrought plates, of aluminium"
760711,"Aluminium foil, whether/not printed, not backed, of a thickness not >0.2mm, rolled but not further worked",7604,Aluminium foil
760719,"Aluminium foil, whether/not printed, not backed, of a thickness not >0.2mm (excl. of 7607.11)",7604,Aluminium foil
760720,"Aluminium foil, whether/not printed, backed with paper/paperboard/plastics/similar backing materials, of a thickness (excl. any backing) not >0.2mm",7604,Aluminium foil
760810,"Tubes & pipes of aluminium, not alloyed",7606,"Tubes and pipes, of aluminium"
760820,Tubes & pipes of aluminium alloys,7606,"Tubes and pipes, of aluminium"
760900,"Aluminium tube/pipe fittings (e.g., couplings, elbows, sleeves)",7607,"Tube and pipe fittings, of aluminium"
761010,"Doors, windows & their frames & thresholds for doors, of aluminium",7608,"Structures &parts of structures, of aluminium"
761090,"Aluminium Structures (excld.prefabricated buildings of heading 94.06) & parts of structures (eg. Bridges & bridge-sections, lock-gates, towers, lattice masts, roofs, roofing frame-works,shutters, balustrades, pillars & columns) aluminium plates, rods,pro",7608,"Structures &parts of structures, of aluminium"
761100,"Aluminium reservoirs, tanks, vats & similar containters, for any material (other than compressed/liquefied gas), of a capacity >300 l, whether/not lined/heat-insulated but not fitted with mechanical/thermal equip.",7609,"Reservoirs, tanks and similar containers, of aluminium"
761210,"Collapsible tubular containters for any material (other than compressed/liquiefied gas), of aluminium",7610,"Casks and similar containers, of aluminium"
761290,"Aluminium casks, drums, cans, boxes&similar containters,incl.rigid tubular containtersbut excl.collapsible tubular containters,for any material(other than compressed/liquefied gas),of a capacity not >300 l, whether/not line/heat-insulated, but not fitted",7610,"Casks and similar containers, of aluminium"
761300,Aluminium containters for compressed/liquefied gas,7611,"Containers, of aluminium, for compressed or liquefied gas"
761410,"Stranded wire, cables, plaited bands & the like, of aluminium, not electrically insulated, with steel core",7612,"Stranded wire, cables, etc. of aluminium wire"
761490,"Stranded wire, cables, plaited bands & the like, of aluminium, not electrically insulated (excl. of 7614.10)",7612,"Stranded wire, cables, etc. of aluminium wire"
761511,"Pot scourers & scouring/polishing pads, gloves & the like, of aluminium",7615A,Base metal domestic articles nes -- of aluminium
761519,"Table/kitchen/other h-hold. articles & parts thereof (excl. of 7615.11), of aluminium",7615A,Base metal domestic articles nes -- of aluminium
761520,"Sanitary ware & parts thereof , of aluminium",7615B,Base metal indor sanitary ware -- of aluminium
761610,"Nails, tacks, staples (excl. of 83.05), screws, bolts, nuts, screw hooks, rivets, cotters, cotter-pins, washers & similar articles, of aluminium",7616,Other articles of aluminium
761691,"Cloth, grill, netting & fencing of aluminium wire",7616,Other articles of aluminium
761699,Articles of aluminium n.e.s. in Ch.76,7616,Other articles of aluminium
780110,"Unwrought lead, refined",7801C,Refined lead(excluding alloy)unwrought
780191,"Unwrought lead other than refined, containing by weight antimony as the principal other element",7801B,Unrefined lead
780199,"Unwrought lead other than refined, n.e.s. in 78.01",7801B,Unrefined lead
780200,Lead waste & scrap,7801A,Lead waste and scrap
780411,"Lead sheets, strip & foil of a thickness (excl. any backing) not >0.2mm",7803,"Wrought plates, sheets and strip, of lead"
780419,"Lead plates, sheets, strip & foil (excl. of 7804.11)",7803,"Wrought plates, sheets and strip, of lead"
780420,Lead powders & flakes,7803,"Wrought plates, sheets and strip, of lead"
780600,Other articles of lead.,7806,Other articles of lead
790111,"Zinc, not alloyed, unwrought, containing by weight 99.99%/more of zinc",7901B,"Zinc,alloys unwrought"
790112,"Zinc, not alloyed, unwrought, containing by weight <99.99% of zinc",7901B,"Zinc,alloys unwrought"
790120,"Zinc alloys, unwrought",7901B,"Zinc,alloys unwrought"
790200,Zinc waste & scrap,7901A,Zinc waste and scrap
790310,Zinc dust,7903B,"Zinc powders,dust,flakes"
790390,Zinc powders & flakes,7903B,"Zinc powders,dust,flakes"
790400,"Zinc bars, rods, profiles & wire",7902,"Wrought bars, rods, etc. of zinc, zinc wire"
790500,"Zinc plates, sheets, strip & foil",7903A,"Zinc sheets,strip,foil"
790700,Other articles of zinc.,7906,Other articles of zinc
800110,"Tin, not alloyed, unwrought",8001B,"Tin,alloys unwrought"
800120,"Tin alloys, unwrought",8001B,"Tin,alloys unwrought"
800200,Tin waste & scrap,8001A,Tin waste and scrap
800300,"Tin bars, rods, profiles & wire",8002,"Wrought bars, rods, etc. of tin, tin wire"
800700,Other articles of tin.,8006,Other articles of tin
810110,Tungsten (wolfram) powders,8101A,"Tungsten unwrought,waste"
810194,"Unwrought tungsten (wolfram), incl. bars & rods obt. simply by sintering",8101A,"Tungsten unwrought,waste"
810196,Tungsten (wolfram) wire,8101B,"Tungsten wrought,manufactures nes"
810197,Tungsten (wolfram) waste & scrap,8101A,"Tungsten unwrought,waste"
810199,"Other tungsten (wolfram) other than waste & scrap,/wire/powder.",8101B,"Tungsten wrought,manufactures nes"
810210,Molybdenum powders,8102A,"Molybdenum unwrought,waste"
810294,"Unwrought molybdenum, incl. bars & rods obt. simply by sintering",8102A,"Molybdenum unwrought,waste"
810295,"Molybdenum bars & rods (excl. those obt. simply by sintering), profiles, plates, sheets, strip & foil",8102B,"Molybdenm wrought,manufactures nes"
810296,Molybdenum wire,8102B,"Molybdenm wrought,manufactures nes"
810297,Molybdenum waste & scrap,8102A,"Molybdenum unwrought,waste"
810299,"Molybdenum & articles thereof , n.e.s. in 81.02",8102B,"Molybdenm wrought,manufactures nes"
810320,"Unwrought tantalum, incl. bars & rods obt. simply by sintering; powders",8103A,"Tantalum unwrought,waste"
810330,Tantalum waste & scrap,8103A,"Tantalum unwrought,waste"
810390,"Tantalum & articles thereof , n.e.s. in 81.03",8103B,"Tantalum wrought,manufactures nes"
810411,"Unwrought magnesium, containing at least 99.8% by weight of magnesium",7701B,Magnesium unwrought
810419,Unwrought magnesium (excl. of 8104.11),7701B,Magnesium unwrought
810420,Magnesium waste & scrap,7701A,"Magnesium waste,scrap"
810430,"Magnesium raspings, turnings & granules, graded according to size; magnesium powders",7702,"Wrought bars, rods, etc. of magnesium"
810490,"Magnesium & articles thereof , n.e.s. in 81.04",7702,"Wrought bars, rods, etc. of magnesium"
810520,Cobalt mattes & other intermediate products of cobalt metallurgy; unwrought cobalt; powders,8104B,Base metal nes unwrt waste
810530,Cobalt waste & scrap,8104B,Base metal nes unwrt waste
810590,"Cobalt & articles thereof , n.e.s. in 81.05",8104C,"Base metals nes wrought,manufactures"
810600,"Bismuth & articles thereof , incl. waste & scrap",8104B,Base metal nes unwrt waste
810720,Unwrought cadmium; powders,8104B,Base metal nes unwrt waste
810730,Cadmium waste & scrap,8104B,Base metal nes unwrt waste
810790,"Cadmium & articles thereof , n.e.s. in 81.07",8104C,"Base metals nes wrought,manufactures"
810820,Unwrought titanium; powders,8104B,Base metal nes unwrt waste
810830,Titanium waste & scrap,8104B,Base metal nes unwrt waste
810890,"Titanium & articles thereof , n.e.s. in 81.08",8104C,"Base metals nes wrought,manufactures"
810920,Unwrought zirconium; powders,8104B,Base metal nes unwrt waste
810930,Zirconium waste & scrap,8104B,Base metal nes unwrt waste
810990,"Zirconium & articles thereof , n.e.s. in 81.09",8104C,"Base metals nes wrought,manufactures"
811010,Unwrought antimony; powders,8104B,Base metal nes unwrt waste
811020,Antimony waste & scrap,8104B,Base metal nes unwrt waste
811090,"Antimony & articles thereof , n.e.s. in 81.10",8104B,Base metal nes unwrt waste
811100,"Manganese & articles thereof , incl. waste & scrap",8104B,Base metal nes unwrt waste
811212,"Beryllium, unwrought; powders",7704A,"Beryllium unwrought,waste"
811213,Beryllium waste & scrap,7704A,"Beryllium unwrought,waste"
811219,"Beryllium & articles thereof , n.e.s. in 81.12",7704B,"Beryllium wrought,manufactures nes"
811221,"Chromium, unwrought; powders",8104B,Base metal nes unwrt waste
811222,Chromium waste & scrap,8104B,Base metal nes unwrt waste
811229,"Chromium & articles thereof , n.e.s. in 81.12",8104B,Base metal nes unwrt waste
811251,"Thallium, unwrought; powders",8104B,Base metal nes unwrt waste
811252,Thallium waste & scrap,8104B,Base metal nes unwrt waste
811259,"Thallium & articles thereof , n.e.s. in 81.12",8104C,"Base metals nes wrought,manufactures"
811292,"germanium, vanadium, gallium, hafnium, indium, niobium (columbium), rhenium, & articles of these metals, incl. waste & scrap, powder, unwrought.",8104B,Base metal nes unwrt waste
811299,"germanium, vanadium, gallium, hafnium, indium, niobium (columbium), rhenium, & articles of these metals, excl. waste & scrap, powder, unwrought.",8104C,"Base metals nes wrought,manufactures"
811300,"Cermets & articles thereof , incl. waste & scrap",8104B,Base metal nes unwrt waste
820110,Spades & shovels,8201,"Hand tools, etc. used in agriculture"
820120,Forks (hand tools),8201,"Hand tools, etc. used in agriculture"
820130,"Mattocks, picks, hoes & rakes",8201,"Hand tools, etc. used in agriculture"
820140,"Axes, bill hooks & similar hewing tools",8201,"Hand tools, etc. used in agriculture"
820150,Secateurs & similar one-handed pruners & shears (incl. poultry shears),8201,"Hand tools, etc. used in agriculture"
820160,"Hedge shears, 2-handed pruning shears & similar 2-handed shears",8201,"Hand tools, etc. used in agriculture"
820190,Hand tools of a kind used in agriculture/horticulture/forestry (excl. of 8201.10-8201.60),8201,"Hand tools, etc. used in agriculture"
820210,Hand saws,8202,Saws and blades for hand or machine saws
820220,Band saw blades,8202,Saws and blades for hand or machine saws
820231,Circular saw blades (incl. slitting/slotting saw blades) with working part of steel,8202,Saws and blades for hand or machine saws
820239,"Circular saw blades (incl. slitting/slotting saw blades), other than those with working part of steel;. parts of circular saw blades",8202,Saws and blades for hand or machine saws
820240,Chain saw blades,8202,Saws and blades for hand or machine saws
820291,"Straight saw blades, for working metal",8202,Saws and blades for hand or machine saws
820299,Saw blades (excl. of 8202.20-8202.91),8202,Saws and blades for hand or machine saws
820310,"Files, rasps & similar tools",8203B,Files and rasps
820320,"Pliers (incl. cutting pliers), pincers, tweezers & similar tools",8203C,"Pliers,pincers,snips,etc"
820330,Metal-cutting shears & similar tools,8203C,"Pliers,pincers,snips,etc"
820340,"Pipe-cutters, bolt croppers, perforating punches & similar tools",8203C,"Pliers,pincers,snips,etc"
820411,"Hand-operated spanners & wrenches, non-adjustable",8203A,Wrenches and spanners
820412,"Hand-operated spanners & wrenches, adjustable",8203A,Wrenches and spanners
820420,"Interchangeable spanner sockets, with/without handles",8203A,Wrenches and spanners
820510,"Drilling/threading/tapping tools, for use in the hand",8204,"Hand tools, n.e.s."
820520,Hammers & sledge hammers,8204,"Hand tools, n.e.s."
820530,"Planes, chisels, gouges & similar cutting tools for working wood, for use in the hand",8204,"Hand tools, n.e.s."
820540,Screwdrivers,8204,"Hand tools, n.e.s."
820551,"Household tools for use in the hand, n.e.s.",8204,"Hand tools, n.e.s."
820559,"Hand tools (incl. glaziers' diamonds), n.e.s.",8204,"Hand tools, n.e.s."
820560,Blow lamps,8204,"Hand tools, n.e.s."
820570,"Vices, clamps & the like",8204,"Hand tools, n.e.s."
820580,Anvils; portable forges; hand/pedal-operated grinding wheels with frameworks,8204,"Hand tools, n.e.s."
820590,Sets of articles of 2/more of the SHs of 82.05,8204,"Hand tools, n.e.s."
820600,"Tools of 2/more of the headings of 82.02-82.05, put up in sets for RS",8204,"Hand tools, n.e.s."
820713,"Rock drilling/earth boring tools with working part of cermets, for hand tools, whether/not power-operated/for machine tools",8205,Interchangeable tools for machine or power operated hand tools
820719,"Rock drilling/earth boring tools other than those with working parts of cermets, incl. parts, for hand tools, whether/not power-operated/for machine tools",8205,Interchangeable tools for machine or power operated hand tools
820720,"Dies for drawing/extruding metal, for hand tools, whether/not power-operated/for machine tools",8205,Interchangeable tools for machine or power operated hand tools
820730,"Tools for pressing/stamping/punching, for hand tools, whether/not power-operated/for machine tools",8205,Interchangeable tools for machine or power operated hand tools
820740,"Tools for tapping/threading, for hand tools, whether/not power-operated/for machine tools",8205,Interchangeable tools for machine or power operated hand tools
820750,"Tools for drilling, other than for rock drilling, for hand tools, whether/not power-operated/for machine tools",8205,Interchangeable tools for machine or power operated hand tools
820760,"Tools for boring/broaching, for hand tools, whether/not power-operated/for machine tools",8205,Interchangeable tools for machine or power operated hand tools
820770,"Tools for milling, for hand tools, whether/not power-operated/for machine tools",8205,Interchangeable tools for machine or power operated hand tools
820780,"Tools for turning, for hand tools, whether/not power-operated/for machine tools",8205,Interchangeable tools for machine or power operated hand tools
820790,"Interchangeable tools for hand tools, n.e.s. in 82.07, whether/not power-operated/for machine tools",8205,Interchangeable tools for machine or power operated hand tools
820810,"Knives & cutting blades, for machines/mechanical appliances, for metal working",8206,"Knives and cutting blades, for machines"
820820,"Knives & cutting blades, for machines/mechanical appliances, for wood working",8206,"Knives and cutting blades, for machines"
820830,"Knives & cutting blades, for machines/mechanical appliances, for kitchen appliances/for machines used by the food industry",8206,"Knives and cutting blades, for machines"
820840,"Knives & cutting blades, for machines/mechanical appliances, for agricultural/horticultural/forestry machines",8206,"Knives and cutting blades, for machines"
820890,"Knives & cutting blades, for machines/mechanical appliances (excl. of 8208.10-8208.40)",8206,"Knives and cutting blades, for machines"
820900,"Plates, sticks, tips & the like for tools, unmounted, of cermets",8207,"Tool-tips and plates, etc"
821000,"Hand-operated mechanical appliances, weighing 10kg/less, used in the preparation/conditioning/serving of food/drink",8208,"Coffee-mills, and other mechanical appliances, domestic use"
821110,"Sets of assorted knives with cutting blades, whether/not serrated, incl. pruning knives, other than knives of 82.08, & blades therefor",8209,Knives with cutting blades
821191,"Table knives having fixed blades, whether/not serrated",8209,Knives with cutting blades
821192,"Knives having fixed blades (excl. table knives & knives of 82.02), whether/not serrated",8209,Knives with cutting blades
821193,"Knives having other than fixed blades, whether/not serrated",8209,Knives with cutting blades
821194,"Blades for knives, whether/not serrated",8209,Knives with cutting blades
821195,"Handles for knives, of base metal",8209,Knives with cutting blades
821210,"Razors (excl. plastic razors presented without their blades, & electric razors)",8211,Razors and razor blades
821220,"Safety razor blades, incl. razor blade blanks in strips",8211,Razors and razor blades
821290,"Parts of razors, other than blades",8211,Razors and razor blades
821300,"Scissors, tailors' shears & similar shears, & blades therefor",8212,"Scissors, and blades therefor"
821410,"Paper knives, letter openers, erasing knives, pencil sharpeners & blades therefor",8213,Other articles of cutlery
821420,Manicure/pedicure sets & instr. (incl. nail files),8213,Other articles of cutlery
821490,"Articles of cutlery (e.g., hair clippers, butchers'/kitchen cleavers, choppers & mincing knives) n.e.s. in Ch.82",8213,Other articles of cutlery
821510,"Sets of assorted spoons, forks, ladles & similar kitchen/tableware articles containing at least one article plated with precious metal",8214,Spoons and similar tableware
821520,Sets of assorted kitchen/tableware articles (excl. of 8215.10),8214,Spoons and similar tableware
821591,"Spoons, forks, ladles, skimmers, cake-servers, fish-knives, butter-knives, sugar tongs & similar kitchen/tableware, plated with precious metal",8214,Spoons and similar tableware
821599,"Spoons, forks, ladles, skimmers, cake-servers, fish-knives, butter-knives, sugar tongs & similar kitchen/tableware (excl. of 8215.10-8215.91)",8214,Spoons and similar tableware
830110,"Padlocks, of base metal",8301,"Locks,keys and parts"
830120,"Locks of a kind used for motor vehicles, of base metal",8301,"Locks,keys and parts"
830130,"Locks of a kind used for furniture, of base metal",8301,"Locks,keys and parts"
830140,"Locks (key/combination/electrically operated), of base metal (excl. of 8301.10-8310.30)",8301,"Locks,keys and parts"
830150,"Clasps & frames with clasps, incorporating locks, of base metal",8301,"Locks,keys and parts"
830160,"Parts of locks, of base metal",8301,"Locks,keys and parts"
830170,"Keys for any of the locks of 8301.10-8301.40, presented sep., of base metal",8301,"Locks,keys and parts"
830210,Hinges of base metal,8302,"Base metal door,etc fittng"
830220,Castors of base metal,8302,"Base metal door,etc fittng"
830230,"Mountings, fittings & similar articles suit. for motor vehicles, of base metal (excl. of 8302.10 & 8302.20)",8302,"Base metal door,etc fittng"
830241,"Mountings, fittings & similar articles suit. for buildings, of base metal (excl. of 8302.10 & 8310.20)",8302,"Base metal door,etc fittng"
830242,"Mountings, fittings & similar articles suit. for furniture, of base metal (excl. of 8302.10 & 8310.20)",8302,"Base metal door,etc fittng"
830249,"Mountings, fittings & similar articles (e.g., suit. for saddlery/trunks/chests/caskets/the like), n.e.s. in 83.02, of base metal",8302,"Base metal door,etc fittng"
830250,"Hat-racks, hat-pegs, brackets & similar fixtures, of base metal",8302,"Base metal door,etc fittng"
830260,"Automatic door closers, of base metal",8302,"Base metal door,etc fittng"
830300,"Armoured/reinforcededed safes, strong-boxes & doors & safe deposit lockers for strong-rooms, cash/deed boxes & the like, of base metal",8303,"Safes, strong-boxes etc. of base metal"
830400,"Filing cabinets, card-index cabinets, paper trays, paper rests, pen trays, office-stamp stands & similar office/desk equip., of base metal (excl. office furniture of 94.03)",8304,"Filing cabinets and similar office equipment, of base metal"
830510,"Fittings for loose-leaf binders/files, of base metal",8305,"Fittings for loose-leaf binders, etc of base metal"
830520,"Staples in strips (e.g., for offices, upholstery, packaging), of base metal",8305,"Fittings for loose-leaf binders, etc of base metal"
830590,"Fittings for office articles (e.g., letter clips, letter corners, paper clips, indexing tags), other than fittings for looseleaf binders/files & staples in strips, incl. parts, of base metal",8305,"Fittings for loose-leaf binders, etc of base metal"
830610,"Bells, gongs & the like, non-electric, of base metal",8311,"Bells and gongs, non-electric, of base metal"
830621,"Statuettes & other ornaments, of base metal plated with precious metal",8306,Statuettes of base metal
830629,"Statuettes & other ornaments, of base metal (excl. of 8306.21)",8306,Statuettes of base metal
830630,"Photograph/picture/similar frames, of base metal; mirrors of base metal",8306,Statuettes of base metal
830710,"Flexible tubing of base metal, with/without fittings, of iron/steel",8308,"Flexible tubing and piping, of base metal"
830790,"Flexible tubing of base metal, with/without fittings, of base metals other than iron/steel",8308,"Flexible tubing and piping, of base metal"
830810,"Hooks, eyes & eyelets of a kind used for clothing/footwear/awnings/handbags/travel goods/other made-up articles, of base metal",8309,"Base metal hooks,eyes etc"
830820,"Tubular/bifurcated rivets, of base metal",8309,"Base metal hooks,eyes etc"
830890,"Clasps, frames with clasps, buckles, buckle-clasps, & the like, of base metal, of a kind used for clothing, footwear, awnings, handbags, travel goods/other made up articles (excl. of 8308.10 & .20), incl. parts; beads & spangles, of base metal.",8309,"Base metal hooks,eyes etc"
830910,"Crown corks, of base metal",8313,"Stoppers, crown corks, etc. of base metal"
830990,"Stoppers, caps & lids (incl. screw caps & pouring stoppers; excl. crown corks), capsules for bottles, threaded bungs, bung covers, seals & other packing accessories, of base metal",8313,"Stoppers, crown corks, etc. of base metal"
831000,"Sign-plates, name-plates, address-plates & similar plates, numbers, letters & other symbols, of base metal (excl. of 94.05)",8314,"Sign-plates, name-plates, etc. of base metal"
831110,"Coated electrodes of base metal, for electric arc-welding",8315,"Wire, rods, tubes, of base metal or of metal carbides"
831120,"Cored wire of base metal, for electric arc-welding",8315,"Wire, rods, tubes, of base metal or of metal carbides"
831130,"Coated rods & cored wire, of base metal, for soldering/brazing/welding by flame",8315,"Wire, rods, tubes, of base metal or of metal carbides"
831190,"Wire, rods, tubes, plates, electrodes & similar products (incl. parts), of base metal/metal carbides, coated/cored with flux material, of a kind used for soldering, brazing, welding/deposition of metql/of metal carbides; .(excl. of 8311.10-8311.30); wire",8315,"Wire, rods, tubes, of base metal or of metal carbides"
840110,Nuclear reactors,8459A,"Nuclear reactors,parts nes"
840120,"Machinery & apparatus for isotopic separation, & parts thereof",8418C,"Parts nes of app of 7435,6"
840130,"Fuel elements (cartridges), non-irradiated",8459A,"Nuclear reactors,parts nes"
840140,Parts of nuclear reactors,8459A,"Nuclear reactors,parts nes"
840211,Watertube boilers with a steam production >45t per hour (excl. central heating hot water boilers capable also of producing low pressure steam),8401A,Steam boilers etc
840212,Watertube boilers with a steam production not >45 t per hour (excl. central heating hot water boilers capable also of producing low pressure steam),8401A,Steam boilers etc
840219,"Vapour generating boilers, incl. hybrid boilers (excl. of 8402.11 & 8402.12; excl. central heating hot water boilers capable also of producing low pressure steam)",8401A,Steam boilers etc
840220,Super-heated water boilers,8401A,Steam boilers etc
840290,Parts of the boilers of 8402.11-8402.20,8401B,Parts nes of boilers
840310,Central heating boilers (excl. of 84.02),7337,Boilers of iron or steel
840390,Parts of the boilers of 8403.10,7337,Boilers of iron or steel
840410,"Auxiliary plant for use with boilers of 84.02/84.03 (e.g., economisers, super-heaters, soot removers, gas recoverers)",8402A,Auxiliary boiler plant
840420,Condensers for steam/other vapour power units,8402A,Auxiliary boiler plant
840490,Parts of the auxiliary plant of 8404.10 & 8404.20,8402B,Parts nes of auxilary boil plant
840510,"Producer gas/water gas generators, with/without their purifiers; acetylene gas generators & similar water process gas generators, with/without their purifiers",8403,Producer gas and water gas generators
840590,Parts of the producer gas/water gas generators/acetylene gas & similar water process gas generators of 8405.10,8403,Producer gas and water gas generators
840610,Steam turbines & other vapour turbines for marine propulsion,8405A,"Steam power units,engins"
840681,"Steam turbines & other vapour turbines (excl. for marine propulsion), of an output >40MW",8405A,"Steam power units,engins"
840682,"Steam turbines & other vapour turbines (excl. for marine propulsion), of an output not >40MW",8405A,"Steam power units,engins"
840690,Parts of the steam turbines & other vapour turbines of 8406.10-8406.82,8405B,Steam engine etc parts nes
840710,Spark-ignition reciprocating/rotary internal combustion piston engines for aircraft,8406A,Internal combustion piston engines ---- aircraft
840721,Spark-ignition reciprocating/rotary internal combustion piston engines for outboard motors,8406D,Internal combustion piston engines ---- outboard
840729,Spark-ignition reciprocating/rotary internal combustion piston engines for marine propulsion (excl. outboard motors),8406E,Internal combustion piston engines ---- other than outboard
840731,"Spark ignition reciprocating piston engines of a kind used for the propulsion of vehicles of Ch.87, of a cylinder capacity not >50cc",8406C,Internal combustion piston engines -- for motor vehicles
840732,"Spark ignition reciprocating piston engines of a kind used for the propulsion of vehicles of Ch.87, of a cylinder capacity >50cc but not >250cc",8406C,Internal combustion piston engines -- for motor vehicles
840733,"Spark ignition reciprocating piston engines of a kind used for the propulsion of vehicles of Ch.87, of a cylinder capacity >250cc but not >1000cc",8406C,Internal combustion piston engines -- for motor vehicles
840734,"Spark ignition reciprocating piston engines of a kind used for the propulsion of vehicles of Ch.87, of a cylinder capacity >1000cc",8406C,Internal combustion piston engines -- for motor vehicles
840790,Spark-ignition reciprocating/rotary internal combustion piston engines (excl. of 8407.10-8407.29),8406F,"Internal combustion piston engines -- engines,nes"
840810,Compression-ignition internal combustion piston engines (diesel/semi-diesel engines) for marine propulsion,8406E,Internal combustion piston engines ---- other than outboard
840820,Compression-ignition internal combustion piston engines (diesel/semi-diesel engines) of a kind used for the propulsion of vehicles of Ch.87,8406C,Internal combustion piston engines -- for motor vehicles
840890,Internal combustion piston engines (diesel/semi-diesel engines) (excl. of 8408.10 & 8408.20),8406F,"Internal combustion piston engines -- engines,nes"
840910,Parts suit. for use solely/principally with the aircraft engines of 84.07,8406B,Internal combustion piston engines ---- part nes of 71311
840991,Parts suit. for use solely/principally with spark-ignition internal combustion piston engines,8406G,"Internal combustion piston engines -- parts,nes"
840999,Parts suit. for use solely/principally with the engines of 84.07/84.08 (excl. of 8409.10 & 8409.91),8406G,"Internal combustion piston engines -- parts,nes"
841011,"Hydraulic turbines & water wheels, of a power not >1000kW",8407B,"Other hydraulic engines,motors"
841012,"Hydraulic turbines & water wheels, of a power >1000kW but not >10000kW",8407B,"Other hydraulic engines,motors"
841013,"Hydraulic turbines & water wheels, of a power >10000kW",8407B,"Other hydraulic engines,motors"
841090,Parts (incl. regulators) of the hydraulic turbines & water wheels of 8410.11-8410.13,8407C,"Parts nes of 71881,71882"
841111,"Turbo-jets, of a thrust not >25kN",8408A,Reaction engines
841112,"Turbo-jets, of a thrust >25 kN",8408A,Reaction engines
841121,"Turbo-propellers, of a power not >1,100kW",8408B,Turbo-propellers
841122,"Turbo-propellers, of a power >1,100kW",8408B,Turbo-propellers
841181,"Gas turbines other than turbo-jets/turbo-propellers, of a power not >5000kW",8408C,Other gas turbines nes
841182,"Gas turbines other than turbo-jets/turbo-propellers, of a power >5000kW",8408C,Other gas turbines nes
841191,Parts of the turbo-jets/turbo-propellers of 8411.11-8411.22,8408E,"Parts nes of 7144,71481"
841199,Parts of the other gas turbines of 8411.81 & 8411.82,8408F,"Parts nes,of 71488,71888"
841210,Reaction engines other than turbo-jets,8408A,Reaction engines
841221,Linear acting (cylinders) hydraulic power engines & motors,8407B,"Other hydraulic engines,motors"
841229,Hydraulic power engines & motors other than linear acting (cylinders),8408D,"Other engines,motors nes"
841231,Linear acting (cylinders) pneumatic power engines & motors,8407B,"Other hydraulic engines,motors"
841239,Pneumatic power engines & motors other than linear acting (cylinders),8408D,"Other engines,motors nes"
841280,Engines & motors n.e.s. in Ch.84,8408D,"Other engines,motors nes"
841290,Parts of the engines & motors of 8412.10-8412.80,8408F,"Parts nes,of 71488,71888"
841311,"Pumps for dispensing fuel/lubricants, of the type used in filling-stations/garages",8410A,Garage-type fuel pumps
841319,"Pumps for liquids, fitted/designed to be fitted with a measuring device (excl. of 8413.11)",8410E,Pumps for liquids nes etc
841320,Hand pumps for liquids (excl. of 8413.11 & 8413.19),8410E,Pumps for liquids nes etc
841330,Fuel/lubricating/cooling medium pumps for internal combustion piston engines,8410E,Pumps for liquids nes etc
841340,Concrete pumps,8410B,Reciprocating pumps nes
841350,Reciprocating positive displacement pumps (excl. of 8413.11-8413.40),8410B,Reciprocating pumps nes
841360,Rotary positive displacement pumps (excl. of 8413.11-8413.40),8410D,Rotary pumps nes
841370,Centrifugal pumps (excl. of 8413.11-8413.40),8410C,Centrifugal pumps nes
841381,Pumps n.e.s. in 84.13,8410E,Pumps for liquids nes etc
841382,Liquid elevators,8410E,Pumps for liquids nes etc
841391,Parts of the pumps of 8413.11-8413.81,8410F,Parts nes of pumps of 742
841392,Parts of liquid elevators,8410F,Parts nes of pumps of 742
841410,Vacuum pumps,8411A,Pumps for gases etc
841420,Hand-/foot-operated air pumps,8411A,Pumps for gases etc
841430,Compressors of a kind used in refrigerating equip.,8411A,Pumps for gases etc
841440,Air compressors mounted on a wheeled chassis for towing,8411A,Pumps for gases etc
841451,"Table/floor/wall/window/ceiling/roof fans, with a self-contained electric motor of an output not >125W",8506B,Domestic electric room fans etc
841459,"Fans, other than table/floor/wall/window/ceiling/roof fans, with a self-contained electric motor of an output not >125W",8411D,"Fans,blowers,etc parts"
841460,"Ventilating/recycling hoods incorporating a fan, whether/not fitted with filters, having a maximum horizontal side not >120cm",8411D,"Fans,blowers,etc parts"
841480,"Air pumps, air/other gas compressors & fans (excl. of 8414.10-8414.59); ventilating/recycling hoods incorporating a fan, whether/not fitted with filters (excl. of 8414.60)",8411A,Pumps for gases etc
841490,"Parts of the pumps, compressors, fans & recycling hoods of 8414.10-8414.20",8418C,"Parts nes of app of 7435,6"
841510,"Window/wall type air-conditioning machines, self-contained/split-system, comprising a motor-driven fan & elements for changing the temp. & humidity, including those machines in which the humidity cannot be separately regulated",8412,"Air conditioning machines, etc"
841520,"Air-conditioning machines of a kind used for persons, in motor vehicles",8412,"Air conditioning machines, etc"
841581,Air-conditioning machines incorporating a refrigerating unit & a valve for reversal of the cooling/heat cycle (reversible heat pumps),8412,"Air conditioning machines, etc"
841582,"Air-conditioning machines (excl. of 8415.10-8415.81), incorporating a refrigerating unit",8412,"Air conditioning machines, etc"
841583,"Air-conditioning machines (excl. of 8415.10-8415.81), not incorporating a refrigerating unit",8412,"Air conditioning machines, etc"
841590,Parts of the air-conditioning machines of 8415.10-8415.83,8412,"Air conditioning machines, etc"
841610,Furnace burners for liquid fuel,8413,Furnace burners for liquid fuel
841620,"Furnace burners other than those for liquid fuel, incl. combination burners",8413,Furnace burners for liquid fuel
841630,"Mechanical stokers (incl. their mechanical grates), mechanical ash dischargers & similar appliances",8413,Furnace burners for liquid fuel
841690,"Parts of the furnace burners, mechanical stokers & mechanical ash dischargers & similar appliances of 8416.10-8416.30",8413,Furnace burners for liquid fuel
841710,"Furnaces & ovens for the roasting/melting/other heat-treatment of ores/pyrites/metals, non-electric",8414,"Industrial and laboratory furnaces and ovens, non-electric"
841720,"Bakery ovens, incl. biscuit ovens, non-electric",8414,"Industrial and laboratory furnaces and ovens, non-electric"
841780,"Industrial/laboratory furnaces & ovens (excl. of 8147.10 & 8417.20), incl. incinerators, non-electric",8414,"Industrial and laboratory furnaces and ovens, non-electric"
841790,Parts of the industrial/laboratory furnaces & ovens of 8417.10-8417.80,8414,"Industrial and laboratory furnaces and ovens, non-electric"
841810,"Combined refrigerator-freezers, fitted with separate external doors, electric/other",8415A,Domestic refrigerators
841821,"Refrigerators, h-hold. type, compression-type, electric/other",8415A,Domestic refrigerators
841829,"Refrigerators, household type, excl. compression type.",8415A,Domestic refrigerators
841830,"Freezers of the chest type, not >800 l capacity, electric/other",8415B,Domestic deep-freezers
841840,"Freezers of the upright type, not >900 l capacity, electric/other",8415B,Domestic deep-freezers
841850,"Refrigerating/freezing chests, cabinets, display counters, show-cases & similar refrigerating/freezing furniture, electric/other (excl. of 8418.10-8418.40)",8415C,Refrigerators equipment nondomestic
841861,Compression-type refrigerating/freezing equip. whose condensers are heat exchangers,8415C,Refrigerators equipment nondomestic
841869,Refrigerating/freezing equip. n.e.s. in 84.18; heat pumps,8415C,Refrigerators equipment nondomestic
841891,Furniture designed to receive refrigerating/freezing equip.,8415D,Parts nes of refrigerating equipment
841899,Parts of the refrigerating/freezing equip. & heat pumps of 8418.10-8418.69 (excl. of 8418.91),8415D,Parts nes of refrigerating equipment
841911,Instantaneous gas water heaters,8417B,"Heating,cooling equuipment nes"
841919,"Instantaneous/storage water heaters, non-electric (excl. of 8419.11)",8417B,"Heating,cooling equuipment nes"
841920,"Medical/surgical/laboratory sterilisers, whether/not electrically heated",8417B,"Heating,cooling equuipment nes"
841931,"Dryers for agricultural products, whether/not electrically heated",8417B,"Heating,cooling equuipment nes"
841932,"Dryers for wood, paper pulp, paper/paperboard, whether/not electrically heated",8417B,"Heating,cooling equuipment nes"
841939,"Dryers for use as machinery/plant/laboratory equip., whether/not electricallyheated (excl. of 8419.31, 8419.32, 84.36-84.38 & 84.51)",8417B,"Heating,cooling equuipment nes"
841940,"Distilling/rectifying plant, whether/not electrically heated",8417B,"Heating,cooling equuipment nes"
841950,"Heat exchange units, whether/not electrically heated",8417B,"Heating,cooling equuipment nes"
841960,"Machinery for liquefying air/other gases, whether/not electrically heated",8417B,"Heating,cooling equuipment nes"
841981,"Machinery, plant & equip., n.e.s. in Ch.84, for making hot drinks/for cooking/heating food, whether/not electrically heated",8417B,"Heating,cooling equuipment nes"
841989,"Machinery, plant & equip., n.e.s. in Ch.84, other than for making hot drinks/for cooking/heating food, whether/not electrically heated",8417B,"Heating,cooling equuipment nes"
841990,"Parts of machinery, plant/laboratory equipment, whether/not electrically heated (excl. furnaces, ovens & other equipment of heading 85.14), for the treatment of materials by a process involving a change of temperature such as heating, cooking, roasting",8417B,"Heating,cooling equuipment nes"
842010,Calendering/other rolling machines (excl. for metals/glass),8416,Calendering and similar rolling machines
842091,Cylinders for calendering/other rolling machines,8416,Calendering and similar rolling machines
842099,"Parts of calendering/other rolling machnes, other than cylinders",8416,Calendering and similar rolling machines
842111,"Cream separators, centrifugal",8418A,Centrifuges
842112,"Clothes-dryers, centrifugal",8418A,Centrifuges
842119,"Other centrifuges, incl. centrifugal dryers, excl. cream separators & clothes-dryers.",8418A,Centrifuges
842121,Filtering/purifying machinery & apparatus for filtering/purifying water,8418B,"Gas,liquid filters etc"
842122,Filtering/purifying machinery & apparatus for filtering/purifying beverages other than water,8418B,"Gas,liquid filters etc"
842123,Oil/petrol-filters for internal combustion engines,8418B,"Gas,liquid filters etc"
842129,Filtering/purifying machinery & apparatus for liquids (excl. of 8421.21-8421.23),8418B,"Gas,liquid filters etc"
842131,Intake air filters for internal combustion engines,8418B,"Gas,liquid filters etc"
842139,"Filtering/purifying machinery & apparatus for gases, other than intake air filters for internal combustion engines",8418B,"Gas,liquid filters etc"
842191,"Parts of centrifuges, incl. centrifugal dryers.",8418C,"Parts nes of app of 7435,6"
842199,"Parts of the filtering/purifying machinery & apparatus of 84.21 (excl. of centrifuges, incl. centrifugal dryers)",8418C,"Parts nes of app of 7435,6"
842211,Dish washing machines of the h-hold. type,8419A,Domestic dishwashing machines
842219,Dish washing machines other than h-hold. type,8419B,"Packagng,filling,etc machines"
842220,Machinery for cleaning/drying bottles/other containters,8419B,"Packagng,filling,etc machines"
842230,"Machinery for filling/closing/sealing/labelling bottles/cans/boxes/bags/other containters; machinery for capsuling bottles, jars, tubes & similar containters; machinery for aerating beverages",8419B,"Packagng,filling,etc machines"
842240,"Packing/wrapping machinery, incl. heat-shrink wrapping machinery (excl. of 8422.30)",8419B,"Packagng,filling,etc machines"
842290,Parts of the machinery of 8422.11-8422.40,8419C,Packing etc machinery parts nes
842310,"Personal weighing machines, incl. baby scales; h-hold. scales",8420A,Weighing machinery
842320,Scales for continuous weighing of goods on conveyors,8420A,Weighing machinery
842330,"Constant weight scales & scales for discharging a predetermined weight of material into a bag/container, incl. hopper scales",8420A,Weighing machinery
842381,"Weighing machinery (excl. of 8423.10-8423.30), having a maximum weighing capacity not >30kg",8420A,Weighing machinery
842382,"Weighing machinery (excl. of 8423.10-8423.30), having a maximum weighing capacity >30 kg but not >5000kg",8420A,Weighing machinery
842389,Weighing machinery (excl. balances of a sensitivity of 5cg/better; excl. of 8423.10-8423.82),8420A,Weighing machinery
842390,Weighing machine wts. of all kinds; parts of weighing machinery,8420B,"Weighng machinery weights,parts nes"
842410,"Fire extinguishers, whether/not charged",8421,"Mechanical appliances for projecting or spraying liquids, etc."
842420,Spray guns & similar appliances,8421,"Mechanical appliances for projecting or spraying liquids, etc."
842430,Steam/sand blasting machines & similar jet projecting machines,8421,"Mechanical appliances for projecting or spraying liquids, etc."
842481,"Mechanical appliances (excl. of 8424.10-8424.30), whether/not hand-operated, for projecting/dispersing/spraying liquids/powders, agricultural/horticultural",8421,"Mechanical appliances for projecting or spraying liquids, etc."
842489,"Other mechanical appliances (whether/not hand-operated) for projecting, dispersing/spraying liquids/powders; excl. 8424.10, 8424.20, 8424.30, 8424.81",8421,"Mechanical appliances for projecting or spraying liquids, etc."
842490,"Parts of mechanical appliances (whether/not hand-operated) for projecting, dispersing/spraying liquids/powders; fire extinguishers, whether/not charged; spray guns & similar appliances; steam/sand blasting machines & similar jet projecting machines.",8421,"Mechanical appliances for projecting or spraying liquids, etc."
842511,"Pulley tackle & hoists other than skip hoists/hoists of a kind used for raising vehicles, powered by electric motor",8422A,"Pulley tackle,winches etc"
842519,Pulley tackle & hoists other than skip hoists/hoists of a kind used for raising vehicles (excl. of 8425.11),8422A,"Pulley tackle,winches etc"
842531,"Other winches; capstans, powered by electric motor",8422A,"Pulley tackle,winches etc"
842539,"Other winches; capstans,other than the ones powered by electric motor",8422A,"Pulley tackle,winches etc"
842541,"Built-in jacking systems of a kind used for raising vehicles, of a type used in garages",8422F,Other handling etc machinary nes
842542,"Jacks (excl. of 8425.41) & hoists of a kind used for raising vehicles, hydraulic",8422F,Other handling etc machinary nes
842549,Jacks & hoists of a kind used for raising vehicles (excl. of 8425.41 & 8425.42),8422F,Other handling etc machinary nes
842611,Overhead travelling cranes on fixed support,8422B,"Ship derricks,cranes etc"
842612,Mobile lifting frames on tyres & straddle carriers,8707A,Fork lift trucks etc
842619,"Overhead travelling cranes (excl. those on fixed support), transporter cranes, gantry cranes, bridge cranes",8422B,"Ship derricks,cranes etc"
842620,Tower cranes,8422B,"Ship derricks,cranes etc"
842630,Portal/pedestal jib cranes,8422B,"Ship derricks,cranes etc"
842641,"Lifting machinery n.e.s. in 84.26, self-propelled, on tyres",8707A,Fork lift trucks etc
842649,"Lifting machinery n.e.s. in 84.26, self-propelled, other than on tyres",8707A,Fork lift trucks etc
842691,"Lifting machinery n.e.s. in 84.26, designed for mounting on road vehicles",8422F,Other handling etc machinary nes
842699,Lifting machinery n.e.s. in 84.26,8422F,Other handling etc machinary nes
842710,"Self-propelled fork-lift trucks & other works trucks fitted with lifting/handling equip., powered by an electric motor",8707A,Fork lift trucks etc
842720,Self-propelled fork-lift trucks & other works trucks fitted with lifting/handling equip. other than those powered by an electric motor,8707A,Fork lift trucks etc
842790,Works trucks fitted with lifting/handling equip. (excl. of 8427.10 & 8427.20),8422F,Other handling etc machinary nes
842810,"Lifts (i.e., passenger elevators) & skip hoists",8422D,Lifts and skip hoists
842820,Pneumatic elevators & conveyors,8422C,"Pneumatic elevators,etc"
842831,"Continuous-action elevators & conveyors, for goods/materials, specially designed for underground use (excl. of 8428.10 & 8428.20)",8422F,Other handling etc machinary nes
842832,"Continuous-action elevators & conveyors, for goods/materials, bucket type (excl. of 8428.10-8428.31)",8422F,Other handling etc machinary nes
842833,"Continuous-action elevators & conveyors, for goods/materials, belt type (excl. of 8428.10-8428.32)",8422F,Other handling etc machinary nes
842839,"Other continuous-action elevators & conveyors, for goods/materials, (excl. specially designed for underground use,or bucklet type/belt type).",8422F,Other handling etc machinary nes
842840,Escalators & moving walkways,8422E,"Escalator,movng pavement"
842860,"Teleferics, chair-lifts, ski-draglines; traction mechanisms for funiculars",8422F,Other handling etc machinary nes
842890,"Other lifting, handling, loading/unloading machinery, n.e.s. in 84.28",8422F,Other handling etc machinary nes
842911,"Self-propelled bulldozers & angledozers, track laying",8423B,"Self-propelled dozers,etc"
842919,Self-propelled bulldozers & angledozers (excl. track laying),8423B,"Self-propelled dozers,etc"
842920,Self-propelled graders & levellers,8423B,"Self-propelled dozers,etc"
842930,Self-propelled scrapers,8423D,Slf-propelled construction etc machinary nes
842940,Self-propelled tamping machines & road rollers,8409,Mechanically propelled road rollers
842951,Self-propelled front-end shovel loaders,8423C,"Self-propelled shovels,excavators"
842952,Self-propelled mechanical shovels & excavators with a 360? revolving superstructure,8423C,"Self-propelled shovels,excavators"
842959,"Self-propelled mechanical shovels, excavators & shovel loaders (excl. of 8429.51 & 8429.52)",8423C,"Self-propelled shovels,excavators"
843010,Pile-drivers & pile-extractors,8423A,"Pile drivers,etc"
843020,Snow-ploughs & snow-blowers,8423A,"Pile drivers,etc"
843031,"Coal/rock cutters & tunnelling machinery, self-propelled",8423D,Slf-propelled construction etc machinary nes
843039,Coal/rock cutters & tunnelling machinery other than self-propelled,8423E,"Boring,sinking machinery"
843041,"Boring/sinking machinery (excl. of 8430.10-8430.40), self-propelled",8423D,Slf-propelled construction etc machinary nes
843049,"Boring/sinking machinery (excl. of 8430.10-8430.40), other than self-propelled",8423E,"Boring,sinking machinery"
843050,"Moving/grading/levelling/scraping/tamping/compacting/excavating/extracting machinery, for earth/mins./ores (excl. of 8430.10-8430.49), self-propelled",8423D,Slf-propelled construction etc machinary nes
843061,"Tamping/compacting machinery, not self-propelled",8423F,"Other construction,mining machinary nes"
843069,"Moving/grading/levelling/scraping/excavating/extracting machinery, for earth/mins./ores (excl. of 8430.10-8430.49), other than self-propelled",8423F,"Other construction,mining machinary nes"
843110,Parts suit. for use solely/principally with the machinery of 84.25,8422G,Parts nes of machinery of 7442
843120,Parts suit. for use solely/principally with the machinery of 84.27,8422G,Parts nes of machinery of 7442
843131,Parts suit. for use solely/principally with the lifts/skip hoists/escalators of 84.28,8422G,Parts nes of machinery of 7442
843139,"Other parts suitable for use solely/principally with the machinery (exluding that of 84.25, 84.27, 84.28, & of lifts,skip hoists/escalators).",8422G,Parts nes of machinery of 7442
843141,"Parts suit. for use solely/principally with buckets, shovels, grabs & grips",8423G,Construction etc machinary parts nes
843142,Parts suit. for use solely/principally with buldozer/angledozer blades,8423G,Construction etc machinary parts nes
843143,Parts suit. for use solely/principally with the boring/sinking machinery of 8430.41/8430.49,8423G,Construction etc machinary parts nes
843149,Parts suit. for use solely/principally with the machinery of 84.26/84.29/84.30 (excl. of 8431.41-8431.43),8422G,Parts nes of machinery of 7442
843210,Ploughs,8424A,Ploughs
843221,Disc harrows,8424C,"Cultivators,weeders,etc"
843229,"Harrows, other than disc harrows, scarifiers, cultivators, weeders & hoes",8424C,"Cultivators,weeders,etc"
843230,"Seeders, planters & transplanters",8424B,"Seeders,planters etc"
843240,Manure spreaders & fertiliser distributors,8424B,"Seeders,planters etc"
843280,Agricultural/horticultural/forestry machinery for soil preparation/cultivation (excl. of 8432.10-8432.40); lawn/sports-ground rollers,8424D,"Other agricultural,horticultural machinery"
843290,Parts of the agricultural/horticultural/forrestry machinery of 84.32,8424E,Parts nes of machy of 7211
843311,"Mowers for lawns/parks/sports-grounds, powered, with the cutting device rotating in a horizontal plane",8425A,Lawn mowers
843319,Mowers for lawns/parks/sports-grounds (excl. of 8433.11),8425A,Lawn mowers
843320,"Mowers (excl. those for lawns/parks/sports-grounds), incl. cutter bars for tractor mounting",8425C,"Other harvster,mowrs,baler"
843330,Haymaking machinery (excl. of 8433.11-8433.20),8425C,"Other harvster,mowrs,baler"
843340,"Straw/fodder balers, incl. pick-up balers",8425C,"Other harvster,mowrs,baler"
843351,Combine harvester-threshers,8425B,Combine harvestr-threshr
843352,Threshing machinery other than combine harvester-threshers,8425C,"Other harvster,mowrs,baler"
843353,Root/tuber harvesting machines,8425C,"Other harvster,mowrs,baler"
843359,Harvesting/threshing machinery (excl. of 8433.11-8433.53),8425C,"Other harvster,mowrs,baler"
843360,Machines for cleaning/sorting/grading eggs/fruit/other agricultural produce,8425D,"Agric clean,grading mach"
843390,Parts of the machinery of 84.33,8425E,Parts nes of machinery of 7212
843410,Milking machines,8426A,Milking machines
843420,Dairy machinery (excl. cream separators),8426B,Other dairy machinery nes
843490,Parts of milking machines & dairy machinery,8426C,Parts nes of machinery of 7213
843510,"Presses, crushers & similar machinery used in the manufacture of wine/cider/fruit juices/similar beverages",8427A,Wine-making etc machnery
843590,Parts of the machinery of 8435.10,8427B,Parts nes of mchy of 72191
843610,Machinery for preparing animal feeding stuffs,8428A,Other agric etc machinery
843621,Poultry incubators & brooders,8428A,Other agric etc machinery
843629,Poultry-keeping machinery other than poultry incubators & brooders,8428A,Other agric etc machinery
843680,"Agricultural/horticultural/forestry/bee-keeping machinery (excl. of 8436.10 & 8436.21), incl. germination plant fitted with mechanical/thermal equip.",8428A,Other agric etc machinery
843691,Parts of the poultry-keeping machinery/poultry incubators & brooders of 8436.21 & 8436.29,8428B,Parts nes of machinery of 72197
843699,"Parts of other agricultural/horticultural/forestrybee-keeping machinery, incl. germination plant fitted with mechanical/thermal equip. (excl. of 8436.91)",8428B,Parts nes of machinery of 72197
843710,Machines for cleaning/sorting/grading seed/grain/dried leguminous vegetables,8425D,"Agric clean,grading mach"
843780,Machines for used in the milling industry/for the working of cereals/dried leguminous vegetables (excl. farm-type machinery),8429A,Grain etc milling machinery
843790,Parts of the machinery of 8437.10 & 8437.80,8429B,Parts nes of machinery of 72711
843810,Bakery machinery & machinery for the manufacture of macaroni/spaghetti/similar products,8430A,Food-processing machinery nes
843820,Machinery for the manufacture of confectionery/cocoa/chocolate,8430A,Food-processing machinery nes
843830,Machinery for sugar manufacture,8430A,Food-processing machinery nes
843840,Brewery machinery,8430A,Food-processing machinery nes
843850,Machinery for the preparation of meat/poultry,8430A,Food-processing machinery nes
843860,Machinery for the preparation of fruits/nuts/vegetables,8430A,Food-processing machinery nes
843880,"Machinery n.e.s. in Ch.84, for the industrial preparation/manufacture of food/drink, other than machinery for the extraction/preparation of animal/fixed vegetable fats/oils",8430A,Food-processing machinery nes
843890,Parts of the machinery of 84.38,8430B,Parts nes of machinery of 72722
843910,Machinery for making pulp of fibrous cellulosic material,8431A,Cellulose pulp manufacturing machinery
843920,Machinery for making paper/paperboard,8431B,Paper etc making etc machinary
843930,Machinery for finishing paper/paperboard,8431B,Paper etc making etc machinary
843991,Parts of machinery for making pulp of fibrous cellulosic material,8431C,Parts nes of machineries of 7251
843999,Parts of machinery for making/finishing paper/paperboard,8431C,Parts nes of machineries of 7251
844010,"Book-binding machinery, incl. book-sewing machines",8432A,Bookbinding machinery
844090,Parts of the book-binding machinery of 8440.10,8432B,Parts nes of bookbind machinery
844110,Cutting machines for paper/pulp/paperboard,8433A,Paper etc prodct mf mach
844120,Machines for making bags/sacks/envelopes,8433A,Paper etc prodct mf mach
844130,"Machines for making cartons/boxes/cases/tubes/drums/similar containters, other than by moulding",8433A,Paper etc prodct mf mach
844140,"Machines for moulding articles in paper pulp, paper/paperboard",8433A,Paper etc prodct mf mach
844180,"Machinery for making up paper pulp, paper/paperboard (excl. of 8441.10-8441.40)",8433A,Paper etc prodct mf mach
844190,Parts of the machinery of 84.41,8433B,Parts nes of machines of 7252
844230,"Machinery, apparatus & equipment",8434A,"Type set,found etc machinery"
844240,Parts of the machinery/apparatus/equip. of 8442.10-8442.30,8434C,Parts nes of mchs of 72631
844250,"Printing type, blocks, plates, cylinders & other printing components; blocks, plates, cylinders & lithographic stones, prepared for printing purposes (e.g., planed/grained/polished)",8434B,"Printing type,plates,etc"
844311,"Offset printing machinery, reel-fed",8435A,Rotary printing presses
844312,"Offset printing machinery, sheet-fed, office type (sheet size not >22 x 36cm)",8435A,Rotary printing presses
844313,Other offset printing machinery,8435A,Rotary printing presses
844314,"Letterpress printing machinery, reel fed, excl. flexographic printing",8435A,Rotary printing presses
844315," Letterpress printing machinery, other than reel fed, excl. flexographic printing",8435A,Rotary printing presses
844316,Flexographic printing machinery,8435A,Rotary printing presses
844317,Gravure printing machinery,8435A,Rotary printing presses
844319,Offset printing machinery (excl. of 8443.11 & 8443.12),8435C,Printing machinery nes
844331,"Machines which perform two/more of the functions of printing, copying/facsimile transmission, capable of connecting to an automatic data processing machine/to a network",8453E,Adp peripheral units
844332,"Other printers, copying machines & facsimile machines, whether/not combined , exclud the ones which perform two/more of the functions of printing, copying/facsimile transmission; capable of connecting to an automatic data processing machine/to a network",9010A,"Photo,thermocopy apparatus"
844339,"Other printers, copying machines & facsimile machines, whether/not combined , excl. 8443.31 & 8443.32 ",8454B,Othr office machines nes
844391," Parts & accessories of printing machinery used for printing by means of plates, cylinders & other printing components of heading 84.42",8435E,Printing machinery parts nes
844399,Other parts & accessories for printing machinery excl. 8443.91,8455B,"Parts & accessories of accounting,calculating,etc machines and of computer"
844400,Machines for extruding/drawing/texturing/cutting man-made textile materials,8436A,Textile extruding machines
844511,Carding machines,8436B,Fibre processng machines nes
844512,Combing machines,8436B,Fibre processng machines nes
844513,Drawing/roving machines,8436B,Fibre processng machines nes
844519,"Machines for preparing textile fibres, other than carding/combing/drawing/roving machines",8436B,Fibre processng machines nes
844520,Textile spinning machines,8436C,"Spinning,reeling,etc machinary"
844530,Textile doubling/twisting machines,8436C,"Spinning,reeling,etc machinary"
844540,Textile winding (incl. weft-winding)/reeling machines,8436C,"Spinning,reeling,etc machinary"
844590,Machinery for producing textile yarns & machines for preparing textile yarns for use on the machines of 84.46/84.47 (excl. of 8445.11-8445.40),8437C,"Gimping,warping etc machines"
844610,Weaving machines (looms) for weaving fabrics of a width not >30cm,8437A,Weaving machines (looms)
844621,Power looms for weaving fabrics of a width not >30cm,8437A,Weaving machines (looms)
844629,"Weaving machines (looms), other than power looms, for weaving fabrics of a width not >30cm",8437A,Weaving machines (looms)
844630,"Weaving machines (looms) for weaving fabrics of a width >30cm, shuttleless type",8437A,Weaving machines (looms)
844711,"Circular knitting machines, with cylinder diameter not >165mm",8437B,Knitting machines
844712,"Circular knitting machines, with cylinder diameter >165mm",8437B,Knitting machines
844720,Flat knitting machines; stitch-bonding machines,8437B,Knitting machines
844790,Knitting machines (excl. of 8447.11-8447.20) & machines for making gimped yarn/tulle/lace/embroidery/trimmings/braid/net & machines for tufting,8437C,"Gimping,warping etc machines"
844811,Dobbies & Jacquards; card reducing/copying/punching/assembling machines for use therewith,8438B,Machinery auxilary to 72451/53
844819,Auxiliary machinery (excl. of 8448.11) for machines of 84.44/84.45/84.46/84.47,8438B,Machinery auxilary to 72451/53
844820,Parts & accessories of the machines of 84.44/of their auxiliary machinery,8438A,Parts nes of machines of 7244
844831,Parts & accessories of card clothing machinery,8438A,Parts nes of machines of 7244
844832,Parts & accessories of the machines for preparing textile fibres (excl. card clothing machines),8438A,Parts nes of machines of 7244
844833,"Spindles, spindle flyers, spinning rings & ring travellers",8438A,Parts nes of machines of 7244
844839,"Parts & accessories of the machines of 84.45/of their auxiliary machinery, n.e.s. in 84.48",8438A,Parts nes of machines of 7244
844842,"Reeds for looms, healds & heald-frames",8438C,"Loom,knitting machinary etc parts nes"
844849,"Other parts & accessories of weaving machines (looms)/of their auxiliary machinery other than reeds for looms, healds & heald-frames.",8438C,"Loom,knitting machinary etc parts nes"
844851,"Sinkers, needles & otherarticles used in forming stitches",8438C,"Loom,knitting machinary etc parts nes"
844859,Parts & accessories of the machines of 84.47/of their auxiliary machinery (excl. of 8448.51),8438C,"Loom,knitting machinary etc parts nes"
844900,"Machinery for the manufacture/finishing of felt/nonwovens in the piece/in shapes, incl. machinery for making felt hats; blocks for making hats",8439,Machinery for the manufacture of felt
845011,"Household/laundry-type washing machines (incl. machines which both wash & dry), each of a dry linen capacity not >10kg, fully-auto.",8440A,Domestic washing machnes
845012,"Household/laundry-type washing machines (incl. machines which both wash & dry), each of a dry linen capacity not >10kg, other than fully-auto., with built-in centrifugal drier",8440A,Domestic washing machnes
845019,"Household/laundry-type washing machines (incl. machines which both wash & dry), each of a dry linen capacity not >10kg (excl. of 8450.11 & 8450.12)",8440A,Domestic washing machnes
845020,"Household/laundry-type washing machines (incl. machines which both wash & dry), each of a dry linen capacity >10kg",8440B,Industrial laundry washing machines
845090,Parts of the h-hold./laundry-type washing machines of 8450.11-8450.20,8440G,Textile machinry parts nes
845110,Dry-cleaning machines,8440C,Dry-cleaning machines
845121,"Drying machines other than of 84.50, each of a dry linen capacity not >10kg",8440E,Domestic drying machines
845129,"Drying machines other than of 84.50, each of a dry linen capacity >10kg",8440D,Industrial drying machines nes
845130,Ironing machines & presses (incl. fusing presses),8440F,Other textile machnery nes
845140,Washing/bleaching/dyeing machines,8440F,Other textile machnery nes
845150,Machines for reeling/unreeling/folding/cutting/pinking textile fabrics,8440F,Other textile machnery nes
845180,Machinery (excl. of 84.50)..for washing/cleaning/wringing/dressing/finishing/coating/impregnating textile yarns/fabrics/made up textile articles & machines for applying the paste to the base fabric/other support used in manufacture of floor covering such,8440F,Other textile machnery nes
845190,Parts of the machinery of 84.51,8440G,Textile machinry parts nes
845210,Sewing machines of the h-hold. type,8441A,Sewing machines
845221,"Sewing machines (excl. h-hold. type; excl. book-sewing machines of 84.40), auto. units",8441A,Sewing machines
845229,"Sewing machines (excl. h-hold. type; excl. book-sewing machines of 84.40), other than auto. units",8441A,Sewing machines
845230,Sewing machine needles,8441B,"Sew machinary needles,furn,etc"
845240,"Furniture, bases & covers for sewing machines & parts thereof",8441B,"Sew machinary needles,furn,etc"
845290,Parts of the sewing machines of 84.52 (excl. of 8452.30 & 8452.40),8441B,"Sew machinary needles,furn,etc"
845310,Machinery for preparing/tanning/working hides/skins/leather,8442,Machinery excluding sewing machines for preparing skins
845320,Machinery for making/repairing footwear,8442,Machinery excluding sewing machines for preparing skins
845380,Machinery (excl. sewing machines) for making/repairing articles of hides/skins/leather other than footwear,8442,Machinery excluding sewing machines for preparing skins
845390,Parts of the machinery of 84.53,8442,Machinery excluding sewing machines for preparing skins
845410,Converters of a kind used in metallurgy/in metal foundries,8443A,Foundry equipment nes
845420,Ingot moulds & ladles of a kind used in metallurgy/in metal foundries,8443A,Foundry equipment nes
845430,Casting machines of a kind used in metallurgy/in metal foundries,8443A,Foundry equipment nes
845490,"Parts of the converters, ladles, ingot moulds & casting machines of 84.54",8443B,Parts nes of machinery of 73711
845510,Tube mills,8444A,Rolling mills
845521,"Metal-rolling mills, hot/combination hot & cold",8444A,Rolling mills
845522,"Metal-rolling mills, cold",8444A,Rolling mills
845530,Rolls for rolling mills,8444B,"Rolling mills parts nes, rolls"
845590,"Parts of metal-rolling mills, other than rolls",8444B,"Rolling mills parts nes, rolls"
845610,"Machine-tools for working any material by removal of material, operated by laser/other light/photon beam processes",8459H,Other machinery with individual functions
845620,"Machine-tools for working any material by removal of material, operated by ultrasonic processes",8445A,Ultrasnc etc mtlwkg mchs
845630,"Machine-tools for working any material by removal of material, operated by electro-discharge processes",8445A,Ultrasnc etc mtlwkg mchs
845690,"Other machine-tools for working any material by removal of material, other than the ones operated by laser/other light/proton beam, ultrasonic,/electro-discharge processes.",8445A,Ultrasnc etc mtlwkg mchs
845710,Machining centres for working metal,8445N,Other metalwrkg machines-tools
845720,Unit construction machines (single station) for working metal,8445N,Other metalwrkg machines-tools
845730,Multi-station transfer machines for working metal,8445N,Other metalwrkg machines-tools
845811,"Horizontal lathes (incl. turning centres) for removing metal, numerically controlled",8445C,"Lathes,metalworking"
845819,"Horizontal lathes (incl. turning centres) for removing metal, other than numerically controlled",8445C,"Lathes,metalworking"
845891,"Lathes other than horizontal lathes (incl. turning centres), numerically controlled",8445C,"Lathes,metalworking"
845899,"Lathes other than horizontal lathes (incl. turning centres), other than numerically controlled",8445C,"Lathes,metalworking"
845910,Way-type unit head machines for drilling/boring/milling/threading/tapping by removing metal,8445I,Other metal cuttng machinary-tools
845921,"Drilling machines other than way-type unit head machines, operating by removing metal, numerically controlled",8445E,Drilling etc machinary metalworking
845929,"Drilling machines other than way-type unit head machines, operating by removing metal, other than numerically controlled",8445E,Drilling etc machinary metalworking
845931,"Boring-milling machines other than way-type unit head machines, operating by removing metal, numerically controlled",8445D,"Reaming etc mchs,metalworking"
845939,"Boring-milling machines other than way-type unit head machines, operating by removing metal, other than numerically controlled",8445D,"Reaming etc mchs,metalworking"
845940,"Boring machines n.e.s. in 84.59, operating by removing metal",8445D,"Reaming etc mchs,metalworking"
845951,"Milling machines operating by removing metal, knee-type, numerically controlled",8445D,"Reaming etc mchs,metalworking"
845959,"Milling machines operating by removing metal, knee-type, other than numerically controlled",8445D,"Reaming etc mchs,metalworking"
845961,"Milling machines (excl. knee type) operating by removing metal, numerically controlled",8445D,"Reaming etc mchs,metalworking"
845969,"Milling machines (excl. knee-type) operating by removing metal, other than numerically controlled",8445D,"Reaming etc mchs,metalworking"
845970,"Threading/tapping machines operating by removing metal, n.e.s. in 84.59",8445H,"Tapping,screw-cuttng machinary"
846011,"Flat-surface grinding machines, in which the positioning in any one axis can be set up to an accuracy of at least 0.01mm, numerically controlled",8445I,Other metal cuttng machinary-tools
846019,"Flat-surface grinding machines, in which the positioning in any one axis can be set up to an accuracy of at least 0.01mm, other than numerically controlled",8445I,Other metal cuttng machinary-tools
846021,"Grinding machines other than flat-surface, in which the positioning in any one axis can be set up to an accuracy of at least 0.01mm, numerically controlled",8445I,Other metal cuttng machinary-tools
846029,"Grinding machines other than flat-surface, in which the positioning in any one axis can be set up to an accuracy of at least 0.01mm, other than numerically controlled",8445I,Other metal cuttng machinary-tools
846031,"Sharpening (tool/cutter grinding) machines, numerically controlled",8445I,Other metal cuttng machinary-tools
846039,"Sharpening (tool/cutter grinding) machines, other than numerically controlled",8445I,Other metal cuttng machinary-tools
846040,Honing/lapping machines,8445I,Other metal cuttng machinary-tools
846090,"Machine-tools for deburring/sharpening/grinding/honing/lapping/polishing/othwise finishing metal/cermets by means of grinding stones, abrasives/polishing products, other than gear cutting, gear grinding/gear finishing  machines...n.e.s. in 84.60 ",8445I,Other metal cuttng machinary-tools
846120,Shaping/slotting machines working by removing metal/cermets,8445N,Other metalwrkg machines-tools
846130,Broaching machines working by removing metal/cermets,8445N,Other metalwrkg machines-tools
846140,Gear cutting/gear grinding/gear finishing machines working by removing metal/cermets,8445B,Gear-cutting machines
846150,Sawing/cutting-off machines working by removing metal/cermets,8445F,"Sawing machines,metalworkng"
846190,"Machine-tools for planing & other machine-tools working by removing metal/cermets, n.e.s. in 84.61",8445N,Other metalwrkg machines-tools
846210,Forging/die-stamping machines (incl. presses) & hammers for working metal,8445K,"Forging etc machines,metalworking"
846221,"Bending, folding, straightening/flattening machines (incl. presses) , numerically controlled.",8445L,"Bending etc machines,metalworking"
846229,"Bending, folding, straightening/flattening machines (incl. presses) ,other than numerically controlled.",8445L,"Bending etc machines,metalworking"
846231,"Shearing machines for working metal, incl. presses, other than combined punching & shearing machines, numerically controlled",8445M,"Shearing etc machinary,metalworking"
846239,"Shearing machines for working metal, incl. presses, other than combined punching & shearing machines, other than numerically controlled",8445M,"Shearing etc machinary,metalworking"
846241,"Punching/notching machines for working metal (incl. presses), incl. combined punching & shearing machines, numerically controlled",8445M,"Shearing etc machinary,metalworking"
846249,"Punching/notching machines for working metal (incl. presses), incl. combined punching & shearing machines, other than numerically controlled",8445M,"Shearing etc machinary,metalworking"
846291,Hydraulic presses for working metal,8445J,Other metalworking presses
846299,"Machine-tools for working metal, n.e.s. in 84.62; presses for working metal/metal carbides, n.e.s. in 84.62",8445J,Other metalworking presses
846310,Draw-benches for bars/tubes/profiles/wire/the like,8445N,Other metalwrkg machines-tools
846320,"Thread rolling machines for working metal/cermets, without removing material",8445N,Other metalwrkg machines-tools
846330,Machines for working wire,8445N,Other metalwrkg machines-tools
846390,"Machine-tools for working metal/cermets, without removing material, n.e.s.",8445N,Other metalwrkg machines-tools
846410,Sawing machines,8446,"Machine-tools for working stone, etc"
846420,Grinding/polishing machines.,8446,"Machine-tools for working stone, etc"
846490,"Other Machine-tools for working stone, ceramics, concrete, asbestos-cement/like mineral materials/for cold working glass excl. sawing machines/grinding/polishing machines.",8446,"Machine-tools for working stone, etc"
846510,Machines which can carry out differenttypes of machining operations without tool change between such operations for working wood/cork/bone/hard rubber/hard plastics/similarhard materials,8447,"Machine-tools for working wood, etc"
846591,Sawing machines for working wood/cork/bone/hard rubber/hard plastics/similar hard materials,8447,"Machine-tools for working wood, etc"
846592,Planing/milling/moulding (by cutting) machines for working wood/cork/bone/hard rubber/hard plastics/similar hard materials,8447,"Machine-tools for working wood, etc"
846593,Grinding/sanding/polishing machines for working wood/cork/bone/hard rubber/hard plastics/similar hard materials,8447,"Machine-tools for working wood, etc"
846594,Bending/assembling machines for working wood/cork/bone/hard rubber/hard plastics/similar hard materials,8447,"Machine-tools for working wood, etc"
846595,Drilling/morticing machines for working wood/cork/bone/hard rubber/hard plastics/similar hard materials,8447,"Machine-tools for working wood, etc"
846596,Splitting/slicing/paring machines for working wood/cork/bone/hard rubber/hard plastics/similar hard materials,8447,"Machine-tools for working wood, etc"
846599,"Machine-tools (incl. machines for nailing, stapling, glueing/othw. assembling) for working wood, cork, bone, hard rubber, hard plastics/similar hard materials; other n.e.s. in 84.65",8447,"Machine-tools for working wood, etc"
846610,Tool holders & self-opening dieheads,8448A,"Work,tool holders etc"
846620,Work holders,8448A,"Work,tool holders etc"
846630,Dividing heads & other special attachments for machine-tools,8448A,"Work,tool holders etc"
846691,Parts & accessories for machines of heading 84.64,8448C,Parts nes of tools of 7281
846692,Parts & accessories for machines of heading 84.65,8448C,Parts nes of tools of 7281
846693,Parts & accessories for machines of heading 84.56 to 84.61,8448B,Parts nes of tools of 736
846694,Parts & accessories for machines of heading 84.62 to 84.63,8448B,Parts nes of tools of 736
846711,"Tools for working in the hand, pneumatic, rotary type (incl. combined rotary-percussion)",8449A,Power hand tools nonelectrical
846719,"Tools for working in the hand, pneumatic, other than rotary type",8449A,Power hand tools nonelectrical
846721,"Drills of all kinds, for working in the hand, with self-contained electric motor",8505,"Tools for working in the hand, with self-contained electric motor"
846722,"Saws for working in the hand, with self-contained electric motor",8505,"Tools for working in the hand, with self-contained electric motor"
846729,"Tools for working in the hand, with self-contained electric motor (excl. drills & saws)",8505,"Tools for working in the hand, with self-contained electric motor"
846781,Chain saws for working in the hand,8449A,Power hand tools nonelectrical
846789,"Tools for working in the hand, hydraulic/with self-contained non-electric motor, n.e.s. in 84.67",8449A,Power hand tools nonelectrical
846791,Parts of chain saws,8449B,Parts nes of tool of 74511
846792,Parts of pneumatic tools,8449B,Parts nes of tool of 74511
846799,"Parts of tools for working in the hand (excl. of chain saws, of pneumatic tools)",8449B,Parts nes of tool of 74511
846810,Hand-held blow pipes,8450,"Gas-operated welding, etc & surface tempering appliances"
846820,"Gas-operated machinery & apparatus for soldering/brazing/welding, other than hand-held blow pipes, whether/not capable of cutting (excl. of 85.15)",8450,"Gas-operated welding, etc & surface tempering appliances"
846880,"Machinery & apparatus for soldering/brazing/welding, whether/not capable of cutting (excl. of 8468.10, 8468.20 & 85.15); gas-operated surface tempering machines & appliances",8459G,Metal etc treatng machines nes
846890,Parts of the machinery & apparatus of 84.68,8459I,Parts of machines of 7284 etc
846900,Typewriters other than printers of heading 84.43; word-processing machines.,8451A,"Electrical typewriters,normal"
847010,"Electronic calculators capable of operation without an external source of electric power & pocket-size data recording, repr. & displaying machines with calculating functions",8452A,Calculating machines
847021,"Digital auto. data processing machines other than those of 8470.10, incorporating a printing device",8452A,Calculating machines
847029,"Digital auto. data processing machines other than those of 8470.10, not incorporating a printing device",8452A,Calculating machines
847030,Calculating machines (excl. of 8470.10-8470.29),8452A,Calculating machines
847050,Cash registers,8452C,Cash registers
847090,"Other electronic calculating machines, n.e.s. in 84.70",8452D,Postage-franking etc machinary
847130,"-  Portable automatic data processing machines, weighing not more than 10 kg, consisting of a least a central processing unit, a keyboard & a display",8453B,Digital computers
847141,"Other automatic data processing machines :  Comprising in the same housing at least a central processing unit & an input & output unit, whether/not combined",8453B,Digital computers
847149,"Other automatic data processing machines , presented in the form of systems.",8453C,Digitl centrl processors
847150,"Processing units other than those of sub-heading 8471.41/8471.49, whether/not containing in the same housing one/two of the following types of unit : storage units, input units, output units",8453C,Digitl centrl processors
847160,"Input/output units, whether/not containing storage units in the same housing",8453E,Adp peripheral units
847170,Storage units,8453D,Digitl centrl stor units
847180,"Other units of automatic data processing machines, exclud. 8471.50, 8471.60, 8471.70.",8453F,Off-line data processing equipment
847190,"Magnetic/optical readers, machines for transcribing data onto data media in coded form & machines for processing such data, n.e.s.",8453F,Off-line data processing equipment
847210,Duplicating machines,8454A,"Duplicating machinary,hectograph,stencil"
847230,"Machines for sorting/folding mail/for inserting mail in envelopes/bands, machines for opening/closing/sealing mail & machines for affixing/cancelling postage stamps",8454B,Othr office machines nes
847290,"Other office machines (eg. hectograph/stencil duplicating machines, addressing machines, automatic banknote dispensers, coin-sorting machines, coin-counting/wrapping machines, pencil-sharpening machines, perforating/stapling machines), exclud. 8472.10 &",8454B,Othr office machines nes
847310,"Parts & accessories (excl. covers, carrying cases & the like) suit. for use solely/principally with the machines of 84.69",8455A,"Typewriter parts,accessories nes"
847321,"Parts & accessories (excl. covers, carrying cases & the like) suit. for use solely/principally with the electronic calculating machines of 8470.10/8470.21/8470.29",8455B,"Parts & accessories of accounting,calculating,etc machines and of computer"
847329,"Parts & accessories (excl. covers, carrying cases & the like) suit. for use solely/principally with the machines of 84.70 other than for those headings incl. in 8473.21",8455B,"Parts & accessories of accounting,calculating,etc machines and of computer"
847330,Parts & accessories of the machines of heading 84.71,8455B,"Parts & accessories of accounting,calculating,etc machines and of computer"
847340,Parts & accessories of the machines of heading 84.72,8455C,"Other office machinery parts,accessories nes"
847350,Parts & accessories equally suitable for use with machines of two/more of the headings 84.69 to 84.72,8455C,"Other office machinery parts,accessories nes"
847410,"Sorting/screening/separating/washing machines for earth/stone/ores/other mineral substance, in solid (incl. powder/paste) form",8456A,Mineral sorting etc machinery
847420,"Crushing/grinding machines for earth/stone/ores/other mineral substance, in solid (incl. powder/paste) form",8456B,Mineral crushing etc machinery
847431,Concrete/mortar mixers,8456C,"Mneral mixing,kneading machinary"
847432,Machines for mixing mineral substance with bitumen,8456C,"Mneral mixing,kneading machinary"
847439,"Mixing/kneading machines for earth/stone/ores/other mineral substance, in solid (incl. powder/paste) form (excl. of 8474.31 & 8474.32)",8456C,"Mneral mixing,kneading machinary"
847480,"Machinery for agglomerating/shaping/moulding solid mineral fuels/ceramic paste/unhardened cements/plastering materials/other mineral products in powder/paste form, machines for forming foundry moulds/sand",8456D,Mineral moulding etc machinery
847490,Parts of the machinery of 84.74,8456E,Parts nes of machinery of 7283
847510,"Machines for assembling electric/electronic lamps/tubes/valves/flashbulbs, in glass envelopes",8457,Glass-working machinery
847521,Machines for making optical fibres & preforms thereof,8457,Glass-working machinery
847529,Machines for manufacturing/hot working glass/glassware (excl. of 8475.10 & 8475.21),8457,Glass-working machinery
847590,Parts of the machines of 84.75,8457,Glass-working machinery
847621,Automatic beverage-vending machines incorporating heating/refrigerating devices,8458,Automatic vending machines
847629,Automatic beverage-vending machines other than those incorporating heating/refrigeration devices,8458,Automatic vending machines
847681,"Automatic goods-vending machines other than beverage-vending machines, incorporating heating/refrigerating devices",8458,Automatic vending machines
847689,"Automatic goods-vending machines other than beverage-vending machines, other than those incorporating heating/refrigerating devices",8458,Automatic vending machines
847690,Parts of the machines of 84.76,8458,Automatic vending machines
847710,Injection-moulding machines,8459D,"Rubber,plastics working machinary"
847720,Extruders,8459D,"Rubber,plastics working machinary"
847730,Blow moulding machines,8459D,"Rubber,plastics working machinary"
847740,Vacuum moulding machines & other thermoforming machines,8459D,"Rubber,plastics working machinary"
847751,Machinery for moulding/retreading pneumatic tyres/for moulding/othw. forming inner tubes,8459D,"Rubber,plastics working machinary"
847759,"Other machinery for moulding/othw. forming, other than Machinery for moulding/retreading pneumatic tyres/for moulding/othw. forming inner tubes",8459D,"Rubber,plastics working machinary"
847780," Machinery for working rubber/plastics/for the manufacture of products from these materials, not specified/incld. elsewhere in this Ch., Other machinery, n.e.s. in 84.77",8459D,"Rubber,plastics working machinary"
847790,"Parts of Machinery for working rubber/plastics/for the manufacture of products from these materials, not specified/incld. elsewhere in this Ch..",8459I,Parts of machines of 7284 etc
847810,"Machinery for preparing/making up tobacco, n.e.s. in Ch.84",8459E,Tobacco working machines nes
847890,Parts of the machinery of 8478.10,8459I,Parts of machines of 7284 etc
847910,"Machinery for public works/building/the like having individual functions, n.e.s. in Ch.84",8459B,Public works machnery nes
847920,"Machinery for the extraction/preparation of animal/fixed vegetable fats/oils having individual functions, n.e.s. in Ch.84",8459C,"Animal,vegetable oil ,fat machinary"
847930,Presses for the manufacture of particle board/fibre building board of wood/other ligneous materials & other machinery for treating wood/cork,8459F,Wood treating machines nes
847940,Rope/cable-making machines,8459H,Other machinery with individual functions
847950,"Industrial robots, not elsewhere specified/incld.",8459H,Other machinery with individual functions
847960,Evaporative air coolers,8459H,Other machinery with individual functions
847981,"Machines & mechanical appliances for treating metal, incl. electric wire coil-winders, n.e.s. in Ch.84",8459G,Metal etc treatng machines nes
847982,"Mixing/kneading/crushing/grinding/screening/sifting/homogenising/emulsifying/stirring machines, n.e.s. in Ch.84",8459H,Other machinery with individual functions
847989,"Other machines & mechanical appliances, other than Machines & mechanical appliances for treating metal, incl. electric wire coil-winders/Mixing/kneading/crushing/grinding/screening/sifting/homogenising/emulsifying/stirring machines",8459H,Other machinery with individual functions
847990,"Parts of Machines & mechanical appliances having individual functions, not specified/incld. elsewhere in this Ch..",8459I,Parts of machines of 7284 etc
848010,Moulding boxes for metal foundry,8460,"Moulding boxes for metal foundry, etc"
848020,Mould bases,8460,"Moulding boxes for metal foundry, etc"
848030,Moulding patterns,7340C,"Iron,steel forgings rough"
848041,"Moulds (excl. ingot moulds) for metal/metal carbides, injection/compression types",8460,"Moulding boxes for metal foundry, etc"
848049,"Moulds (excl. ingot moulds) for metal/metal carbides, other than injection/compression types",8460,"Moulding boxes for metal foundry, etc"
848050,Moulds for glass,8460,"Moulding boxes for metal foundry, etc"
848060,Moulds for mineral materials,8460,"Moulding boxes for metal foundry, etc"
848071,"Moulds for rubber/plastics , Injection/compression types",8460,"Moulding boxes for metal foundry, etc"
848079,"Moulds for rubber/plastics, other than injection/compression types",8460,"Moulding boxes for metal foundry, etc"
848110,Pressure-reducing valves for pipes/boiler shells/tanks/vats/the like,8461,Taps and similar appliances
848120,Valves for oleohydraulic/pneumatic transmissions for pipes/boiler shells/tanks/vats/the like,8461,Taps and similar appliances
848130,Check (nonreturn) valves for pipes/boiler shells/tanks/vats/the like,8461,Taps and similar appliances
848140,Safety/relief valves for pipes/boiler shells/tanks/vats/the like,8461,Taps and similar appliances
848180,"Taps, cocks, valves & similar appliances for pipes/boiler shells/tanks/vats/the like, incl. thermostatically controlled valves, n.e.s. in 84.81",8461,Taps and similar appliances
848190,Parts of the appliances of 84.81,8461,Taps and similar appliances
848210,Ball bearings,8462,"Ball, roller or needle bearings"
848220,"Tapered roller bearings, incl. cone & tapered roller assemblies",8462,"Ball, roller or needle bearings"
848230,Spherical roller bearings,8462,"Ball, roller or needle bearings"
848240,Needle roller bearings,8462,"Ball, roller or needle bearings"
848250,Cylindrical roller bearings (excl. of 8482.20-8482.40),8462,"Ball, roller or needle bearings"
848280,"Bearings, incl. combined ball/roller bearings (excl. of 8482.10-8482.50)",8462,"Ball, roller or needle bearings"
848291,"Balls, needles & rollers for the bearings of 8482.10-8482.80",8462,"Ball, roller or needle bearings"
848299,"Parts, other than balls, needles & rollers, for the bearings of 8482.10-8482.80",8462,"Ball, roller or needle bearings"
848310,Transmission shafts (incl. cam shafts & crank shafts) & cranks,8463,"Transmission shafts, etc"
848320,"Bearing housings, incorporating ball/roller bearings",8463,"Transmission shafts, etc"
848330,"Bearing housings, not incorporating ball/roller bearings; plain shaft bearings",8463,"Transmission shafts, etc"
848340,"Gears&gearing(excl. toothed wheels, chain sprockets&other transmission elements presented sep.); ball/roller screws; gear boxes&other speed changers, incl. torque converters",8463,"Transmission shafts, etc"
848350,"Flywheels & pulleys, incl. pulley blocks",8463,"Transmission shafts, etc"
848360,Clutches & shaft couplings (incl. universal joints),8463,"Transmission shafts, etc"
848390,"Toothed wheels, chain sprockets & other transmission elements presented sep.; parts",8463,"Transmission shafts, etc"
848410,Gaskets & similar joints of metal sheeting combined with other material/of 2/more layers of metal,8464,Gaskets and similar joints of metal combined with other material
848420,Mechanical seals,8465,"Machinery parts, not containing electrical connectors"
848490,"Sets/assortments of gaskets & similar joints, dissimilar in composition, put up in pouches/envelopes/similar packings",8464,Gaskets and similar joints of metal combined with other material
848610,Machines & apparatus for the manufacture of boules/wafers,8459H,Other machinery with individual functions
848620,Machines & apparatus for the manufacture of semiconductor devices/of electronic integrated circuits,8522B,Other electronic machinery nes
848630,Machines & apparatus for the manufacture of flat panel displays,8459H,Other machinery with individual functions
848640,Machines & apparatus specified in Note 9 (C) to this Ch.,8460,"Moulding boxes for metal foundry, etc"
848690,"Parts & accessories of machines & apparatus of a kind used solely/principally for the manufacture of semiconductor boules/wafers, semiconductor devices, electronic integrated circuits/flat panel displays; machines & apparatus specified in Note 9 (C) to t",8459I,Parts of machines of 7284 etc
848710,Ships'/boats' propellers & blades therefor,8465,"Machinery parts, not containing electrical connectors"
848790,"Machinery parts, not containing electrical connectors, insulators, coils, contacts/other electrical features, not specified/incld. elsewhere in this Ch., other than Ships'/boats' propellers & blades therefor",8465,"Machinery parts, not containing electrical connectors"
850110,Electric motors of an output not >37.5W,8501B,"Ac motors,inc univrsl motors"
850120,Universal AC/DC motors of an output >37.5 W,8501B,"Ac motors,inc univrsl motors"
850131,"DC motors (excl. universal AC/DC motors); DC generators (excl. generating sets), of an output not >750W",8501A,Dc motors and generators
850132,"DC motors (excl. universal AC/DC motors); DC generators (excl. generating sets), of an output >750W but not >75 kW",8501A,Dc motors and generators
850133,"DC motors (excl. universal AC/DC motors); DC generators (excl. generating sets), of an output >75kW but not >375kW",8501A,Dc motors and generators
850134,"DC motors (excl. universal AC/DC motors); DC generators (excl. generating sets), of an output >375kW",8501A,Dc motors and generators
850140,"AC motors (excl. of 8501.10 & 8501.20), single-phase",8501B,"Ac motors,inc univrsl motors"
850151,"AC motors (excl. of 8501.10 & 8501.20), multi-phase, of an output not >750W",8501B,"Ac motors,inc univrsl motors"
850152,"AC motors (excl. of 8501.10 & 8501.20), multi-phase, of an output >750W but not >75kW",8501B,"Ac motors,inc univrsl motors"
850153,"AC motors (excl. of 8501.10 & 8501.20), multi-phase, of an output >75kW",8501B,"Ac motors,inc univrsl motors"
850161,"AC generators (alternators), of an output not >75kVA",8501C,Ac generators
850162,"AC generators (alternators), of an output >75kVA but not >375kVA",8501C,Ac generators
850163,"AC generators (alternators), of an output >375kVA but not >750kVA",8501C,Ac generators
850164,"AC generators (alternators), of an output >750kVA",8501C,Ac generators
850211,"Electric generating sets with C-I internal combustion piston engines (diesel/semi-diesel engines), of an output not >75kVA",8501D,Generator sets with piston engine
850212,"Electric generating sets with C-I internal combustion piston engines (diesel/semi-diesel engines), of an output >75kVA but not >375kVA",8501D,Generator sets with piston engine
850213,"Electric generating sets with C-I internal combustion piston engines (diesel/semi-diesel engines), of an output >375kVA",8501D,Generator sets with piston engine
850220,Electric generating sets with spark-ignition internal combustion piston engines,8501D,Generator sets with piston engine
850231,Wind-powered electric generating sets,8501A,Dc motors and generators
850239,Electric generating sets n.e.s. in 85.02,8501A,Dc motors and generators
850240,Electric rotary converters,8501E,Rotary converters
850300,Parts suit. for use solely/principally with the machines of 85.01/85.02,8501F,Parts nes of rotary electrical plants
850410,Ballasts for discharge lamps/tubes,8501J,Inductors
850421,Liquid dielectric transformers having a power handling capacity not >650kVA,8501G,Liquid dielectric transformers
850422,Liquid dielectric transformers having a power handling capacity >650kVA but not >10000kVA,8501G,Liquid dielectric transformers
850423,Liquid dielectric transformers having a power handling capacity >10000kVA,8501G,Liquid dielectric transformers
850431,Electrical transformers (excl. dielectric) having a power handling capacity not >1kVA,8501H,Other electric transformers
850432,Electrical transformers (excl. dielectric) having a power handling capacity >1kVA but not >16kVA,8501H,Other electric transformers
850433,Electrical transformers (excl. dielectric) having a power handling capacity >16 kVA but not >500kVA,8501H,Other electric transformers
850434,Electrical transformers (excl. dielectric) having a power handling capacity >500kVA,8501H,Other electric transformers
850440,Static converters,8501I,Static converters etc
850450,"Inductors, n.e.s. (excl. for cathode ray tubes)",8501J,Inductors
850490,Parts of the machines of 85.04,8501K,Electric power machinery parts nes
850511,"Permanent magnets & articles intended to become permanent magnets after magnetisation, of metal",8502,"Electro-magnets, permanent magnets, etc"
850519,"Permanent magnets & articles intended to become permanent magnets after magnetisation, other than of metal",8502,"Electro-magnets, permanent magnets, etc"
850520,"Electro-magnetic couplings, clutches & brakes",8502,"Electro-magnets, permanent magnets, etc"
850590,"Other, incl. parts of electro-magnets; electro-magnetic/permanent magnet chucks, clamps & similar holding devices; electro-magnetic lifting heads",8502,"Electro-magnets, permanent magnets, etc"
850610,"Primary cells & primary batteries, manganese dioxide",8503,Primary cells and batteries
850630,"Primary cells & primary batteries, mercuric oxide",8503,Primary cells and batteries
850640,"Primary cells & primary batteries, silver oxide",8503,Primary cells and batteries
850650,"Primary cells & primary batteries, lithium",8503,Primary cells and batteries
850660,"Primary cells & primary batteries, air-zinc",8503,Primary cells and batteries
850680,Primary cells & primary batteries n.e.s. in 85.06,8503,Primary cells and batteries
850690,Parts of the primary cells & primary batteries of 85.06,8503,Primary cells and batteries
850710,"Electric accumulators, incl. separators therefor, whether/not rectangular (incl. square), lead-acid, of a kind used for starting piston engines",8504A,Electric accumulators
850720,"Electric accumulators, incl. separators therefor, whether/not rectangular (incl. square), lead-acid (excl. of 8507.10)",8504A,Electric accumulators
850730,"Electric accumulators, incl. separators therefor, whether/not rectangular (incl. square), nickel-cadmium",8504A,Electric accumulators
850740,"Electric accumulators, incl. separators therefor, whether/not rectangular (incl. square), nickel-iron",8504A,Electric accumulators
850780,"Electric accumulators, incl. separators therefor, whether/not rectangular (incl. square), n.e.s. in 85.07",8504A,Electric accumulators
850790,Parts of the electric accumulators & separators therefor of 85.07,8504B,Electric accumulator parts nes
850811,"Vacuum cleaners, with self-contained electric motor,  Of a power not > 1,500 W & having a dust bag/other receptacle capacity not > 20 l",8506A,Domestic electric vacuum cleanrs etc
850819,"Vacuum cleaners, with self-contained electric motor, other than of 8508.11",8506A,Domestic electric vacuum cleanrs etc
850860,"Other vacuum cleaners,not with self-contained electric motor",8459H,Other machinery with individual functions
850870,Parts of vacuum cleaners,8506E,Parts nes of equipment of 7757
850940,"Food grinders & mixers; fruit/vegetable juice extractors, domestic, with self-contained electric motor",8506C,Domestic electric food mixers etc
850980,"Food grinders & mixers; fruit/vegetable juice extractors, domestic, with self-contained electric motor",8506D,Other domestic electric appliances etc
850990,"Parts of electro-mechanical domestic appliances, with self-contained electric motor, other than vacuum cleaners of heading 85.08.",8506E,Parts nes of equipment of 7757
851010,"Shavers, with self-contained electric motor",8507,Shavers and hair clippers
851020,"Hair clippers, with self-contained electric motor",8507,Shavers and hair clippers
851030,"Hair-removing appliances, with self-contained electric motor",8506D,Other domestic electric appliances etc
851090,Parts of the electric appliances of 85.10,8507,Shavers and hair clippers
851110,Sparking plugs,8508,Electrical starting & ignition equipment for internal combustion engines
851120,Ignition magnetos; magneto-dynamos; magnetic flywheels,8508,Electrical starting & ignition equipment for internal combustion engines
851130,Distributors; ignition coils,8508,Electrical starting & ignition equipment for internal combustion engines
851140,Starter motors & dual purp. starter-generators,8508,Electrical starting & ignition equipment for internal combustion engines
851150,"Generators other than starter motors & dual purp. starter generators (e.g., dynamos, alternators) (excl. of 85.01)",8508,Electrical starting & ignition equipment for internal combustion engines
851180,"Electrical ignition/starting equip. n.e.s. in 85.11 (e.g., cut-outs of a kind used in conjunction with electrical ignition/starting equip.)",8508,Electrical starting & ignition equipment for internal combustion engines
851190,Parts of the equip. of 85.11,8508,Electrical starting & ignition equipment for internal combustion engines
851210,Lighting/visual signalling equip. of a kind used on bicycles,8509,Electrical lighting and signalling equipment
851220,Lighting/visual signalling equip. of a kind used for cycles (excl. bicycles)/motor vehicles (excl. of 85.39),8509,Electrical lighting and signalling equipment
851230,Sound signalling equip. of a kind used for cycles/motor vehicles,8509,Electrical lighting and signalling equipment
851240,"Windscreen wipers, defrosters & demisters of a kind used for cycles/motor vehicles",8509,Electrical lighting and signalling equipment
851290,Parts of the equip. of 85.12,8509,Electrical lighting and signalling equipment
851310,"Portable electric lamps (i.e., flashlights) designed to function by their own source of energy (e.g., dry batteries, accumulators, magnetos), other than lighting equip. of 85.12",8510,Portable electric battery and magneto lamps
851390,Parts of the portable electric lamps of 8513.10,8510,Portable electric battery and magneto lamps
851410,Resistance heated furnaces & ovens,8511A,Industrial furnaces etc elctric
851420,Furnaces & ovens functioning by induction/dielectric loss,8511A,Industrial furnaces etc elctric
851430,Other furnaces & ovens other than Resistance heated furnaces & ovens/ Furnaces & ovens functioning by induction/dielectric loss,8511A,Industrial furnaces etc elctric
851440,"Equipment for the heat treatment of materials by induction/dielectric loss, n.e.s. in 85.14",8511A,Industrial furnaces etc elctric
851490,Parts of Industrial/laboratory electric furnaces & ovens (incl. those functioning by induction/dielectric loss); other industrial/laboratory equipment for the heat treatment of materials by induction/dielectric loss.,8511A,Industrial furnaces etc elctric
851511,Soldering irons & guns,8511B,"Electric welders,etc"
851519,"Other brazing/soldering machines & apparatus , other than Soldering irons & guns",8511B,"Electric welders,etc"
851521,"Machines & apparatus for resistance welding of metal , fully/partly automatic",8511B,"Electric welders,etc"
851529,"Other machines & apparatus for resistance welding of metal, other than fully/partly automatic",8511B,"Electric welders,etc"
851531,"Machines & apparatus for arc (incl. plasma arc) welding of metals, fully/partly auto.",8511B,"Electric welders,etc"
851539,"Machines & apparatus for arc (incl. plasma arc) welding of metals, other than fully/partly auto.",8511B,"Electric welders,etc"
851580,"Other machines & apparatus, n.e.s in 85.15",8511B,"Electric welders,etc"
851590,"Parts of electric (incl. electrically heated gas), laser/other light/photon beam, ultrasonic, electron beam, magnetic pulse/plasma arc soldering, brazing/welding machines & apparatus, whether/not capable of cutting; electric machines & apparatus for hot",8511B,"Electric welders,etc"
851610,Electric instantaneous/storage water heaters & immersion heaters,8512A,Electric water etc heaters
851621,Electric storage heating radiators,8512B,"Electric soil,space heaters"
851629,"Electric space heating apparatus & electric soil heating apparatus, other than storage heating radiators",8512B,"Electric soil,space heaters"
851631,"Hair dryers, electric",8512C,Electric hair dressing apparatus
851632,Electro-thermic hair-dressing apparatus other than hair dryers,8512C,Electric hair dressing apparatus
851633,"Hand-drying apparatus, electric",8512C,Electric hair dressing apparatus
851640,Electric smoothing irons,8512D,Electric smoothing irons
851650,Microwave ovens,8512E,Electrotherm domestic apparatus nes
851660,"Electric ovens other than microwave ovens; electric cookers, cooking plates, boiling rings, grillers & roasters",8512E,Electrotherm domestic apparatus nes
851671,"Coffee/tea makers, electric",8512E,Electrotherm domestic apparatus nes
851672,"Toasters, electric",8512E,Electrotherm domestic apparatus nes
851679,Electro-thermic appliances n.e.s. in 85.16,8512E,Electrotherm domestic apparatus nes
851680,Electric heating resistors,8512F,Non-carbon electric heating resistors
851690,Parts of the machinery & appliances of 85.16,8512G,Electro-thermic appliances parts nes
851711,Line telephone sets with cordless handsets,8513A,"Line telephone,etc equipment"
851712,"Telephones for cellular networks/for other wireless networks, other than Line telephone sets with cordless handsets",8515A,"Tv,radio transmittrs etc"
851718,"Other telephone sets, incl. telephones for cellular networks/for other wireless networks, other than 8517.11 & 8517.12",8513A,"Line telephone,etc equipment"
851761,"Base stations for transmission/reception of voice, images/other data, incl. apparatus for communication in a wired/wireless network (such as a local/wide area network) ",8515A,"Tv,radio transmittrs etc"
851762,"Machines for the reception, conversion & transmission/regeneration of voice, images/other data, incl. switching & routing apparatus",8453F,Off-line data processing equipment
851769,"Other apparatus for transmission/reception of voice, images/other data, incl. apparatus for communication in a wired/wireless network (such as a local/wide area network) , other than 8517.61 & 8517.62",8513A,"Line telephone,etc equipment"
851770,"Parts of telephone sets, incl. telephones for cellular networks/for other wireless networks; other apparatus for the transmission/reception of voice, images/other data, incl. apparatus for communication in a wired/wireless network (such as a local/wide a",8414,"Industrial and laboratory furnaces and ovens, non-electric"
851810,Microphones & stands therefor,8514A,"Microphones,loudspeaker,amplifires"
851821,"Single loudspeakers, mounted in their enclosures",8514A,"Microphones,loudspeaker,amplifires"
851822,"Multiple loudspeakers, mounted in the same enclosure",8514A,"Microphones,loudspeaker,amplifires"
851829,"Loudspeakers n.e.s. in 85.18, whether/not mounted in their enclosures",8514A,"Microphones,loudspeaker,amplifires"
851830,"Headphones & earphones, whether/not combined with a microphone, & sets consisting of a microphone & one/more loudspeakers",8513A,"Line telephone,etc equipment"
851840,Audio-frequency electric amplifiers,8514A,"Microphones,loudspeaker,amplifires"
851850,Electric sound amplifier sets,8514A,"Microphones,loudspeaker,amplifires"
851890,Parts of the apparatus & equip. of 85.18,8514B,Parts nes of equipment of 7642
851920,"Apparatus operated by coins, banknotes, bank cards, tokens/by other means of payment",9211A,Coin-operated electric gramophones
851930,Turntables (record-decks),9211B,Other electric gramophones etc
851950,Telephone answering machines,9211D,Dictating machines etc
851981,"Other sound recording/reproducing apparatus, using magnetic, optical/semiconductor media, other than 8519.20, 8519.30, 8519.50",9211D,Dictating machines etc
851989,"Other sound recording/reproducing apparatus,  other n.e.s. in Ch. 85.19",9211D,Dictating machines etc
852110,"Video recording/repr. apparatus, whether/not incorporating a video tuner, magnetic tape-type",9211C,"Magnetic tv image,sound appapparatus"
852190,"Video recording/repr. apparatus other than magnetic tape-type, whether/not incorporating a video tuner",9211C,"Magnetic tv image,sound appapparatus"
852210,Pick-up cartridges for use solely/principally with the apparatus of 85.19-85.21,9213,Other parts within cccn 9211
852290,Parts (excl. pick-up cartridges) & accessories suit. for use solely/principally with the apparatus of 85.19-85.21,9213,Other parts within cccn 9211
852321,"Magnetic media for the recording of sound/of other phenomena, but excl. products of Ch. 37., cards incorporating a magnetic stripe",9212A,Prepared sound recordng media
852329,"Magnetic media for the recording of sound/of other phenomena, but excl. products of Ch. 37., other than cards incorporating a magnetic stripe",9212A,Prepared sound recordng media
852340,"Optical media for the recording of sound/of other phenomena, but excl. products of Ch. 37.",9212A,Prepared sound recordng media
852351,"Semi-conductor media, solid-state non-volatile storage devices, for the recording of sound/of other phenomena, but excl. products of Ch. 37.",9212B,"Recorded discs,tapes etc"
852352,"Semi-conductor media, Smart cards for the recording of sound/of other phenomena,  but excl. products of Ch. 37.",8521F,Electrnic componants parts nes
852359,"Other semi-conductor media, for the recording of sound/of other phenomena, but excl. products of Ch. 37., other than Smart Cards & Solid-state non-volatile storage devices",9212B,"Recorded discs,tapes etc"
852380,"Discs, tapes, solid-state non-volatile storage devices, smart cards & other media for the recording of sound/of other phenomena, whether/not recorded, incl. matrices & masters for the production of discs, but excl. products of Ch.37., other n.e.s.",9212B,"Recorded discs,tapes etc"
852550,Transmission apparatus for radio-broadcasting/television,8515A,"Tv,radio transmittrs etc"
852560,Transmission apparatus for radio-broadcasting/televison incorporating reception apparatus,8515A,"Tv,radio transmittrs etc"
852580," Television cameras, digital cameras & video camera recorders",9211C,"Magnetic tv image,sound appapparatus"
852610,Radar apparatus,8515I,Radar apparatus etc
852691,Radio navigational aid apparatus,8515I,Radar apparatus etc
852692,Radio remote control apparatus,8515I,Radar apparatus etc
852712,Pocket-size radio cassette-players,8515E,Portable radio receivers
852713,"Radio-broadcast receivers capable of operating without an external source of power, combined with sound recording/repr. apparatus (excl. of 8527.12)",8515E,Portable radio receivers
852719,Radio-broadcast receivers capable of operating without an external source of power (excl. of 8527.12 & 8527.13),8515E,Portable radio receivers
852721,"Radio-broadcast receivers not capable of operating without an external source of power, of a kind used in motor vehicles...combined with sound recording/reproducing apparatus ",8515D,Motor vehicles radio receivers
852729,"Radio-broadcast receivers not capable of operatingwithout an externalsource of power,of a kind used in motor vehicles,incl.apparatuscapable of receiving also radio-telephony/radio-telegraphy,other(excl.of 8527.21)",8515D,Motor vehicles radio receivers
852791,"Other reception apparatus for radio-broadcasting, combined with sound recording/reproducing apparatus.",8515F,Other radio receivers
852792,"Other reception apparatus for radio-broadcasting, not combined with sound recording/reproducing apparatus but combined with a clock.",8515F,Other radio receivers
852799,"Other reception apparatus for radio-broadcasting, excl. 8527.91 & 8527.92",8515F,Other radio receivers
852841,"Cathode-ray tube monitors , of a kind solely/principally used in an automatic data processing system of heading 84.71",8453E,Adp peripheral units
852849,"Other cathode-ray tube monitors , not of a kind solely/principally used in an automatic data processing system of heading 84.71",8515B,Colour tv receivers
852851,"Other monitors, of a kind solely/principally used in an automatic data processing system of heading 84.71",8453E,Adp peripheral units
852859,"Other monitors, not of a kind solely/principally used in an automatic data processing system of heading 84.71",8515C,Monochrome tv receivers
852861,"Projectors, Of a kind solely/principally used in an automatic data processing system of heading 84.71",8453E,Adp peripheral units
852869,"Projectors, not of a kind solely/principally used in an automatic data processing system of heading 84.71",8515B,Colour tv receivers
852871,"Reception apparatus for televison, Not designed to incorporate a video display/screen",8515B,Colour tv receivers
852872,"Other colour reception apparatus for television, whether/not incorporating radio-broadcast receivers/sound/video recording/reproducing apparatus,",8515B,Colour tv receivers
852873,"Other reception apparatus for television, whether/not incorporating radio-broadcast receivers/sound/video recording/reproducing apparatus, black & white/other monochrome.",8515C,Monochrome tv receivers
852910,Aerials & aerial reflectors of all kinds suit. for use solely/principally with the apparatus of 85.25-85.28; parts suit. for use therewith,8515J,Telecomm equipment parts nes
852990,"Other parts suitable for use solely/principally with the apparatus of headings 85.25 to 85.28., other than aerials & aerial reflectors of all kinds",8515J,Telecomm equipment parts nes
853010,Electrical signalling/safety/traffic control equip. for railways/tramways,8516,"Electric traffic control equipment for railways, etc"
853080,Electrical signalling/safety/traffic control equip. other than for railways/tramways,8516,"Electric traffic control equipment for railways, etc"
853090,Parts of the electrical signalling/safety/traffic control equip. of 85.30,8516,"Electric traffic control equipment for railways, etc"
853110,Burglar/fire alarms & similar apparatus,8517,Electric sound or visual signalling apparatus
853120,Indicator panels incorporating liquid crystal devices (Lchemically defined)/light emitting diodes (LED),8517,Electric sound or visual signalling apparatus
853180,"Electric sound/visual signalling apparatus (e.g., bells/sirens/indicator panels/burglar/fire alarms), other than of 85.12/85.30, n.e.s. in 85.31",8517,Electric sound or visual signalling apparatus
853190,Parts of the apparatus of 85.31,8517,Electric sound or visual signalling apparatus
853210,"Electrical capacitors, fixed, designed for use in 50/60Hz circuits & having a reactive power handling capacity of not <0.5 kvar (power capacitors)",8518,Electrical capacitors
853221,"Fixed electrical capacitors, other than those of 8532.10, tantalum",8518,Electrical capacitors
853222,"Fixed electrical capacitors, other than those of 8532.10, aluminium electrolytic",8518,Electrical capacitors
853223,"Fixed electrical capacitors, other than those of 8532.10, ceramic dielectric, single layer",8518,Electrical capacitors
853224,"Fixed electrical capacitors, other than those of 8532.10, ceramic dielectric, multilayer",8518,Electrical capacitors
853225,"Fixed electrical capacitors, other than those of 8532.10, dielectric of paper/plastics",8518,Electrical capacitors
853229,"Fixed electrical capacitors, n.e.s. in 85.32",8518,Electrical capacitors
853230,Variable/adjustable (pre-set) electrical capacitors,8518,Electrical capacitors
853290,Parts of the electrical capacitors of 85.32,8518,Electrical capacitors
853310,"Fixed carbon electrical resistors, composition/film types",8519C,"Fixed,variable resistors"
853321,"Fixed electrical resistors (excl. fixed carbon resistors, composition/film types), for a power handling capacity not >20W",8519C,"Fixed,variable resistors"
853329,"Fixed electrical resistors (excl. fixed carbon resistors, composition/film types), n.e.s. in 85.33",8519C,"Fixed,variable resistors"
853331,"Wirewound variable electrical resistors, incl. rheostats & potentiometers (excl. heating resistors), for a power handling capacity not >20W",8519C,"Fixed,variable resistors"
853339,"Wirewound variable electrical resistors, incl. rheostats & potentiometers (excl. heating resistors), n.e.s. in 85.33",8519C,"Fixed,variable resistors"
853340,"Electrical resistors (excl. heating resistors, light dependent resistors), n.e.s. in 85.33",8519C,"Fixed,variable resistors"
853390,Parts of the electrical resistors of 85.33,8519C,"Fixed,variable resistors"
853400,Printed circuits,8519B,"Printed circuits,parts nes"
853510,"Fuses, for a voltage >1000V",8519A,Switchgear etc
853521,"Automatic circuit breakers, for a voltage of <72.5kV",8519A,Switchgear etc
853529,"Automatic circuit breakers, for a voltage >1000V (excl. of 8535.21)",8519A,Switchgear etc
853530,"Isolating switches & make-&-break switches, for a voltage >1000V",8519A,Switchgear etc
853540,"Lightning arresters, voltage limiters & surge suppressors, for a voltage >1000V",8519A,Switchgear etc
853590,"Electrical apparatus for switching/protecting electrical circuits,/for making connections to/in electrical circuits, n.e.s. in 85.35, for a voltage >1000V",8519A,Switchgear etc
853610,"Fuses, for a voltage not >1000V",8519A,Switchgear etc
853620,"Automatic circuit breakers, for a voltage not >1000V",8519A,Switchgear etc
853630,"Apparatus for protecting electrical circuits (excl. of 8536.10 & 8536.20), for a voltage not >1000V",8519A,Switchgear etc
853641,"Relays, for a voltage not >60V",8519A,Switchgear etc
853649,"Relays (excl. of 8536.41), for a voltage not >1000V",8519A,Switchgear etc
853650,"Switches other than isolating switches & make-&-break switches, for a voltage not >1000V",8519A,Switchgear etc
853661,"Lamp-holders, for a voltage not >1000V",8519A,Switchgear etc
853669,Plugs & sockets for a voltage not >1000V,8519A,Switchgear etc
853670,"Connectors for optical fibres, optical fibre bundles/cables",3907H,Othr plastc articles nes
853690,"Electrical apparatus for switching/protecting electrical circuits,/for making connections to/in electrical circuits, n.e.s. in 85.36, for a voltage not >1000V",8519A,Switchgear etc
853710,"Boards, panels, consoles, desks, cabinets & other bases, equipped with 2/more apparatus of 85.35/85.36, for electric control/distribution of electricity, incld. Those incorporting instruments/apparatus of Ch. 90 & numerical control apparatus, other than",8519A,Switchgear etc
853720,"Boards, panels, consoles, desks, cabinets & other bases, equipped with 2/more apparatus of 85.35/85.36, for electric control/distribution of electricity, incld. Those incorporting instruments/apparatus of Ch. 90 & numerical control apparatus, other than",8519A,Switchgear etc
853810,"Boards, panels, consoles, desks, cabinets & other bases for the goods of 85.37, not equipped with their apparatus",8519A,Switchgear etc
853890,Parts suit. for use solely/principally with the apparatus of 85.35/85.36/85.37 (excl. of 8538.10),8519A,Switchgear etc
853910,Sealed beam electric filament lamp units,8509,Electrical lighting and signalling equipment
853921,"Electric filament lamps (excl. sealed beam/ultra-violet/infra-red lamps), tungsten halogen",8520A,Electric filament lamps nes
853922,"Electric filament lamps (excl. sealed beam/ultra-violet/infra-red/tungsten halogen lamps), of a power not >200W & for a voltage >100V",8520A,Electric filament lamps nes
853929,"Electric filament lamps (excl. sealed beam/ultra-violet/infra-red/tungsten halogen lamps), n.e.s. in 85.39",8520A,Electric filament lamps nes
853931,"Electric discharge lamps (excl. ultra-violet lamps), fluorescent, hot cathode",8520B,Electric discharge lamps nes
853932,"Electric discharge lamps (excl. ultra-violet lamps), mercury/sodium vapour lamps; metal halide lamps",8520B,Electric discharge lamps nes
853939,Electric discharge lamps (excl. ultra-violet lamps; excl. of 8539.31 & 8539.32),8520B,Electric discharge lamps nes
853941,Arc-lamps,8520D,"Ultra-violet,arc,etc lmps"
853949,Ultra-violet/infra-red lamps,8520D,"Ultra-violet,arc,etc lmps"
853990,Parts of the electric lamps of 85.39,8520E,Parts nes of lamps of 7782
854011,"Cathode-ray television picture tubes, incl. video monitor cathode-ray tubes, colour",8521A,Tv picture tubes
854012,"Cathode-ray television picture tubes, incl. video monitor cathode-ray tubes, black & white/other monochrome",8521A,Tv picture tubes
854020,Television camera tubes; image converters & intensifiers; other photo-cathode tubes,8521B,Other electronic tubes etc
854040,"Data/graphic display tubes, colour, with a phosphor dot screen pitch smaller than 0.4mm",8521B,Other electronic tubes etc
854050,"Data/graphic display tubes, black & white/other monochrome",8521B,Other electronic tubes etc
854060,Cathode-ray tubes n.e.s. in 85.40,8521B,Other electronic tubes etc
854071,Magnetrons,8521B,Other electronic tubes etc
854072,Klystrons,8521B,Other electronic tubes etc
854079,Microwave tubes n.e.s. in 85.40,8521B,Other electronic tubes etc
854081,Receiver/amplifier valves & tubes,8521B,Other electronic tubes etc
854089,Valves & tubes n.e.s. in 85.40,8521B,Other electronic tubes etc
854091,Parts of cathode-ray tubes,8521F,Electrnic componants parts nes
854099,Parts of the tubes of 85.40 other than cathode-ray tubes,8521F,Electrnic componants parts nes
854110,Diodes (excl. photosensitive/light emitting diodes),8521C,"Diodes,transistors,etc"
854121,"Transistors (excl. photosensitive transistors), with a dissipation rate of <1W",8521C,"Diodes,transistors,etc"
854129,"Transistors (excl. photosensitive transistors), other than those with a dissipation rate of <1W",8521C,"Diodes,transistors,etc"
854130,"Thyristors, diacs & triacs (excl. photosensitive devices)",8521C,"Diodes,transistors,etc"
854140,"Photosensitive semiconductor devices, incl. photovoltaic cells whether/not assembled in modules/made up into panels; light emitting diodes",8521C,"Diodes,transistors,etc"
854150,Semiconductor devices n.e.s. in 85.41,8521C,"Diodes,transistors,etc"
854160,Mounted piezo-electric crystals,8521E,"Piezo-electric crystals,mounted"
854190,Parts of the devices of 85.41,8521F,Electrnic componants parts nes
854231,"Electronic integrated  circuits, processors & controllers, whether/not combined with memories, converters, logic circuits, amplifiers, clock & timing circuits,/other circuits",8521D,Electronic microcircuits
854232,"Electronic integrated  circuits, memories",8521D,Electronic microcircuits
854233,"Electronic integrated  circuits, qmplifiers",8521D,Electronic microcircuits
854239,"Other Electronic integrated  circuits, other than Amplifiers/Memories/Processors & controllers",8528,Electrical parts of machinery and apparatus not elsewhere included
854290,Parts of electronic integrated  circuits,8521F,Electrnic componants parts nes
854310,"Particle accelerators for electrical machines & apparatus, having individual functions, not specified/incld. elsewhere in this Ch",8522A,Particle accelerators
854320,Signal generators,8522B,Other electronic machinery nes
854330,Machines & apparatus for electroplating/electrolysis/electrophoresis,8522B,Other electronic machinery nes
854370,"Other machines & apparatus for electrical machines & apparatus, other than than machines & apparatus for electroplating/ electrolysis/electrophoresis/signal generators/particle accelerators.",8522B,Other electronic machinery nes
854390,"Parts of electrical machines & apparatus, having individual functions, not specified/incld. elsewhere in this Ch..",8522B,Other electronic machinery nes
854411,"Winding wire, of copper",8523,"Insulated electric wire, cable, etc"
854419,"Winding wire, other than of copper",8523,"Insulated electric wire, cable, etc"
854420,Co-axial cable & other co-axial electric conductors,8523,"Insulated electric wire, cable, etc"
854430,Ignition wiring sets & other wiring sets of a kind used in vehicles/aircraft/ships,8523,"Insulated electric wire, cable, etc"
854442,"Other electric conductors, for a voltage not > 1,000 V, fitted with connectors",8523,"Insulated electric wire, cable, etc"
854449,"Other electric conductors, for a voltage not > 1,000 V, not fitted with connectors",8523,"Insulated electric wire, cable, etc"
854460,"Electric conductors (excl. of 8544.11-8544.30), for a voltage >1000V",8523,"Insulated electric wire, cable, etc"
854470,Optical fibre cables,7018,Optical glass and elements of optical glass
854511,"Carbon electrodes, of a kind used for furnaces",8524,"Carbon brushes, arc-lamp carbons, etc for electrical purposes"
854519,"Carbon electrodes, other than of a kind used for furnaces",8524,"Carbon brushes, arc-lamp carbons, etc for electrical purposes"
854520,Carbon brushes,8524,"Carbon brushes, arc-lamp carbons, etc for electrical purposes"
854590,"Lamp carbons, battery carbons & other articles of graphite/other carbon, with/without metal, of a kind used for electrical purposes",8524,"Carbon brushes, arc-lamp carbons, etc for electrical purposes"
854610,"Electrical insulators, of glass",8525A,Glass electrical insulators
854620,"Electrical insulators, of ceramics",8525B,Ceramic electrical insulators
854690,Electrical insulators of any material other than glass & ceramics,8525C,Other electrical insulators
854710,"Insulating fittings for electrical machines/appliances/equip., of ceramics (excl. of 8546.20)",8526B,Ceram electrical insulating fittings nes
854720,"Insulating fittings for electrical machines/appliances/equip., of plastics (excl. of 8546.90)",8526C,Other electrical insulating fittings nes
854790,"Insulating fittings for electrical machines/appliances/equip.(excl. of 85.46, 8547.10 & 8547.20); electrical conduit tubing & joints therefor, of base metal lined with insulating material",8526A,Glass electrical insulating fittings nes
854810,"Waste & scrap of primary cells, primary batteries & electric accumulators; spent primary cells, spent primary batteries & spent electric accumulators",8504A,Electric accumulators
854890,"Other electrical parts of machinery/apparatus, not specified/incld. elsewhere in this Ch., other than waste & scrap of primary cells/primary batteries & electric accumulators/ spent primary cells/ spent primary batteries & spent electric accumulators",8528,Electrical parts of machinery and apparatus not elsewhere included
860110,Rail locomotives powered from an external source of electricity,8602,Electric rail locomotives
860120,Rail locomotives powered by electric accumulators,8602,Electric rail locomotives
860210,Diesel-electric locomotives,8603,Other rail locomotives etc
860290,Rail locomotives n.e.s. in 86.01; locomotive tenders,8603,Other rail locomotives etc
860310,"Self-propelled railway/tramway coaches, vans & trucks (excl. of 86.04), powered from an external source of electricity",8604,"Mechanically propelled railway, vans and trucks"
860390,"Self-propelled railway/tramway coaches, vans & trucks (excl. of 86.04), other than those powered from an external source of electricity",8604,"Mechanically propelled railway, vans and trucks"
860400,"Railway/tramway maintenance/service vehicles, whether/not self-propelled (e.g., workshops, cranes, ballast tampers, trackliners, testing coaches & track inspection vehicles)",8606,Railway and tramway rolling-stock
860500,"Railway/tramway passenger coaches, not self-propelled; luggage vans, post office coaches & other special purp. railway/tramway coaches, not self-propelled (excl. of 86.04)",8605,Railway and tramway passenger coaches and luggage vans
860610,"Tank wagons & the like, railway/tramway, not self-propelled",8607,Railway and tramway goods vans
860630,"Self-discharging vans & wagons, railway/tramway (excl. of 8606.10/8606.20), not self-propelled",8607,Railway and tramway goods vans
860691,"Covered & closed railway/tramway goods vans & wagons, not self-propelled.",8607,Railway and tramway goods vans
860692,"Railway/tramway goods vans & wagons (excl. of 8606.10-8606.30), open, with non-removable sides of a height >60cm, not self-propelled",8607,Railway and tramway goods vans
860699,"Railway/tramway goods vans & wagons, n.e.s. in 86.06, not self-propelled",8607,Railway and tramway goods vans
860711,Driving bogies & bissel-bogies,8609,Parts of railway and tramway locomotives
860712,Bogies & bissel-bogies other than driving bogies & bissel-bogies,8609,Parts of railway and tramway locomotives
860719,"Axles & wheels; parts of bogies, bissel-bogies, axles & wheels",8609,Parts of railway and tramway locomotives
860721,"Air brakes & parts thereof , for railway/tramway locomotives/rolling-stock",8609,Parts of railway and tramway locomotives
860729,"Brakes other than air brakes, & parts thereof , for railway/tramway locomotives/rolling-stock",8609,Parts of railway and tramway locomotives
860730,"Hooks & other coupling devices, buffers, & parts thereof , for railway/tramway locomotives/rolling-stock",8609,Parts of railway and tramway locomotives
860791,"Parts of locomotives, n.e.s. in 86.07",8609,Parts of railway and tramway locomotives
860799,"Parts of railway/tramway rolling stock, n.e.s. in 86.07",8609,Parts of railway and tramway locomotives
860800,"Railway/tramway track fixtures & fittings; mechanical (including electro-mechanical) signalling, safety/traffic control equipment for railways, tramways, roads, inland waterways, parking facilities, port installations/airfields; parts of the foregoing.",8610,Railway track fixtures and fittings
860900,Containers (incl. containters for the transportof fluids) specially designed & equipped for carriage by one/more modes of tpt.,8608,Containers for all modes of transport
870110,Pedestrian controlled tractors (excl. of 87.09),8701C,Wheeled tractors nes
870120,Road tractors for semi-trailers (excl. of 87.09),8701B,Tractors for semi-trailers
870130,Track-laying tractors,8701A,Track-laying tractors
870190,Tractors n.e.s. in 87.01 (excl. of 87.09),8701C,Wheeled tractors nes
870210,"Motor vehicles for the transportof 10/more persons incl. the driver, with C-I internal combustion piston engine (diesel/semi-diesel)",8702B,Buses
870290,Motor vehicles for the transportof 10/more persons incl. the driver (excl. of 8702.10),8702B,Buses
870310,"Vehicles (excl. of 87.02) principally designed for the transportof persons, specially designed for travelling on snow; golf cars & similar vehicles",8702C,"Lorries,trucks"
870321,"Vehicles (excl. of 87.02 & 8703.10) principally designed for the transportof persons, with spark-ignition internal combustion reciprocating piston engine, of a cylinder capacity not>1000cc",8702A,Pass motor veh excluding buses
870322,"Vehicles (excl. of 87.02 & 8703.10) principally designed for the transportof persons, with spark-ignition internal combustion reciprocating piston engine, of a cylinder capacity >1000cc but not >1500cc",8702A,Pass motor veh excluding buses
870323,"Vehicles (excl. of 87.02 & 8703.10) principally designed for the transportof persons, with spark-ignition internal combustion reciprocating piston engine, of a cylinder capacity >1500cc but not >3000cc",8702A,Pass motor veh excluding buses
870324,"Vehicles (excl. of 87.02 & 8703.10) principally designed for the transportof persons, with spark-ignition internal combustion reciprocating piston engine, of a cylinder capacity >3000cc",8702A,Pass motor veh excluding buses
870331,"Vehicles principally designed for the transportof persons (excl. of 87.02 & 8703.10-8703.24), with C-I internal combustion piston engine (diesel/semi-diesel), of a cylinder capacity not >1500cc",8702A,Pass motor veh excluding buses
870332,"Vehicles principally designed for the transportof persons (excl. of 87.02 & 8703.10-8703.24), with C-I internal combustion piston engine (diesel/semi-diesel), of a cylinder capacity >1500cc but not >2500cc",8702A,Pass motor veh excluding buses
870333,"Vehicles principally designed for the transportof persons (excl. of 87.02 & 8703.10-8703.24), with C-I internal combustion piston engine (diesel/semi-diesel), of a cylinder capacity >2500cc",8702A,Pass motor veh excluding buses
870390,"Vehicles principally designed for the transportof persons (excl. of 87.02 & 8703.10-8703.24), with C-I internal combustion piston engine (diesel/semi-diesel), n.e.s. in 87.03",8702A,Pass motor veh excluding buses
870410,Dumpers designed for off-highway use,8702C,"Lorries,trucks"
870421,"Motor vehicles for the transportof goods (excl. of 8704.10), with C-I internal combustion piston engine (diesel/semi-diesel), g.v.w. not >5tonnes",8702C,"Lorries,trucks"
870422,"Motor vehicles for the transportof goods (excl. of 8704.10), with C-I internal combustion piston engine (diesel/semi-diesel), g.v.w. >5tonnes but not >20tonnes",8702C,"Lorries,trucks"
870423,"Motor vehicles for the transportof goods (excl. of 8704.10), with C-I internal combustion piston engine (diesel/semi-diesel), g.v.w. >20tonnes",8702C,"Lorries,trucks"
870431,"Motor vehicles for the transportof goods (excl. of 8704.10), with spark-ignition internal combustion piston engine, g.v.w. not >5tonnes",8702C,"Lorries,trucks"
870432,"Motor vehicles for the transportof goods (excl. of 8704.10), with spark-ignition internal combustion piston engine, g.v.w. >5tonnes",8702C,"Lorries,trucks"
870490,"Motor vehicles for the transportof goods, n.e.s. in 87.04",8702C,"Lorries,trucks"
870510,Crane lorries,8703,Special purpose motor lorries and vans
870520,Mobile drilling derricks,8703,Special purpose motor lorries and vans
870530,Fire fighting vehicles,8703,Special purpose motor lorries and vans
870540,Concrete-mixer lorries,8703,Special purpose motor lorries and vans
870590,"Special purp. motor vehicles, other than those principally designed for the transportof persons/goods (e.g., breakdown lorries,road sweeper lorries, spraying lorries, mobile workshops, mobile radiological units), n.e.s. in 87.05 ",8703,Special purpose motor lorries and vans
870600,"Chassis fitted with engines, for the motor vehicles of 87.01-87.05",8704,Chassis fitted with engines for motor vehicles in no 8701-8703
870710,"Bodies (incl. cabs), for the motor vehicles of of 87.03",8705,Bodies for motor vehicles within no 8701-8703
870790,"Bodies (incl. cabs), for the motor vehicles of 87.01, 87.02, 87.04 & 87.05",8705,Bodies for motor vehicles within no 8701-8703
870810,Bumpers & parts thereof of the motor vehicles of 87.01-87.05,8706,Parts and accessories of motor vehicles within no8701-8703
870821,Safety seat belts of the motor vehicles of 87.01-87.05,8706,Parts and accessories of motor vehicles within no8701-8703
870829,"Parts & accessories of bodies (incl. cabs) of the motor vehicles of 87.01-87.05, n.e.s. in 87.08",8706,Parts and accessories of motor vehicles within no8701-8703
870830,"Brakes & servo-brakes; parts thereof, of the motor vehicles of headings 87.01 to 87.05.",8706,Parts and accessories of motor vehicles within no8701-8703
870840,"Gear boxes & parts thereof, of the motor vehicles of headings 87.01 to 87.05.",8706,Parts and accessories of motor vehicles within no8701-8703
870850,"Drive-axles with differential, whether/not provided with other transmission components, & non-driving axles; parts thereof of the motor vehicles of headings 87.01 to 87.05.",8706,Parts and accessories of motor vehicles within no8701-8703
870870,Road wheels & parts & accessories thereof for the motor vehicles of 87.01-87.05,8706,Parts and accessories of motor vehicles within no8701-8703
870880,"Suspension systems & parts thereof (incl. shock-absorbers) ,of the motor vehicles of headings 87.01 to 87.05",8706,Parts and accessories of motor vehicles within no8701-8703
870891,Radiators & parts thereof  for the motor vehicles of 87.01-87.05,8706,Parts and accessories of motor vehicles within no8701-8703
870892,Silencers (mufflers) & exhaust pipes; parts thereof for the motor vehicles of 87.01-87.05,8706,Parts and accessories of motor vehicles within no8701-8703
870893,Clutches & parts thereof for the motor vehicles of 87.01-87.05,8706,Parts and accessories of motor vehicles within no8701-8703
870894,"Steering wheels, steering columns & steering boxes; parts thereof  for the motor vehicles of 87.01-87.05",8706,Parts and accessories of motor vehicles within no8701-8703
870895,Safety airbags with inflater system; parts thereof   for the motor vehicles of 87.01-87.05,8706,Parts and accessories of motor vehicles within no8701-8703
870899,"Other parts & accessories for the motor vehicles of 87.01-87.05, exclud. 8708.91/92/93/94/95.",8706,Parts and accessories of motor vehicles within no8701-8703
870911,"Works trucks, self-propelled, not fitted with lifting/handling equipment, of the type used in factories, warehouses, dock areas/airports for short distance transports of goods, tractors of the type used on railway station platforms, electrical",8707A,Fork lift trucks etc
870919,"Works trucks, self-propelled, not fitted with lifting/handling equipment, of the type used in factories, warehouses, dock areas/airports for short distance transports of goods, tractors of the type used on railway station platforms, other than electrical",8707A,Fork lift trucks etc
870990,Parts of the vehicles of 87.09,8707B,Parts nes of vehicles of 74411
871000,"Tanks & other armoured fighting vehicles, motorised, whether/not fitted with weapons, & parts of such vehicles",8708,Armored fightng vehicles
871110,"Motorcycles (incl. mopeds) & cycles fitted with an auxiliary motor, with/without side-cars, with reciprocating internal combustion piston engine of a cylinder capacity not >50cc",8709,Motorcycles etc
871120,"Motorcycles (incl. mopeds) & cycles fitted with an auxiliary motor, with/without side-cars, with reciprocating internal combustion piston engine of a cylinder capacity >50cc but not >250cc",8709,Motorcycles etc
871130,"Motorcycles (incl. mopeds) & cycles fitted with an auxiliary motor, with/without side-cars, with reciprocating internal combustion piston engine of a cylinder capacity >250cc but not >500cc",8709,Motorcycles etc
871140,"Motorcycles (incl. mopeds) & cycles fitted with an auxiliary motor, with/without side-cars, with reciprocating internal combustion piston engine of a cylinder capacity >500cc but not >800cc",8709,Motorcycles etc
871150,"Motorcycles (incl. mopeds) & cycles fitted with an auxiliary motor, with/without side-cars, with reciprocating internal combustion piston engine of a cylinder capacity >800cc",8709,Motorcycles etc
871190,Side cars for motorcycles,8709,Motorcycles etc
871200,"Bicycles & other cycles (incl. delivery tricycles), not motorised",8710,"Bicycles,etc non-motorised"
871310,"Carriages for disabled persons, not mechanically propelled",8711,Invalid carriages fitted with means of mechanical propulsion
871390,"Carriages for disabled persons, motorised/othw. mechanically propelled",8711,Invalid carriages fitted with means of mechanical propulsion
871411,Saddles for motorcycles (incl. mopeds),8712,Parts and accessories of articles within no8709-8711
871419,"Parts & accessories of motorcycles (incl. mopeds), other than saddles",8712,Parts and accessories of articles within no8709-8711
871420,Parts & accessories of carriages for disabled persons,8712,Parts and accessories of articles within no8709-8711
871491,"Frames & forks, & parts thereof , for vehicles of 87.11-87.13 (excl. motorcycles & mopeds)",8712,Parts and accessories of articles within no8709-8711
871492,"Wheel rims & spokes, for vehicles of 87.11-87.13 (excl. motorcycles & mopeds)",8712,Parts and accessories of articles within no8709-8711
871493,"Hubs (excl. coaster braking hubs & hub brakes) & free-wheel sprocket-wheels, for vehicles of 87.11-87.13 (excl. motorcycles & mopeds)",8712,Parts and accessories of articles within no8709-8711
871494,"Brakes, incl. coaster braking hubs & hub brakes, & parts thereof , for vehicles of 87.11-87.13 (excl. motorcycles & mopeds)",8712,Parts and accessories of articles within no8709-8711
871495,Saddles for vehicles of 87.11-87.13 (excl. motorcycles & mopeds),8712,Parts and accessories of articles within no8709-8711
871496,"Pedals & crank-gear, & parts thereof (excl. motorcycles & mopeds)",8712,Parts and accessories of articles within no8709-8711
871499,"Parts & accessories of the vehicles of 87.11-87.13, n.e.s. in 87.14",8712,Parts and accessories of articles within no8709-8711
871500,Baby carriages & parts thereof,8713,Baby carriages and parts thereof
871610,"Trailers & semi-trailers of the caravan type, for housing/camping",8714A,"Housing,camping trailers"
871620,Self-loading/self-unloading trailers & semi-trailers for agricultural purposes,8714B,Other trailers
871631,Tanker trailers & tanker semi-trailers,8714B,Other trailers
871639,Trailers & semi-trailers for the transportof goods (excl. of 8716.10-8716.31),8714B,Other trailers
871640,Trailers & semi-trailers (excl. of 8716.10-8716.39),8714C,Other non-motorized vehicles
871680,"Other vehicles, not mechanically propelled, n.e.s.",8714C,Other non-motorized vehicles
871690,Parts of the vehicles of 87.16,8714D,Parts nes of trailers etc
880100,"Balloons & dirigibles; gliders, hang gliders & other non-powered aircraft.",8801,Balloons and airships
880211,Helicopters of an unladen weight not >2000kg,8802B,Helicopters
880212,Helicopters of an unladen weight >2000kg,8802B,Helicopters
880220,"Aeroplanes & other aircraft, of an unladen weight not >2000kg",8802C,Aircraft nes 2000kg or ls
880230,"Aeroplanes & other aircraft, of an unladen weight >2000 kg but not >15000kg",8802D,Aircraft nes 2001-15000kg
880240,"Aeroplanes & other aircraft, of an unladen weight >15000kg",8802E,Aircraft nes over 15000kg
880260,Spacecraft (incl. satellites) & suborbital & spacecraft launch vehicles,8802E,Aircraft nes over 15000kg
880310,"Propellers & rotors & parts thereof , of goods of 88.01/88.02",8803,Parts falling in cccn 8801-8802
880320,"Under-carriages & parts thereof , of goods of 88.01/88.02",8803,Parts falling in cccn 8801-8802
880330,"Parts of aeroplanes/helicopters, other than propellers, rotors, under-carriages & parts thereof",8803,Parts falling in cccn 8801-8802
880390,"Parts of goods of 88.01/88.02, n.e.s. in 88.03",8803,Parts falling in cccn 8801-8802
880400,Parachutes (incl. dirigible parachutes & paragliders) & rotochutes; parts thereof & accessories thereto,8804,"Parachutes,prts,accessories thereof"
880510,Aircraft launching gear & parts thereof ; deck-arrestor/similar gear & parts thereof,8805,Aircraft launchers etc
880521,Air combat simulators & parts thereof,8805,Aircraft launchers etc
880529,"Ground flying trainers other than air combat simulators, & parts thereof",8805,Aircraft launchers etc
890110,"Cruise ships, excursion boats & similar vessels principally designed for the transportof persons; ferry-boats of all kinds",8901D,Other cargo vessels
890120,Tankers,8901C,Tankers of all kinds
890130,Refrigerated vessels (excl. of 8901.20),8901D,Other cargo vessels
890190,Vessels for the transportof goods & for the transportof both persons & goods (excl. of 8901.10-8901.30),8901D,Other cargo vessels
890200,Fishing vessels; factory ships & other vessels for processing/preserving fishery products,8901E,Fishing vessels etc
890310,"Yachts & other vessels for pleasure/sports; rowing boats & canoes, inflatable",8901B,"Yachts,sports vessels etc"
890391,"Sailboats, with/without auxiliary motor (excl. inflatable)",8901B,"Yachts,sports vessels etc"
890392,Motorboats (excl. outboard motorboats; excl. inflatable vessels),8901B,"Yachts,sports vessels etc"
890399,Yachts & other vessels for pleasure/sports (excl. of 8903.10-8903.92); rowing boats & canoes (excl. of 8903.10),8901B,"Yachts,sports vessels etc"
890400,Tugs & pusher craft,8902,Vessels designed for towing or pushing other vessels
890510,Dredgers,8903,"Light-vessels, fire-floats, dredgers"
890520,Floating/submersible drilling/production platforms,8903,"Light-vessels, fire-floats, dredgers"
890590,"Light-vessels, fire-floats, floating cranes & other vessels the navigability of which is subsidiary to their main function; floating docks",8903,"Light-vessels, fire-floats, dredgers"
890610,Warships,8901A,Warships
890690,"Vessels, n.e.s. in 89.01-8906.10, incl. lifeboats other than rowing boats",8901A,Warships
890710,Inflatable rafts,8905,"Floating structures other than vessels such as coffer-dams,etc"
890790,"Floating structures other than inflatable rafts (e.g., rafts (excl. inflatable), tanks, coffer-dams, landing-stages, buoys & beacons)",8905,"Floating structures other than vessels such as coffer-dams,etc"
890800,Vessels & other floating structures for breaking up,8904,Ships and other vessels for breaking up
900110,"Optical fibres, optical fibre bundles & cables (excl. of 85.44)",9013,Optical appliances and instruments
900120,Sheets & plates of polarising material,9013,Optical appliances and instruments
900130,Contact lenses,9001,Optical elements unmounted
900140,"Spectacle lenses of glass, unmounted",9001,Optical elements unmounted
900150,"Spectacle lenses of materials other than glass, unmounted",9013,Optical appliances and instruments
900190,"Lenses (excl. of 9001.30-9001.50), prisms, mirrors & other optical elements, of any material, unmounted, other than such elements of glass not optically worked",9013,Optical appliances and instruments
900211,"Objective lenses for cameras/projectors/photog. enlargers/reducers, of any material, mounted",9002,Lenses and other optical elements mounted
900219,"Objective lenses (excl. of 9002.11), of any material, mounted",9002,Lenses and other optical elements mounted
900220,"Filters (i.e., optical elements), of any material, mounted",9002,Lenses and other optical elements mounted
900290,"Lenses, prisms, mirrors & otheroptical elements, of any material, mounted, being parts of/fittings for instr./apparatus (excl.such elements of glass not optically worked), n.e.s. in 90.02",9002,Lenses and other optical elements mounted
900311,"Frames & mountings for spectacles/goggles/the like, of plastics",9003,Frames and mountings for spectacles
900319,"Frames & mountings for spectacles/goggles/the like, of materials other than plastics",9003,Frames and mountings for spectacles
900390,Parts of the frames & mountings for spectacles/goggles/the like of 90.03,9003,Frames and mountings for spectacles
900410,Sunglasses,9004,Spectacles etc
900490,"Spectacles, goggles & the like, corrective, protective/other (excl. sunglasses)",9004,Spectacles etc
900510,Binoculars,9005,"Telescope,mono-binocular"
900580,Monoculars & other optical telescopes; other astronomical instr. (excl. instr. for radio-astronomy),9006,Astronomical instruments
900590,"Parts & accessories, incl. mountings, of the instr. of 90.05",9006,Astronomical instruments
900610,Cameras of a kind used for preparing printing plates/cylinders,9007A,Still cameras
900630,Cameras specially designed for underwater use/aerial survey/medical/surgical examination of internal organs; comparison cameras for forensic/criminological purposes,9007A,Still cameras
900640,Instant print cameras,9007A,Still cameras
900651,"Cameras (excl. of 9006.10-9006.40), with a through-the-lens viewfinder (single lens reflex (SLR)), for roll film of a width not >35mm",9007A,Still cameras
900652,"Photographic cameras, for roll film of a width less than 35 mm.",9007A,Still cameras
900653,"Photographic cameras, for roll film of a width of 35 mm.",9007A,Still cameras
900659,"Photographic cameras, other n.e.s.",9007A,Still cameras
900661,Discharge lamp (electronic) flashlight apparatus,9007B,Photo flashlight apparatus
900669,Other photographic flashlight apparatus & flashbulbs other than discharge lamp (electronic) flashlight apparatus,9007B,Photo flashlight apparatus
900691,Parts & accessories of the cameras of 90.06,9007C,Parts nes of apparatus of 8811
900699,Parts & accessories of the photog. flashlight apparatus & flashbulbs of 90.06,9007C,Parts nes of apparatus of 8811
900711,"Cinematographic cameras, whether/not incorporating sound recording apparatus, for film of <16mm width/double-8mm film",9008A,"Cinema cameras,projectors,etc -- for film under 16mm"
900719,"Cinematographic cameras, whether/not incorporating sound recording apparatus, other than those for film of <16mm/double-8mm film",9008A,"Cinema cameras,projectors,etc -- for film under 16mm"
900720,"Cinematographic projectors, whether/not incorporating sound/repr. apparatus",9008A,"Cinema cameras,projectors,etc -- for film under 16mm"
900791,Parts & accessories of the cinematographic cameras of 90.07,9008C,Parts nes of apparatus of 8812
900792,Parts & accessories of the cinematographic projectors of 90.07,9008C,Parts nes of apparatus of 8812
900810,Slide projectors,9009,"Projectors noncinema,etc"
900820,"Microfilm/microfiche/other microform readers, whether/not capable of producing copies",9009,"Projectors noncinema,etc"
900830,Image projectors (excl. of 9008.10 & 9008.20; excl. cinematographic),9009,"Projectors noncinema,etc"
900840,Photographic (excl. cinematographic) enlargers & reducers,9009,"Projectors noncinema,etc"
900890,Parts & accessories of the image projectors (excl. cinematographic) & the photog. (excl. cinematographic) enlargers & reducers of 90.07,9009,"Projectors noncinema,etc"
901010,Apparatus & equip. for automatically developing photog. (incl. cinematographic) film/paper in rolls/for automatically exposing developed film to rolls of photog. paper,9010C,"Photo,cine laboratory equipment nes"
901050,Other apparatus & equipment for photographic (incl. cinematographic) laboratories; negatoscopes,9010C,"Photo,cine laboratory equipment nes"
901060,Projection screens,9010C,"Photo,cine laboratory equipment nes"
901090,"Parts & accessories of Apparatus & equipment for photographic (incl. cinematographic) laboratories, negatoscopes; projection screens, not specified/incld. elsewhere in this Ch.;",9010C,"Photo,cine laboratory equipment nes"
901110,Stereoscopic microscopes,9012,Compound optical microscopes
901120,"Other microscopes, for photomicrography, cinephoto-micrography/microprojection",9012,Compound optical microscopes
901180,Compound optical microscopes (excl. of 9011.10 & 9011.20),9012,Compound optical microscopes
901190,"Parts & accessories of compound optical microscopes, incl. those for photomicrography, cinephotomicrography/microprojection.",9012,Compound optical microscopes
901210,Microscopes other than optical microscopes; diffraction apparatus,9011,"Electron,etc diffraction ap"
901290,Parts & accessories of Microscopes other than optical microscopes; diffraction apparatus.,9011,"Electron,etc diffraction ap"
901310,Telescopic sights for fitting to arms; periscopes; telescopes designed to form parts of machines/appliances/instr./apparatus of Ch90./Section XVI,9013,Optical appliances and instruments
901320,Lasers (excl. laser diodes),9013,Optical appliances and instruments
901380,"Liquid crystal devices not constituting articles provided for more specifically in other headings; other optical appliances & instr., n.e.s. in Ch.90",9013,Optical appliances and instruments
901390,Parts & accessories of the articles of 90.13,9013,Optical appliances and instruments
901410,Direction finding compasses,9014A,Navigational instruments non-electrical etc
901420,Instruments & appliances for aeronautical/space navigation (excl. compasses),9014A,Navigational instruments non-electrical etc
901480,Navigational instr. & appliances (excl. of 9014.10 & 9014.20),9014A,Navigational instruments non-electrical etc
901490,Parts & accessories of the navigational instr. & appliances of 90.14,9029,Parts or accessories suitable for articles of cccn 9023-24 & 9026-28
901510,Rangefinders,9014B,Surveying instruments etc non-electrical
901520,Theodolites & tachymeters (tacheometers),9014B,Surveying instruments etc non-electrical
901530,Levels (excl. of 90.31),9014B,Surveying instruments etc non-electrical
901540,Photogrammetrical surveying instr. & appliances,9014B,Surveying instruments etc non-electrical
901580,"Surveying/hydrographic/oceanographic/hydrological/meteorological/geophysical instr. & appliances (excl. compasses), n.e.s. in 90.15",9014B,Surveying instruments etc non-electrical
901590,Parts & accessories of the instr. & appliances of 90.15,9029,Parts or accessories suitable for articles of cccn 9023-24 & 9026-28
901600,"Balances of a sensitivity of 5cg/better, with/without wts.",9015,Balances of a sensitivity of 5 cg or better
901710,"Drafting tables & machines, whether/not auto.",9016A,"Measurng,drawng etc instruments"
901720,"Other drawing, marking-out/mathematical calculating instruments",9016A,"Measurng,drawng etc instruments"
901730,"Micrometers, callipers & gauges",9016A,"Measurng,drawng etc instruments"
901780,"Instruments for measuring length, for use in the hand (e.g., measuring rods & tapes, callipers), n.e.s. in Ch.90",9016A,"Measurng,drawng etc instruments"
901790,Parts & accessories of 90.17,9016B,Parts nes of instruments of 87421
901811,Electro-cardiographs,9017A,Electro-medical equipment
901812,Ultrasonic scanning apparatus,9017A,Electro-medical equipment
901813,Magnetic resonance imaging apparatus,9017A,Electro-medical equipment
901814,Scintigraphic apparatus,9017A,Electro-medical equipment
901819,"Electro-diagnostic apparatus used in medical/surgical/dental/veterinary sciences (incl.apparatusfor functional exploratory examination/for checking physiological parameters), n.e.s. in 90.18",9017A,Electro-medical equipment
901820,Ultra-violet/infra-red ray apparatus used in medical/surgical/dental/veterinary sciences,9017A,Electro-medical equipment
901831,"Syringes, with/without needles",9017C,Other medical instruments
901832,Tubular metal needles & needles for sutures,9017C,Other medical instruments
901839,"Catheters, cannulae & the like",9017C,Other medical instruments
901841,"Dental drill engines, whether/not combined on a single base with other dental equip.",9017B,Dental instruments
901849,Instruments & appliances used in dental sciences (excl. drills),9402,"Medical furniture,parts"
901850,Ophthalmic instr. & appliances n.e.s. in 90.18,9017C,Other medical instruments
901890,"Instruments & appliances used in medical/surgical/veterinary sciences, incl. other electro-medical apparatus & sight-testing instr., n.e.s. in 90.18",9017C,Other medical instruments
901910,Mechano-therapy appliances; massage apparatus; psychological aptitude-testing apparatus,9018,Mechano-therapy appliances
901920,Ozone therapy/oxygen therapy/aerosol therapy/artificial respiration/other therapeutic respiration apparatus,9018,Mechano-therapy appliances
902000,Breathing appliances (excl. of 90.19) & gas masks (excl. protective masks having neither mechanical parts/replaceable filters),9018,Mechano-therapy appliances
902110,Orthopaedic/fracture appliances,9019B,Orthopaedic etc goods
902121,Artificial teeth,9019B,Orthopaedic etc goods
902129,Dental fittings (excl. artificial teeth),9019B,Orthopaedic etc goods
902131,Artificial joints,9019B,Orthopaedic etc goods
902139,"Artificial parts of the body other than teeth, dental fittings & joints",9019B,Orthopaedic etc goods
902140,Hearing aids (excl. parts & accessories),9019A,Hearing aids
902150,Pacemakers for stimulating heart muscles (excl. parts & accessories),9019B,Orthopaedic etc goods
902190,"Appliances which are worn/carried/implanted in the body, to compensate for a defect/disability (excl. of 9021.10-9021.50)",9019B,Orthopaedic etc goods
902212,Computed tomography apparatus,9020,X-ray apparatus
902213,"Apparatus based on the use of X-rays (excl. of 9022.12), for dental uses",9020,X-ray apparatus
902214,"Apparatus based on the use of X-rays (excl. of 9022.12), for medical/surgical/veterinary uses",9020,X-ray apparatus
902219,"Apparatus based on the use of X-rays (excl. of 9022.12), for other than dental/medical/surgical/veterinary uses",9020,X-ray apparatus
902221,"Apparatus based on the use of alpha/beta/gamma radiations, for medical/surgical/dental/veterinary uses, incl. radiography/radiotherapy apparatus",9020,X-ray apparatus
902229,"Apparatus based on the use of alpha/beta/gamma radiations, for uses other than medical/surgical/dental/veterinary, incl. radiography/radiotherapy apparatus",9020,X-ray apparatus
902230,X-ray tubes,9020,X-ray apparatus
902290,"X-ray generators (excl. tubes), high tension generators, control panels & desks, screens, examination/treatment tables, chairs&the like",9020,X-ray apparatus
902300,"Instruments, apparatus & models designed for demonstrational purposes (e.g., in education/exhibitions), unsuit. for other uses",9021,Instruments for demonstrational purposes
902410,Machines & appliances for testing the hardness/strength/compressibility/elasticity/other mechanical properties of metals,9022,"Machines for testing mechanically the hardness,etc of materials"
902480,Machines & appliances for testing the hardness/strength/compressibility/elasticity/other mechanical properties of materials other than metals,9022,"Machines for testing mechanically the hardness,etc of materials"
902490,Parts & accessories of the machines & appliances of 90.24,9029,Parts or accessories suitable for articles of cccn 9023-24 & 9026-28
902511,"Thermometers & pyrometers, not combined with other instr., liquid-filled, for direct reading",9023,"Hydrometers and similar instruments, thermometers, etc"
902519,"Thermometers & pyrometers, not combined with other instr. (excl. of 9025.11)",9023,"Hydrometers and similar instruments, thermometers, etc"
902580,"Hydrometers & similar floating instr., pyrometers, barometers, hygrometers & psychrometers, recording/not, & any combination of these instr. (incl. with thermometers)",9023,"Hydrometers and similar instruments, thermometers, etc"
902590,Parts & accessories of the instr. of 90.25,9029,Parts or accessories suitable for articles of cccn 9023-24 & 9026-28
902610,Instruments & apparatus for measuring/checking the flow/level of liquids,9024,"Instruments for measuring, flow,depth etc of liquids or gases"
902620,Instruments & apparatus for measuring/checking pressure,9024,"Instruments for measuring, flow,depth etc of liquids or gases"
902680,"Instruments & apparatus for measuring/checking the flow/level/pressure/other variables of liquids/gases (e.g., flow meters, level gauges, manometers, heat meter), excld instru/apparatus  of heading 90.14 & 90.15, 90.28   ",9028E,Electrical measuring etc instruments nes
902690,Parts & accessories of the instr. & appliances of 90.26,9029,Parts or accessories suitable for articles of cccn 9023-24 & 9026-28
902710,Gas/smoke analysis apparatus,9028C,Other elctronic measures etc equipments
902720,Chromatographs & electrophoresis instr.,9028C,Other elctronic measures etc equipments
902730,"Spectrometers, spectrophotometers & spectrographs using optical radiations (UV, visible, IR)",9028C,Other elctronic measures etc equipments
902750,"Instruments & apparatus for physical/chemical analysis, using optical radiations (UV, visible, IR), n.e.s. in 90.27",9028C,Other elctronic measures etc equipments
902780,"Instruments & apparatus for physical/chemical analysis, n.e.s. in 90.27",9028C,Other elctronic measures etc equipments
902790,Microtomes; parts & accessories of instr. & apparatus of 90.27,9025,Instruments for chemical analysis
902810,"Gas meters, incl. calibrating meters therefor",9026,"Gas, liquid and electricity supply meters"
902820,"Liquid meters, incl. calibrating meters therefor",9026,"Gas, liquid and electricity supply meters"
902830,"Electricity meters, incl. calibrating meters therefor",9026,"Gas, liquid and electricity supply meters"
902890,Parts & accessories of the meters of 90.28,9029,Parts or accessories suitable for articles of cccn 9023-24 & 9026-28
902910,"Revolution counters, production counters, taximeters, mileometers, pedometers & the like",9027,"Revolution and production counters, taximeters, etc"
902920,Speed indicators & tachometers; stroboscopes,9027,"Revolution and production counters, taximeters, etc"
902990,Parts & accessories of the instr. of 90.29,9029,Parts or accessories suitable for articles of cccn 9023-24 & 9026-28
903010,Instruments & apparatus for measuring/detecting ionising radiations,9028B,Radioactivty counters etc
903020,Oscilloscopes & oscillographs,9028C,Other elctronic measures etc equipments
903031,Multimeters,9028C,Other elctronic measures etc equipments
903032,Multimeters with a recording device,9028C,Other elctronic measures etc equipments
903033,"Other instruments & apparatus, for measuring/checking voltage, current, resistance/power, without a recording device, other than 9030.31 & 9030.32, ",9028C,Other elctronic measures etc equipments
903039,"Instruments & apparatus for measuring/checking voltage/current/resistance/power (excl. of 9030.31), without a recording device",9028C,Other elctronic measures etc equipments
903040,"Instruments & apparatus specially designed for telecommunications (e.g., cross-talk meters, gain measuring instr., distortion factor meters, psophometers)",9028C,Other elctronic measures etc equipments
903082,Instruments & apparatus for measuring/checking semiconductor wafers/devices,9028C,Other elctronic measures etc equipments
903084,"Other instruments & apparatusspecially designed for telecommunications, with a recording device",9028C,Other elctronic measures etc equipments
903089,"Other instruments & apparatusspecially designed for telecommunications, exclud. 9030.82/84",9028C,Other elctronic measures etc equipments
903090,Parts & accessories of the instr. & apparatus of 90.30,9029,Parts or accessories suitable for articles of cccn 9023-24 & 9026-28
903110,Machines for balancing mechanical parts,9016A,"Measurng,drawng etc instruments"
903120,Test benches,9016A,"Measurng,drawng etc instruments"
903141,Optical instr. & appliances for inspecting semiconductor wafers/devices/for inspecting photomasks/reticles used in manufacturing semiconductor devices (excl. of 9030.82),9016A,"Measurng,drawng etc instruments"
903149,"Other optical instruments & appliances , other than 9031.41",9016A,"Measurng,drawng etc instruments"
903180,"Measuring/checking instr., apparatus& machines, n.e.s. in Ch. 90",9016A,"Measurng,drawng etc instruments"
903190,"Parts & accessories of the instr., apparatus & machines of 90.31",9016B,Parts nes of instruments of 87421
903210,Thermostats,9024,"Instruments for measuring, flow,depth etc of liquids or gases"
903220,Manostats,9024,"Instruments for measuring, flow,depth etc of liquids or gases"
903281,Hydraulic/pneumatic auto. regulating/controlling instr. & apparatus,9024,"Instruments for measuring, flow,depth etc of liquids or gases"
903289,"Automatic regulating/controlling instr. & apparatus, n.e.s. in 90.32",9024,"Instruments for measuring, flow,depth etc of liquids or gases"
903290,Parts & accessories of the instr. & apparatus of 90.32,9024,"Instruments for measuring, flow,depth etc of liquids or gases"
903300,Parts & accessories n.e.s. in Ch.90. for machines/appliances/instr./apparatus of Ch.90,9029,Parts or accessories suitable for articles of cccn 9023-24 & 9026-28
910111,"Wrist-watches, electrically operated, whether/not incorporating a stop-watch facility, with mechanical display only, with case of precious metal/metal clad with precious metal",9101,Pocket-watches
910119,"Other Wrist-watches, electrically operated, whether/not incorporating a stop-watch facility, without mechanical display, with case of precious metal/metal clad with precious metal",9101,Pocket-watches
910121,"Wrist-watches other than electrically operated, whether/not incorporating a stop-watch facility, with auto. winding, with case of precious metal/metal clad with precious metal",9101,Pocket-watches
910129,"Wrist-watches other than electrically operated, whether/not incorporating a stop-watch facility (excl. with auto. winding), with case of precious metal/metal clad with precious metal",9101,Pocket-watches
910191,"Pocket-watches & other watches (excl. wrist-watches), incl. stop-watches, electrically operated, with case of precious metal/metal clad with precious metal",9101,Pocket-watches
910199,"Pocket-watches & other watches (excl. wrist-watches), incl. stop-watches (excl. electrically operated), with case of precious metal/metal clad with precious metal",9101,Pocket-watches
910211,"Wrist-watches, electrically operated, whether/not incorporating a stop-watch facility, with mechanical display only, other than with case of precious metal/metal clad with precious metal",9101,Pocket-watches
910212,"Wrist-watches, electrically operated, whether/not incorporating a stop-watch facility, with opto-electronic display only, other than with case of precious metal/metal clad with precious metal",9101,Pocket-watches
910219,"Wrist-watches, electrically operated, whether/not incorporating a stop-watch facility (excl. of 9102.11 & 9102.12), other than with case of precious metal/metal clad with precious metal",9101,Pocket-watches
910221,"Wrist-watches other than electrically operated, whether/not incorporating a stop-watch facility, with auto. winding, other than with case of precious metal/metal clad with precious metal",9101,Pocket-watches
910229,"Wrist-watches other than electrically operated, whether/not incorporating a stop-watch facility (excl. with auto. winding) other than with case of precious metal/metal clad with precious metal",9101,Pocket-watches
910291,"Pocket-watches & other watches (excl. wrist-watches), incl. stop-watches, electrically operated, other than with case of precious metal/metal clad with precious metal",9101,Pocket-watches
910299,"Pocket-watches & other watches (excl. wrist-watches), incl. stop-watches (excl. electrically operated), other than with case of precious metal/metal clad with precious metal",9101,Pocket-watches
910310,"Clocks with watch movements (excl. of 91.04), electrically operated",9102,Clocks with watch movements
910390,"Clocks with watch movements (excl. of 91.04), other than electrically operated",9102,Clocks with watch movements
910400,Instrument panel clocks & clocks of a similar type for vehicles/aircraft/spacecraft/vessels,9103,Instrument panel clocks
910511,"Alarm clocks, electrically operated",9104,Other clocks
910519,"Alarm clocks, other than electrically operated",9104,Other clocks
910521,"Wall clocks, electrically operated",9104,Other clocks
910529,"Wall clocks, other than electrically operated",9104,Other clocks
910591,"Clocks (excl. alarm clocks, wall clocks), electrically operated",9104,Other clocks
910599,"Clocks (excl. alarm clocks, wall clocks), other than electrically operated",9104,Other clocks
910610,"Time-registers; time-recorders, with clock/watch movement/with synchronous motor",9105,Time of day recording apparatus
910690,"Other time of day recording apparatus, with clock/watch movement/with synchronous motor , other than time-registers/time-recorders.",9105,Time of day recording apparatus
910700,Time switches with clock/watch movement/with synchronous motor,9106,Time switches with clock or watch movement
910811,"Watch movements, complete & assembled, electrically operated, with mechanical display only/with a device to which a mechanical display can be incorporated",9107,Watch movements assembled
910812,"Watch movements, complete & assembled, electrically operated, with opto-electronic display only",9107,Watch movements assembled
910819,"Watch movements, complete & assembled, electrically operated, n.e.s. in 91.08",9107,Watch movements assembled
910820,"Watch movements, complete & assembled (excl. electrically operated), with auto. winding",9107,Watch movements assembled
910890,"Watch movements, complete & assembled (excl. electrically operated), other than with auto winding",9107,Watch movements assembled
910911,"Clock movements, complete & assembled, electrically operated, of alarm clocks",9108,Clock movements assembled
910919,"Clock movements, complete & assembled, electrically operated, other than of alarm clocks",9108,Clock movements assembled
910990,"Clock movements, complete & assembled, other than electrically operated",9108,Clock movements assembled
911011,"Watch movements, complete, unassembled/partly assembled (movement sets) of watches",9111,Other clock and watch parts
911012,"Incomplete movements, assembled, of watches",9111,Other clock and watch parts
911019,"Rough movements, of watches",9111,Other clock and watch parts
911090,"Clock movements, complete, unassembled/partly assembled (movement sets); incomplete clock movements, assembled; rough clock movements",9111,Other clock and watch parts
911110,Watch cases of precious metal/metal clad with precious metal,9109,"Watch cases,case parts"
911120,"Watch cases of base metal, whether/not gold- /silver-plated",9109,"Watch cases,case parts"
911180,Watch cases n.e.s. in 91.11,9109,"Watch cases,case parts"
911190,Parts of the watch cases of 91011,9109,"Watch cases,case parts"
911220,Clock cases & cases of a similar type for other goods of Ch.91,9110,"Clock cases,case parts"
911290,"Parts of the clock cases & cases of a similar type for other goods of Ch.91, of 9112.20",9110,"Clock cases,case parts"
911310,"Watch straps, watch bands & watch bracelets, & parts thereof , of precious metal/of metal clad with precious metal",7112,Precious metal jewellery
911320,"Watch straps, watch bands & watch bracelets, & parts thereof , of base metal, whether/not gold- /silver-plated",7112,Precious metal jewellery
911390,"Watch straps, watch bands & watch bracelets, & parts thereof , n.e.s. in 91.13",7115,Articles of pearls
911410,"Springs, incl. hair-springs, for clocks/watches",9111,Other clock and watch parts
911420,Jewels for clocks/watches,9111,Other clock and watch parts
911430,Dials for clocks/watches,9111,Other clock and watch parts
911440,Plates & bridges for clocks/watches,9111,Other clock and watch parts
911490,"Clock/watch parts (excl. glasses, movements, cases, straps/bands/bracelets), n.e.s. in 91.14",9111,Other clock and watch parts
920110,"Upright pianos, incl. auto. pianos",9201,Keyboard stringed musical instruments
920120,"Grand pianos, incl. auto. pianos",9201,Keyboard stringed musical instruments
920190,Harpsichords & other keyboard stringed instr. (excl. pianos),9201,Keyboard stringed musical instruments
920210,"String musical instr. (e.g., violins, cellos) played with a bow",9202,Other stringed musical instruments
920290,"String musical instr. (e.g., guitars, harps) n.e.s. in 92.02",9202,Other stringed musical instruments
920510,"Brass-wind musical instr. (e.g., trumpets, trombones)",9205,Other wind musical instruments
920590,"Other wind musical instruments (eg. clarinets, trumpets, bagpipes), other than Brass-wind instruments.",9205,Other wind musical instruments
920600,"Percussion musical instr. (e.g., drums, xylophones, cymbals, castanets, maracas)",9206,Percussion musical instruments
920710,"Keyboard instr. other than accordions, the sound of which is produced/must be amplified, electrically",9207,Electro-magnetic musical instruments
920790,"Musical instr. (excl. keyboard instruments other than accordions), the sound of which is produced/must be amplified, electrically",9207,Electro-magnetic musical instruments
920810,Musical boxes,9208,Musical instruments not falling within any other heading
920890,"Fairground organs, mechanical street organs, mechanical singing birds, musical saws,other musical instrm not falling within any other heading of this Ch.; decoy calls of all kinds; whistles, call horns & other mouth-blown sound signalling instr. ",9208,Musical instruments not falling within any other heading
920930,Musical instrument strings,9210,Parts of musical instruments
920991,Parts & accessories of pianos,9210,Parts of musical instruments
920992,Parts & accessories of the musical instr. of 92.02,9210,Parts of musical instruments
920994,Parts & accessories of the musical instr. of 92.07,9210,Parts of musical instruments
920999,"Parts (eg. mechanisms for musical boxes) & accessories (eg. cards, discs & rolls for mechanical instruments) of musical instruments; metronomes, tuning forks & pitch pipes of all kinds; other n.e.s. in 92.09",9210,Parts of musical instruments
930111,"Artillery weapons (e.g., guns, howitzers & mortars), self-propelled",9303,Military firearms nes
930119,"Artillery weapons (e.g., guns, howitzers & mortars), other than self-propelled",9303,Military firearms nes
930120,Rocket launchers; flame-throwers; grenade launchers; torpedo tubes & similar projectors,9303,Military firearms nes
930190,"Military weapons, other than revolvers, pistols & the arms of 93.07, n.e.s. in 93.01",9303,Military firearms nes
930200,Revolvers & pistols (excl. of 93.03/93.04),9302,Revolvers and pistols
930310,Muzzle-loading firearms,9304,Non-military firearms
930320,"Sporting/hunting/target-shooting shotguns, incl. combination shotgun-rifles (excl. muzzle-loading)",9304,Non-military firearms
930330,Sporting/hunting/target-shooting rifles (excl. combination shotgun-rifles; excl. muzzle-loading),9304,Non-military firearms
930390,"Other firearms & similar devices which operate by the firing of an explosive charge (eg. Very pistols & other devices designed to project only signal flares, pistols & revolvers for firing blank ammunition, captive-bolt humane killers, line-throwing guns",9304,Non-military firearms
930400,"Other arms (e.g., spring/air/gas guns & pistols, truncheons) (excl. of 93.01-93.03 & 93.07)",9305,"Airguns,truncheons,etc"
930510,Parts & accessories of revolvers/pistols,9306,Parts of arms nes
930521,Shotgun barrels,9306,Parts of arms nes
930529,"Parts & accessories of shotguns/rifles of 93.03, other than shotgun barrels",9306,Parts of arms nes
930591,Parts & accessories of military weapons of 93.01,9306,Parts of arms nes
930599,"Parts & accessories of articles of 93.01-93.04, n.e.s. in 93.05",9306,Parts of arms nes
930621,Shotgun cartridges & parts thereof,9307A,"Hunting,sporting ammunition"
930629,Air gun pellets,9307A,"Hunting,sporting ammunition"
930630,"Other cartridges & thereof bombs, grenades, torpedoes, mines, missiles & similar munitions of war ",9307A,"Hunting,sporting ammunition"
930690,"Bombs, grenades, torpedoes, mines, missiles & similar munitions of war & parts thereof ; other ammunition & projectiles & parts thereof , incl. shot & cartridge wads",9307B,Ammunition nes
930700,"Swords, cutlasses, bayonets, lances & similar arms & parts thereof & scabbards & sheaths therefor",9301,Sidearms and parts nes
940110,Seats of a kind used for aircraft,9401A,Chairs and other seats
940120,Seats of a kind used for motor vehicles,9401A,Chairs and other seats
940130,Swivel seats with variable height adjustment (excl. of 94.02),9401A,Chairs and other seats
940140,"Seats other than garden seats/camping equip., convertible into beds",9401A,Chairs and other seats
940151,Seats of bamboo/rattan.,9401A,Chairs and other seats
940159,"Seats of cane/osier, other than of bamboo/rattan.",9401A,Chairs and other seats
940161,"Seats (excl. of 9401.10-9401.50), with wooden frames, upholstered",9401A,Chairs and other seats
940169,"Seats (excl. of 9401.10-9401.50), with wooden frames, other than upholstered",9401A,Chairs and other seats
940171,"Seats (excl. of 9401.10-9401.50 & 94.02), with metal frames, upholstered",9401A,Chairs and other seats
940179,"Seats (excl. of 9401.10-9401.50 & 94.02), with metal frames, other than upholstered",9401A,Chairs and other seats
940180,"Seats (excl. of 64.02), n.e.s. in 94.01",9401A,Chairs and other seats
940190,Parts of the seats of 94.01,9401B,Parts nes of chairs etc
940210,"Dentists' chairs; barbers'/similar chairs having rotating as well as both reclining & elevating movements, & parts thereof",9402,"Medical furniture,parts"
940290,"Medical/surgical/veterinary furniture (e.g., operating tables, examination tables, hospital beds with mechanical fittings; parts of the foregoing articles)",9402,"Medical furniture,parts"
940310,Metal furniture of a kind used in offices,9403A,Metal furniture nes
940320,Metal furniture (excl. of 94.01 & 94.02),9403A,Metal furniture nes
940330,Wooden furniture of a kind used in offices,9403B,Wood  furniture nes
940340,Wooden furniture of a kind used in the kitchen,9403B,Wood  furniture nes
940350,Wooden furniture of a kind used in the bedroom,9403B,Wood  furniture nes
940360,Wooden furniture (excl. of 94.01 & 9403.30-9403.50),9403B,Wood  furniture nes
940370,Furniture of plastics (excl. of 94.01),9403C,"Othr furniture,furniture parts nes"
940381,Furniture of banboo/rattan.,9403C,"Othr furniture,furniture parts nes"
940389,"Furniture of other materials, incl. cane, osier,/similar materials; other than bamboo/rattan.",9403C,"Othr furniture,furniture parts nes"
940390,Parts of the furniture of 94.03,9403C,"Othr furniture,furniture parts nes"
940410,Mattress supports,9404,Articles of bedding
940421,"Mattresses of cellular rubber/plastics, whether/not covered",9404,Articles of bedding
940429,Mattresses of other materials (excl. cellular rubber/plastics),9404,Articles of bedding
940430,Sleeping bags,9404,Articles of bedding
940490,"Other articles of bedding & similar furnishing (eg. quilts, eiderdowns, cushions, pouffes & pillows) fitted with springs/stuffed/internally fitted with any material/of cellular rubber/plastics, whether/not covered.",9404,Articles of bedding
940510,Chandeliers & other electric ceiling/wall lighting fittings (excl. those of a kind used for lighting public open spaces/thoroughfares),8307,"Lamps,fittings base metal"
940520,"Electric table, desk, bedside/floor-standing lamps",8307,"Lamps,fittings base metal"
940530,Lighting sets of a kind used for Christmas trees,9705,"Carnival articles, entertainment articles"
940540,"Electric lamps & lighting fittings, n.e.s. in 94.05",8307,"Lamps,fittings base metal"
940550,Non-electrical lamps & lighting fittings,8307,"Lamps,fittings base metal"
940560,"Illuminated signs, illuminated name-plates & the like having a permanently fixed light source",7014,Illuminating glassware
940591,"Parts of the lamps & lighting fittings of 94.05, of glass",7014,Illuminating glassware
940592,"Parts of the lamps & lighting fittings of 94.05, of plastics",3907F,Plastic electric lighting articles
940599,Parts of the lamps & lighting fittings of 94.05 (excl. of glass/plastics),7014,Illuminating glassware
940600,Prefabricated buildings,4423,Builders' carpentry and joinery
950300,"Tricycles, scooters, pedal cars & similar wheeled toys; dolls' carriages; dolls; other toys; reduced-size (scale) models & similar recreational models, working/not; puzzles of all kinds.",9703,Other toys
950410,Video games of a kind used with a television receiver,9704,Equipment for funfair games
950420,Articles & accessories for billiards,9704,Equipment for funfair games
950430,"Games other than video games/billiards, operated by coins/banknotes (paper currency)/discs/other similar articles (excl. bowling alley equip.)",9704,Equipment for funfair games
950440,Playing cards,9704,Equipment for funfair games
950490,"Articles for funfair/table/parlour games (excl. playing cards), incl. pintables, special tables for casino games & auto. bowling alley equip.",9704,Equipment for funfair games
950510,"Articles for Christmas festivities (excl. live trees, Christmas candles/tree candles, Christmas tree stands & electric garlands of all kinds)",9705,"Carnival articles, entertainment articles"
950590,"Festive/carnival/other entertainment articles (excl. articles for Christmas festivities), incl. conjuring tricks & novelty jokes",9705,"Carnival articles, entertainment articles"
950611,Snow-skis,9706,Appliances for gymnastics
950612,Ski-fastenings (ski-bindings) for snow-skis,9706,Appliances for gymnastics
950619,Snow-ski equip. other than fastenings (bindings),9706,Appliances for gymnastics
950621,Sailboards,9706,Appliances for gymnastics
950629,"Water-skis, surfboards & other water-sport equip. (excl. sails, breathing appliances, goggles)",9706,Appliances for gymnastics
950631,"Golf clubs, complete",9706,Appliances for gymnastics
950632,Golf balls,9706,Appliances for gymnastics
950639,"Golf equip. other than golf clubs, complete/golf balls/bags/footwear",9706,Appliances for gymnastics
950640,Articles & equip. for table-tennis,9706,Appliances for gymnastics
950651,"Lawn-tennis rackets, whether/not strung",9706,Appliances for gymnastics
950659,"Badminton/similar rackets, whether/not strung",9706,Appliances for gymnastics
950661,Lawn-tennis balls,9706,Appliances for gymnastics
950662,Inflatable balls,9706,Appliances for gymnastics
950669,Balls other than golf/table-tennis/lawn-tennis/inflatable balls,9706,Appliances for gymnastics
950670,"Ice skates & roller skates, incl. skating boots with skates attached",9706,Appliances for gymnastics
950691,Articles & equip. for general physical exercise/gymnastics/athletics,9704,Equipment for funfair games
950699,"Articles & equip. for sports, n.e.s. in Ch.95 (excl. gloves, strings for rackets, bags, clothing, footwear & nets); swimming pools & paddling pools",9706,Appliances for gymnastics
950710,Fishing rods,9707,"Fish-hooks, line fishing rods and tackle"
950720,"Fish-hooks, whether/not snelled",9707,"Fish-hooks, line fishing rods and tackle"
950730,Fishing reels,9707,"Fish-hooks, line fishing rods and tackle"
950790,"Line fishing tackle (excl. of 9507.10-9507.30); fish landing nets, butterfly nets & similar nets; decoy birds (excl. of 92.08/97.05) & similar hunting/shooting requisites",9707,"Fish-hooks, line fishing rods and tackle"
950810,Travelling circuses & travelling menageries,9708,"Roundabouts, swings, shooting galleries, etc"
950890,"Roundabouts, swings, shooting galleries & other fairground amusements; travelling theatres",9708,"Roundabouts, swings, shooting galleries, etc"
960110,Worked ivory & articles of ivory,9505,Worked horn and other animal carving material
960190,"Worked, bone, tortoise-shell, horn, antlers, coral, mother-of-pearl & other animal carving material, & articles of these materials (excl. ivory), incl. articles obt. by moulding",9505,Worked horn and other animal carving material
960200,"Worked vegetable/mineral carving material & articles of these materials; moulded/carved articles of wax, of stearin, of natural gums/natural resins/of modelling pastes, & other moulded/carved articles, not elsewhere specified/incld.; worked, unhardened g",9508,"Moulded or carved articles of wax of stearin, etc"
960310,"Brooms & brushes, consisting of twigs/other vegetable materials bound together, with/without handles",9601,Brushes brooms mops etc
960321,"Tooth brushes, incl. dental-plate brushes",9601,Brushes brooms mops etc
960329,"Shaving brushes, hair brushes, nail brushes, eyelash brushes & other toilet brushes for use on the person, incl. such brushes constituting parts of appliances",9601,Brushes brooms mops etc
960330,"Artists' brushes, writing brushes & similar brushes for the application of cosmetics",9601,Brushes brooms mops etc
960340,Paint/distemper/varnish/similar brushes (excl. brushes of 9603.30); paint pads & rollers,9601,Brushes brooms mops etc
960350,Brushes constituting parts of machines/appliances/vehicles,9601,Brushes brooms mops etc
960390,"Brooms & brushes n.e.s. in 96.03...hand-operated mechanical floor sweepers, not motorised,mops & feather dusters; prepared knots & tufts for  broom/brush making, paint pads & rollers; squeegees (other than roller squeegees) ",9601,Brushes brooms mops etc
960400,Hand sieves & hand riddles,9606,Hand sieves and hand riddles
960500,Travel sets for personal toilet/sewing/shoe/clothes cleaning,4202B,"Travel gds,toilet-cases"
960610,"Press-fasteners, snap-fasteners & press-studs & parts therefor",9801,"Buttons,studs,etc"
960621,"Buttons, of plastics, not covered with textile material",9801,"Buttons,studs,etc"
960622,"Buttons, of base metal, not covered with textile material",9801,"Buttons,studs,etc"
960629,"Buttons other than of plastics/base metal, not covered with textile material",9801,"Buttons,studs,etc"
960630,Button moulds & other parts of buttons; button blanks,9801,"Buttons,studs,etc"
960711,"Slide fasteners, fitted with chain scoops of base metal",9802,Slide fasteners and parts thereof
960719,Slide fasteners other than those fitted with chain scoops of base metal,9802,Slide fasteners and parts thereof
960720,Parts of the slide fasteners of 9697.11 & 9607.19,9802,Slide fasteners and parts thereof
960810,Ball point pens,9803,"Fountain pens,etc"
960820,Felt tipped & other porous-tipped pens & markers,9803,"Fountain pens,etc"
960831,Indian ink drawing pens,9803,"Fountain pens,etc"
960839,"Fountain pens, stylograph pens & other pens (excl. Indian ink drawing pens)",9803,"Fountain pens,etc"
960840,Propelling/sliding pencils,9803,"Fountain pens,etc"
960850,Sets of articles from 2/more of the foregoing SHs,9803,"Fountain pens,etc"
960860,"Refills for ball point pens, comprising the ball point & ink-reservoir",9803,"Fountain pens,etc"
960891,Pen nibs & nib points,9804,Pen nibs and nib points
960899,"Duplicating stylos; pen-holders, pencil-holders & similar holders; parts (incl. caps & clips) of the foregoing (excl. of 9608.91 & 96.09)",9803,"Fountain pens,etc"
960910,"Pencils & crayons, with leads encased in a rigid sheath (excl. pencils of 96.08)",9805,"Pencils, crayons and pastels"
960920,"Pencil leads, black/coloured",9805,"Pencils, crayons and pastels"
960990,"Crayons (excl. those with leads encased in a rigid sheth), pastels, drawing charcoals, writing/drawing chalks & tailors' chalks",9805,"Pencils, crayons and pastels"
961000,"Slates & boards, with writing/drawing surfaces, whether/not framed",9806,"Slates and boards, with writing or drawing surfaces"
961100,"Date, sealing/numbering stamps, & the like (including devices for printing/embossing labels), designed for operating in the hand; hand-operated composing sticks & hand printing sets incorporating such composing sticks.",9807,"Date, sealing stamps for operating in the hand"
961210,"Typewriter/similar ribbons, inked/othw. prepared for giving impressions, whether/not on spools/in cartridges",9808,"Typewriter and similar ribbons, etc"
961220,"Ink-pads, whether/not inked, with/without boxes",9808,"Typewriter and similar ribbons, etc"
961310,"Pocket lighters, gas fuelled, non-refillable",9810,Mechanical etc lighters
961320,"Pocket lighters, gas fuelled, refillable",9810,Mechanical etc lighters
961380,"Lighters other than pocket lighters, whether/not mechanical/electrical",9810,Mechanical etc lighters
961390,Parts of the lighters of 96.13 (excl. flints & wicks),9810,Mechanical etc lighters
961400,"Smoking pipes (incl. pipe bowls) & cigar/cigarette holders, & parts thereof.",9811,Smoking pipes and parts
961511,"Combs, hair-slides & the like, of hard rubber/plastics",9812,"Combs,hair-slides,etc"
961519,"Combs, hair-slides & the like, other than of hard rubber/plastics",9812,"Combs,hair-slides,etc"
961590,"Hairpins, curling pins, curling grips, hair-curlers & the like (excl. of 85.16), & parts thereof",9812,"Combs,hair-slides,etc"
961610,"Scent sprays & similar toilet sprays, & mounts & heads therefor",9814,Scent etc toilet sprays
961620,Powder-puffs & pads for the application of cosmetics/toilet preparations,9605,Pads for applying cosmetics
961700,"Vacuum flasks & other vacuum vessels, complete with cases; parts thereof (excl. glass inners)",9815,"Vacuum flasks,etc"
961800,Tailors' dummies & other lay figures; automata & other animated displays used for shop window dressing,9816,Tailors dummies and other lay figures
970110,"Paintings, drawings & pastels, executed entirely by hand (excl. drawings of 49.06 & other than hand-painted/hand-decorated manufactured articles)",9901,"Paintings, drawing and pastels made by hand"
970190,Collages & similar decorative plaques,3907C,Plastic ornaments
970200,"Original engravings, prints & lithographs",9902,"Original engravings, prints and lithographs"
970300,"Original sculptures & statuary, in any material",9903,Original sculpture etc
970400,"Postage/revenue stamps, stamp-postmarks, first-day covers, postal stationery (stamped paper), & the like, used/unused, other than of 49.07",9904,"Postage, revenue and similar stamps"
970500,Collections & collectors' pieces of zoological/botanical/mineralogical/anatomical/historical/archaeological/palaeontological/ethnographic/numismatic interest,9905,Zoological collectors pieces
970600,Antiques of an age > one hundred years,9906,Antiques nes
