HS 1996 Product Code,HS 1996 Product Description,CPC Product Code,CPC Product Description
010111,Horses :-- Pure-bred breeding animals,02113,"Horses, asses, mules and hinnies, live"
010119,Horses :-- Other,02113,"Horses, asses, mules and hinnies, live"
010120,"Asses, mules and hinnies",02113,"Horses, asses, mules and hinnies, live"
010210,Pure-bred breeding animals,02111,"Bovine cattle, live"
010290,Other,02111,"Bovine cattle, live"
010310,Pure-bred breeding animals,02121,"Swine, live"
010391,Other :-- Weighing less than 50 kg,02121,"Swine, live"
010392,Other :-- Weighing 50 kg or more,02121,"Swine, live"
010410,Sheep,02112,"Sheep and goats, live"
010420,Goats,02112,"Sheep and goats, live"
010511,Weighing not more than 185 g :-- Fowls of the species Gallus domesticus,02122,"Poultry, live"
010512,Weighing not more than 185 g :-- Turkeys,02122,"Poultry, live"
010519,Weighing not more than 185 g :-- Other,02122,"Poultry, live"
010592,"Other :-- Fowls of the species Gallus domesticus, weighing not more than 2,000 g",02122,"Poultry, live"
010593,"Other :-- Fowls of the species Gallus domesticus, weighing more than 2,000 g",02122,"Poultry, live"
010599,Other,02122,"Poultry, live"
010600,Other live animals.,02129,Other live animals
020110,Carcasses and half-carcasses,21111,"Meat of bovine animals, fresh or chilled"
020120,Other cuts with bone in,21111,"Meat of bovine animals, fresh or chilled"
020130,Boneless,21111,"Meat of bovine animals, fresh or chilled"
020210,Carcasses and half-carcasses,21112,"Meat of bovine animals, frozen"
020220,Other cuts with bone in,21112,"Meat of bovine animals, frozen"
020230,Boneless,21112,"Meat of bovine animals, frozen"
020311,Fresh or chilled :-- Carcasses and half-carcasses,21113,"Meat of swine, fresh or chilled"
020312,"Fresh or chilled :-- Hams, shoulders and cuts thereof, with bone in",21113,"Meat of swine, fresh or chilled"
020319,Fresh or chilled :-- Other,21113,"Meat of swine, fresh or chilled"
020321,Frozen :-- Carcasses and half-carcasses,21114,"Meat of swine, frozen"
020322,"Frozen :-- Hams, shoulders and cuts thereof, with bone in",21114,"Meat of swine, frozen"
020329,Frozen :-- Other,21114,"Meat of swine, frozen"
020410,"Carcasses and half-carcasses of lamb, fresh or chilled",21115,"Meat of sheep, fresh or chilled"
020421,"Other meat of sheep, fresh or chilled :-- Carcasses and half-carcasses",21115,"Meat of sheep, fresh or chilled"
020422,"Other meat of sheep, fresh or chilled :-- Other cuts with bone in",21115,"Meat of sheep, fresh or chilled"
020423,"Other meat of sheep, fresh or chilled :-- Boneless",21115,"Meat of sheep, fresh or chilled"
020430,"Other meat of sheep, fresh or chilled :- Carcasses and half-carcasses of lamb, frozen",21116,"Meat of sheep, frozen"
020441,"Other meat of sheep, frozen :-- Carcasses and half-carcasses",21116,"Meat of sheep, frozen"
020442,"Other meat of sheep, frozen :-- Other cuts with bone in",21116,"Meat of sheep, frozen"
020443,"Other meat of sheep, frozen :-- Boneless",21116,"Meat of sheep, frozen"
020450,Meat of goats,21117,"Meat of goats, fresh, chilled or frozen"
020500,"Meat of horses, asses, mules or hinnies, fresh, chilled or frozen.",21118,"Meat of horses, asses, mules or hinnies, fresh, chilled or frozen"
020610,"Of bovine animals, fresh or chilled",21119,"Edible offal of bovine animals, swine, sheep, goats, horses, asses, mules or"
020621,"Of bovine animals, frozen :-- Tongues",21119,"Edible offal of bovine animals, swine, sheep, goats, horses, asses, mules or"
020622,"Of bovine animals, frozen :-- Livers",21119,"Edible offal of bovine animals, swine, sheep, goats, horses, asses, mules or"
020629,"Of bovine animals, frozen :-- Other",21119,"Edible offal of bovine animals, swine, sheep, goats, horses, asses, mules or"
020630,"Of swine, fresh or chilled",21119,"Edible offal of bovine animals, swine, sheep, goats, horses, asses, mules or"
020641,"Of swine, frozen :-- Livers",21119,"Edible offal of bovine animals, swine, sheep, goats, horses, asses, mules or"
020649,"Of swine, frozen :-- Other",21119,"Edible offal of bovine animals, swine, sheep, goats, horses, asses, mules or"
020680,"Other, fresh or chilled",21119,"Edible offal of bovine animals, swine, sheep, goats, horses, asses, mules or"
020690,"Other, frozen",21119,"Edible offal of bovine animals, swine, sheep, goats, horses, asses, mules or"
020711,"Of fowls of the species Gallus domesticus :-- Not cut in pieces, fresh or chilled",21121,"Meat and edible offal of poultry, fresh or chilled"
020712,"Of fowls of the species Gallus domesticus :-- Not cut in pieces, frozen",21122,"Meat and edible offal of poultry, frozen"
020713,"Of fowls of the species Gallus domesticus :-- Cuts and offal, fresh or chilled",21121,"Meat and edible offal of poultry, fresh or chilled"
020714,"Of fowls of the species Gallus domesticus :-- Cuts and offal, frozen",21122,"Meat and edible offal of poultry, frozen"
020724,"Of turkeys :-- Not cut in pieces, fresh or chilled",21121,"Meat and edible offal of poultry, fresh or chilled"
020725,"Of turkeys :-- Not cut in pieces, frozen",21122,"Meat and edible offal of poultry, frozen"
020726,"Of turkeys :-- Cuts and offal, fresh or chilled",21121,"Meat and edible offal of poultry, fresh or chilled"
020727,"Of turkeys :-- Cuts and offal, frozen",21122,"Meat and edible offal of poultry, frozen"
020732,"Of ducks, geese or guinea fowls :-- Not cut in pieces, fresh or chilled",21121,"Meat and edible offal of poultry, fresh or chilled"
020733,"Of ducks, geese or guinea fowls :-- Not cut in pieces, frozen",21122,"Meat and edible offal of poultry, frozen"
020734,"Of ducks, geese or guinea fowls :-- Fatty livers, fresh or chilled",21121,"Meat and edible offal of poultry, fresh or chilled"
020735,"Of ducks, geese or guinea fowls :-- Other, fresh or chilled",21121,"Meat and edible offal of poultry, fresh or chilled"
020736,"Of ducks, geese or guinea fowls :-- Other, frozen",21122,"Meat and edible offal of poultry, frozen"
020810,Of rabbits or hares,21129,"Other meat and edible offal, fresh, chilled or frozen (including rabbit"
020820,Frogs'legs,0294,"Snails, live, fresh, chilled, frozen, dried, salted or in brine, except sea"
020890,Other,21129,"Other meat and edible offal, fresh, chilled or frozen (including rabbit"
020900,"Pig fat, free of lean meat, and poultry fat, not rendered or otherwise extracted, fresh, chilled, frozen, salted, in brine, dried or smoked.",21611,"Fats of bovine animals, sheep, goats, pigs and poultry, raw or rendered"
021011,"Meat of swine :-- Hams, shoulders and cuts thereof, with bone in",21131,"Meat and edible meat offal, salted, in brine, dried or smoked; edible flours"
021012,Meat of swine :-- Bellies (streaky) and cuts thereof,21131,"Meat and edible meat offal, salted, in brine, dried or smoked; edible flours"
021019,Meat of swine :-- Other,21131,"Meat and edible meat offal, salted, in brine, dried or smoked; edible flours"
021020,Meat of bovine animals,21131,"Meat and edible meat offal, salted, in brine, dried or smoked; edible flours"
021090,"Other, including edible flours and meals of meat or meat offal",21131,"Meat and edible meat offal, salted, in brine, dried or smoked; edible flours"
030110,Ornamental fish,0411,"Fish, live"
030191,"Other live fish :-- Trout (Salmo trutta, Oncorhynchus mykiss, Oncorhynchus clarki, Oncorhynchus aguabonita, Oncorhynchus gilae, Oncorhynchus apache and Oncorhynchus chrysogaster)",0411,"Fish, live"
030192,Other live fish :-- Eels (Anguilla spp.),0411,"Fish, live"
030193,Other live fish :-- Carp,0411,"Fish, live"
030199,Other live fish :-- Other,0411,"Fish, live"
030211,"Salmonidae, excluding livers and roes :-- Trout (Salmo trutta, Oncorhynchus mykiss, Oncorhynchus clarki, Oncorhynchus aguabonita, Oncorhynchus gilae, Oncorhynchus apache and Oncorhynchus chrysogaster)",0412,"Fish, fresh or chilled"
030212,"Salmonidae, excluding livers and roes :-- Pacific salmon (Oncorhynchus nerka, Oncorhynchusgorbascha, Oncorhynchus keta, Oncorhynchus tschawytscha, Oncorhynchus kisutch, Oncorhynchus masou and Oncorhnchus rhodurus), Altantic salmon (Sa",0412,"Fish, fresh or chilled"
030219,"Salmonidae, excluding livers and roes :-- Other",0412,"Fish, fresh or chilled"
030221,"Salmonidae, excluding livers and roes :-- Halibut (Reinhardtius hippoglossoides, Hippoglossus hippoglossus, Hippoglossus stenolepis)",0412,"Fish, fresh or chilled"
030222,"Salmonidae, excluding livers and roes :-- Plaice (Pleuronectes platessa)",0412,"Fish, fresh or chilled"
030223,"Salmonidae, excluding livers and roes :-- Sole (Solea spp.)",0412,"Fish, fresh or chilled"
030229,"Salmonidae, excluding livers and roes :-- Other",0412,"Fish, fresh or chilled"
030231,"Tunas (of the genus Thunnus) skipjack or stripe-bellied bonito (Euthynnus (Katsuwonus) pelamis), excluding livers and roes :-- Albacore or longfinned tunas (Thunnus alalunga)",0412,"Fish, fresh or chilled"
030232,"Tunas (of the genus Thunnus) skipjack or stripe-bellied bonito (Euthynnus (Katsuwonus) pelamis), excluding livers and roes :-- Yellowfin tunas (Thunnus albacares)",0412,"Fish, fresh or chilled"
030233,"Tunas (of the genus Thunnus) skipjack or stripe-bellied bonito (Euthynnus (Katsuwonus) pelamis), excluding livers and roes :-- Skipjack or stripe-bellied bonito",0412,"Fish, fresh or chilled"
030239,"Tunas (of the genus Thunnus) skipjack or stripe-bellied bonito (Euthynnus (Katsuwonus) pelamis), excluding livers and roes :-- Other",0412,"Fish, fresh or chilled"
030240,"Tunas (of the genus Thunnus) skipjack or stripe-bellied bonito (Euthynnus (Katsuwonus) pelamis), excluding livers and roes :- Herrings (Clupea harengus, Clupea pallasii), excluding livers and roes",0412,"Fish, fresh or chilled"
030250,"Tunas (of the genus Thunnus) skipjack or stripe-bellied bonito (Euthynnus (Katsuwonus) pelamis), excluding livers and roes :- Cod (Gadus morhua, Gadus ogac, Gadus macrocephalus), excluding livers and roes",0412,"Fish, fresh or chilled"
030261,"Other fish, excluding livers and roes :-- Sardines (Sardina pilchardus, Sardinops spp.), sardinella (Sardinella spp.), brisling or sprats (Sprattus sprattus)",0412,"Fish, fresh or chilled"
030262,"Other fish, excluding livers and roes :-- Haddock (Melanogrammus aeglefinus)",0412,"Fish, fresh or chilled"
030263,"Other fish, excluding livers and roes :-- Coalfish (Pollachius virens)",0412,"Fish, fresh or chilled"
030264,"Other fish, excluding livers and roes :-- Mackerel (Scomber scombrus, Scomber australasicus, Scomber japonicus)",0412,"Fish, fresh or chilled"
030265,"Other fish, excluding livers and roes :-- Dogfish and other sharks",0412,"Fish, fresh or chilled"
030266,"Other fish, excluding livers and roes :-- Eels (Anguilla spp.)",0412,"Fish, fresh or chilled"
030269,"Other fish, excluding livers and roes :-- Other",0412,"Fish, fresh or chilled"
030270,Livers and roes,2121,"Fish fillets, other fish meat and fish livers and roes, fresh or chilled"
030310,"Pacific salmon (Oncorhynchus nerka, Oncorhynchus gorbuscha, Oncorhynchus keta, Oncorhynchus tschawytscha, Oncorhynchus kisutch, Oncorhynchus masou and Oncorhynchus rhodurus), excluding livers and roes",2122,"Fish, fish fillets, other fish meat and fish livers and roes, frozen"
030321,"Other salmonidae, excluding livers and roes :-- Trout (Salmo trutta, Oncorhynchus mykiss, Oncorhynchus clarki, Oncorhynchus aguabonita, Oncorhynchus gilae, Oncorhynchus apache and Oncorhynchus chrysogaster)",2122,"Fish, fish fillets, other fish meat and fish livers and roes, frozen"
030322,"Other salmonidae, excluding livers and roes :-- Atlantic salmon (Salmo salar) and Danube salmon (Hucho hucho)",2122,"Fish, fish fillets, other fish meat and fish livers and roes, frozen"
030329,"Other salmonidae, excluding livers and roes :-- Other",2122,"Fish, fish fillets, other fish meat and fish livers and roes, frozen"
030331,"Flat fish (Pleuronectidae, Bothidae, Cynoglossidae, Soleidae,Scophthalmidae and Citharidae), excluding livers and roes :-- Halibut (Reinhardtius hippoglossoides, Hippoglossus hippoglossus, Hippoglossus stenolepis)",2122,"Fish, fish fillets, other fish meat and fish livers and roes, frozen"
030332,"Flat fish (Pleuronectidae, Bothidae, Cynoglossidae, Soleidae,Scophthalmidae and Citharidae), excluding livers and roes :-- Plaice (Pleuronectes platessa)",2122,"Fish, fish fillets, other fish meat and fish livers and roes, frozen"
030333,"Flat fish (Pleuronectidae, Bothidae, Cynoglossidae, Soleidae,Scophthalmidae and Citharidae), excluding livers and roes :-- Sole (Solea spp.)",2122,"Fish, fish fillets, other fish meat and fish livers and roes, frozen"
030339,"Flat fish (Pleuronectidae, Bothidae, Cynoglossidae, Soleidae,Scophthalmidae and Citharidae), excluding livers and roes :-- Other",2122,"Fish, fish fillets, other fish meat and fish livers and roes, frozen"
030341,"Tunas (of the genus Thunnus), skipjack or stripe-bellied bonito (Euthynnus (Katsuwonus) pelamis), excluding livers and roes :-- Albacore or longfinned tunas (Thunnus alalunga)",2122,"Fish, fish fillets, other fish meat and fish livers and roes, frozen"
030342,"Tunas (of the genus Thunnus), skipjack or stripe-bellied bonito (Euthynnus (Katsuwonus) pelamis), excluding livers and roes :-- Yellowfin tunas (Thunnus albacares)",2122,"Fish, fish fillets, other fish meat and fish livers and roes, frozen"
030343,"Tunas (of the genus Thunnus), skipjack or stripe-bellied bonito (Euthynnus (Katsuwonus) pelamis), excluding livers and roes :-- Skipjack or strip-bellied bonito",2122,"Fish, fish fillets, other fish meat and fish livers and roes, frozen"
030349,"Tunas (of the genus Thunnus), skipjack or stripe-bellied bonito (Euthynnus (Katsuwonus) pelamis), excluding livers and roes :-- Other",2122,"Fish, fish fillets, other fish meat and fish livers and roes, frozen"
030350,"Herrings (Clupea harengus, Clupea pallasii), excluding livers and roes",2122,"Fish, fish fillets, other fish meat and fish livers and roes, frozen"
030360,"Cod (Gadus morhua, Gadus ogac, Gadus macrocephalus), excluding livers and roes",2122,"Fish, fish fillets, other fish meat and fish livers and roes, frozen"
030371,"Other fish, excluding livers and roes :-- Sardines (Sardina pilchardus, Sardinops spp.), sardinella (Sardinella spp.), brisling or sprats (Sprattus sprattus)",2122,"Fish, fish fillets, other fish meat and fish livers and roes, frozen"
030372,"Other fish, excluding livers and roes :-- Haddock (Melanogrammus aeglefinus)",2122,"Fish, fish fillets, other fish meat and fish livers and roes, frozen"
030373,"Other fish, excluding livers and roes :-- Coalfish (Pollachius virens)",2122,"Fish, fish fillets, other fish meat and fish livers and roes, frozen"
030374,"Other fish, excluding livers and roes :-- Mackerel (Scomber scombrus, Scomber australasicus, Scomber japonicus)",2122,"Fish, fish fillets, other fish meat and fish livers and roes, frozen"
030375,"Other fish, excluding livers and roes :- Other fish, excluding livers and roes :-- Dogfish and other sharks",2122,"Fish, fish fillets, other fish meat and fish livers and roes, frozen"
030376,"Other fish, excluding livers and roes :-- Eels (Anguilla spp.)",2122,"Fish, fish fillets, other fish meat and fish livers and roes, frozen"
030377,"Other fish, excluding livers and roes :-- Sea bass (Dicentrarchus labrax, Dicentrarchus punctatus)",2122,"Fish, fish fillets, other fish meat and fish livers and roes, frozen"
030378,"Other fish, excluding livers and roes :-- Hake (Merluccius spp., Urophycis spp.)",2122,"Fish, fish fillets, other fish meat and fish livers and roes, frozen"
030379,Other,2122,"Fish, fish fillets, other fish meat and fish livers and roes, frozen"
030380,Livers and roes,2122,"Fish, fish fillets, other fish meat and fish livers and roes, frozen"
030410,Fresh or chilled,2121,"Fish fillets, other fish meat and fish livers and roes, fresh or chilled"
030420,Frozen fillets,2122,"Fish, fish fillets, other fish meat and fish livers and roes, frozen"
030490,Other,2122,"Fish, fish fillets, other fish meat and fish livers and roes, frozen"
030510,"Flours, meals and pellets of fish, fit for human consumption",2123,"Fish, dried, salted or in brine; smoked fish; edible fish meal"
030520,"Livers and roes, dried, smoked, salted or in brine",2123,"Fish, dried, salted or in brine; smoked fish; edible fish meal"
030530,"Fish fillets, dried, salted or in brine, but not smoked",2123,"Fish, dried, salted or in brine; smoked fish; edible fish meal"
030541,"Smoked fish, including fillets :-- Pacific salmon (Oncorhynchus nerka, Oncorhynchus gorbuscha, Oncorhynchus keta, Oncorhynchus tschawytscha, Oncorhynchus kisutch, Oncorhynchus masou and Oncorhynchus rhodurus), Altantic salmon (Salmo s",2123,"Fish, dried, salted or in brine; smoked fish; edible fish meal"
030542,"Smoked fish, including fillets :-- Herrings (Clupea harengus, Clupea pallasii)",2123,"Fish, dried, salted or in brine; smoked fish; edible fish meal"
030549,"Smoked fish, including fillets :-- Other",2123,"Fish, dried, salted or in brine; smoked fish; edible fish meal"
030551,"Dried fish, whether or not salted but not smoked :-- Cod (Gadus morhua, Gadus ogac, Gadus macrocephalus)",2123,"Fish, dried, salted or in brine; smoked fish; edible fish meal"
030559,"Dried fish, whether or not salted but not smoked :-- Other",2123,"Fish, dried, salted or in brine; smoked fish; edible fish meal"
030561,"Fish, salted but not dried or smoked and fish in brine :-- Herrings (Clupea harengus, Clupea pallasii)",2123,"Fish, dried, salted or in brine; smoked fish; edible fish meal"
030562,"Fish, salted but not dried or smoked and fish in brine :-- Cod (Gadus morhua, Gadus ogac, Gadus macrocephalus)",2123,"Fish, dried, salted or in brine; smoked fish; edible fish meal"
030563,"Fish, salted but not dried or smoked and fish in brine :-- Anchovies (Engraulis spp.)",2123,"Fish, dried, salted or in brine; smoked fish; edible fish meal"
030569,"Fish, salted but not dried or smoked and fish in brine :-- Other",2123,"Fish, dried, salted or in brine; smoked fish; edible fish meal"
030611,"Frozen :-- Rock lobster and other sea crawfish (Palinurus spp., Panulirus spp., Jasus spp.)",2125,"Crustaceans, frozen; molluscs and other aquatic invertebrates, frozen,"
030612,Frozen :-- Lobsters (Homarus spp.),2125,"Crustaceans, frozen; molluscs and other aquatic invertebrates, frozen,"
030613,Frozen :-- Shrimps and prawns,2125,"Crustaceans, frozen; molluscs and other aquatic invertebrates, frozen,"
030614,Frozen :-- Crabs,2125,"Crustaceans, frozen; molluscs and other aquatic invertebrates, frozen,"
030619,"Frozen :-- Other, including flours, meals and pellets of crustaceans, fit for human consumption",2125,"Crustaceans, frozen; molluscs and other aquatic invertebrates, frozen,"
030621,"Not frozen :-- Rock lobster and other sea crawfish (Palinurus spp., Panulirus spp., Jasus spp.)",0421,"Crustaceans, not frozen"
030622,Not frozen :-- Lobsters (Homarus spp.),0421,"Crustaceans, not frozen"
030623,Not frozen :-- Shrimps and prawns,0421,"Crustaceans, not frozen"
030624,Not frozen :-- Crabs,0421,"Crustaceans, not frozen"
030629,"Not frozen :-- Other, including flours, meals and pellets of crustaceans, fit for human consumption",0421,"Crustaceans, not frozen"
030710,Oysters,0422,Oysters
030721,"Scallops, including queen scallops, of the genera Pecten, Chlamys or Placopecten :-- Live, fresh or chilled",0423,"Other aquatic invertebrates, live, fresh or chilled"
030729,"Scallops, including queen scallops, of the genera Pecten, Chlamys or Placopecten :-- Other",2125,"Crustaceans, frozen; molluscs and other aquatic invertebrates, frozen,"
030731,"Mussels (Mytilus spp., Perna spp.) :-- Live, fresh or chilled",0423,"Other aquatic invertebrates, live, fresh or chilled"
030739,"Mussels (Mytilus spp., Perna spp.) :-- Other",2125,"Crustaceans, frozen; molluscs and other aquatic invertebrates, frozen,"
030741,"Cuttle fish (Sepia officinalis, Rossia macrosoma, Sepiola spp.) and squid (Ommastrephes spp., Loligo spp., Nototodarus spp., Sepioteuthis spp.) :-- Live, fresh or chilled",0423,"Other aquatic invertebrates, live, fresh or chilled"
030749,"Cuttle fish (Sepia officinalis, Rossia macrosoma, Sepiola spp.) and squid (Ommastrephes spp., Loligo spp., Nototodarus spp., Sepioteuthis spp.) :-- Other",2125,"Crustaceans, frozen; molluscs and other aquatic invertebrates, frozen,"
030751,"Octopus (Octopus spp.) :-- Live, fresh or chilled",0423,"Other aquatic invertebrates, live, fresh or chilled"
030759,Octopus (Octopus spp.) :-- Other,2125,"Crustaceans, frozen; molluscs and other aquatic invertebrates, frozen,"
030760,"Snails, other than sea snails",0294,"Snails, live, fresh, chilled, frozen, dried, salted or in brine, except sea"
030791,"Other, including flours, meals and pellets of aquatic invertebrates other than crustaceans, fit for human consumption :-- Live, fresh or chilled",0423,"Other aquatic invertebrates, live, fresh or chilled"
030799,"Other, including flours, meals and pellets of aquatic invertebrates other than crustaceans, fit for human consumption :-- Other",2125,"Crustaceans, frozen; molluscs and other aquatic invertebrates, frozen,"
040110,"Of a fat content, by weight, not exceeding 1 %",2211,Processed liquid milk
040120,"Of a fat content, by weight, exceeding 1 % but not exceeding 6 %",2211,Processed liquid milk
040130,"Of a fat content, by weight, exceeding 6 %",2212,Cream
040210,"In powder, granules or other solid forms, of a fat content, by weight, not exceeding 1.5 %",2291,Milk and cream in solid forms
040221,"In powder, granules or other solid forms, of a fat content, by weight, exceeding 1.5 % :-- Not containing added sugar or other sweetening matter",2291,Milk and cream in solid forms
040229,"In powder, granules or other solid forms, of a fat content, by weight, exceeding 1.5 % :-- Other",2291,Milk and cream in solid forms
040291,Other :-- Not containing added sugar or other sweetening matter,2292,"Milk and cream, concentrated or containing added sugar or other sweetening matter, other than in"
040299,Other,2292,"Milk and cream, concentrated or containing added sugar or other sweetening matter, other than in"
040310,Yogurt,2293,Yoghurt and other fermented or acidified milk and cream
040390,Other,2293,Yoghurt and other fermented or acidified milk and cream
040410,"Whey and modified whey, whether or not concentrated or containing added sugar or other sweetening matter",2299,Dairy products n.e.c.
040490,Other,2299,Dairy products n.e.c.
040510,Butter,2294,Butter and other fats and oils derived from milk
040520,Dairy spreads,2294,Butter and other fats and oils derived from milk
040590,Other,2294,Butter and other fats and oils derived from milk
040610,"Fresh (unripened or uncured) cheese, including whey cheese, and curd",2295,Cheese and curd
040620,"Grated or powdered cheese, of all kinds",2295,Cheese and curd
040630,"Processed cheese, not grated or powdered",2295,Cheese and curd
040640,Blue-veined cheese,2295,Cheese and curd
040690,Other cheese,2295,Cheese and curd
040700,"Birds' eggs, in shell, fresh, preserved or cooked.",0292,"Eggs, in shell, fresh, preserved or cooked"
040811,"Egg yolks :- In powder, granules or other solid forms, of a fat content, by weight, exceeding 1.5 % :-- Dried",23993,"Eggs, not in shell, and egg yolks, fresh or preserved; egg albumin"
040819,"Egg yolks :- In powder, granules or other solid forms, of a fat content, by weight, exceeding 1.5 % :-- Other",23993,"Eggs, not in shell, and egg yolks, fresh or preserved; egg albumin"
040891,Other :-- Dried,23993,"Eggs, not in shell, and egg yolks, fresh or preserved; egg albumin"
040899,Other,23993,"Eggs, not in shell, and egg yolks, fresh or preserved; egg albumin"
040900,Natural honey.,0293,Natural honey
041000,"Edible products of animal origin, not elsewhere specified or included.",0295,Edible products of animal origin n.e.c.
050100,"Human hair, unworked, whether or not washed or scoured; waste of human hair.",38971,"Human hair, unworked, whether or not washed or scoured; waste of human hair"
050210,"Pigs', hogs' or boars' bristles and hair and waste thereof",3911,"Raw offal, inedible (including pigs' bristles, animal guts, bird skins,"
050290,Other,3911,"Raw offal, inedible (including pigs' bristles, animal guts, bird skins,"
050300,"Horsehair and horsehair waste, whether or not put up as a layer with or without supporting material.",02963,"Fine or coarse animal hair (including horsehair), not carded or combed"
050400,"Guts, bladders and stomachs of animals (other than fish), whole and pieces thereof, fresh, chilled, frozen, salted, in brine, dried or smoked.",3911,"Raw offal, inedible (including pigs' bristles, animal guts, bird skins,"
050510,Feathers of a kind used for stuffing; down,3911,"Raw offal, inedible (including pigs' bristles, animal guts, bird skins,"
050590,Other,3911,"Raw offal, inedible (including pigs' bristles, animal guts, bird skins,"
050610,Ossein and bones treated with acid,3911,"Raw offal, inedible (including pigs' bristles, animal guts, bird skins,"
050690,Other,3911,"Raw offal, inedible (including pigs' bristles, animal guts, bird skins,"
050710,Ivory; ivory powder and waste,3911,"Raw offal, inedible (including pigs' bristles, animal guts, bird skins,"
050790,Other,3911,"Raw offal, inedible (including pigs' bristles, animal guts, bird skins,"
050800,"Coral and similar materials, unworked or simply prepared but not otherwise worked; shells of molluscs, crustaceans or echinoderms and cuttle-bone, unworked or simply prepared but not cut to shape, powder and waste there",0491,"Coral and similar products, shells of molluscs, crustaceans or echinoderms and cuttle-bone"
050900,Natural sponges of animal origin.,0492,Natural sponges of animal origin
051000,"Ambergris, castoreum, civet and musk; cantharides; bile, whether or not dried; glands and other animal products used in the preparation of pharmaceutical products, fresh, chilled, frozen or otherwise provisionally prese",3911,"Raw offal, inedible (including pigs' bristles, animal guts, bird skins,"
051110,Bovine semen,0299,Bovine semen
051191,"Other :- Egg yolks :-- Products of fish or crustaceans, molluscs or other aquatic invertebrates; dead animals of Chapter 3",21299,"Products n.e.c. of fish, crustaceans, molluscs or other aquatic invertebrates; dead fish,"
051199,Other,3911,"Raw offal, inedible (including pigs' bristles, animal guts, bird skins,"
060110,"Bulbs, tubers, tuberous roots, corms, crowns and rhizomes, dormant",0151,"Live plants; bulbs, tubers and roots; cuttings and slips; mushroom spawn"
060120,"Bulbs, tubers, tuberous roots, corms, crowns and rhizomes, in growth or in flower; chicory plants and roots",0151,"Live plants; bulbs, tubers and roots; cuttings and slips; mushroom spawn"
060210,Unrooted cuttings and slips,0151,"Live plants; bulbs, tubers and roots; cuttings and slips; mushroom spawn"
060220,"Trees, shrubs and bushes, grafted or not, of kinds which bear edible fruit or nuts",0151,"Live plants; bulbs, tubers and roots; cuttings and slips; mushroom spawn"
060230,"Rhododendrons and azaleas, grafted or not",0151,"Live plants; bulbs, tubers and roots; cuttings and slips; mushroom spawn"
060240,"Roses, grafted or not",0151,"Live plants; bulbs, tubers and roots; cuttings and slips; mushroom spawn"
060290,Other,0151,"Live plants; bulbs, tubers and roots; cuttings and slips; mushroom spawn"
060310,Fresh,0152,"Cut flowers and flower buds including bouquets, wreaths, floral baskets and"
060390,Other,0152,"Cut flowers and flower buds including bouquets, wreaths, floral baskets and"
060410,Mosses and lichens,0392,"Parts of plants, without flowers or flower buds, and grasses, mosses and"
060491,Other :- Egg yolks :-- Fresh,0392,"Parts of plants, without flowers or flower buds, and grasses, mosses and"
060499,Other,0392,"Parts of plants, without flowers or flower buds, and grasses, mosses and"
070110,Seed,0121,Potatoes
070190,Other,0121,Potatoes
070200,"Tomatoes, fresh or chilled.",0123,"Other vegetables, fresh or chilled"
070310,Onions and shallots,0123,"Other vegetables, fresh or chilled"
070320,Garlic,0123,"Other vegetables, fresh or chilled"
070390,Leeks and other alliaceous vegetables,0123,"Other vegetables, fresh or chilled"
070410,Cauliflowers and headed broccoli,0123,"Other vegetables, fresh or chilled"
070420,Brussels sprouts,0123,"Other vegetables, fresh or chilled"
070490,Other,0123,"Other vegetables, fresh or chilled"
070511,Lettuce :-- Cabbage lettuce (head lettuce),0123,"Other vegetables, fresh or chilled"
070519,Lettuce :-- Other,0123,"Other vegetables, fresh or chilled"
070521,Chicory :-- Witloof chicory (Cichorium intybus var.foliosum),0123,"Other vegetables, fresh or chilled"
070529,Chicory :-- Other,0123,"Other vegetables, fresh or chilled"
070610,Carrots and turnips,0123,"Other vegetables, fresh or chilled"
070690,Other,0123,"Other vegetables, fresh or chilled"
070700,"Cucumbers and gherkins, fresh or chilled.",0123,"Other vegetables, fresh or chilled"
070810,Peas (Pisum sativum),0123,"Other vegetables, fresh or chilled"
070820,"Beans (Vigna spp., Phaseolus spp.)",0123,"Other vegetables, fresh or chilled"
070890,Other leguminous vegetables,0123,"Other vegetables, fresh or chilled"
070910,Globe artichokes,0123,"Other vegetables, fresh or chilled"
070920,Asparagus,0123,"Other vegetables, fresh or chilled"
070930,Aubergines (egg-plants),0123,"Other vegetables, fresh or chilled"
070940,Celery other than celeriac,0123,"Other vegetables, fresh or chilled"
070951,Mushrooms and truffles :-- Mushrooms,0123,"Other vegetables, fresh or chilled"
070952,Mushrooms and truffles :-- Truffles,0123,"Other vegetables, fresh or chilled"
070960,Fruits of the genus Capsicum or of the genus Pimenta,0123,"Other vegetables, fresh or chilled"
070970,"Spinach, New Zealand spinach and orache spinach (garden spinach)",0123,"Other vegetables, fresh or chilled"
070990,Other,0123,"Other vegetables, fresh or chilled"
071010,Potatoes,2131,"Vegetables (uncooked or cooked by steaming or boiling in water), frozen"
071021,"Leguminous vegetables, shelled or unshelled :-- Peas (Pisum sativum)",2131,"Vegetables (uncooked or cooked by steaming or boiling in water), frozen"
071022,"Leguminous vegetables, shelled or unshelled :-- Beans (Vigna spp., Phaseolus spp.)",2131,"Vegetables (uncooked or cooked by steaming or boiling in water), frozen"
071029,"Leguminous vegetables, shelled or unshelled :-- Other",2131,"Vegetables (uncooked or cooked by steaming or boiling in water), frozen"
071030,"Spinach, New Zealand spinach and orache spinach (garden spinach)",2131,"Vegetables (uncooked or cooked by steaming or boiling in water), frozen"
071040,Sweet corn,2131,"Vegetables (uncooked or cooked by steaming or boiling in water), frozen"
071080,Other vegetables,2131,"Vegetables (uncooked or cooked by steaming or boiling in water), frozen"
071090,Mixtures of vegetables,2131,"Vegetables (uncooked or cooked by steaming or boiling in water), frozen"
071110,Onions,2132,Vegetables provisionally preserved
071120,Olives,2132,Vegetables provisionally preserved
071130,Capers,2132,Vegetables provisionally preserved
071140,Cucumbers and gherkins,2132,Vegetables provisionally preserved
071190,Other vegetables; mixtures of vegetables,2132,Vegetables provisionally preserved
071220,Onions,2139,"Other preserved vegetables (including dried vegetables, canned vegetables"
071230,Mushrooms and truffles,2139,"Other preserved vegetables (including dried vegetables, canned vegetables"
071290,Other vegetables; mixtures of vegetables,2139,"Other preserved vegetables (including dried vegetables, canned vegetables"
071310,Peas (Pisum sativum),0122,"Dried leguminous vegetables, shelled"
071320,Chickpeas (garbanzos),0122,"Dried leguminous vegetables, shelled"
071331,"Beans (Vigna spp., Phaseolus spp.) :-- Beans of the species Vigna mungo (L.) Hepper or Vigna radiata (L.) Wilczek",0122,"Dried leguminous vegetables, shelled"
071332,"Beans (Vigna spp., Phaseolus spp.) :-- Small red (Adzuki) beans (Phaseolus or Vigna angularis)",0122,"Dried leguminous vegetables, shelled"
071333,"Beans (Vigna spp., Phaseolus spp.) :-- Kidney beans, including white pea beans (Phaseolus vulgaris)",0122,"Dried leguminous vegetables, shelled"
071339,Other,0122,"Dried leguminous vegetables, shelled"
071340,Lentils,0122,"Dried leguminous vegetables, shelled"
071350,"Broad beans (Vicia faba var.major) and horse beans (Vicia faba var.equina, Vicia faba var.minor)",0122,"Dried leguminous vegetables, shelled"
071390,Other,0122,"Dried leguminous vegetables, shelled"
071410,Manioc (cassava),0124,Edible roots and tubers with high starch or inulin content
071420,Sweet potatoes,0124,Edible roots and tubers with high starch or inulin content
071490,Other,0124,Edible roots and tubers with high starch or inulin content
080111,Coconuts :-- Desiccated,0131,"Dates, figs, bananas, coconuts, brazil nuts, cashew nuts, pineapples, avocados,"
080119,Coconuts :-- Other,0131,"Dates, figs, bananas, coconuts, brazil nuts, cashew nuts, pineapples, avocados,"
080121,Brazil nuts :-- In shell,0131,"Dates, figs, bananas, coconuts, brazil nuts, cashew nuts, pineapples, avocados,"
080122,Brazil nuts :-- Shelled,0131,"Dates, figs, bananas, coconuts, brazil nuts, cashew nuts, pineapples, avocados,"
080131,Cashew nuts :-- In shell,0131,"Dates, figs, bananas, coconuts, brazil nuts, cashew nuts, pineapples, avocados,"
080132,Cashew nuts :-- Shelled,0131,"Dates, figs, bananas, coconuts, brazil nuts, cashew nuts, pineapples, avocados,"
080211,Almonds :-- In shell,0136,"Other nuts, fresh or dried, whether or not shelled"
080212,Almonds :-- Shelled,0136,"Other nuts, fresh or dried, whether or not shelled"
080221,Hazelnuts or filberts (Corylus spp.) :-- In shell,0136,"Other nuts, fresh or dried, whether or not shelled"
080222,Hazelnuts or filberts (Corylus spp.) :-- Shelled,0136,"Other nuts, fresh or dried, whether or not shelled"
080231,Walnuts :-- In shell,0136,"Other nuts, fresh or dried, whether or not shelled"
080232,Walnuts :-- Shelled,0136,"Other nuts, fresh or dried, whether or not shelled"
080240,Chestnuts (Castanea spp.),0136,"Other nuts, fresh or dried, whether or not shelled"
080250,Pistachios,0136,"Other nuts, fresh or dried, whether or not shelled"
080290,Other,0136,"Other nuts, fresh or dried, whether or not shelled"
080300,"Bananas, including plantains, fresh or dried.",0131,"Dates, figs, bananas, coconuts, brazil nuts, cashew nuts, pineapples, avocados,"
080410,Dates,0131,"Dates, figs, bananas, coconuts, brazil nuts, cashew nuts, pineapples, avocados,"
080420,Figs,0131,"Dates, figs, bananas, coconuts, brazil nuts, cashew nuts, pineapples, avocados,"
080430,Pineapples,0131,"Dates, figs, bananas, coconuts, brazil nuts, cashew nuts, pineapples, avocados,"
080440,Avocados,0131,"Dates, figs, bananas, coconuts, brazil nuts, cashew nuts, pineapples, avocados,"
080450,"Guavas, mangoes and mangosteens",0131,"Dates, figs, bananas, coconuts, brazil nuts, cashew nuts, pineapples, avocados,"
080510,Oranges,0132,"Citrus fruit, fresh or dried"
080520,"Mandarins (including tangerines and satsumas); clementines, wilkings and similar citrus hybrids",0132,"Citrus fruit, fresh or dried"
080530,"Lemons (Citrus limon, Citrus limonum) and limes (Citrus aurantifolia)",0132,"Citrus fruit, fresh or dried"
080540,Grapefruit,0132,"Citrus fruit, fresh or dried"
080590,Other,0132,"Citrus fruit, fresh or dried"
080610,Fresh,0133,"Grapes, fresh or dried"
080620,Dried,0133,"Grapes, fresh or dried"
080711,Melons (including watermelons) :-- Watermelons,0134,"Other fruit, fresh"
080719,Melons (including watermelons) :-- Other,0134,"Other fruit, fresh"
080720,Papaws (papayas),0134,"Other fruit, fresh"
080810,Apples,0134,"Other fruit, fresh"
080820,Pears and quinces,0134,"Other fruit, fresh"
080910,Apricots,0134,"Other fruit, fresh"
080920,Cherries,0134,"Other fruit, fresh"
080930,"Peaches, including nectarines",0134,"Other fruit, fresh"
080940,Plums and sloes,0134,"Other fruit, fresh"
081010,Strawberries,0134,"Other fruit, fresh"
081020,"Raspberries, blackberries, mulberries and loganberries",0134,"Other fruit, fresh"
081030,"Black, white or red currants and gooseberries",0134,"Other fruit, fresh"
081040,"Cranberries, bilberries and other fruits of the genus Vaccinium",0134,"Other fruit, fresh"
081050,Kiwifruit,0134,"Other fruit, fresh"
081090,Other,0134,"Other fruit, fresh"
081110,Strawberries,2151,"Fruit and nuts, uncooked or cooked by steaming or boiling in water, frozen"
081120,"Raspberries, blackberries, mulberries, loganberries, black, white or red currants and gooseberries",2151,"Fruit and nuts, uncooked or cooked by steaming or boiling in water, frozen"
081190,Other,2151,"Fruit and nuts, uncooked or cooked by steaming or boiling in water, frozen"
081210,Cherries,2154,Fruit and nuts provisionally preserved
081220,Strawberries,2154,Fruit and nuts provisionally preserved
081290,Other,2154,Fruit and nuts provisionally preserved
081310,Apricots,0135,"Other fruit, dried"
081320,Prunes,0135,"Other fruit, dried"
081330,Apples,0135,"Other fruit, dried"
081340,Other fruit,0135,"Other fruit, dried"
081350,Mixtures of nuts or dried fruits of this Chapter,0135,"Other fruit, dried"
081400,"Peel of citrus fruit or melons (including watermelons), fresh, frozen, dried or provisionally preserved in brine, in sulphur water or in other preservative solutions.",2155,Other preserved fruits
090111,"Coffee, not roasted :-- Not decaffeinated",01611,"Coffee, not roasted, not decaffeinated"
090112,"Coffee, not roasted :-- Decaffeinated",23911,"Coffee, decaffeinated or roasted"
090121,Coffee roasted :-- Not decaffeinated,23911,"Coffee, decaffeinated or roasted"
090122,Coffee roasted :-- Decaffeinated,23911,"Coffee, decaffeinated or roasted"
090190,Other,23912,"Coffee substitutes containing coffee; extracts, essences and concentrates"
090210,Green tea (not fermented) in immediate packings of a content not exceeding 3 kg,23913,"Green tea (not fermented), black tea (fermented) and partly fermented tea,"
090220,Other green tea (not fermented),01612,"Green tea (not fermented), black tea (fermented) and partly fermented tea,"
090230,"Black tea (fermented) and partly fermented tea, in immediate packings of a content not exceeding 3 kg",23913,"Green tea (not fermented), black tea (fermented) and partly fermented tea,"
090240,Other black tea (fermented) and other partly fermented tea,01612,"Green tea (not fermented), black tea (fermented) and partly fermented tea,"
090300,Mate,01613,Mate
090411,Pepper :-- Neither crushed nor ground,0162,"Spices, whether or not processed"
090412,Pepper :-- Crushed or ground,0162,"Spices, whether or not processed"
090420,"Fruits of the genus Capsicum or of the genus Pimenta, dried or crushed or ground",0162,"Spices, whether or not processed"
090500,Vanilla.,0162,"Spices, whether or not processed"
090610,Neither crushed nor ground,0162,"Spices, whether or not processed"
090620,Crushed or ground,0162,"Spices, whether or not processed"
090700,"Cloves (whole fruit, cloves and stems).",0162,"Spices, whether or not processed"
090810,Nutmeg,0162,"Spices, whether or not processed"
090820,Mace,0162,"Spices, whether or not processed"
090830,Cardamoms,0162,"Spices, whether or not processed"
090910,Seeds of anise or badian,0162,"Spices, whether or not processed"
090920,Seeds of coriander,0162,"Spices, whether or not processed"
090930,Seeds of cumin,0162,"Spices, whether or not processed"
090940,Seeds of caraway,0162,"Spices, whether or not processed"
090950,Seeds of fennel; juniper berries,0162,"Spices, whether or not processed"
091010,Ginger,0162,"Spices, whether or not processed"
091020,Saffron,0162,"Spices, whether or not processed"
091030,Turmeric (curcuma),0162,"Spices, whether or not processed"
091040,Thyme; bay leaves,0162,"Spices, whether or not processed"
091050,Curry,0162,"Spices, whether or not processed"
091091,Other spices :-- Mixtures referred to in Note 1 (b) to this Chapter,0162,"Spices, whether or not processed"
091099,Other spices :-- Other,0162,"Spices, whether or not processed"
100110,Durum wheat,0111,Wheat and meslin
100190,Other,0111,Wheat and meslin
100200,Rye.,0116,"Rye, oats"
100300,Barley.,0115,Barley
100400,Oats.,0116,"Rye, oats"
100510,Seed,0112,Maize (corn)
100590,Other,0112,Maize (corn)
100610,Rice in the husk (paddy or rough),0113,"Rice, not husked"
100620,Husked (brown) rice,0114,Husked rice
100630,"Semi-milled or wholly milled rice, whether or not polished or glazed",2316,"Rice, semi- or wholly milled"
100640,Broken rice,2316,"Rice, semi- or wholly milled"
100700,Grain sorghum.,0119,Other cereals
100810,Buckwheat,0119,Other cereals
100820,Millet,0119,Other cereals
100830,Canary seed,0119,Other cereals
100890,Other cereals,0119,Other cereals
110100,Wheat or meslin flour.,2311,Wheat or meslin flour
110210,Rye flour,2312,Cereal flours other than of wheat or meslin
110220,Maize (corn) flour,2312,Cereal flours other than of wheat or meslin
110230,Rice flour,2312,Cereal flours other than of wheat or meslin
110290,Other,2312,Cereal flours other than of wheat or meslin
110311,Groats and meal :-- Of wheat,2313,"Groats, meal and pellets of wheat"
110312,Groats and meal :-- Of oats,2314,"Cereal groats, meal and pellets n.e.c."
110313,Groats and meal :-- Of maize (corn),2314,"Cereal groats, meal and pellets n.e.c."
110314,Groats and meal :-- Of rice,2314,"Cereal groats, meal and pellets n.e.c."
110319,Groats and meal :-- Of other cereals,2314,"Cereal groats, meal and pellets n.e.c."
110321,Pellets :-- Of wheat,2313,"Groats, meal and pellets of wheat"
110329,Pellets :-- Of other cereals,2314,"Cereal groats, meal and pellets n.e.c."
110411,Rolled or flaked grains :-- Of barley,2315,Other cereal grain products (including corn flakes)
110412,Rolled or flaked grains :-- Of oats,2315,Other cereal grain products (including corn flakes)
110419,Rolled or flaked grains :-- Of other cereals,2315,Other cereal grain products (including corn flakes)
110421,"Other worked grains (for example, hulled, pearled, sliced or kibbled) :-- Of barley",2315,Other cereal grain products (including corn flakes)
110422,"Other worked grains (for example, hulled, pearled, sliced or kibbled) :-- Of oats",2315,Other cereal grain products (including corn flakes)
110423,"Other worked grains (for example, hulled, pearled, sliced or kibbled) :-- Of maize (corn)",2315,Other cereal grain products (including corn flakes)
110429,"Other worked grains (for example, hulled, pearled, sliced or kibbled) :-- Of other cereals",2315,Other cereal grain products (including corn flakes)
110430,"Germ of cereals, whole, rolled, flaked or ground",2315,Other cereal grain products (including corn flakes)
110510,"Flour, meal and powder",2139,"Other preserved vegetables (including dried vegetables, canned vegetables"
110520,"Flakes, granules and pellets",2139,"Other preserved vegetables (including dried vegetables, canned vegetables"
110610,Of the dried leguminous vegetables of heading No. 07.13,2317,Other vegetable flours and meals
110620,Of sago or of roots or tubers of heading No. 07.14,2317,Other vegetable flours and meals
110630,Of the products of Chapter 8,2317,Other vegetable flours and meals
110710,Not roasted,2432,"Malt, whether or not roasted"
110720,Roasted,2432,"Malt, whether or not roasted"
110811,Starches :-- Wheat starch,2322,Starches; inulin; wheat gluten; dextrins and other modified starches
110812,Starches :-- Maize (corn) starch,2322,Starches; inulin; wheat gluten; dextrins and other modified starches
110813,Starches :-- Potato starch,2322,Starches; inulin; wheat gluten; dextrins and other modified starches
110814,Starches :-- Manioc (cassava) starch,2322,Starches; inulin; wheat gluten; dextrins and other modified starches
110819,Starches :-- Other starches,2322,Starches; inulin; wheat gluten; dextrins and other modified starches
110820,Inulin,2322,Starches; inulin; wheat gluten; dextrins and other modified starches
110900,"Wheat gluten, whether or not dried.",2322,Starches; inulin; wheat gluten; dextrins and other modified starches
120100,"Soya beans, whether or not broken.",0141,Soya beans
120210,In shell,0142,Ground nuts
120220,"Shelled, whether or not broken",0142,Ground nuts
120300,Copra.,0149,Oil seeds n.e.c. and oleaginous fruit
120400,"Linseed, whether or not broken.",0149,Oil seeds n.e.c. and oleaginous fruit
120500,"Rape or colza seeds, whether or not broken.",0143,"Sunflower, sesamum, safflower, rape, colza and mustard seeds"
120600,"Sunflower seeds, whether or not broken.",0143,"Sunflower, sesamum, safflower, rape, colza and mustard seeds"
120710,Palm nuts and kernels,0149,Oil seeds n.e.c. and oleaginous fruit
120720,Cotton seeds,0144,Cotton seeds
120730,Castor oil seeds,0149,Oil seeds n.e.c. and oleaginous fruit
120740,Sesamum seeds,0143,"Sunflower, sesamum, safflower, rape, colza and mustard seeds"
120750,Mustard seeds,0143,"Sunflower, sesamum, safflower, rape, colza and mustard seeds"
120760,Safflower seeds,0143,"Sunflower, sesamum, safflower, rape, colza and mustard seeds"
120791,Other :-- Poppy seeds,0149,Oil seeds n.e.c. and oleaginous fruit
120792,Other :-- Shea nuts (karite nuts),0149,Oil seeds n.e.c. and oleaginous fruit
120799,Other :-- Other,0149,Oil seeds n.e.c. and oleaginous fruit
120810,Of soya beans,2182,"Flours and meals of oil seeds or oleaginous fruits, except those of mustard"
120890,Other,2182,"Flours and meals of oil seeds or oleaginous fruits, except those of mustard"
120911,Beet seed :-- Sugar beet seed,0194,Sugar beet seed and seeds of forage plants
120919,Beet seed :-- Other,0154,Vegetable seeds
120921,"Seeds of forage plants, other than beet seed :-- Lucerne (alfalfa) seed",0194,Sugar beet seed and seeds of forage plants
120922,"Seeds of forage plants, other than beet seed :-- Clover (Trifolium spp.) seed",0194,Sugar beet seed and seeds of forage plants
120923,"Seeds of forage plants, other than beet seed :-- Fescue seed",0194,Sugar beet seed and seeds of forage plants
120924,"Seeds of forage plants, other than beet seed :-- Kentucky blue grass (Poa pratensis L.) seed",0194,Sugar beet seed and seeds of forage plants
120925,"Seeds of forage plants, other than beet seed :-- Rye grass (Lolium multiflorum Lam., Lolium perenne L.) seed",0194,Sugar beet seed and seeds of forage plants
120926,"Seeds of forage plants, other than beet seed :-- Timothy grass seed",0194,Sugar beet seed and seeds of forage plants
120929,"Seeds of forage plants, other than beet seed :-- Other",0194,Sugar beet seed and seeds of forage plants
120930,Seeds of herbaceous plants cultivated principally for their flowers,0153,Flower seeds and fruit seeds
120991,Other :-- Vegetable seeds,0154,Vegetable seeds
120999,Other,0153,Flower seeds and fruit seeds
121010,"Hop cones, neither ground nor powdered nor in the form of pellets",0199,Other raw vegetable materials
121020,"Hop cones, ground, powdered or in the form of pellets; lupulin",0199,Other raw vegetable materials
121110,Liquorice roots,0193,"Plants and parts of plants used primarily in perfumery, in pharmacy,"
121120,Ginseng roots,0193,"Plants and parts of plants used primarily in perfumery, in pharmacy,"
121190,Other,0193,"Plants and parts of plants used primarily in perfumery, in pharmacy,"
121210,"Locust beans, including locust bean seeds",0199,Other raw vegetable materials
121220,Seaweeds and other algae,0493,"Seaweeds and other algae, fresh or dried, whether or not ground"
121230,"Apricot, peach or plum stones and kernels",2156,"Apricot, peach or plum stones and kernels"
121291,Other :-- Sugar beet,0181,Sugar beet
121292,Other :-- Sugar cane,0182,Sugar cane
121299,Other,0199,Other raw vegetable materials
121300,"Cereal straw and husks, unprepared, whether or not chopped, ground, pressed or in the form of pellets.",0191,"Cereal straw and husks, unprepared, whether or not chopped, ground,"
121410,Lucerne (alfalfa) meal and pellets,0191,"Cereal straw and husks, unprepared, whether or not chopped, ground,"
121490,Other,0191,"Cereal straw and husks, unprepared, whether or not chopped, ground,"
130110,Lac,0323,"Lac; other natural gums, resins and other vegetable saps and extracts"
130120,Gum Arabic,0323,"Lac; other natural gums, resins and other vegetable saps and extracts"
130190,Other,0323,"Lac; other natural gums, resins and other vegetable saps and extracts"
130211,Vegetable saps and extracts :-- Opium,0323,"Lac; other natural gums, resins and other vegetable saps and extracts"
130212,Vegetable saps and extracts :-- Of liquorice,0323,"Lac; other natural gums, resins and other vegetable saps and extracts"
130213,Vegetable saps and extracts :-- Of hops,0323,"Lac; other natural gums, resins and other vegetable saps and extracts"
130214,Vegetable saps and extracts :-- Of pyrethrum or of the roots of plants containing rotenone,0323,"Lac; other natural gums, resins and other vegetable saps and extracts"
130219,Vegetable saps and extracts :-- Other,0323,"Lac; other natural gums, resins and other vegetable saps and extracts"
130220,"Pectic substances, pectinates and pectates",0323,"Lac; other natural gums, resins and other vegetable saps and extracts"
130231,"Mucilages and thickeners, whether or not modified, derived from vegetable products :-- Agar-agar",0323,"Lac; other natural gums, resins and other vegetable saps and extracts"
130232,"Mucilages and thickeners, whether or not modified, derived from locust beans, locust bean seeds or guar seeds",0323,"Lac; other natural gums, resins and other vegetable saps and extracts"
130239,"Mucilages and thickeners, whether or not modified, derived from vegetable products :",0323,"Lac; other natural gums, resins and other vegetable saps and extracts"
140110,Bamboos,0393,Vegetable materials of a kind used primarily for plaiting or as stuffing
140120,Rattans,0393,Vegetable materials of a kind used primarily for plaiting or as stuffing
140190,Other,0393,Vegetable materials of a kind used primarily for plaiting or as stuffing
140210,Kapok,0393,Vegetable materials of a kind used primarily for plaiting or as stuffing
140290,Other,0393,Vegetable materials of a kind used primarily for plaiting or as stuffing
140310,Broomcorn (Sorghum vulgare var.technicum),0393,Vegetable materials of a kind used primarily for plaiting or as stuffing
140390,Other,0393,Vegetable materials of a kind used primarily for plaiting or as stuffing
140410,Raw vegetable materials of a kind used primarily in dyeing or tanning,0393,Vegetable materials of a kind used primarily for plaiting or as stuffing
140420,Cotton linters,217,Cotton linters
140490,Other,0393,Vegetable materials of a kind used primarily for plaiting or as stuffing
150100,"Pig fat (including lard) and poultry fat, other than that of heading No. 02.09 or 15.03.",21611,"Fats of bovine animals, sheep, goats, pigs and poultry, raw or rendered"
150200,"Fats of bovine animals, sheep or goats, other than those of heading No. 15.03.",21611,"Fats of bovine animals, sheep, goats, pigs and poultry, raw or rendered"
150300,"Lard stearin, lard oil, oleostearin, oleo-oil and tallow oil, not emulsified or mixed or otherwise prepared.",2162,"Animal oils and fats, crude and refined, except fats of bovine animals, sheep, goats, pigs and"
150410,Fish-liver oils and their fractions,2162,"Animal oils and fats, crude and refined, except fats of bovine animals, sheep, goats, pigs and"
150420,"Fats and oils and their fractions, of fish, other than liver oils",2162,"Animal oils and fats, crude and refined, except fats of bovine animals, sheep, goats, pigs and"
150430,"Fats and oils and their fractions, of marine mammals",2162,"Animal oils and fats, crude and refined, except fats of bovine animals, sheep, goats, pigs and"
150510,"Wool grease, crude",21612,Wool grease
150590,Other,21612,Wool grease
150600,"Other animal fats and oils and their fractions, whether or not refined, but not chemically modified.",2162,"Animal oils and fats, crude and refined, except fats of bovine animals, sheep, goats, pigs and"
150710,"Crude oil, whether or not degummed",2163,"Soya-bean, ground-nut, olive, sunflower-seed, safflower, cotton-seed rape, colza and mustard"
150790,Other,2165,"Soya-bean, ground-nut, olive, sunflower-seed, safflower, cotton- seed, rape, colza and mustard oil"
150810,Crude oil,2163,"Soya-bean, ground-nut, olive, sunflower-seed, safflower, cotton-seed rape, colza and mustard"
150890,Other,2165,"Soya-bean, ground-nut, olive, sunflower-seed, safflower, cotton- seed, rape, colza and mustard oil"
150910,Virgin,2163,"Soya-bean, ground-nut, olive, sunflower-seed, safflower, cotton-seed rape, colza and mustard"
150990,Other,2165,"Soya-bean, ground-nut, olive, sunflower-seed, safflower, cotton- seed, rape, colza and mustard oil"
151000,"Other oils and their fractions, obtained solely from olives, whether or not refined, but not chemically modified, including blends of these oils or fractions with oils or fractions of heading No. 15.09.",2165,"Soya-bean, ground-nut, olive, sunflower-seed, safflower, cotton- seed, rape, colza and mustard oil"
151110,Crude oil,2164,"Palm, coconut, palm kernel, babassu and linseed oil, crude"
151190,Other,2167,"Palm, coconut, palm kernel, babassu and linseed oil and their fractions,"
151211,Sunflower-seed or safflower oil and fractions thereof :-- Crude oil,2163,"Soya-bean, ground-nut, olive, sunflower-seed, safflower, cotton-seed rape, colza and mustard"
151219,Sunflower-seed or safflower oil and fractions thereof :-- Other,2165,"Soya-bean, ground-nut, olive, sunflower-seed, safflower, cotton- seed, rape, colza and mustard oil"
151221,"Cotton-seed oil and its fractions :-- Crude oil, whether or not gossypol has been removed",2163,"Soya-bean, ground-nut, olive, sunflower-seed, safflower, cotton-seed rape, colza and mustard"
151229,Cotton-seed oil and its fractions :-- Other,2165,"Soya-bean, ground-nut, olive, sunflower-seed, safflower, cotton- seed, rape, colza and mustard oil"
151311,Coconut (copra) oil and its fractions :-- Crude oil,2164,"Palm, coconut, palm kernel, babassu and linseed oil, crude"
151319,Coconut (copra) oil and its fractions :-- Other,2167,"Palm, coconut, palm kernel, babassu and linseed oil and their fractions,"
151321,Palm kernel or babassu oil and fractions thereof :-- Crude oil,2164,"Palm, coconut, palm kernel, babassu and linseed oil, crude"
151329,Palm kernel or babassu oil and fractions thereof :-- Other,2167,"Palm, coconut, palm kernel, babassu and linseed oil and their fractions,"
151410,Crude oil,2163,"Soya-bean, ground-nut, olive, sunflower-seed, safflower, cotton-seed rape, colza and mustard"
151490,Other,2165,"Soya-bean, ground-nut, olive, sunflower-seed, safflower, cotton- seed, rape, colza and mustard oil"
151511,Linseed oil and its fractions :-- Crude oil,2164,"Palm, coconut, palm kernel, babassu and linseed oil, crude"
151519,Linseed oil and its fractions :-- Other,2167,"Palm, coconut, palm kernel, babassu and linseed oil and their fractions,"
151521,Maize (corn) oil and its fractions :-- Crude oil,2166,"Maize (corn) oil and its fractions, not chemically modified"
151529,Maize (corn) oil and its fractions :-- Other,2166,"Maize (corn) oil and its fractions, not chemically modified"
151530,Castor oil and its fractions,2167,"Palm, coconut, palm kernel, babassu and linseed oil and their fractions,"
151540,Tung oil and its fractions,2167,"Palm, coconut, palm kernel, babassu and linseed oil and their fractions,"
151550,Sesame oil and its fractions,2165,"Soya-bean, ground-nut, olive, sunflower-seed, safflower, cotton- seed, rape, colza and mustard oil"
151560,Jojoba oil and its fractions,2167,"Palm, coconut, palm kernel, babassu and linseed oil and their fractions,"
151590,Other,2167,"Palm, coconut, palm kernel, babassu and linseed oil and their fractions,"
151610,Animal fats and oils and their fractions,2169,"Animal or vegetable fats and oils and their fractions, partly or wholly hydrogenated, inter-"
151620,Vegetable fats and oils and their fractions,2169,"Animal or vegetable fats and oils and their fractions, partly or wholly hydrogenated, inter-"
151710,"Margarine, excluding liquid margarine",2168,Margarine and similar preparations
151790,Other,2168,Margarine and similar preparations
151800,"Animal or vegetable fats and oils and their fractions, boiled, oxidised, dehydrated, sulphurised, blown, polymerised by beat in vacuum or in inert gas or otherwise chemically modified, excluding those of heading No.15.16; inedible mixtu",3455,"Animal or vegetable fats and oils and their fractions, chemically modified, except those hydrogenated,"
152000,"Glycerol, crude; glycerol waters and glycerol lyes.",3457,Glycerol
152110,Vegetable waxes,2183,"Vegetable waxes, except triglycerides; degras; residues resulting from the"
152190,Other,0298,"Insect waxes and spermaceti, whether or not refined or coloured"
152200,Degras; residues resulting from the treatment of fatty substances or animal or vegetable waxes.,2183,"Vegetable waxes, except triglycerides; degras; residues resulting from the"
160100,"Sausages and similar products, of meat, meat offal or blood; food preparations based on these products.",21132,"Other prepared or preserved meat, meat offal or blood; extracts and juices"
160210,Homogenised preparations,23991,"Homogenised preparations of meat, vegetables, fruit or nuts; preparations of milk, flour, meal,"
160220,Of liver of any animal,21132,"Other prepared or preserved meat, meat offal or blood; extracts and juices"
160231,Of poultry of heading No. 01.05 :-- Of turkeys,21132,"Other prepared or preserved meat, meat offal or blood; extracts and juices"
160232,Of poultry of heading No. 01.05 :-- Of fowls of the species Gallus domesticus,21132,"Other prepared or preserved meat, meat offal or blood; extracts and juices"
160239,Of poultry of heading No. 01.05 :-- Other,21132,"Other prepared or preserved meat, meat offal or blood; extracts and juices"
160241,Of swine :-- Hams and cuts thereof,21132,"Other prepared or preserved meat, meat offal or blood; extracts and juices"
160242,Of swine :-- Shoulders and cuts thereof,21132,"Other prepared or preserved meat, meat offal or blood; extracts and juices"
160249,"Of swine :-- Other, including mixtures",21132,"Other prepared or preserved meat, meat offal or blood; extracts and juices"
160250,Of bovine animals,21132,"Other prepared or preserved meat, meat offal or blood; extracts and juices"
160290,"Other, including preparations of blood of any animal",21132,"Other prepared or preserved meat, meat offal or blood; extracts and juices"
160300,"Extracts and juices of meat, fish or crustaceans, molluscs or other aquatic invertebrates.",21132,"Other prepared or preserved meat, meat offal or blood; extracts and juices"
160411,"Fish, whole or in pieces, but not minced :-- Salmon",2124,"Fish, otherwise prepared or preserved; caviar"
160412,"Fish, whole or in pieces, but not minced :-- Herrings",2124,"Fish, otherwise prepared or preserved; caviar"
160413,"Fish, whole or in pieces, but not minced :-- Sardines, sardinella and brisling or sprats",2124,"Fish, otherwise prepared or preserved; caviar"
160414,"Fish, whole or in pieces, but not minced :-- Tunas, skipjack and bonito (Sarda spp.)",2124,"Fish, otherwise prepared or preserved; caviar"
160415,"Fish, whole or in pieces, but not minced :-- Mackerel",2124,"Fish, otherwise prepared or preserved; caviar"
160416,"Fish, whole or in pieces, but not minced :-- Anchovies",2124,"Fish, otherwise prepared or preserved; caviar"
160419,"Fish, whole or in pieces, but not minced :-- Other",2124,"Fish, otherwise prepared or preserved; caviar"
160420,Other prepared or preserved fish,2124,"Fish, otherwise prepared or preserved; caviar"
160430,Caviar and caviar substitutes,2124,"Fish, otherwise prepared or preserved; caviar"
160510,Crab,2126,"Crustaceans, molluscs and other aquatic invertebrates, otherwise prepared or preserved"
160520,Shrimps and prawns,2126,"Crustaceans, molluscs and other aquatic invertebrates, otherwise prepared or preserved"
160530,Lobster,2126,"Crustaceans, molluscs and other aquatic invertebrates, otherwise prepared or preserved"
160540,Other crustaceans,2126,"Crustaceans, molluscs and other aquatic invertebrates, otherwise prepared or preserved"
160590,Other,2126,"Crustaceans, molluscs and other aquatic invertebrates, otherwise prepared or preserved"
170111,Raw sugar not containing added flavouring or colouring matter :-- Cane sugar,2351,Raw cane or beet sugar
170112,Raw sugar not containing added flavouring or colouring matter :-- Beet sugar,2351,Raw cane or beet sugar
170191,Other :-- Containing added flavouring or colouring matter,2353,"Refined cane or beet sugar, in solid form, containing added flavouring or colouring matter;"
170199,Other,2352,"Refined cane or beet sugar and chemically pure sucrose, in solid form, not containing added"
170211,"Lactose and lactose syrup :-- Containing by weight 99 % or more lactose, expressed as anhydrous lactose, calculated on the dry matter",2298,Lactose and lactose syrup
170219,Lactose and lactose syrup :-- Other,2298,Lactose and lactose syrup
170220,Maple sugar and maple syrup,2353,"Refined cane or beet sugar, in solid form, containing added flavouring or colouring matter;"
170230,"Glucose and glucose syrup, not containing fructose or containing in the dry state less than 20 % by weight of fructose",2321,Glucose and glucose syrup; fructose and fructose syrup; invert sugar;
170240,"Glucose and glucose syrup, containing in the dry state at least 20 % but less than 50 % by weight of fructose",2321,Glucose and glucose syrup; fructose and fructose syrup; invert sugar;
170250,Chemically pure fructose,2321,Glucose and glucose syrup; fructose and fructose syrup; invert sugar;
170260,"Other fructose and fructose syrup, containing in the dry state more than 50 % by weight of fructose",2321,Glucose and glucose syrup; fructose and fructose syrup; invert sugar;
170290,"Other, including invert sugar",2321,Glucose and glucose syrup; fructose and fructose syrup; invert sugar;
170310,Cane molasses,2354,Molasses
170390,Other,2354,Molasses
170410,"Chewing gum, whether or not sugar-coated",2367,"Sugar confectionery (including white chocolate), not containing cocoa;"
170490,Other,2367,"Sugar confectionery (including white chocolate), not containing cocoa;"
180100,"Cocoa beans, whole or broken, raw or roasted.",01614,"Cocoa beans, raw or roasted"
180200,"Cocoa shells, husks, skins and other cocoa waste.",3916,"Cocoa shells, husks, skins and other cocoa waste"
180310,Not defatted,2361,"Cocoa paste, whether or not defatted"
180320,Wholly or partly defatted,2361,"Cocoa paste, whether or not defatted"
180400,"Cocoa butter, fat and oil.",2362,"Cocoa butter, fat and oil"
180500,"Cocoa powder, not containing added sugar or other sweetening matter.",2363,"Cocoa powder, not sweetened"
180610,"Cocoa powder, containing added sugar or other sweetening matter",2364,"Cocoa powder, sweetened"
180620,"Other preparations in blocks, slabs or bars weighing more than 2 kg or in liquid, paste, powder, granular or other bulk form in containers or immediate packings, of a content exceeding 2 kg",2365,Chocolate and other food preparations containing cocoa (except sweetened
180631,"Other, in blocks, slabs or bars :-- Filled",2366,Chocolate and other food preparations containing cocoa (except sweetened
180632,"Other, in blocks, slabs or bars :-- Not filled",2366,Chocolate and other food preparations containing cocoa (except sweetened
180690,Other,2366,Chocolate and other food preparations containing cocoa (except sweetened
190110,"Preparations for infant use, put up for retail sale",23991,"Homogenised preparations of meat, vegetables, fruit or nuts; preparations of milk, flour, meal,"
190120,Mixes and doughs for the preparation of bakers' wares of heading No. 19.05,2318,Mixes and doughs for the preparation of bakers' wares
190190,Other,23999,Other food products n.e.c.
190211,"Uncooked pasta, not stuffed or otherwise prepared :-- Containing eggs",2371,"Uncooked pasta, not stuffed or otherwise prepared"
190219,"Uncooked pasta, not stuffed or otherwise prepared :-- Other",2371,"Uncooked pasta, not stuffed or otherwise prepared"
190220,"Stuffed pasta, whether or not cooked or otherwise prepared",2372,"Pasta, cooked, stuffed or otherwise prepared; couscous"
190230,Other pasta,2372,"Pasta, cooked, stuffed or otherwise prepared; couscous"
190240,Couscous,2372,"Pasta, cooked, stuffed or otherwise prepared; couscous"
190300,"Tapioca and substitutes therefor prepared from starch, in the form of flakes, grains, pearls, siftings or in similar forms.",2323,"Tapioca and substitutes therefor prepared from starch, in the form of flakes, grains, siftings or"
190410,Prepared foods obtained by the swelling or roasting of cereals or cereal products,2315,Other cereal grain products (including corn flakes)
190420,Prepared foods obtained from unroasted cereal flakes or from mixtures of unroasted cereal flakes and roasted cereal flakes or swelled cereals,2315,Other cereal grain products (including corn flakes)
190490,Other,2315,Other cereal grain products (including corn flakes)
190510,Crispbread,2341,"Crispbread; rusks, toasted bread and similar toasted products"
190520,Gingerbread and the like,2342,Gingerbread and the like; sweet biscuits; waffles and wafers
190530,Sweet biscuits; waffles and wafers,2342,Gingerbread and the like; sweet biscuits; waffles and wafers
190540,"Rusks, toasted bread and similar toasted products",2341,"Crispbread; rusks, toasted bread and similar toasted products"
190590,Other,2343,Other bread and other bakers' wares
200110,Cucumbers and gherkins,2139,"Other preserved vegetables (including dried vegetables, canned vegetables"
200120,Onions,2139,"Other preserved vegetables (including dried vegetables, canned vegetables"
200190,Other,2139,"Other preserved vegetables (including dried vegetables, canned vegetables"
200210,"Tomatoes, whole or in pieces",2139,"Other preserved vegetables (including dried vegetables, canned vegetables"
200290,Other,2139,"Other preserved vegetables (including dried vegetables, canned vegetables"
200310,Mushrooms,2139,"Other preserved vegetables (including dried vegetables, canned vegetables"
200320,Truffles,2139,"Other preserved vegetables (including dried vegetables, canned vegetables"
200410,Potatoes,2139,"Other preserved vegetables (including dried vegetables, canned vegetables"
200490,Other vegetables and mixtures of vegetables,2139,"Other preserved vegetables (including dried vegetables, canned vegetables"
200510,Homogenised vegetables,23991,"Homogenised preparations of meat, vegetables, fruit or nuts; preparations of milk, flour, meal,"
200520,Potatoes,2139,"Other preserved vegetables (including dried vegetables, canned vegetables"
200540,Peas (Pisum sativum),2139,"Other preserved vegetables (including dried vegetables, canned vegetables"
200551,"Beans (Vigna spp., Phaseolus spp.) :-- Beans, shelled",2139,"Other preserved vegetables (including dried vegetables, canned vegetables"
200559,"Beans (Vigna spp., Phaseolus spp.) :-- Other",2139,"Other preserved vegetables (including dried vegetables, canned vegetables"
200560,Asparagus,2139,"Other preserved vegetables (including dried vegetables, canned vegetables"
200570,Olives,2139,"Other preserved vegetables (including dried vegetables, canned vegetables"
200580,Sweet corn (Zea mays var. saccharata),2139,"Other preserved vegetables (including dried vegetables, canned vegetables"
200590,Other vegetables and mixtures of vegetables,2139,"Other preserved vegetables (including dried vegetables, canned vegetables"
200600,"Vegetables, fruit, nuts, fruit-peel and other parts of plants, preserved by sugar (drained, glac‚ or crystallised).",2367,"Sugar confectionery (including white chocolate), not containing cocoa;"
200710,Homogenised preparations,23991,"Homogenised preparations of meat, vegetables, fruit or nuts; preparations of milk, flour, meal,"
200791,Other :-- Citrus fruit,2152,"Jams, fruit jellies and fruit or nut puree and pastes"
200799,Other,2152,"Jams, fruit jellies and fruit or nut puree and pastes"
200811,"Nuts, ground-nuts and other seeds, whether or not mixed together :-- Ground-nuts",2153,"Nuts, ground-nuts, etc., roasted, salted or otherwise prepared n.e.c."
200819,"Nuts, ground-nuts and other seeds, whether or not mixed together :-- Other, including mixtures",2153,"Nuts, ground-nuts, etc., roasted, salted or otherwise prepared n.e.c."
200820,Pineapples,2155,Other preserved fruits
200830,Citrus fruit,2155,Other preserved fruits
200840,Pears,2155,Other preserved fruits
200850,Apricots,2155,Other preserved fruits
200860,Cherries,2155,Other preserved fruits
200870,Peaches,2155,Other preserved fruits
200880,Strawberries,2155,Other preserved fruits
200891,"Other, including mixtures other than those of subheading No. 2008.19 :-- Palm hearts",2155,Other preserved fruits
200892,"Other, including mixtures other than those of subheading No. 2008.19 :-- Mixtures",2155,Other preserved fruits
200899,"Other, including mixtures other than those of subheading No. 2008.19 :-- Other",2155,Other preserved fruits
200911,Orange juice :-- Frozen,214,Fruit juices and vegetable juices
200919,Orange juice :-- Other,214,Fruit juices and vegetable juices
200920,Grapefruit juice,214,Fruit juices and vegetable juices
200930,Juice of any other single citrus fruit,214,Fruit juices and vegetable juices
200940,Pineapple juice,214,Fruit juices and vegetable juices
200950,Tomato juice,214,Fruit juices and vegetable juices
200960,Grape juice (including grape must),214,Fruit juices and vegetable juices
200970,Apple juice,214,Fruit juices and vegetable juices
200980,Juice of any other single fruit or vegetable,214,Fruit juices and vegetable juices
200990,Mixtures of juices,214,Fruit juices and vegetable juices
210111,"Extracts, essences and concentrates, of coffee, and preparations with a basis of these extracts, essences or concentrates or with a basis of coffee :-- Extracts, essences and concentrates",23912,"Coffee substitutes containing coffee; extracts, essences and concentrates"
210112,"Extracts, essences and concentrates, of coffee, and preparations with a basis of these extracts, essences or concentrates or with a basis of coffee :-- Preparations with a basis of extracts, essences or concentrates or",23912,"Coffee substitutes containing coffee; extracts, essences and concentrates"
210120,"Extracts, essences and concentrates, of tea or mat‚, and preparations with a basis of these extracts, essences or concentrates or with a basis of tea or mat‚",23914,"Extracts, essences and concentrates of tea or mate, and preparations with"
210130,"Roasted chicory and other roasted coffee substitutes, and extracts, essences and concentrates thereof",23912,"Coffee substitutes containing coffee; extracts, essences and concentrates"
210210,Active yeasts,23996,"Yeasts; other single-cell micro- organisms, dead; prepared baking powders"
210220,"Inactive yeasts; other single-cell micro-organisms, dead",23996,"Yeasts; other single-cell micro- organisms, dead; prepared baking powders"
210230,Prepared baking powders,23996,"Yeasts; other single-cell micro- organisms, dead; prepared baking powders"
210310,Soya sauce,23995,Sauces; mixed condiments; mustard flour and meal; prepared mustard
210320,Tomato ketchup and other tomato sauces,23995,Sauces; mixed condiments; mustard flour and meal; prepared mustard
210330,Mustard flour and meal and prepared mustard,23995,Sauces; mixed condiments; mustard flour and meal; prepared mustard
210390,Other,23995,Sauces; mixed condiments; mustard flour and meal; prepared mustard
210410,Soups and broths and preparations therefor,23992,Soups and broths and preparations therefor
210420,Homogenised composite food preparations,23991,"Homogenised preparations of meat, vegetables, fruit or nuts; preparations of milk, flour, meal,"
210500,"Ice cream and other edible ice, whether or not containing cocoa.",2297,Ice cream and other edible ice
210610,Protein concentrates and textured protein substances,23999,Other food products n.e.c.
210690,Other,23999,Other food products n.e.c.
220110,Mineral waters and aerated waters,2441,"Waters (including mineral waters and aerated waters), not sweetened"
220190,Other,2441,"Waters (including mineral waters and aerated waters), not sweetened"
220210,"Waters, including mineral waters and aerated waters, containing added sugar or other sweetening matter or flavoured",2449,Other non-alcoholic beverages
220290,Other,2449,Other non-alcoholic beverages
220300,Beer made from malt.,2431,Beer made from malt
220410,Sparkling wine,24211,Sparkling wine of fresh grapes
220421,Other wine; grape must with fermentation prevented or arrested by the addition of alcohol :-- In containers holding 2 l or less,24212,"Wine of fresh grapes, except sparkling wine; grape must"
220429,Other wine; grape must with fermentation prevented or arrested by the addition of alcohol :-- Other,24212,"Wine of fresh grapes, except sparkling wine; grape must"
220430,Other grape must,24212,"Wine of fresh grapes, except sparkling wine; grape must"
220510,In containers holding 2 l or less,24213,Vermouth and other wine of fresh grapes flavoured with plants or aromatic substances
220590,Other,24213,Vermouth and other wine of fresh grapes flavoured with plants or aromatic substances
220600,"Other fermented beverages (for example, cider, perry, mead); mixtures of fermented beverages and mixtures of fermented beverages and non-alcoholic beverages, not elsewhere specified or included.",2422,"Cider, perry, mead and other fermented beverages, except wine of fresh grapes"
220710,Undenatured ethyl alcohol of an alcoholic strength by volume of 80 % vol or higher,2411,Undenatured ethyl alcohol of an alcoholic strength by volume of 80%
220720,"Ethyl alcohol and other spirits, denatured, of any strength",2412,"Ethyl alcohol and other spirits, denatured, of any strength"
220820,Spirits obtained by distilling grape wine or grape marc,2413,Undenatured ethyl alcohol of an alcoholic strength by volume of less
220830,Whiskies,2413,Undenatured ethyl alcohol of an alcoholic strength by volume of less
220840,Rum and tafia,2413,Undenatured ethyl alcohol of an alcoholic strength by volume of less
220850,Gin and Geneva,2413,Undenatured ethyl alcohol of an alcoholic strength by volume of less
220860,Vodka,2413,Undenatured ethyl alcohol of an alcoholic strength by volume of less
220870,Liqueurs and cordials,2413,Undenatured ethyl alcohol of an alcoholic strength by volume of less
220890,Other,2413,Undenatured ethyl alcohol of an alcoholic strength by volume of less
220900,Vinegar and substitutes for vinegar obtained from acetic acid.,23994,Vinegar and substitutes therefor obtained from acetic acid
230110,"Flours, meals and pellets, of meat or meat offal; greaves",2114,"Flours, meals and pellets of meat or meat offal, inedible; greaves"
230120,"Flours, meals and pellets, of fish or of crustaceans, molluscs or other aquatic invertebrates",21291,"Flours, meals and pellets, inedible, of fish, crustaceans, molluscs or"
230210,Of maize (corn),3912,Bran and other residues from the working of cereals or legumes; vegetable materials and vegetable
230220,Of rice,3912,Bran and other residues from the working of cereals or legumes; vegetable materials and vegetable
230230,Of wheat,3912,Bran and other residues from the working of cereals or legumes; vegetable materials and vegetable
230240,Of other cereals,3912,Bran and other residues from the working of cereals or legumes; vegetable materials and vegetable
230250,Of leguminous plants,3912,Bran and other residues from the working of cereals or legumes; vegetable materials and vegetable
230310,Residues of starch manufacture and similar residues,3913,Residues of starch manufacture and similar residues
230320,"Beet-pulp, bagasse and other waste of sugar manufacture",3914,"Beet-pulp, bagasse and other waste of sugar manufacture"
230330,Brewing or distilling dregs and waste,3917,Brewing or distilling dregs and waste
230400,"Oil-cake and other solid residues, whether or not ground or in the form of pellets, resulting from the extraction of soyabean oil.",2181,"Oil-cake and other solid residues, whether or not ground or in the form of pellets, resulting from the"
230500,"Oil-cake and other solid residues, whether or not ground or in the form of pellets, resulting from the extraction of ground-nut oil.",2181,"Oil-cake and other solid residues, whether or not ground or in the form of pellets, resulting from the"
230610,Of cotton seeds,2181,"Oil-cake and other solid residues, whether or not ground or in the form of pellets, resulting from the"
230620,Of linseed,2181,"Oil-cake and other solid residues, whether or not ground or in the form of pellets, resulting from the"
230630,Of sunflower seeds,2181,"Oil-cake and other solid residues, whether or not ground or in the form of pellets, resulting from the"
230640,Of rape or colza seeds,2181,"Oil-cake and other solid residues, whether or not ground or in the form of pellets, resulting from the"
230650,Of coconut or copra,2181,"Oil-cake and other solid residues, whether or not ground or in the form of pellets, resulting from the"
230660,Of palm nuts or kernels,2181,"Oil-cake and other solid residues, whether or not ground or in the form of pellets, resulting from the"
230670,Of maize (corn) germ,2181,"Oil-cake and other solid residues, whether or not ground or in the form of pellets, resulting from the"
230690,Other,2181,"Oil-cake and other solid residues, whether or not ground or in the form of pellets, resulting from the"
230700,Wine lees; argol.,3918,Wine lees; argol
230810,Acorns and horse-chestnuts,3912,Bran and other residues from the working of cereals or legumes; vegetable materials and vegetable
230890,Other,3912,Bran and other residues from the working of cereals or legumes; vegetable materials and vegetable
230910,"Dog or cat food, put up for retail sale",233,Preparations used in animal feeding
230990,Other,233,Preparations used in animal feeding
240110,"Tobacco, not stemmed/stripped",017,Unmanufactured tobacco
240120,"Tobacco, partly or wholly stemmed/stripped",017,Unmanufactured tobacco
240130,Tobacco refuse,3919,Tobacco refuse
240210,"Cigars, cheroots and cigarillos, containing tobacco",2501,"Cigars, cheroots, cigarillos and cigarettes of tobacco or tobacco substitutes"
240220,Cigarettes containing tobacco,2501,"Cigars, cheroots, cigarillos and cigarettes of tobacco or tobacco substitutes"
240290,Other,2501,"Cigars, cheroots, cigarillos and cigarettes of tobacco or tobacco substitutes"
240310,"Smoking tobacco, whether or not containing tobacco substitutes in any proportion",2509,Other manufactured tobacco and manufactured tobacco substitutes; homogenised or reconstituted
240391,Other :-- Homogenised or reconstituted tobacco,2509,Other manufactured tobacco and manufactured tobacco substitutes; homogenised or reconstituted
240399,Other,2509,Other manufactured tobacco and manufactured tobacco substitutes; homogenised or reconstituted
250100,"Salt (including table salt and denatured salt) and pure sodium chloride, whether or not in aqueous solution or containing added anti-caking or free-flowing agents; sea water.",162,Salt and pure sodium chloride; sea water
250200,Unroasted iron pyrites.,1612,Unroasted iron pyrites; crude or unrefined sulphur
250300,"Sulphur of all kinds, other than sublimed sulphur, precipitated sulphur and colloidal sulphur.",1612,Unroasted iron pyrites; crude or unrefined sulphur
250410,In powder or in flakes,1639,Other minerals n.e.c.
250490,Other,1639,Other minerals n.e.c.
250510,Silica sands and quartz sands,1531,Natural sands
250590,Other,1531,Natural sands
250610,Quartz,1639,Other minerals n.e.c.
250621,Quartzite :-- Crude or roughly trimmed,1639,Other minerals n.e.c.
250629,Quartzite :-- Other,1639,Other minerals n.e.c.
250700,"Kaolin and other kaolinic clays, whether or not calcined.",154,Clays
250810,Bentonite,154,Clays
250820,Decolourising earths and fuller's earth,154,Clays
250830,Fire-clay,154,Clays
250840,Other clays,154,Clays
250850,"Andalusite, kyanite and sillimanite",154,Clays
250860,Mullite,154,Clays
250870,Chamotte or dinas earths,154,Clays
250900,Chalk.,1633,Chalk and dolomite
251010,Unground,1611,"Natural calcium phosphates, natural aluminum calcium phosphates and"
251020,Ground,1611,"Natural calcium phosphates, natural aluminum calcium phosphates and"
251110,Natural barium sulphate (barytes),1619,Other chemical minerals
251120,Natural barium carbonate (witherite),1619,Other chemical minerals
251200,"Siliceous fossil meals (for example, kieselguhr, tripolite and diatomite) and similar siliceous earths, whether or not calcined, of an apparent specific gravity of 1 or less.",1639,Other minerals n.e.c.
251311,"Pumice stone :-- Crude or in irregular pieces, including crushed pumice (bimskies)",1632,"Industrial diamonds, unworked or simply sawn, cleaved or bruted; pumice stone; emery; natural"
251319,Pumice stone :-- Other,1632,"Industrial diamonds, unworked or simply sawn, cleaved or bruted; pumice stone; emery; natural"
251320,"Emery, natural corundum, natural garnet and other natural abrasives",1632,"Industrial diamonds, unworked or simply sawn, cleaved or bruted; pumice stone; emery; natural"
251400,"Slate, whether or not roughly trimmed or merely cut, by sawing or otherwise, into blocks or slabs of a rectangular (including square) shape.",1511,Slate
251511,Marble and travertine :-- Crude or roughly trimmed,1512,Marble and other calcareous monumental or building stone
251512,"Marble and travertine :-- Merely cut, by sawing or otherwise, into blocks or slabs of a rectangular (including square) shape",1512,Marble and other calcareous monumental or building stone
251520,Ecaussine and other calcareous monumental or building stone; alabaster,1512,Marble and other calcareous monumental or building stone
251611,Granite :-- Crude or roughly trimmed,1513,"Granite, sandstone and other monumental or building stone"
251612,"Granite :-- Merely cut, by sawing or otherwise, into blocks or slabs of a rectangular (including square) shape",1513,"Granite, sandstone and other monumental or building stone"
251621,Sandstone :-- Crude or roughly trimmed,1513,"Granite, sandstone and other monumental or building stone"
251622,"Sandstone :-- Merely cut, by sawing or otherwise, into blocks or slabs of a rectangular (including square) shape",1513,"Granite, sandstone and other monumental or building stone"
251690,Other monumental or building stone,1513,"Granite, sandstone and other monumental or building stone"
251710,"Pebbles, gravel, broken or crushed stone, of a kind commonly used for concrete aggregates, for road metalling or for railway or other ballast, shingle and flint, whether or not heat-treated",1532,"Pebbles, gravel, broken or crushed stone, macadam; tarred macadam; granules, chippings and powder"
251720,"Macadam of slag, dross or similar industrial waste, whether or not incorporating the materials cited in subheading No. 2517.10",1532,"Pebbles, gravel, broken or crushed stone, macadam; tarred macadam; granules, chippings and powder"
251730,Tarred macadam,1532,"Pebbles, gravel, broken or crushed stone, macadam; tarred macadam; granules, chippings and powder"
251741,"Granules, chippings and powder, of stones of heading No. 25.15 or 25.16, whether or not heat-treated :-- Of marble",1532,"Pebbles, gravel, broken or crushed stone, macadam; tarred macadam; granules, chippings and powder"
251749,"Granules, chippings and powder, of stones of heading No. 25.15 or 25.16, whether or not heat-treated :-- Other",1532,"Pebbles, gravel, broken or crushed stone, macadam; tarred macadam; granules, chippings and powder"
251810,Dolomite not calcined,1633,Chalk and dolomite
251820,Calcined dolomite,1633,Chalk and dolomite
251830,Agglomerated dolomite (including tarred dolomite),1633,Chalk and dolomite
251910,Natural magnesium carbonate (magnesite),1639,Other minerals n.e.c.
251990,Other,1639,Other minerals n.e.c.
252010,Gypsum; anhydrite,152,"Gypsum; anhydrite; limestone flux; limestone and other calcareous stone,"
252020,Plasters,3741,Plasters
252100,"Limestone flux; limestone and other calcareous stone, of a kind used for the manufacture of lime or cement.",152,"Gypsum; anhydrite; limestone flux; limestone and other calcareous stone,"
252210,Quicklime,3742,"Quicklime, slaked lime and hydraulic lime"
252220,Slaked lime,3742,"Quicklime, slaked lime and hydraulic lime"
252230,Hydraulic lime,3742,"Quicklime, slaked lime and hydraulic lime"
252310,Cement clinkers,3743,Cement clinkers
252321,"Portland cement :-- White cement, whether or not artificially coloured",3744,"Portland cement, aluminous cement, slag cement and similar hydraulic cements,"
252329,Portland cement :-- Other,3744,"Portland cement, aluminous cement, slag cement and similar hydraulic cements,"
252330,Aluminous cement,3744,"Portland cement, aluminous cement, slag cement and similar hydraulic cements,"
252390,Other hydraulic cements,3744,"Portland cement, aluminous cement, slag cement and similar hydraulic cements,"
252400,Asbestos.,1639,Other minerals n.e.c.
252510,Crude mica and mica rifted into sheets or splittings,1639,Other minerals n.e.c.
252520,Mica powder,1639,Other minerals n.e.c.
252530,Mica waste,1639,Other minerals n.e.c.
252610,"Not crushed, not powdered",1639,Other minerals n.e.c.
252620,Crushed or powdered,1639,Other minerals n.e.c.
252700,Natural cryolite; natural chiolite.,1619,Other chemical minerals
252810,Natural sodium borates and concentrates thereof (whether or not calcined),1619,Other chemical minerals
252890,Other,1619,Other chemical minerals
252910,Felspar,1639,Other minerals n.e.c.
252921,Fluorspar :-- Containing by weight 97 % or less of calcium fluoride,1619,Other chemical minerals
252922,Fluorspar :-- Containing by weight more than 97 % of calcium fluoride,1619,Other chemical minerals
252930,Leucite; nepheline and nepheline syenite,1639,Other minerals n.e.c.
253010,"Vermiculite, perlite and chlorites, unexpanded",1639,Other minerals n.e.c.
253020,"Kieserite, epsomite (natural magnesium sulphates)",1619,Other chemical minerals
253040,Natural micaceous iron oxides,1619,Other chemical minerals
253090,Other,1619,Other chemical minerals
260111,"Iron ores and concentrates, other than roasted iron pyrites :-- Non-agglomerated",141,"Iron ores and concentrates, other than roasted iron pyrites"
260112,"Iron ores and concentrates, other than roasted iron pyrites :-- Agglomerated",141,"Iron ores and concentrates, other than roasted iron pyrites"
260120,Roasted iron pyrites,3453,Roasted iron pyrites
260200,"Manganese ores and concentrates, including ferruginous manganese ores and concentrates with a manganese content of 20 % or more, calculated on the dry weight.",1429,Other non-ferrous metal ores and concentrates (other than uranium or thorium ores and concentrates)
260300,Copper ores and concentrates.,1421,Copper ores and concentrates
260400,Nickel ores and concentrates.,1422,Nickel ores and concentrates
260500,Cobalt ores and concentrates.,1429,Other non-ferrous metal ores and concentrates (other than uranium or thorium ores and concentrates)
260600,Aluminium ores and concentrates.,1423,Aluminium ores and concentrates
260700,Lead ores and concentrates.,1429,Other non-ferrous metal ores and concentrates (other than uranium or thorium ores and concentrates)
260800,Zinc ores and concentrates.,1429,Other non-ferrous metal ores and concentrates (other than uranium or thorium ores and concentrates)
260900,Tin ores and concentrates.,1429,Other non-ferrous metal ores and concentrates (other than uranium or thorium ores and concentrates)
261000,Chromium ores and concentrates.,1429,Other non-ferrous metal ores and concentrates (other than uranium or thorium ores and concentrates)
261100,Tungsten ores and concentrates.,1429,Other non-ferrous metal ores and concentrates (other than uranium or thorium ores and concentrates)
261210,Uranium ores and concentrates,130,Uranium and thorium ores and concentrates
261220,Thorium ores and concentrates,130,Uranium and thorium ores and concentrates
261310,Roasted,1429,Other non-ferrous metal ores and concentrates (other than uranium or thorium ores and concentrates)
261390,Other,1429,Other non-ferrous metal ores and concentrates (other than uranium or thorium ores and concentrates)
261400,Titanium ores and concentrates.,1429,Other non-ferrous metal ores and concentrates (other than uranium or thorium ores and concentrates)
261510,Zirconium ores and concentrates,1429,Other non-ferrous metal ores and concentrates (other than uranium or thorium ores and concentrates)
261590,Other,1429,Other non-ferrous metal ores and concentrates (other than uranium or thorium ores and concentrates)
261610,Silver ores and concentrates,1424,Precious metal ores and concentrates
261690,Other,1424,Precious metal ores and concentrates
261710,Antimony ores and concentrates,1429,Other non-ferrous metal ores and concentrates (other than uranium or thorium ores and concentrates)
261790,Other,1429,Other non-ferrous metal ores and concentrates (other than uranium or thorium ores and concentrates)
261800,Granulated slag (slag sand) from the manufacture of iron or steel.,3931,"Slag, dross, scalings and other waste from the manufacture of iron or steel"
261900,"Slag, dross (other than granulated slag), scalings and other waste from the manufacture of iron or steel.",3931,"Slag, dross, scalings and other waste from the manufacture of iron or steel"
262011,Containing mainly zinc :-- Hard zinc spelter,3932,"Ash and residue (except from the manufacture of iron or steel), containing metals or metallic"
262019,Containing mainly zinc :-- Other,3932,"Ash and residue (except from the manufacture of iron or steel), containing metals or metallic"
262020,Containing mainly lead,3932,"Ash and residue (except from the manufacture of iron or steel), containing metals or metallic"
262030,Containing mainly copper,3932,"Ash and residue (except from the manufacture of iron or steel), containing metals or metallic"
262040,Containing mainly aluminium,3932,"Ash and residue (except from the manufacture of iron or steel), containing metals or metallic"
262050,Containing mainly vanadium,3932,"Ash and residue (except from the manufacture of iron or steel), containing metals or metallic"
262090,Other,3932,"Ash and residue (except from the manufacture of iron or steel), containing metals or metallic"
262100,"Other slag and ash, including seaweed ash (kelp).",1639,Other minerals n.e.c.
270111,"Coal, whether or not pulverised, but not agglomerated :-- Anthracite",1101,"Coal, not agglomerated"
270112,"Coal, whether or not pulverised, but not agglomerated :-- Bituminous coal",1101,"Coal, not agglomerated"
270119,"Coal, whether or not pulverised, but not agglomerated :-- Other coal",1101,"Coal, not agglomerated"
270120,"Briquettes, ovoids and similar solid fuels manufactured from coal",1102,Briquettes and similar solid fuels manufactured from coal
270210,"Lignite, whether or not pulverised, but not agglomerated",1103,"Lignite, whether or not agglomerated"
270220,Agglomerated lignite,1103,"Lignite, whether or not agglomerated"
270300,"Peat (including peat litter), whether or not agglomerated.",1104,Peat
270400,"Coke and semi-coke of coal, of lignite or of peat, whether or not agglomerated; retort carbon.",331,"Coke and semi-coke of coal, of lignite or of peat; retort carbon"
270500,"Coal gas, water gas, producer gas and similar gases, other than petroleum gases and other gaseous hydrocarbons.",172,"Coal gas, water gas, producer gas and similar gases, other than petroleum gases and other gaseous"
270600,"Tar distilled from coal, from lignite or from peat, and other mineral tars, whether or not dehydrated or partially distilled, including reconstituted tars.",332,"Tar distilled from coal, from lignite or from peat, and other mineral tars"
270710,Benzole,3454,"Oils and other products of the distillation of high temperature coal tar, and similar products;"
270720,Toluole,3454,"Oils and other products of the distillation of high temperature coal tar, and similar products;"
270730,Xylole,3454,"Oils and other products of the distillation of high temperature coal tar, and similar products;"
270740,Naphthalene,3454,"Oils and other products of the distillation of high temperature coal tar, and similar products;"
270750,Other aromatic hydrocarbon mixtures of which 65 % or more by volume (including losses) distils at 250 (C by the ASTM D 86 method,3454,"Oils and other products of the distillation of high temperature coal tar, and similar products;"
270760,Phenols,3454,"Oils and other products of the distillation of high temperature coal tar, and similar products;"
270791,Other :-- Creosote oils,3454,"Oils and other products of the distillation of high temperature coal tar, and similar products;"
270799,Other,3454,"Oils and other products of the distillation of high temperature coal tar, and similar products;"
270810,Pitch,3454,"Oils and other products of the distillation of high temperature coal tar, and similar products;"
270820,Pitch coke,3454,"Oils and other products of the distillation of high temperature coal tar, and similar products;"
270900,"Petroleum oils and oils obtained from bituminous minerals, crude.",1201,"Petroleum oils and oils obtained from bituminous minerals, crude"
271000,"Petroleum oils and oils obtained from bituminous minerals, other than crude; preparations not elsewhere specified or included, containing by weight 70% or more of petroleum oils or of oils obtained from bituminous minerals, these oils b",333,"Petroleum oils and oils obtained from bituminous materials, other than"
271111,Liquefied :-- Natural gas,1202,"Natural gas, liquefied or in the gaseous state"
271112,Liquefied :-- Propane,3341,"Propane and butanes, liquefied"
271113,Liquefied :-- Butanes,3341,"Propane and butanes, liquefied"
271114,"Liquefied :-- Ethylene, propylene, butylene et butadiene",3342,"Ethylene, propylene, butylene, butadiene and other petroleum gases or gaseous hydrocarbons, except"
271119,Liquefied :-- Other,3342,"Ethylene, propylene, butylene, butadiene and other petroleum gases or gaseous hydrocarbons, except"
271121,In gaseous state :-- Natural gas,1202,"Natural gas, liquefied or in the gaseous state"
271129,In gaseous state :-- Other,3342,"Ethylene, propylene, butylene, butadiene and other petroleum gases or gaseous hydrocarbons, except"
271210,Petroleum jelly,335,"Petroleum jelly; paraffin wax, micro- crystalline petroleum wax, slack wax,"
271220,Paraffin wax containing by weight less than 0.75 % of oil,335,"Petroleum jelly; paraffin wax, micro- crystalline petroleum wax, slack wax,"
271290,Other,335,"Petroleum jelly; paraffin wax, micro- crystalline petroleum wax, slack wax,"
271311,Petroleum coke :-- Not calcined,335,"Petroleum jelly; paraffin wax, micro- crystalline petroleum wax, slack wax,"
271312,Petroleum coke :-- Calcined,335,"Petroleum jelly; paraffin wax, micro- crystalline petroleum wax, slack wax,"
271320,Petroleum bitumen,335,"Petroleum jelly; paraffin wax, micro- crystalline petroleum wax, slack wax,"
271390,Other residues of petroleum oils or of oils obtained from bituminous minerals,335,"Petroleum jelly; paraffin wax, micro- crystalline petroleum wax, slack wax,"
271410,Bituminous or oil shale and tar sands,1203,Bituminous or oil shale and tar sands
271490,Other,1533,"Bitumen and asphalt, natural; asphaltites and asphaltic rock"
271500,"Bituminous mixtures based on natural asphalt, on natural bitumen, on petroleum bitumen, on mineral tar or on mineral tar pitch (for example, bituminous mastics, cut-backs).",3794,"Bituminous mixtures based on natural asphalt, on natural bitumen, on"
271600,Electrical energy. (optional heading),171,Electrical energy
280110,Chlorine,3423,"Chemical elements, n.e.c.; inorganic acids except nitric and sulphonitric; inorganic oxygen"
280120,Iodine,3423,"Chemical elements, n.e.c.; inorganic acids except nitric and sulphonitric; inorganic oxygen"
280130,Fluorine; bromine,3423,"Chemical elements, n.e.c.; inorganic acids except nitric and sulphonitric; inorganic oxygen"
280200,"Sulphur, sublimed or precipitated; colloidal sulphur.",3423,"Chemical elements, n.e.c.; inorganic acids except nitric and sulphonitric; inorganic oxygen"
280300,Carbon (carbon blacks and other forms of carbon not elsewhere specified or included).,3423,"Chemical elements, n.e.c.; inorganic acids except nitric and sulphonitric; inorganic oxygen"
280410,Hydrogen,3421,"Hydrogen, nitrogen, oxygen, carbon dioxide and rare gases; inorganic"
280421,Rare gases :-- Argon,3421,"Hydrogen, nitrogen, oxygen, carbon dioxide and rare gases; inorganic"
280429,Rare gases :-- Other,3421,"Hydrogen, nitrogen, oxygen, carbon dioxide and rare gases; inorganic"
280430,Nitrogen,3421,"Hydrogen, nitrogen, oxygen, carbon dioxide and rare gases; inorganic"
280440,Oxygen,3421,"Hydrogen, nitrogen, oxygen, carbon dioxide and rare gases; inorganic"
280450,Boron; tellurium,3423,"Chemical elements, n.e.c.; inorganic acids except nitric and sulphonitric; inorganic oxygen"
280461,Silicon :-- Containing by weight not less than 99.99 % of silicon,3423,"Chemical elements, n.e.c.; inorganic acids except nitric and sulphonitric; inorganic oxygen"
280469,Silicon :-- Other,3423,"Chemical elements, n.e.c.; inorganic acids except nitric and sulphonitric; inorganic oxygen"
280470,Phosphorus,3423,"Chemical elements, n.e.c.; inorganic acids except nitric and sulphonitric; inorganic oxygen"
280480,Arsenic,3423,"Chemical elements, n.e.c.; inorganic acids except nitric and sulphonitric; inorganic oxygen"
280490,Selenium,3423,"Chemical elements, n.e.c.; inorganic acids except nitric and sulphonitric; inorganic oxygen"
280511,Alkali metals :-- Sodium,3423,"Chemical elements, n.e.c.; inorganic acids except nitric and sulphonitric; inorganic oxygen"
280519,Alkali metals :-- Other,3423,"Chemical elements, n.e.c.; inorganic acids except nitric and sulphonitric; inorganic oxygen"
280521,Alkaline-earth metals :-- Calcium,3423,"Chemical elements, n.e.c.; inorganic acids except nitric and sulphonitric; inorganic oxygen"
280522,Alkaline-earth metals :-- Strontium and barium,3423,"Chemical elements, n.e.c.; inorganic acids except nitric and sulphonitric; inorganic oxygen"
280530,"Rare-earth metals, scandium and yttrium, whether or not intermixed or interalloyed",3423,"Chemical elements, n.e.c.; inorganic acids except nitric and sulphonitric; inorganic oxygen"
280540,Mercury,3423,"Chemical elements, n.e.c.; inorganic acids except nitric and sulphonitric; inorganic oxygen"
280610,Hydrogen chloride (hydrochloric acid),3423,"Chemical elements, n.e.c.; inorganic acids except nitric and sulphonitric; inorganic oxygen"
280620,Chlorosulphuric acid,3423,"Chemical elements, n.e.c.; inorganic acids except nitric and sulphonitric; inorganic oxygen"
280700,Sulphuric acid; oleum.,3423,"Chemical elements, n.e.c.; inorganic acids except nitric and sulphonitric; inorganic oxygen"
280800,Nitric acid; sulphonitric acids.,34611,Nitric acid; sulphonitric acids; ammonia
280910,Diphosphorus pentaoxide,3423,"Chemical elements, n.e.c.; inorganic acids except nitric and sulphonitric; inorganic oxygen"
280920,Phosphoric acid and polyphosphoric acids,3423,"Chemical elements, n.e.c.; inorganic acids except nitric and sulphonitric; inorganic oxygen"
281000,Oxides of boron; boric acids.,3423,"Chemical elements, n.e.c.; inorganic acids except nitric and sulphonitric; inorganic oxygen"
281111,Other inorganic acids :-- Hydrogen fluoride (hydrofluoric acid),3423,"Chemical elements, n.e.c.; inorganic acids except nitric and sulphonitric; inorganic oxygen"
281119,Other inorganic acids :-- Other,3423,"Chemical elements, n.e.c.; inorganic acids except nitric and sulphonitric; inorganic oxygen"
281121,Other inorganic oxygen compounds of non-metals : -- Carbon dioxide,3421,"Hydrogen, nitrogen, oxygen, carbon dioxide and rare gases; inorganic"
281122,Other inorganic oxygen compounds of non-metals : -- Silicon dioxide,3423,"Chemical elements, n.e.c.; inorganic acids except nitric and sulphonitric; inorganic oxygen"
281123,Other inorganic oxygen compounds of non-metals : -- Sulphur dioxide,3423,"Chemical elements, n.e.c.; inorganic acids except nitric and sulphonitric; inorganic oxygen"
281129,Other inorganic oxygen compounds of non-metals : -- Other,3421,"Hydrogen, nitrogen, oxygen, carbon dioxide and rare gases; inorganic"
281210,Chlorides and chlorid,3423,"Chemical elements, n.e.c.; inorganic acids except nitric and sulphonitric; inorganic oxygen"
281290,Other,3423,"Chemical elements, n.e.c.; inorganic acids except nitric and sulphonitric; inorganic oxygen"
281310,Carbon disulphide,3423,"Chemical elements, n.e.c.; inorganic acids except nitric and sulphonitric; inorganic oxygen"
281390,Other,3423,"Chemical elements, n.e.c.; inorganic acids except nitric and sulphonitric; inorganic oxygen"
281410,Anhydrous ammonia,34611,Nitric acid; sulphonitric acids; ammonia
281420,Ammonia in aqueous solution,34611,Nitric acid; sulphonitric acids; ammonia
281511,Sodium hydroxide (caustic soda):-- Solid,3423,"Chemical elements, n.e.c.; inorganic acids except nitric and sulphonitric; inorganic oxygen"
281512,Sodium hydroxide (caustic soda):-- In aqueous solution (soda lye or liquid soda),3423,"Chemical elements, n.e.c.; inorganic acids except nitric and sulphonitric; inorganic oxygen"
281520,Potassium hydroxide (caustic potash),3423,"Chemical elements, n.e.c.; inorganic acids except nitric and sulphonitric; inorganic oxygen"
281530,Peroxides of sodium or potassium,3423,"Chemical elements, n.e.c.; inorganic acids except nitric and sulphonitric; inorganic oxygen"
281610,Hydroxide and peroxide of magnesium,3423,"Chemical elements, n.e.c.; inorganic acids except nitric and sulphonitric; inorganic oxygen"
281620,"Oxide, hydroxide and peroxide of strontium",3423,"Chemical elements, n.e.c.; inorganic acids except nitric and sulphonitric; inorganic oxygen"
281630,"Oxide, hydroxide and peroxide of barium",3423,"Chemical elements, n.e.c.; inorganic acids except nitric and sulphonitric; inorganic oxygen"
281700,Zinc oxide; zinc peroxide,3422,Zinc oxide; zinc peroxide; chromium oxides and hydroxides; manganese
281810,"Artificial corundum, whether or not chemically defined",3796,Artificial corundum
281820,Aluminium oxide; other than artificial corundum,41432,"Alumina (aluminium oxide), except artificial corundum"
281830,Aluminium hydroxide,3423,"Chemical elements, n.e.c.; inorganic acids except nitric and sulphonitric; inorganic oxygen"
281910,Chromium trioxide,3422,Zinc oxide; zinc peroxide; chromium oxides and hydroxides; manganese
281990,Other,3422,Zinc oxide; zinc peroxide; chromium oxides and hydroxides; manganese
282010,Manganese dioxide,3422,Zinc oxide; zinc peroxide; chromium oxides and hydroxides; manganese
282090,Other,3422,Zinc oxide; zinc peroxide; chromium oxides and hydroxides; manganese
282110,Iron oxides and hydroxides,3422,Zinc oxide; zinc peroxide; chromium oxides and hydroxides; manganese
282120,Earth colours,3422,Zinc oxide; zinc peroxide; chromium oxides and hydroxides; manganese
282200,Cobalt oxides and hydroxides; commercial cobalt oxides,3422,Zinc oxide; zinc peroxide; chromium oxides and hydroxides; manganese
282300,Titanium oxides,3422,Zinc oxide; zinc peroxide; chromium oxides and hydroxides; manganese
282410,"Lead monoxide (litharge, massicot)",3422,Zinc oxide; zinc peroxide; chromium oxides and hydroxides; manganese
282420,Red lead and orange lead,3422,Zinc oxide; zinc peroxide; chromium oxides and hydroxides; manganese
282490,Other,3422,Zinc oxide; zinc peroxide; chromium oxides and hydroxides; manganese
282510,Hydrazine and hydroxylamine and their inorgani salts,3423,"Chemical elements, n.e.c.; inorganic acids except nitric and sulphonitric; inorganic oxygen"
282520,Lithium oxide and hydroxide,3422,Zinc oxide; zinc peroxide; chromium oxides and hydroxides; manganese
282530,Vanadium oxides and hydroxides,3422,Zinc oxide; zinc peroxide; chromium oxides and hydroxides; manganese
282540,Nickel oxides and hydroxides,3422,Zinc oxide; zinc peroxide; chromium oxides and hydroxides; manganese
282550,Copper oxides and hydroxides,3422,Zinc oxide; zinc peroxide; chromium oxides and hydroxides; manganese
282560,Germanium oxides and zirconium dioxide,3422,Zinc oxide; zinc peroxide; chromium oxides and hydroxides; manganese
282570,Molybdenum oxides and hydroxides,3422,Zinc oxide; zinc peroxide; chromium oxides and hydroxides; manganese
282580,Antimony oxides,3422,Zinc oxide; zinc peroxide; chromium oxides and hydroxides; manganese
282590,Other,3422,Zinc oxide; zinc peroxide; chromium oxides and hydroxides; manganese
282611,Fluorides:-- Of ammonium or of sodium,3424,Salts and peroxysalts of inorganic acids and metals n.e.c.;
282612,Fluorides:-- Of aluminium,3424,Salts and peroxysalts of inorganic acids and metals n.e.c.;
282619,Fluorides:-- Other,3424,Salts and peroxysalts of inorganic acids and metals n.e.c.;
282620,Fluorosilicates of sodium or of potassium,3424,Salts and peroxysalts of inorganic acids and metals n.e.c.;
282630,Sodium hexafluoroaluminate (synthetic cryolite),3424,Salts and peroxysalts of inorganic acids and metals n.e.c.;
282690,Other,3424,Salts and peroxysalts of inorganic acids and metals n.e.c.;
282710,Ammonium chloride,34612,Ammonium chloride; nitrites; nitrates of potassium; phosphates of triammonium; ammonium carbonates
282720,Calcium chloride,3424,Salts and peroxysalts of inorganic acids and metals n.e.c.;
282731,Other chlorides:-- Of magnesium,3424,Salts and peroxysalts of inorganic acids and metals n.e.c.;
282732,Other chlorides:-- Of aluminium,3424,Salts and peroxysalts of inorganic acids and metals n.e.c.;
282733,Other chlorides:-- Of iron,3424,Salts and peroxysalts of inorganic acids and metals n.e.c.;
282734,Other chlorides:-- Of cobalt,3424,Salts and peroxysalts of inorganic acids and metals n.e.c.;
282735,Other chlorides:-- Of nickel,3424,Salts and peroxysalts of inorganic acids and metals n.e.c.;
282736,Other chlorides:-- Of zinc,3424,Salts and peroxysalts of inorganic acids and metals n.e.c.;
282738,Other chlorides:-- Of barium,3424,Salts and peroxysalts of inorganic acids and metals n.e.c.;
282739,Other chlorides:-- Other,3424,Salts and peroxysalts of inorganic acids and metals n.e.c.;
282741,Chloride oxides and chloride hydroxides:-- Of copper,3424,Salts and peroxysalts of inorganic acids and metals n.e.c.;
282749,Chloride oxides and chloride hydroxides:-- Other,3424,Salts and peroxysalts of inorganic acids and metals n.e.c.;
282751,Bromides and bromide oxides:-- Bromides of sodium or of potassium,3424,Salts and peroxysalts of inorganic acids and metals n.e.c.;
282759,Bromides and bromide oxides:-- Other,3424,Salts and peroxysalts of inorganic acids and metals n.e.c.;
282760,Iodides and iodide oxides,3424,Salts and peroxysalts of inorganic acids and metals n.e.c.;
282810,Commercial calcium hypochlorite and other calcium hypochlorites,3424,Salts and peroxysalts of inorganic acids and metals n.e.c.;
282890,Other,3424,Salts and peroxysalts of inorganic acids and metals n.e.c.;
282911,Chlorates:-- Of sodium,3424,Salts and peroxysalts of inorganic acids and metals n.e.c.;
282919,Chlorates:-- Other,3424,Salts and peroxysalts of inorganic acids and metals n.e.c.;
282990,Other,3424,Salts and peroxysalts of inorganic acids and metals n.e.c.;
283010,Sodium sulphides,3424,Salts and peroxysalts of inorganic acids and metals n.e.c.;
283020,Zinc sulphide,3424,Salts and peroxysalts of inorganic acids and metals n.e.c.;
283030,Cadmium sulphide,3424,Salts and peroxysalts of inorganic acids and metals n.e.c.;
283090,Other,3424,Salts and peroxysalts of inorganic acids and metals n.e.c.;
283110,Of sodium,3424,Salts and peroxysalts of inorganic acids and metals n.e.c.;
283190,Other,3424,Salts and peroxysalts of inorganic acids and metals n.e.c.;
283210,Sodium sulphites,3424,Salts and peroxysalts of inorganic acids and metals n.e.c.;
283220,Other sulphites,3424,Salts and peroxysalts of inorganic acids and metals n.e.c.;
283230,Thiosulphates,3424,Salts and peroxysalts of inorganic acids and metals n.e.c.;
283311,Sodium sulphates:-- Disodium sulphate,3424,Salts and peroxysalts of inorganic acids and metals n.e.c.;
283319,Sodium sulphates:-- Other,3424,Salts and peroxysalts of inorganic acids and metals n.e.c.;
283321,Other sulphates:-- Of magnesium,3424,Salts and peroxysalts of inorganic acids and metals n.e.c.;
283322,Other sulphates:-- Of aluminium,3424,Salts and peroxysalts of inorganic acids and metals n.e.c.;
283323,Other sulphates:-- Of chromium,3424,Salts and peroxysalts of inorganic acids and metals n.e.c.;
283324,Other sulphates:-- Of nickel,3424,Salts and peroxysalts of inorganic acids and metals n.e.c.;
283325,Other sulphates:-- Of copper,3424,Salts and peroxysalts of inorganic acids and metals n.e.c.;
283326,Other sulphates:-- Of zinc,3424,Salts and peroxysalts of inorganic acids and metals n.e.c.;
283327,Other sulphates:-- Of barium,3424,Salts and peroxysalts of inorganic acids and metals n.e.c.;
283329,Other sulphates:-- Other,3424,Salts and peroxysalts of inorganic acids and metals n.e.c.;
283330,Alums,3424,Salts and peroxysalts of inorganic acids and metals n.e.c.;
283340,Peroxosulphates (persulphates),3424,Salts and peroxysalts of inorganic acids and metals n.e.c.;
283410,Nitrites,34612,Ammonium chloride; nitrites; nitrates of potassium; phosphates of triammonium; ammonium carbonates
283421,Nitrates:-- Of potassium,34612,Ammonium chloride; nitrites; nitrates of potassium; phosphates of triammonium; ammonium carbonates
283422,Nitrates:-- Of bismuth,3424,Salts and peroxysalts of inorganic acids and metals n.e.c.;
283429,Nitrates:-- Other,3424,Salts and peroxysalts of inorganic acids and metals n.e.c.;
283510,Phosphinates (hypophosphites) and phosphonates (phosphites),3424,Salts and peroxysalts of inorganic acids and metals n.e.c.;
283522,Phosphates:-- Of mono- or disodium,3424,Salts and peroxysalts of inorganic acids and metals n.e.c.;
283523,Phosphates:-- Of trisodium,3424,Salts and peroxysalts of inorganic acids and metals n.e.c.;
283524,Phosphates:-- Of potassium,3424,Salts and peroxysalts of inorganic acids and metals n.e.c.;
283525,Phosphates:-- Calcium hydrogenorthophosphate (dicalcium phosphate),3424,Salts and peroxysalts of inorganic acids and metals n.e.c.;
283526,Phosphates:-- Other phosphates of calcium,3424,Salts and peroxysalts of inorganic acids and metals n.e.c.;
283529,Phosphates:-- Other,3424,Salts and peroxysalts of inorganic acids and metals n.e.c.;
283531,Polyphosphates:-- Sodium triphosphate (sodium tripolyphosphate),3424,Salts and peroxysalts of inorganic acids and metals n.e.c.;
283539,Polyphosphates:-- Other,3424,Salts and peroxysalts of inorganic acids and metals n.e.c.;
283610,Commercial ammonium carbonate and other ammonium carbonates,34612,Ammonium chloride; nitrites; nitrates of potassium; phosphates of triammonium; ammonium carbonates
283620,Disodium carbonate,3424,Salts and peroxysalts of inorganic acids and metals n.e.c.;
283630,Sodium hydrogencarbonate (sodium bicarbonate),3424,Salts and peroxysalts of inorganic acids and metals n.e.c.;
283640,Potassium carbonates,3424,Salts and peroxysalts of inorganic acids and metals n.e.c.;
283650,Calcium carbonate,3424,Salts and peroxysalts of inorganic acids and metals n.e.c.;
283660,Barium carbonate,3424,Salts and peroxysalts of inorganic acids and metals n.e.c.;
283670,Lead carbonate,3424,Salts and peroxysalts of inorganic acids and metals n.e.c.;
283691,Other:-- Lithium carbonates,3424,Salts and peroxysalts of inorganic acids and metals n.e.c.;
283692,Other:-- Strontium carbonate,3424,Salts and peroxysalts of inorganic acids and metals n.e.c.;
283699,Other:-- Other,3424,Salts and peroxysalts of inorganic acids and metals n.e.c.;
283711,Cyanides and cyanide oxides:-- Of sodium,3427,"Cyanides, cyanide oxides and complex cyanides; fulminates, cyanates and"
283719,Cyanides and cyanide oxides:-- Other,3427,"Cyanides, cyanide oxides and complex cyanides; fulminates, cyanates and"
283720,Complex cyanides,3427,"Cyanides, cyanide oxides and complex cyanides; fulminates, cyanates and"
283800,"Fulminates, cyanates and thiocyanates",3427,"Cyanides, cyanide oxides and complex cyanides; fulminates, cyanates and"
283911,Of sodium:-- Sodium metasilicates,3427,"Cyanides, cyanide oxides and complex cyanides; fulminates, cyanates and"
283919,Of sodium:-- Other,3427,"Cyanides, cyanide oxides and complex cyanides; fulminates, cyanates and"
283920,Of potassium,3427,"Cyanides, cyanide oxides and complex cyanides; fulminates, cyanates and"
283990,Other,3427,"Cyanides, cyanide oxides and complex cyanides; fulminates, cyanates and"
284011,Disodium tetraborate (refined borax):-- Anhydrous,3427,"Cyanides, cyanide oxides and complex cyanides; fulminates, cyanates and"
284019,Disodium tetraborate (refined borax):-- Other,3427,"Cyanides, cyanide oxides and complex cyanides; fulminates, cyanates and"
284020,Other borates,3427,"Cyanides, cyanide oxides and complex cyanides; fulminates, cyanates and"
284030,Peroxoborates (perborates),3427,"Cyanides, cyanide oxides and complex cyanides; fulminates, cyanates and"
284110,Aluminates,3425,Salts of oxometallic or peroxometallic acids; colloidal precious metals and
284120,Chromates of zinc or of lead,3425,Salts of oxometallic or peroxometallic acids; colloidal precious metals and
284130,Sodium dichromate,3425,Salts of oxometallic or peroxometallic acids; colloidal precious metals and
284140,Potassium dichromate,3425,Salts of oxometallic or peroxometallic acids; colloidal precious metals and
284150,Other chromates and dichromates; peroxochromates,3425,Salts of oxometallic or peroxometallic acids; colloidal precious metals and
284161,"Manganites, manganates and permanganates:-- Potassium permanganate",3425,Salts of oxometallic or peroxometallic acids; colloidal precious metals and
284169,"Manganites, manganates and permanganates:-- Other",3425,Salts of oxometallic or peroxometallic acids; colloidal precious metals and
284170,Molybdates,3425,Salts of oxometallic or peroxometallic acids; colloidal precious metals and
284180,Tungstates (wolframates),3425,Salts of oxometallic or peroxometallic acids; colloidal precious metals and
284190,Other,3425,Salts of oxometallic or peroxometallic acids; colloidal precious metals and
284210,Double or complex silicates,3427,"Cyanides, cyanide oxides and complex cyanides; fulminates, cyanates and"
284290,Other,3427,"Cyanides, cyanide oxides and complex cyanides; fulminates, cyanates and"
284310,Colloidal precious metals,3425,Salts of oxometallic or peroxometallic acids; colloidal precious metals and
284321,Silver compounds:-- Silver intrate,3425,Salts of oxometallic or peroxometallic acids; colloidal precious metals and
284329,Silver compounds:-- Other,3425,Salts of oxometallic or peroxometallic acids; colloidal precious metals and
284330,Gold compounds,3425,Salts of oxometallic or peroxometallic acids; colloidal precious metals and
284390,Other compounds; amalgams,3425,Salts of oxometallic or peroxometallic acids; colloidal precious metals and
284410,"Natural uranium and its compounds; alloys, dispersions (including cermets), ceramic products and mixtures containing natural uranium or natural uranium compounds",3361,"Natural uranium and its compounds; alloys, dispersions, ceramic products"
284420,"Uranium enriched in U 235 and its compounds; plutonium and its compounds; alloys, dispersions (including cermets), ceramic products and mixtures containing uranium enriched in U 235, plutonium or compounds of these products",3362,"Uranium enriched in U235 and its compounds; plutonium and its compounds; alloys, dispersions,"
284430,"Uranium depleted in U 235 and its compounds; thorium and its compounds; alloys, dispersions (including cermets), ceramic products and mixtures containing uranium depleted in U 235, thorium or compounds of these products",3363,"Uranium depleted in U235 and its compounds; thorium and its compounds; alloys, dispersions,"
284440,"Radioactive elements and isotopes and compounds other than those of subheading No. 2844.10, 2844.20 or 2844.30; alloys, dispersions (including cermets), ceramic products and mixtures containing these elements, isotopes or compounds; r",3369,"Other radioactive elements and isotopes and compounds; alloys, dispersions, ceramic products and"
284450,Spent (irradiated) fuel elements (cartridges) of nuclear reactors,3372,Spent(irradiated) fuel elements (cartridges) of nuclear reactors
284510,Heavy water (deuterium oxide),3426,Isotopes n.e.c. and compounds thereof (including heavy water)
284590,Other,3426,Isotopes n.e.c. and compounds thereof (including heavy water)
284610,Cerium compounds,3429,"Compounds of rare earth metals, of yttrium or of scandium"
284690,Other,3429,"Compounds of rare earth metals, of yttrium or of scandium"
284700,"Hydrogen peroxyde, whether or not solidified with urea",3428,"Hydrogen peroxide; phosphides; carbides; hydrides, nitrides, azides"
284800,"Phosphides, whether or not chemically defined, excluding ferrophosphorus",3428,"Hydrogen peroxide; phosphides; carbides; hydrides, nitrides, azides"
284910,Of calcium,3428,"Hydrogen peroxide; phosphides; carbides; hydrides, nitrides, azides"
284920,Of silicon,3428,"Hydrogen peroxide; phosphides; carbides; hydrides, nitrides, azides"
284990,Other,3428,"Hydrogen peroxide; phosphides; carbides; hydrides, nitrides, azides"
285000,"Hydrides, nitrides, azides, silicides and borides, whether or not chemically defined, other than compounds which are also carbides of heading No. 28.49",3428,"Hydrogen peroxide; phosphides; carbides; hydrides, nitrides, azides"
285100,"Other inorganic compounds (including distilled or conductivity water and water of similar purity); liquid air (whether or not rare gases have been removed); compressed air; amalgams, other than amalgams of precious metals",3425,Salts of oxometallic or peroxometallic acids; colloidal precious metals and
290110,Saturated,3411,"Hydrocarbons and their halogenated, sulphonated, nitrated or nitrosated derivatives"
290121,Unsaturated:-- Ethylene,3411,"Hydrocarbons and their halogenated, sulphonated, nitrated or nitrosated derivatives"
290122,Unsaturated:-- propene (propylene),3411,"Hydrocarbons and their halogenated, sulphonated, nitrated or nitrosated derivatives"
290123,Unsaturated:-- Butene (butylene) and isomers thereo,3411,"Hydrocarbons and their halogenated, sulphonated, nitrated or nitrosated derivatives"
290124,"Unsaturated:-- Buta-1,3-diene and isoprene",3411,"Hydrocarbons and their halogenated, sulphonated, nitrated or nitrosated derivatives"
290129,Unsaturated:-- Other,3411,"Hydrocarbons and their halogenated, sulphonated, nitrated or nitrosated derivatives"
290211,"Cyclanes, cyclenes and cycloterpenes:-- Cyclohexane",3411,"Hydrocarbons and their halogenated, sulphonated, nitrated or nitrosated derivatives"
290219,"Cyclanes, cyclenes and cycloterpenes:-- Other",3411,"Hydrocarbons and their halogenated, sulphonated, nitrated or nitrosated derivatives"
290220,Benzene,3411,"Hydrocarbons and their halogenated, sulphonated, nitrated or nitrosated derivatives"
290230,Toluene,3411,"Hydrocarbons and their halogenated, sulphonated, nitrated or nitrosated derivatives"
290241,Xylenes:-- o-Xylene,3411,"Hydrocarbons and their halogenated, sulphonated, nitrated or nitrosated derivatives"
290242,Xylenes:-- m-Xylene,3411,"Hydrocarbons and their halogenated, sulphonated, nitrated or nitrosated derivatives"
290243,Xylenes:-- p-Xylene,3411,"Hydrocarbons and their halogenated, sulphonated, nitrated or nitrosated derivatives"
290244,Xylenes:-- Mixed xylene isomers,3411,"Hydrocarbons and their halogenated, sulphonated, nitrated or nitrosated derivatives"
290250,Styrene,3411,"Hydrocarbons and their halogenated, sulphonated, nitrated or nitrosated derivatives"
290260,Ethylbenzene,3411,"Hydrocarbons and their halogenated, sulphonated, nitrated or nitrosated derivatives"
290270,Cumene,3411,"Hydrocarbons and their halogenated, sulphonated, nitrated or nitrosated derivatives"
290290,Other,3411,"Hydrocarbons and their halogenated, sulphonated, nitrated or nitrosated derivatives"
290311,Saturated chlorinated derivatives of acyclic hydrocarbons:-- Chloromethane (methyl chloride) and chloroethane (ethylchloride),3411,"Hydrocarbons and their halogenated, sulphonated, nitrated or nitrosated derivatives"
290312,Saturated chlorinated derivatives of acyclic hydrocarbons:-- Dichloromethane (methylene chloride),3411,"Hydrocarbons and their halogenated, sulphonated, nitrated or nitrosated derivatives"
290313,Saturated chlorinated derivatives of acyclic hydrocarbons:-- Chloroforme (trichloromethane),3411,"Hydrocarbons and their halogenated, sulphonated, nitrated or nitrosated derivatives"
290314,Saturated chlorinated derivatives of acyclic hydrocarbons:-- Carbon tetrachloride,3411,"Hydrocarbons and their halogenated, sulphonated, nitrated or nitrosated derivatives"
290315,"Saturated chlorinated derivatives of acyclic hydrocarbons:-- 1,2-Dichloroethane (ethylene dichloride)",3411,"Hydrocarbons and their halogenated, sulphonated, nitrated or nitrosated derivatives"
290316,"Saturated chlorinated derivatives of acyclic hydrocarbons:-- 1,2-Dichloropropane (propylene dichloride) and dichlorobutanes",3411,"Hydrocarbons and their halogenated, sulphonated, nitrated or nitrosated derivatives"
290319,Saturated chlorinated derivatives of acyclic hydrocarbons:-- Other,3411,"Hydrocarbons and their halogenated, sulphonated, nitrated or nitrosated derivatives"
290321,Unsaturated chlorinated derivatives of acyclic hydrocarbons:-- Vinyl chloride (chloroethylene),3411,"Hydrocarbons and their halogenated, sulphonated, nitrated or nitrosated derivatives"
290322,Unsaturated chlorinated derivatives of acyclic hydrocarbons:-- Trichlolroethylene,3411,"Hydrocarbons and their halogenated, sulphonated, nitrated or nitrosated derivatives"
290323,Unsaturated chlorinated derivatives of acyclic hydrocarbons:-- Tetrachloroethylene (perchloroethylene),3411,"Hydrocarbons and their halogenated, sulphonated, nitrated or nitrosated derivatives"
290329,Unsaturated chlorinated derivatives of acyclic hydrocarbons:-- Other,3411,"Hydrocarbons and their halogenated, sulphonated, nitrated or nitrosated derivatives"
290330,"Fluorinated, brominated or iodinated derivatives of acyclic hydrocarbons",3411,"Hydrocarbons and their halogenated, sulphonated, nitrated or nitrosated derivatives"
290341,Halogenated derivatives of acyclic hydrocarbons containing two or more different halogens:-- Trichlorofluoromethane,3411,"Hydrocarbons and their halogenated, sulphonated, nitrated or nitrosated derivatives"
290342,Halogenated derivatives of acyclic hydrocarbons containing two or more different halogens:-- Dichlorodifluoromethane,3411,"Hydrocarbons and their halogenated, sulphonated, nitrated or nitrosated derivatives"
290343,Halogenated derivatives of acyclic hydrocarbons containing two or more different halogens:-- Trichlorotrifluoroethanes,3411,"Hydrocarbons and their halogenated, sulphonated, nitrated or nitrosated derivatives"
290344,Halogenated derivatives of acyclic hydrocarbons containing two or more different halogens:-- Dichlorotetrafluoroethanes and chloropentafluoroethane,3411,"Hydrocarbons and their halogenated, sulphonated, nitrated or nitrosated derivatives"
290345,Halogenated derivatives of acyclic hydrocarbons containing two or more different halogens:-- Other derivatives perhalogenated only with fluorine and chlorine,3411,"Hydrocarbons and their halogenated, sulphonated, nitrated or nitrosated derivatives"
290346,"Halogenated derivatives of acyclic hydrocarbons containing two or more different halogens:-- Bromochlorodifluoromethane, bromotrifluoromethane and dibromotetrafluoroethanes",3411,"Hydrocarbons and their halogenated, sulphonated, nitrated or nitrosated derivatives"
290347,Halogenated derivatives of acyclic hydrocarbons containing two or more different halogens:-- Other perhalogenated derivatives,3411,"Hydrocarbons and their halogenated, sulphonated, nitrated or nitrosated derivatives"
290349,Halogenated derivatives of acyclic hydrocarbons containing two or more different halogens:-- Other,3411,"Hydrocarbons and their halogenated, sulphonated, nitrated or nitrosated derivatives"
290351,"Halogenated derivatives of cyclanic, cyclenic or cycloterpenic hydrocarbons:-- 1,2,3,4,5,6-Hexachlorocyclohexane",3411,"Hydrocarbons and their halogenated, sulphonated, nitrated or nitrosated derivatives"
290359,"Halogenated derivatives of cyclanic, cyclenic or cycloterpenic hydrocarbons:-- Other",3411,"Hydrocarbons and their halogenated, sulphonated, nitrated or nitrosated derivatives"
290361,"Halogenated derivatives of aromatic hydrocarbons:-- Chlorobenzene, o-dichlorobenzene and p-dichlorobenzene",3411,"Hydrocarbons and their halogenated, sulphonated, nitrated or nitrosated derivatives"
290362,"Halogenated derivatives of aromatic hydrocarbons:-- Hexachlorobenzene and DDT (1,1,1-trichloro-2,2-bis (p-chlorophenyl)ethane)",3411,"Hydrocarbons and their halogenated, sulphonated, nitrated or nitrosated derivatives"
290369,Halogenated derivatives of aromatic hydrocarbons:-- Other,3411,"Hydrocarbons and their halogenated, sulphonated, nitrated or nitrosated derivatives"
290410,"Derivatives containing only sulpho groups, their salts and ethyl esters",3411,"Hydrocarbons and their halogenated, sulphonated, nitrated or nitrosated derivatives"
290420,Derivatives containing only nitro or only mitroso groups,3411,"Hydrocarbons and their halogenated, sulphonated, nitrated or nitrosated derivatives"
290490,Other,3411,"Hydrocarbons and their halogenated, sulphonated, nitrated or nitrosated derivatives"
290511,Saturated monohydric alcohols:-- Methanol (methyl alcohol),3413,"Alcohols, phenols, phenol-alcohols, and their halogenated, sulphonated,"
290512,Saturated monohydric alcohols:-- Propan-1-ol (propyl alcohol) and propan-2-ol (isopropyl alcohol),3413,"Alcohols, phenols, phenol-alcohols, and their halogenated, sulphonated,"
290513,Saturated monohydric alcohols:-- Butan-1-ol (n-butyl alcohol),3413,"Alcohols, phenols, phenol-alcohols, and their halogenated, sulphonated,"
290514,Saturated monohydric alcohols:-- Other butanols,3413,"Alcohols, phenols, phenol-alcohols, and their halogenated, sulphonated,"
290515,Saturated monohydric alcohols:-- Pentanol (amyl alcohol) and isomers thereof,3413,"Alcohols, phenols, phenol-alcohols, and their halogenated, sulphonated,"
290516,Saturated monohydric alcohols:-- Octanol (octyl alcohol) and isomers thereof,3413,"Alcohols, phenols, phenol-alcohols, and their halogenated, sulphonated,"
290517,"Saturated monohydric alcohols:-- Dodecan-1-ol (lauryl alcohol), hexadecan-1-ol (cetyl alcohol) and octadecan-1-ol (stearyl alcohol)",3413,"Alcohols, phenols, phenol-alcohols, and their halogenated, sulphonated,"
290519,Saturated monohydric alcohols:-- Other,3413,"Alcohols, phenols, phenol-alcohols, and their halogenated, sulphonated,"
290522,Unsaturated monohydric alcohols:-- Acyclic terpene alcohols,3413,"Alcohols, phenols, phenol-alcohols, and their halogenated, sulphonated,"
290529,Unsaturated monohydric alcohols:-- Other,3413,"Alcohols, phenols, phenol-alcohols, and their halogenated, sulphonated,"
290531,Diols:-- Ethylene glycol (ethanediol),3413,"Alcohols, phenols, phenol-alcohols, and their halogenated, sulphonated,"
290532,"Diols:-- Propylene glycol (propane-1,2-diol)",3413,"Alcohols, phenols, phenol-alcohols, and their halogenated, sulphonated,"
290539,Diols:-- Other,3413,"Alcohols, phenols, phenol-alcohols, and their halogenated, sulphonated,"
290541,"Other polyhydric alcohols:-- 2-Ethyl-2-(hydroxymethyl)propane-1,3-diol (trimethylolpropane)",3413,"Alcohols, phenols, phenol-alcohols, and their halogenated, sulphonated,"
290542,Other polyhydric alcohols:-- Pentaerythritol,3413,"Alcohols, phenols, phenol-alcohols, and their halogenated, sulphonated,"
290543,Other polyhydric alcohols:-- Mannitol,3413,"Alcohols, phenols, phenol-alcohols, and their halogenated, sulphonated,"
290544,Other polyhydric alcohols:-- D-glucitol (sorrbitol),3413,"Alcohols, phenols, phenol-alcohols, and their halogenated, sulphonated,"
290545,Other polyhydric alcohols:-- Glycerol,3457,Glycerol
290549,Other polyhydric alcohols:-- Other,3413,"Alcohols, phenols, phenol-alcohols, and their halogenated, sulphonated,"
290550,"Halogenated, sulphonated, nitrated or nitrosated derivatives of acyclic alcohols",3413,"Alcohols, phenols, phenol-alcohols, and their halogenated, sulphonated,"
290611,"Cyclanic, cyclenic or cycloterpenic:-- Menthol",3413,"Alcohols, phenols, phenol-alcohols, and their halogenated, sulphonated,"
290612,"Cyclanic, cyclenic or cycloterpenic:-- Cyclohexanol, methylcyclohexanols and dimethylcyclohexanols",3413,"Alcohols, phenols, phenol-alcohols, and their halogenated, sulphonated,"
290613,"Cyclanic, cyclenic or cycloterpenic:-- Sterols and inositols",3413,"Alcohols, phenols, phenol-alcohols, and their halogenated, sulphonated,"
290614,"Cyclanic, cyclenic or cycloterpenic:-- Terpineols",3413,"Alcohols, phenols, phenol-alcohols, and their halogenated, sulphonated,"
290619,"Cyclanic, cyclenic or cycloterpenic:-- Other",3413,"Alcohols, phenols, phenol-alcohols, and their halogenated, sulphonated,"
290621,Aromatic:-- Benzyl alcohol,3413,"Alcohols, phenols, phenol-alcohols, and their halogenated, sulphonated,"
290629,Aromatic:-- Other,3413,"Alcohols, phenols, phenol-alcohols, and their halogenated, sulphonated,"
290711,Monophenols :-- Phenol (hydroxybenzene) and its salts,3413,"Alcohols, phenols, phenol-alcohols, and their halogenated, sulphonated,"
290712,Monophenols :-- Cresols and their salts,3413,"Alcohols, phenols, phenol-alcohols, and their halogenated, sulphonated,"
290713,"Monophenols :-- Octylphenol, nonylphenol and their isomers; salts thereof",3413,"Alcohols, phenols, phenol-alcohols, and their halogenated, sulphonated,"
290714,Monophenols :-- Xylenols and their salts,3413,"Alcohols, phenols, phenol-alcohols, and their halogenated, sulphonated,"
290715,Monophenols :-- Naphthols and their salts,3413,"Alcohols, phenols, phenol-alcohols, and their halogenated, sulphonated,"
290719,Monophenols :-- Other,3413,"Alcohols, phenols, phenol-alcohols, and their halogenated, sulphonated,"
290721,Polyphenols :-- Resorcinol and its salts,3413,"Alcohols, phenols, phenol-alcohols, and their halogenated, sulphonated,"
290722,Polyphenols :-- Hydroquinone (quinol) and its salts,3413,"Alcohols, phenols, phenol-alcohols, and their halogenated, sulphonated,"
290723,"Polyphenols :-- 4,4'-Isopropylidenediphenol (bisphenol A, diphenylolpropane) and its salts",3413,"Alcohols, phenols, phenol-alcohols, and their halogenated, sulphonated,"
290729,Polyphenols :-- Other,3413,"Alcohols, phenols, phenol-alcohols, and their halogenated, sulphonated,"
290730,Phenol-alcohols,3413,"Alcohols, phenols, phenol-alcohols, and their halogenated, sulphonated,"
290810,Derivatives containing only halogen substituents and their salts,3413,"Alcohols, phenols, phenol-alcohols, and their halogenated, sulphonated,"
290820,"Derivatives containing only sulpho groups, their salts and esters",3413,"Alcohols, phenols, phenol-alcohols, and their halogenated, sulphonated,"
290890,Other,3413,"Alcohols, phenols, phenol-alcohols, and their halogenated, sulphonated,"
290911,"Acyclic ethers and their halogenated, sulphonated, nitrated or nitrosated derivatives :-- Diethyl ether",3417,"Ethers, alcohol peroxides, ether peroxides, epoxides, acetals and hemiacetals, and their halogenated,"
290919,"Acyclic ethers and their halogenated, sulphonated, nitrated or nitrosated derivatives :-- Other",3417,"Ethers, alcohol peroxides, ether peroxides, epoxides, acetals and hemiacetals, and their halogenated,"
290920,"Cyclanic, cyclenic or cycloterpenic ethers and their halogenated, sulphonated, nitrated or nitrosated derivatives",3417,"Ethers, alcohol peroxides, ether peroxides, epoxides, acetals and hemiacetals, and their halogenated,"
290930,"Aromatic ethers and their halogenated, sulphonated, nitrated or nitrosated derivatives",3417,"Ethers, alcohol peroxides, ether peroxides, epoxides, acetals and hemiacetals, and their halogenated,"
290941,"Ether-alcohols and their halogenated, sulphonated, nitrated or nitrosated derivatives :-- 2,2'-Oxydiethanol (diethylene glycol, digol)",3417,"Ethers, alcohol peroxides, ether peroxides, epoxides, acetals and hemiacetals, and their halogenated,"
290942,"Ether-alcohols and their halogenated, sulphonated, nitrated or nitrosated derivatives :-- Monomethyl ethers of ethylene glycol or of diethylene glycol",3417,"Ethers, alcohol peroxides, ether peroxides, epoxides, acetals and hemiacetals, and their halogenated,"
290943,"Ether-alcohols and their halogenated, sulphonated, nitrated or nitrosated derivatives :-- Monobutyl ethers of ethylene glycol or of diethylene glycol",3417,"Ethers, alcohol peroxides, ether peroxides, epoxides, acetals and hemiacetals, and their halogenated,"
290944,"Ether-alcohols and their halogenated, sulphonated, nitrated or nitrosated derivatives :-- Other monoalkylethers of ethylene glycol or of diethylene glycol",3417,"Ethers, alcohol peroxides, ether peroxides, epoxides, acetals and hemiacetals, and their halogenated,"
290949,"Ether-alcohols and their halogenated, sulphonated, nitrated or nitrosated derivatives :-- Other",3417,"Ethers, alcohol peroxides, ether peroxides, epoxides, acetals and hemiacetals, and their halogenated,"
290950,"Ether-phenols, ether-alcohol-phenols and their halogenated, sulphonated, nitrated or nitrosated derivatives",3417,"Ethers, alcohol peroxides, ether peroxides, epoxides, acetals and hemiacetals, and their halogenated,"
290960,"Alcohol peroxides, ether peroxides, ketone peroxides and their halogenated, sulphonated, nitrated or nitrosated derivatives",3417,"Ethers, alcohol peroxides, ether peroxides, epoxides, acetals and hemiacetals, and their halogenated,"
291010,Oxirane (ethylene oxide),3417,"Ethers, alcohol peroxides, ether peroxides, epoxides, acetals and hemiacetals, and their halogenated,"
291020,Methyloxirane (propylene oxide),3417,"Ethers, alcohol peroxides, ether peroxides, epoxides, acetals and hemiacetals, and their halogenated,"
291030,"1-Chloro-2,3-epoxypropane (epichlorohydrin)",3417,"Ethers, alcohol peroxides, ether peroxides, epoxides, acetals and hemiacetals, and their halogenated,"
291090,Other,3417,"Ethers, alcohol peroxides, ether peroxides, epoxides, acetals and hemiacetals, and their halogenated,"
291100,"Acetals and hemiacetals, whether or not with other oxygen function, and their halogenated, sulphonated, nitrated or nitrosated derivatives.",3417,"Ethers, alcohol peroxides, ether peroxides, epoxides, acetals and hemiacetals, and their halogenated,"
291211,Acyclic aldehydes without other oxygen function :-- Methanal (formaldehyde),3417,"Ethers, alcohol peroxides, ether peroxides, epoxides, acetals and hemiacetals, and their halogenated,"
291212,Acyclic aldehydes without other oxygen function :-- Ethanal (acetaldehyde),3417,"Ethers, alcohol peroxides, ether peroxides, epoxides, acetals and hemiacetals, and their halogenated,"
291213,"Acyclic aldehydes without other oxygen function :-- Butanal (butyraldehyde, normal isomer)",3417,"Ethers, alcohol peroxides, ether peroxides, epoxides, acetals and hemiacetals, and their halogenated,"
291219,Acyclic aldehydes without other oxygen function :-- Other,3417,"Ethers, alcohol peroxides, ether peroxides, epoxides, acetals and hemiacetals, and their halogenated,"
291221,Cyclic aldehydes without other oxygen function :-- Benzaldehyde,3417,"Ethers, alcohol peroxides, ether peroxides, epoxides, acetals and hemiacetals, and their halogenated,"
291229,Cyclic aldehydes without other oxygen function :-- Other,3417,"Ethers, alcohol peroxides, ether peroxides, epoxides, acetals and hemiacetals, and their halogenated,"
291230,Aldehyde-alcohols,3417,"Ethers, alcohol peroxides, ether peroxides, epoxides, acetals and hemiacetals, and their halogenated,"
291241,"Aldehyde-ethers, aldehyde-phenols and aldehydes with other oxygen function :-- Vanillin (4-hydroxy-3-methoxybenzaldehyde)",3417,"Ethers, alcohol peroxides, ether peroxides, epoxides, acetals and hemiacetals, and their halogenated,"
291242,"Aldehyde-ethers, aldehyde-phenols and aldehydes with other oxygen function :-- Ethylvanillin (3-ethoxy-4-hydroxybenzaldehyde)",3417,"Ethers, alcohol peroxides, ether peroxides, epoxides, acetals and hemiacetals, and their halogenated,"
291249,"Aldehyde-ethers, aldehyde-phenols and aldehydes with other oxygen function :-- Other",3417,"Ethers, alcohol peroxides, ether peroxides, epoxides, acetals and hemiacetals, and their halogenated,"
291250,Cyclic polymers of aldehydes,3417,"Ethers, alcohol peroxides, ether peroxides, epoxides, acetals and hemiacetals, and their halogenated,"
291260,Paraformaldehyde,3417,"Ethers, alcohol peroxides, ether peroxides, epoxides, acetals and hemiacetals, and their halogenated,"
291300,"Halogenated, sulphonated, nitrated or nitrosated derivatives of products of heading No. 29.12.",3417,"Ethers, alcohol peroxides, ether peroxides, epoxides, acetals and hemiacetals, and their halogenated,"
291411,Acyclic ketones without other oxygen function :-- Acetone,3417,"Ethers, alcohol peroxides, ether peroxides, epoxides, acetals and hemiacetals, and their halogenated,"
291412,Acyclic ketones without other oxygen function :-- Butanone (methyl ethyl ketone),3417,"Ethers, alcohol peroxides, ether peroxides, epoxides, acetals and hemiacetals, and their halogenated,"
291413,Acyclic ketones without other oxygen function :-- 4-Methylpentan-2-one (methyl isobutyl ketone),3417,"Ethers, alcohol peroxides, ether peroxides, epoxides, acetals and hemiacetals, and their halogenated,"
291419,Acyclic ketones without other oxygen function :-- Other,3417,"Ethers, alcohol peroxides, ether peroxides, epoxides, acetals and hemiacetals, and their halogenated,"
291421,"Cyclanic, cyclenic or cycloterpenic ketones without other oxygen function :-- Camphor",3417,"Ethers, alcohol peroxides, ether peroxides, epoxides, acetals and hemiacetals, and their halogenated,"
291422,"Cyclanic, cyclenic or cycloterpenic ketones without other oxygen function :-- Cyclohexanone and methylcyclohexanones",3417,"Ethers, alcohol peroxides, ether peroxides, epoxides, acetals and hemiacetals, and their halogenated,"
291423,"Cyclanic, cyclenic or cycloterpenic ketones without other oxygen function :-- Ionones and methylionones",3417,"Ethers, alcohol peroxides, ether peroxides, epoxides, acetals and hemiacetals, and their halogenated,"
291429,"Cyclanic, cyclenic or cycloterpenic ketones without other oxygen function :-- Other",3417,"Ethers, alcohol peroxides, ether peroxides, epoxides, acetals and hemiacetals, and their halogenated,"
291431,Aromatic ketones without other oxygen function :-- Phenylacetone (phenylpropan-2-one),3417,"Ethers, alcohol peroxides, ether peroxides, epoxides, acetals and hemiacetals, and their halogenated,"
291439,Aromatic ketones without other oxygen function :-- Other,3417,"Ethers, alcohol peroxides, ether peroxides, epoxides, acetals and hemiacetals, and their halogenated,"
291440,Ketone-alcohols and ketone-aldehydes,3417,"Ethers, alcohol peroxides, ether peroxides, epoxides, acetals and hemiacetals, and their halogenated,"
291450,Ketone-phenols and ketones with other oxygen function,3417,"Ethers, alcohol peroxides, ether peroxides, epoxides, acetals and hemiacetals, and their halogenated,"
291461,Quinones :-- Anthraquinone,3417,"Ethers, alcohol peroxides, ether peroxides, epoxides, acetals and hemiacetals, and their halogenated,"
291469,Quinones :-- Other,3417,"Ethers, alcohol peroxides, ether peroxides, epoxides, acetals and hemiacetals, and their halogenated,"
291470,"Halogenated, sulphonated, nitrated or nitrosated derivatives",3417,"Ethers, alcohol peroxides, ether peroxides, epoxides, acetals and hemiacetals, and their halogenated,"
291511,"Formic acid, its salts and esters :-- Formic acid",3414,"Carboxylic acids and their anhydrides, halides, peroxides and peroxyacids"
291512,"Formic acid, its salts and esters :-- Salts of formic acid",3414,"Carboxylic acids and their anhydrides, halides, peroxides and peroxyacids"
291513,"Formic acid, its salts and esters :-- Esters of formic acid",3414,"Carboxylic acids and their anhydrides, halides, peroxides and peroxyacids"
291521,Acetic acid and its salts; acetic anhydride :-- Acetic acid,3414,"Carboxylic acids and their anhydrides, halides, peroxides and peroxyacids"
291522,Acetic acid and its salts; acetic anhydride :-- Sodium acetate,3414,"Carboxylic acids and their anhydrides, halides, peroxides and peroxyacids"
291523,Acetic acid and its salts; acetic anhydride :-- Cobalt acetates,3414,"Carboxylic acids and their anhydrides, halides, peroxides and peroxyacids"
291524,Acetic acid and its salts; acetic anhydride :-- Acetic anhydride,3414,"Carboxylic acids and their anhydrides, halides, peroxides and peroxyacids"
291529,Acetic acid and its salts; acetic anhydride :-- Other,3414,"Carboxylic acids and their anhydrides, halides, peroxides and peroxyacids"
291531,Esters of acetic acid :-- Ethyl acetate,3414,"Carboxylic acids and their anhydrides, halides, peroxides and peroxyacids"
291532,Esters of acetic acid :-- Vinyl acetate,3414,"Carboxylic acids and their anhydrides, halides, peroxides and peroxyacids"
291533,Esters of acetic acid :-- n-Butyl acetate,3414,"Carboxylic acids and their anhydrides, halides, peroxides and peroxyacids"
291534,Esters of acetic acid :-- Isobutyl acetate,3414,"Carboxylic acids and their anhydrides, halides, peroxides and peroxyacids"
291535,Esters of acetic acid :-- 2-Ethoxyethyl acetate,3414,"Carboxylic acids and their anhydrides, halides, peroxides and peroxyacids"
291539,Esters of acetic acid :-- Other,3414,"Carboxylic acids and their anhydrides, halides, peroxides and peroxyacids"
291540,"Mono-, di- or trichloroacetic acids, their salts and esters",3414,"Carboxylic acids and their anhydrides, halides, peroxides and peroxyacids"
291550,"Propionic acid, its salts and esters",3414,"Carboxylic acids and their anhydrides, halides, peroxides and peroxyacids"
291560,"Butyric acids, valeric acids, their salts and esters",3414,"Carboxylic acids and their anhydrides, halides, peroxides and peroxyacids"
291570,"Palmitic acid, stearic acid, their salts and esters",3414,"Carboxylic acids and their anhydrides, halides, peroxides and peroxyacids"
291590,Other,3414,"Carboxylic acids and their anhydrides, halides, peroxides and peroxyacids"
291611,"Unsaturated acyclic monocarboxylic acids, their anhydrides, halides, peroxides, peroxyacids and their derivatives :-- Acrylic acid and its salts",3414,"Carboxylic acids and their anhydrides, halides, peroxides and peroxyacids"
291612,"Unsaturated acyclic monocarboxylic acids, their anhydrides, halides, peroxides, peroxyacids and their derivatives :-- Esters of acrylic acid",3414,"Carboxylic acids and their anhydrides, halides, peroxides and peroxyacids"
291613,"Unsaturated acyclic monocarboxylic acids, their anhydrides, halides, peroxides, peroxyacids and their derivatives :-- Methacrylic acid and its salts",3414,"Carboxylic acids and their anhydrides, halides, peroxides and peroxyacids"
291614,"Unsaturated acyclic monocarboxylic acids, their anhydrides, halides, peroxides, peroxyacids and their derivatives :-- Esters of methacrylic acid",3414,"Carboxylic acids and their anhydrides, halides, peroxides and peroxyacids"
291615,"Unsaturated acyclic monocarboxylic acids, their anhydrides, halides, peroxides, peroxyacids and their derivatives :-- Oleic, linoleic or linolenic acids, their salts and esters",3414,"Carboxylic acids and their anhydrides, halides, peroxides and peroxyacids"
291619,"Unsaturated acyclic monocarboxylic acids, their anhydrides, halides, peroxides, peroxyacids and their derivatives :-- Other",3414,"Carboxylic acids and their anhydrides, halides, peroxides and peroxyacids"
291620,"Cyclanic, cyclenic or cycloterpenic monocarboxylic acids, their anhydrides, halides, peroxides, peroxyacids and their derivatives",3414,"Carboxylic acids and their anhydrides, halides, peroxides and peroxyacids"
291631,"Aromatic monocarboxylic acids, their anhydrides, halides, peroxides, peroxyacids and their derivatives :-- Benzoic acid, its salts and esters",3414,"Carboxylic acids and their anhydrides, halides, peroxides and peroxyacids"
291632,"Aromatic monocarboxylic acids, their anhydrides, halides, peroxides, peroxyacids and their derivatives :-- Benzoyl peroxide and benzoyl chloride",3414,"Carboxylic acids and their anhydrides, halides, peroxides and peroxyacids"
291634,"Aromatic monocarboxylic acids, their anhydrides, halides, peroxides, peroxyacids and their derivatives :-- Phenylacetic acid and its salts",3414,"Carboxylic acids and their anhydrides, halides, peroxides and peroxyacids"
291635,"Aromatic monocarboxylic acids, their anhydrides, halides, peroxides, peroxyacids and their derivatives :-- Esters of phenylacetic acid",3414,"Carboxylic acids and their anhydrides, halides, peroxides and peroxyacids"
291639,"Aromatic monocarboxylic acids, their anhydrides, halides, peroxides, peroxyacids and their derivatives :-- Other",3414,"Carboxylic acids and their anhydrides, halides, peroxides and peroxyacids"
291711,"Acyclic polycarboxylic acids, their anhydrides, halides, peroxides, peroxyacids and their derivatives :-- Oxalic acid, its salts and esters",3414,"Carboxylic acids and their anhydrides, halides, peroxides and peroxyacids"
291712,"Acyclic polycarboxylic acids, their anhydrides, halides, peroxides, peroxyacids and their derivatives :-- Adipic acid, its salts and esters",3414,"Carboxylic acids and their anhydrides, halides, peroxides and peroxyacids"
291713,"Acyclic polycarboxylic acids, their anhydrides, halides, peroxides, peroxyacids and their derivatives :-- Azelaic acid, sebacic acid, their salts and esters",3414,"Carboxylic acids and their anhydrides, halides, peroxides and peroxyacids"
291714,"Acyclic polycarboxylic acids, their anhydrides, halides, peroxides, peroxyacids and their derivatives :-- Maleic anhydride",3414,"Carboxylic acids and their anhydrides, halides, peroxides and peroxyacids"
291719,"Acyclic polycarboxylic acids, their anhydrides, halides, peroxides, peroxyacids and their derivatives :-- Other",3414,"Carboxylic acids and their anhydrides, halides, peroxides and peroxyacids"
291720,"Cyclanic, cyclenic or cycloterpenic polycarboxylic acids, their anhydrides, halides, peroxides, peroxyacids and their derivatives",3414,"Carboxylic acids and their anhydrides, halides, peroxides and peroxyacids"
291731,"Aromatic polycarboxylic acids, their anhydrides, halides, peroxides, peroxyacids and their derivatives :-- Dibutyl orthophthalates",3414,"Carboxylic acids and their anhydrides, halides, peroxides and peroxyacids"
291732,"Aromatic polycarboxylic acids, their anhydrides, halides, peroxides, peroxyacids and their derivatives :-- Dioctyl orthophthalates",3414,"Carboxylic acids and their anhydrides, halides, peroxides and peroxyacids"
291733,"Aromatic polycarboxylic acids, their anhydrides, halides, peroxides, peroxyacids and their derivatives :-- Dinonyl or didecyl orthophthalates",3414,"Carboxylic acids and their anhydrides, halides, peroxides and peroxyacids"
291734,"Aromatic polycarboxylic acids, their anhydrides, halides, peroxides, peroxyacids and their derivatives :-- Other esters of orthophthalic acid",3414,"Carboxylic acids and their anhydrides, halides, peroxides and peroxyacids"
291735,"Aromatic polycarboxylic acids, their anhydrides, halides, peroxides, peroxyacids and their derivatives :-- Phthalic anhydride",3414,"Carboxylic acids and their anhydrides, halides, peroxides and peroxyacids"
291736,"Aromatic polycarboxylic acids, their anhydrides, halides, peroxides, peroxyacids and their derivatives :-- Terephthalic acid and its salts",3414,"Carboxylic acids and their anhydrides, halides, peroxides and peroxyacids"
291737,"Aromatic polycarboxylic acids, their anhydrides, halides, peroxides, peroxyacids and their derivatives :-- Dimethyl terephthalate",3414,"Carboxylic acids and their anhydrides, halides, peroxides and peroxyacids"
291739,"Aromatic polycarboxylic acids, their anhydrides, halides, peroxides, peroxyacids and their derivatives :-- Other",3414,"Carboxylic acids and their anhydrides, halides, peroxides and peroxyacids"
291811,"Carboxylic acids with alcohol function but without other oxygen function, their anhydrides, halides, peroxides, peroxyacids and their derivatives :-- Lactic acid, its salts and esters",3414,"Carboxylic acids and their anhydrides, halides, peroxides and peroxyacids"
291812,"Carboxylic acids with alcohol function but without other oxygen function, their anhydrides, halides, peroxides, peroxyacids and their derivatives :-- Tartaric acid",3414,"Carboxylic acids and their anhydrides, halides, peroxides and peroxyacids"
291813,"Carboxylic acids with alcohol function but without other oxygen function, their anhydrides, halides, peroxides, peroxyacids and their derivatives :-- Salts and esters of tartaric acid",3414,"Carboxylic acids and their anhydrides, halides, peroxides and peroxyacids"
291814,"Carboxylic acids with alcohol function but without other oxygen function, their anhydrides, halides, peroxides, peroxyacids and their derivatives :-- Citric acid",3414,"Carboxylic acids and their anhydrides, halides, peroxides and peroxyacids"
291815,"Carboxylic acids with alcohol function but without other oxygen function, their anhydrides, halides, peroxides, peroxyacids and their derivatives :-- Salts and esters of citric acid",3414,"Carboxylic acids and their anhydrides, halides, peroxides and peroxyacids"
291816,"Carboxylic acids with alcohol function but without other oxygen function, their anhydrides, halides, peroxides, peroxyacids and their derivatives :-- Gluconic acid, its salts and esters",3414,"Carboxylic acids and their anhydrides, halides, peroxides and peroxyacids"
291817,"Carboxylic acids with alcohol function but without other oxygen function, their anhydrides, halides, peroxides, peroxyacids and their derivatives :-- Phenylglycolic acid (mandelic acid), its salts and esters",3414,"Carboxylic acids and their anhydrides, halides, peroxides and peroxyacids"
291819,"Carboxylic acids with alcohol function but without other oxygen function, their anhydrides, halides, peroxides, peroxyacids and their derivatives :-- Other",3414,"Carboxylic acids and their anhydrides, halides, peroxides and peroxyacids"
291821,"Carboxylic acids with phenol function but without other oxygen function, their anhydrides, halides, peroxides, peroxyacids and their derivatives :-- Salicylic acid and its salts",3521,Salicylic acid and its salts and esters
291822,"Carboxylic acids with phenol function but without other oxygen function, their anhydrides, halides, peroxides, peroxyacids and their derivatives :-- O-Acetylsalicylic acid, its salts and esters",3521,Salicylic acid and its salts and esters
291823,Other esters of salicylic acid and their salts,3521,Salicylic acid and its salts and esters
291829,"Carboxylic acids with alcohol function but without other oxygen function, their anhydrides, halides, peroxides, peroxyacids and their derivatives :-- Other",3414,"Carboxylic acids and their anhydrides, halides, peroxides and peroxyacids"
291830,"Carboxylic acids with aldehyde or ketone function but without other oxygen function, their anhydrides, halides, peroxides, peroxyacids and their derivatives",3414,"Carboxylic acids and their anhydrides, halides, peroxides and peroxyacids"
291890,Other,3414,"Carboxylic acids and their anhydrides, halides, peroxides and peroxyacids"
291900,"Phosphoric esters and their salts, including lactophosphates; their halogenated, sulphonated, nitrated or nitrosated derivatives.",3418,Phosphoric esters and their salts or esters of other inorganic acids
292010,"Thiophosphoric esters (phosphorothioates) and their salts; their halogenated, sulphonated, nitrated or nitrosated derivatives",3418,Phosphoric esters and their salts or esters of other inorganic acids
292090,Other,3418,Phosphoric esters and their salts or esters of other inorganic acids
292111,"Acyclic monoamines and their derivatives; salts thereof :-- Methylamine, di- or trimethylamine and their salts",3415,"Amine-function compounds; oxygen- function amino-compounds, except lysine and its esters and salts"
292112,Acyclic monoamines and their derivatives; salts thereof :-- Diethylamine and its salts,3415,"Amine-function compounds; oxygen- function amino-compounds, except lysine and its esters and salts"
292119,Acyclic monoamines and their derivatives; salts thereof :-- Other,3415,"Amine-function compounds; oxygen- function amino-compounds, except lysine and its esters and salts"
292121,Acyclic polyamines and their derivatives; salts thereof :-- Ethylenediamine and its salts,3415,"Amine-function compounds; oxygen- function amino-compounds, except lysine and its esters and salts"
292122,Acyclic polyamines and their derivatives; salts thereof :-- Hexamethylenediamine and its salts,3415,"Amine-function compounds; oxygen- function amino-compounds, except lysine and its esters and salts"
292129,Acyclic polyamines and their derivatives; salts thereof :-- Other,3415,"Amine-function compounds; oxygen- function amino-compounds, except lysine and its esters and salts"
292130,"Cyclanic, cyclenic or cycloterpenic mono- or polyamines, and their derivatives; salts thereof",3415,"Amine-function compounds; oxygen- function amino-compounds, except lysine and its esters and salts"
292141,Aromatic monoamines and their derivatives; salts thereof : -- Aniline and its salts,3415,"Amine-function compounds; oxygen- function amino-compounds, except lysine and its esters and salts"
292142,Aromatic monoamines and their derivatives; salts thereof : -- Aniline derivatives and their salts,3415,"Amine-function compounds; oxygen- function amino-compounds, except lysine and its esters and salts"
292143,Aromatic monoamines and their derivatives; salts thereof : -- Toluidines and their derivatives; salts thereof,3415,"Amine-function compounds; oxygen- function amino-compounds, except lysine and its esters and salts"
292144,Aromatic monoamines and their derivatives; salts thereof : -- Diphenylamine and its derivatives; salts thereof,3415,"Amine-function compounds; oxygen- function amino-compounds, except lysine and its esters and salts"
292145,"Aromatic monoamines and their derivatives; salts thereof : -- 1-Naphthylamine (alpha-naphthylamine), 2-naphthylamine (beta-naphthylamine) and their derivatives; salts thereof",3415,"Amine-function compounds; oxygen- function amino-compounds, except lysine and its esters and salts"
292149,Aromatic monoamines and their derivatives; salts thereof :-- Other,3415,"Amine-function compounds; oxygen- function amino-compounds, except lysine and its esters and salts"
292151,"Aromatic polyamines and their derivatives; salts thereof :-- o-, m-, p-Phenylenediamine, diaminotoluenes, and their derivatives; salts thereof",3415,"Amine-function compounds; oxygen- function amino-compounds, except lysine and its esters and salts"
292159,Aromatic polyamines and their derivatives; salts thereof :-- Other,3415,"Amine-function compounds; oxygen- function amino-compounds, except lysine and its esters and salts"
292211,"Amino-alcohols, their ethers and esters, other than those containing more than one kind of oxygen function; salts thereof :-- Monoethanolamine and its salts",3415,"Amine-function compounds; oxygen- function amino-compounds, except lysine and its esters and salts"
292212,"Amino-alcohols, their ethers and esters, other than those containing more than one kind of oxygen function; salts thereof :-- Diethanolamine and its salts",3415,"Amine-function compounds; oxygen- function amino-compounds, except lysine and its esters and salts"
292213,"Amino-alcohols, their ethers and esters, other than those containing more than one kind of oxygen function; salts thereof :-- Triethanolamine and its salts",3415,"Amine-function compounds; oxygen- function amino-compounds, except lysine and its esters and salts"
292219,"Amino-alcohols, their ethers and esters, other than those containing more than one kind of oxygen function; salts thereof :- Other",3415,"Amine-function compounds; oxygen- function amino-compounds, except lysine and its esters and salts"
292221,"Amino-naphthols and other amino-phenols, their ethers and esters, other than those containing more than one kind of oxygen function; salts thereof :-- Aminohydroxynaphthalenesulphonic acids and their salts",3415,"Amine-function compounds; oxygen- function amino-compounds, except lysine and its esters and salts"
292222,"Amino-naphthols and other amino-phenols, their ethers and esters, other than those containing more than one kind of oxygen function; salts thereof :-- Anisidines, dianisidines, phenetidines, and their salts",3415,"Amine-function compounds; oxygen- function amino-compounds, except lysine and its esters and salts"
292229,"Amino-naphthols and other amino-phenols, their ethers and esters, other than those containing more than one kind of oxygen function; salts thereof :-- Other",3415,"Amine-function compounds; oxygen- function amino-compounds, except lysine and its esters and salts"
292230,"Amino-aldehydes, amino-ketones and amino-quinones, other than those containing more than one kind of oxygen function; salts thereof",3415,"Amine-function compounds; oxygen- function amino-compounds, except lysine and its esters and salts"
292241,"Amino-acids and their esters, other than those containing more than one kind of oxygen function; salts thereof :-- Lysine and its esters; salts thereof",3522,Lysine and its esters and salts thereof; glutamic acid and its salts;
292242,"Amino-acids and their esters, other than those containing more than one kind of oxygen function; salts thereof :-- Glutamic acid and its salts",3522,Lysine and its esters and salts thereof; glutamic acid and its salts;
292243,"Amino-acids and their esters, other than those containing more than one kind of oxygen function; salts thereof :-- Anthranilic acid and its salts",3415,"Amine-function compounds; oxygen- function amino-compounds, except lysine and its esters and salts"
292249,"Amino-acids and their esters, other than those containing more than one kind of oxygen function; salts thereof :-- Other",3415,"Amine-function compounds; oxygen- function amino-compounds, except lysine and its esters and salts"
292250,"Amino-alcohol-phenols, amino-acid-phenols and other amino-compounds with oxygen function",3415,"Amine-function compounds; oxygen- function amino-compounds, except lysine and its esters and salts"
292310,Choline and its salts,3522,Lysine and its esters and salts thereof; glutamic acid and its salts;
292320,Lecithins and other phosphoaminolipids,3522,Lysine and its esters and salts thereof; glutamic acid and its salts;
292390,Other,3522,Lysine and its esters and salts thereof; glutamic acid and its salts;
292410,Acyclic amides (including acyclic carbamates) and their derivatives; salts thereof,3522,Lysine and its esters and salts thereof; glutamic acid and its salts;
292421,Cyclic amides (including cyclic carbamates) and their derivatives; salts thereof :-- Ureines and their derivatives; salts thereof,3415,"Amine-function compounds; oxygen- function amino-compounds, except lysine and its esters and salts"
292422,Cyclic amides (including cyclic carbamates) and their derivatives; salts thereof :-- 2-Acetamidobenzoic acid,3522,Lysine and its esters and salts thereof; glutamic acid and its salts;
292429,Cyclic amides (including cyclic carbamates) and their derivatives; salts thereof :-- Other,3522,Lysine and its esters and salts thereof; glutamic acid and its salts;
292511,Imides and their derivatives; salts thereof :-- Saccharin and its salts,3415,"Amine-function compounds; oxygen- function amino-compounds, except lysine and its esters and salts"
292519,Imides and their derivatives; salts thereof :-- Other,3415,"Amine-function compounds; oxygen- function amino-compounds, except lysine and its esters and salts"
292520,Imines and their derivatives; salts thereof,3415,"Amine-function compounds; oxygen- function amino-compounds, except lysine and its esters and salts"
292610,Acrylonitrile,3415,"Amine-function compounds; oxygen- function amino-compounds, except lysine and its esters and salts"
292620,1-Cyanoguanidine (dicyandiamide),3415,"Amine-function compounds; oxygen- function amino-compounds, except lysine and its esters and salts"
292690,Other,3415,"Amine-function compounds; oxygen- function amino-compounds, except lysine and its esters and salts"
292700,"Diazo-, azo- or azoxy-compounds.",3415,"Amine-function compounds; oxygen- function amino-compounds, except lysine and its esters and salts"
292800,Organic derivatives of hydrazine or of hydroxylamine.,3415,"Amine-function compounds; oxygen- function amino-compounds, except lysine and its esters and salts"
292910,Isocyanates,3415,"Amine-function compounds; oxygen- function amino-compounds, except lysine and its esters and salts"
292990,Other,3415,"Amine-function compounds; oxygen- function amino-compounds, except lysine and its esters and salts"
293010,Dithiocarbonates (xanthates),3416,Organo-sulphur compounds and other organo-inorganic compounds; heterocyclic compounds n.e.c.
293020,Thiocarbamates and dithiocarbamates,3416,Organo-sulphur compounds and other organo-inorganic compounds; heterocyclic compounds n.e.c.
293030,"Thiuram mono-, di- or tetrasulphides",3416,Organo-sulphur compounds and other organo-inorganic compounds; heterocyclic compounds n.e.c.
293040,Methionine,3416,Organo-sulphur compounds and other organo-inorganic compounds; heterocyclic compounds n.e.c.
293090,Other,3416,Organo-sulphur compounds and other organo-inorganic compounds; heterocyclic compounds n.e.c.
293100,Other organo-inorganic compounds.,3416,Organo-sulphur compounds and other organo-inorganic compounds; heterocyclic compounds n.e.c.
293211,Compounds containing an unfused furan ring (whether or not hydrogenated) in the structure :-- Tetrahydrofuran,3416,Organo-sulphur compounds and other organo-inorganic compounds; heterocyclic compounds n.e.c.
293212,Compounds containing an unfused furan ring (whether or not hydrogenated) in the structure :-- 2-Furaldehyde (furfuraldehyde),3416,Organo-sulphur compounds and other organo-inorganic compounds; heterocyclic compounds n.e.c.
293213,Compounds containing an unfused furan ring (whether or not hydrogenated) in the structure :-- Furfuryl alcohol and tetrahydrofurfuryl alcohol,3416,Organo-sulphur compounds and other organo-inorganic compounds; heterocyclic compounds n.e.c.
293219,Compounds containing an unfused furan ring (whether or not hydrogenated) in the structure :-- Other,3416,Organo-sulphur compounds and other organo-inorganic compounds; heterocyclic compounds n.e.c.
293221,"Lactones :-- Coumarin, methylcoumarins and ethylcoumarins",3416,Organo-sulphur compounds and other organo-inorganic compounds; heterocyclic compounds n.e.c.
293229,Lactones :-- Other lactones,3523,"Lactones n.e.c., heterocyclic compounds with nitrogen hetero- atom(s) only, containing an"
293291,Other :-- Isosafrole,3416,Organo-sulphur compounds and other organo-inorganic compounds; heterocyclic compounds n.e.c.
293292,"Other :-- 1-(1,3-Benzodioxol-5-yl)propan-2-one",3416,Organo-sulphur compounds and other organo-inorganic compounds; heterocyclic compounds n.e.c.
293293,Other :-- Piperonal,3416,Organo-sulphur compounds and other organo-inorganic compounds; heterocyclic compounds n.e.c.
293294,Other :-- Safrole,3416,Organo-sulphur compounds and other organo-inorganic compounds; heterocyclic compounds n.e.c.
293299,Other,3416,Organo-sulphur compounds and other organo-inorganic compounds; heterocyclic compounds n.e.c.
293311,Compounds containing an unfused pyrazole ring (whether or not hydrogenated) in the structure :-- Phenazone (antipyrin) and its derivatives,3523,"Lactones n.e.c., heterocyclic compounds with nitrogen hetero- atom(s) only, containing an"
293319,Compounds containing an unfused pyrazole ring (whether or not hydrogenated) in the structure :-- Other,3523,"Lactones n.e.c., heterocyclic compounds with nitrogen hetero- atom(s) only, containing an"
293321,Compounds containing an unfused imidazole ring (whether or not hydrogenated) in the structure :-- Hydantoin and its derivatives,3523,"Lactones n.e.c., heterocyclic compounds with nitrogen hetero- atom(s) only, containing an"
293329,Compounds containing an unfused imidazole ring (whether or not hydrogenated) in the structure :-- Other,3416,Organo-sulphur compounds and other organo-inorganic compounds; heterocyclic compounds n.e.c.
293331,Compounds containing an unfused pyridine ring (whether or not hydrogenated) in the structure :-- Pyridine and its salts,3416,Organo-sulphur compounds and other organo-inorganic compounds; heterocyclic compounds n.e.c.
293332,Compounds containing an unfused pyridine ring (whether or not hydrogenated) in the structure :-- Piperidine and its salts,3416,Organo-sulphur compounds and other organo-inorganic compounds; heterocyclic compounds n.e.c.
293339,Compounds containing an unfused pyridine ring (whether or not hydrogenated) in the structure :-- Other,3416,Organo-sulphur compounds and other organo-inorganic compounds; heterocyclic compounds n.e.c.
293340,"Compounds containing a quinoline or isoquinoline ring-system (whether or not hydrogenated), not further fused",3416,Organo-sulphur compounds and other organo-inorganic compounds; heterocyclic compounds n.e.c.
293351,Compounds containing a pyrimidine ring (whether or not hydrogenated) or piperazine ring in the structure :-- Malonylurea (barbituric acid) and its derivatives; salts thereof,3523,"Lactones n.e.c., heterocyclic compounds with nitrogen hetero- atom(s) only, containing an"
293359,Compounds containing a pyrimidine ring (whether or not hydrogenated) or piperazine ring in the structure :-- Other,3523,"Lactones n.e.c., heterocyclic compounds with nitrogen hetero- atom(s) only, containing an"
293361,Compounds containing an unfused triazine ring (whether or not hydrogenated) in the structure :- Compounds containing an unfused triazine ring (whether or not hydrogenated) in the structure :-- Melamine,3523,"Lactones n.e.c., heterocyclic compounds with nitrogen hetero- atom(s) only, containing an"
293369,Compounds containing an unfused triazine ring (whether or not hydrogenated) in the structure :-- Other,3523,"Lactones n.e.c., heterocyclic compounds with nitrogen hetero- atom(s) only, containing an"
293371,Lactams :-- 6-Hexanelactam (epsilon-caprolactam),3416,Organo-sulphur compounds and other organo-inorganic compounds; heterocyclic compounds n.e.c.
293379,Lactams :-- Other lactams,3416,Organo-sulphur compounds and other organo-inorganic compounds; heterocyclic compounds n.e.c.
293390,Other,3416,Organo-sulphur compounds and other organo-inorganic compounds; heterocyclic compounds n.e.c.
293410,Compounds containing an unfused thiazole ring (whether or not hydrogenated) in the structure,3416,Organo-sulphur compounds and other organo-inorganic compounds; heterocyclic compounds n.e.c.
293420,"Compounds containing a benzothiazole ring-system (whether or not hydrogenated), not further fused",3416,Organo-sulphur compounds and other organo-inorganic compounds; heterocyclic compounds n.e.c.
293430,"Compounds containing a phenothiazine ring-system (whether or not hydrogenated), not further fused",3523,"Lactones n.e.c., heterocyclic compounds with nitrogen hetero- atom(s) only, containing an"
293490,Other,3416,Organo-sulphur compounds and other organo-inorganic compounds; heterocyclic compounds n.e.c.
293500,Sulphonamides.,3523,"Lactones n.e.c., heterocyclic compounds with nitrogen hetero- atom(s) only, containing an"
293610,"Provitamins, unmixed",3525,"Provitamins, vitamins and hormones; glycosides and vegetable alkaloids"
293621,"Vitamins and their derivatives, unmixed :-- Vitamins A and their derivatives",3525,"Provitamins, vitamins and hormones; glycosides and vegetable alkaloids"
293622,"Vitamins and their derivatives, unmixed :-- Vitamin B1 and its derivatives",3525,"Provitamins, vitamins and hormones; glycosides and vegetable alkaloids"
293623,"Vitamins and their derivatives, unmixed :-- Vitamin B2 and its derivatives",3525,"Provitamins, vitamins and hormones; glycosides and vegetable alkaloids"
293624,"Vitamins and their derivatives, unmixed :-- D- or DL-Pantothenic acid (Vitamin B3 or Vitamin B5) and its derivatives",3525,"Provitamins, vitamins and hormones; glycosides and vegetable alkaloids"
293625,"Vitamins and their derivatives, unmixed :- Vitamins and their derivatives, unmixed :-- Vitamin B6 and its derivatives",3525,"Provitamins, vitamins and hormones; glycosides and vegetable alkaloids"
293626,"Vitamins and their derivatives, unmixed :-- Vitamin B12 and its derivatives",3525,"Provitamins, vitamins and hormones; glycosides and vegetable alkaloids"
293627,"Vitamins and their derivatives, unmixed :- Vitamin C and its derivatives",3525,"Provitamins, vitamins and hormones; glycosides and vegetable alkaloids"
293628,"Vitamins and their derivatives, unmixed :-- Vitamin E and its derivatives",3525,"Provitamins, vitamins and hormones; glycosides and vegetable alkaloids"
293629,"Vitamins and their derivatives, unmixed :-- Other vitamins and their derivatives",3525,"Provitamins, vitamins and hormones; glycosides and vegetable alkaloids"
293690,"Other, including natural concentrates",3525,"Provitamins, vitamins and hormones; glycosides and vegetable alkaloids"
293710,"Pituitary (anterior) or similar hormones, and their derivatives",3525,"Provitamins, vitamins and hormones; glycosides and vegetable alkaloids"
293721,"Adrenal cortical hormones and their derivatives :-- Cortisone, hydrocortisone, prednisone (dehydrocortisone) and prednisolone (dehydrohydrocortisone)",3525,"Provitamins, vitamins and hormones; glycosides and vegetable alkaloids"
293722,Adrenal cortical hormones and their derivatives :-- Halogenated derivatives of adrenal cortical hormones,3525,"Provitamins, vitamins and hormones; glycosides and vegetable alkaloids"
293729,Adrenal cortical hormones and their derivatives :-- Other,3525,"Provitamins, vitamins and hormones; glycosides and vegetable alkaloids"
293791,Other hormones and their derivatives; other steroids used primarily as hormones :-- Insulin and its salts,3525,"Provitamins, vitamins and hormones; glycosides and vegetable alkaloids"
293792,Other hormones and their derivatives; other steroids used primarily as hormones :-- Oestrogens and progestogens,3525,"Provitamins, vitamins and hormones; glycosides and vegetable alkaloids"
293799,Other hormones and their derivatives; other steroids used primarily as hormones :-- Other,3525,"Provitamins, vitamins and hormones; glycosides and vegetable alkaloids"
293810,Rutoside (rutin) and its derivatives,3525,"Provitamins, vitamins and hormones; glycosides and vegetable alkaloids"
293890,Other,3525,"Provitamins, vitamins and hormones; glycosides and vegetable alkaloids"
293910,Alkaloids of opium and their derivatives; salts thereof,3525,"Provitamins, vitamins and hormones; glycosides and vegetable alkaloids"
293921,Alkaloids of cinchona and their derivatives; salts thereof :-- Quinine and its salts,3525,"Provitamins, vitamins and hormones; glycosides and vegetable alkaloids"
293929,Alkaloids of cinchona and their derivatives; salts thereof :-- Other,3525,"Provitamins, vitamins and hormones; glycosides and vegetable alkaloids"
293930,Caffeine and its salts,3525,"Provitamins, vitamins and hormones; glycosides and vegetable alkaloids"
293941,Ephedrines and their salts :-- Ephedrine and its salts,3525,"Provitamins, vitamins and hormones; glycosides and vegetable alkaloids"
293942,Ephedrines and their salts :-- Pseudoephedrine (INN) and its salts,3525,"Provitamins, vitamins and hormones; glycosides and vegetable alkaloids"
293949,Ephedrines and their salts :-- Other,3525,"Provitamins, vitamins and hormones; glycosides and vegetable alkaloids"
293950,Theophylline and aminophylline (theophylline- ethylenediamine) and their derivatives; salts thereof,3525,"Provitamins, vitamins and hormones; glycosides and vegetable alkaloids"
293961,Alkaloids of rye ergot and their derivatives; salts thereof :-- Ergometrine (INN) and its salts,3525,"Provitamins, vitamins and hormones; glycosides and vegetable alkaloids"
293962,Alkaloids of rye ergot and their derivatives; salts thereof :-- Ergotamine (INN) and its salts,3525,"Provitamins, vitamins and hormones; glycosides and vegetable alkaloids"
293963,Alkaloids of rye ergot and their derivatives; salts thereof :-- Lysergic acid and its salts,3525,"Provitamins, vitamins and hormones; glycosides and vegetable alkaloids"
293969,Alkaloids of rye ergot and their derivatives; salts thereof :-- Other,3525,"Provitamins, vitamins and hormones; glycosides and vegetable alkaloids"
293970,Nicotine and its salts,3525,"Provitamins, vitamins and hormones; glycosides and vegetable alkaloids"
293990,Other,3525,"Provitamins, vitamins and hormones; glycosides and vegetable alkaloids"
294000,"Sugars, chemically pure, other than sucrose, lactose, maltose, glucose and fructose; sugar ethers and sugar esters, and their salts, other than products of heading No. 29.37, 29.38 or 29.39.",3524,"Sugars, chemically pure, n.e.c.; sugar ethers and sugar esters and their salts n.e.c."
294110,Penicillins and their derivatives with a penicillanic acid structure; salts thereof,3525,"Provitamins, vitamins and hormones; glycosides and vegetable alkaloids"
294120,Streptomycins and their derivatives; salts thereof,3525,"Provitamins, vitamins and hormones; glycosides and vegetable alkaloids"
294130,Tetracyclines and their derivatives; salts thereof,3525,"Provitamins, vitamins and hormones; glycosides and vegetable alkaloids"
294140,Chloramphenicol and its derivatives; salts thereof,3525,"Provitamins, vitamins and hormones; glycosides and vegetable alkaloids"
294150,Erythromycin and its derivatives; salts thereof,3525,"Provitamins, vitamins and hormones; glycosides and vegetable alkaloids"
294190,Other,3525,"Provitamins, vitamins and hormones; glycosides and vegetable alkaloids"
294200,Other organic compounds.,3417,"Ethers, alcohol peroxides, ether peroxides, epoxides, acetals and hemiacetals, and their halogenated,"
300110,"Glands and other organs, dried, whether or not powdered",3529,Other pharmaceutical products or articles for medical or surgical purposes
300120,Extracts of glands or other organs or of their secretions,3529,Other pharmaceutical products or articles for medical or surgical purposes
300190,Other,3529,Other pharmaceutical products or articles for medical or surgical purposes
300210,"Antisera and other blood fractions and modified immunological products, whether or not obtained by means of biotechnological processes",3529,Other pharmaceutical products or articles for medical or surgical purposes
300220,Vaccines for human medicine,3529,Other pharmaceutical products or articles for medical or surgical purposes
300230,Vaccines for veterinary medicine,3529,Other pharmaceutical products or articles for medical or surgical purposes
300290,Other,3529,Other pharmaceutical products or articles for medical or surgical purposes
300310,"Containing penicillins or derivatives thereof, with a penicillanic acid structure, or streptomycins or their derivatives",3526,"Medicaments, for therapeutic or prophylactic uses"
300320,Containing other antibiotics,3526,"Medicaments, for therapeutic or prophylactic uses"
300331,Containing hormones or other products of heading No. 29.37 but not containing antibiotics :-- Containing insulin,3526,"Medicaments, for therapeutic or prophylactic uses"
300339,Containing hormones or other products of heading No. 29.37 but not containing antibiotics :-- Other,3526,"Medicaments, for therapeutic or prophylactic uses"
300340,Containing alkaloids or derivatives thereof but not containing hormones or other products of heading No. 29.37 or antibiotics,3526,"Medicaments, for therapeutic or prophylactic uses"
300390,Other,3526,"Medicaments, for therapeutic or prophylactic uses"
300410,"Containing penicillins or derivatives thereof, with a penicillanic acid structure, or streptomycins or their derivatives",3526,"Medicaments, for therapeutic or prophylactic uses"
300420,Containing other antibiotics,3526,"Medicaments, for therapeutic or prophylactic uses"
300431,Containing hormones or other products of heading No 29.37 but not containing antibiotics :-- Containing insulin,3526,"Medicaments, for therapeutic or prophylactic uses"
300432,Containing hormones or other products of heading No 29.37 but not containing antibiotics :-- Containing adrenal cortical hormones,3526,"Medicaments, for therapeutic or prophylactic uses"
300439,Containing hormones or other products of heading No 29.37 but not containing antibiotics :-- Other,3526,"Medicaments, for therapeutic or prophylactic uses"
300440,"Containing alkaloids or derivatives thereof but not containing hormones, other products of heading No. 29.37 or antibiotics",3526,"Medicaments, for therapeutic or prophylactic uses"
300450,Other medicaments containing vitamins or other products of heading No. 29.36,3526,"Medicaments, for therapeutic or prophylactic uses"
300490,Other,3526,"Medicaments, for therapeutic or prophylactic uses"
300510,Adhesive dressings and other articles having an adhesive layer,3529,Other pharmaceutical products or articles for medical or surgical purposes
300590,Other,3529,Other pharmaceutical products or articles for medical or surgical purposes
300610,"Sterile surgical catgut, similar sterile suture materials and sterile tissue adhesives for surgical wound closure; sterile laminaria and sterile laminaria tents; sterile absorbable surgical or dental haemostatics",3529,Other pharmaceutical products or articles for medical or surgical purposes
300620,Blood-grouping reagents,3529,Other pharmaceutical products or articles for medical or surgical purposes
300630,Opacifying preparations for X-ray examinations; diagnostic reagents designed to be administered to the patient,3529,Other pharmaceutical products or articles for medical or surgical purposes
300640,Dental cements and other dental fillings; bone reconstruction cements,3529,Other pharmaceutical products or articles for medical or surgical purposes
300650,First-aid boxes and kits,3529,Other pharmaceutical products or articles for medical or surgical purposes
300660,Chemical contraceptive preparations based on hormones or spermicides,3529,Other pharmaceutical products or articles for medical or surgical purposes
310100,"Animal or vegetable fertilisers, whether or not mixed together or chemically treated; fertilisers produced by the mixing or chemical treatment of animal or vegetable products.",34616,Animal or vegetable fertilizers
310210,"Urea, whether or not in aqueous solution",34613,"Nitrogenous fertilizers, mineral or chemical"
310221,Ammonium sulphate; double salts and mixtures of ammonium sulphate and ammonium nitrate :-- Ammonium sulphate,34613,"Nitrogenous fertilizers, mineral or chemical"
310229,Ammonium sulphate; double salts and mixtures of ammonium sulphate and ammonium nitrate :-- Other,34613,"Nitrogenous fertilizers, mineral or chemical"
310230,"Ammonium nitrate, whether or not in aqueous solution",34613,"Nitrogenous fertilizers, mineral or chemical"
310240,Mixtures of ammonium nitrate with calcium carbonate or other inorganic non-fertilising substances,34613,"Nitrogenous fertilizers, mineral or chemical"
310250,Sodium nitrate,34617,Sodium nitrate
310260,Double salts and mixtures of calcium nitrate and ammonium nitrate,34613,"Nitrogenous fertilizers, mineral or chemical"
310270,Calcium cyanamide,34613,"Nitrogenous fertilizers, mineral or chemical"
310280,Mixtures of urea and ammonium nitrate in aqueous or ammoniacal solution,34613,"Nitrogenous fertilizers, mineral or chemical"
310290,"Other, including mixtures not specified in the foregoing subheadings",34613,"Nitrogenous fertilizers, mineral or chemical"
310310,Superphosphates,34614,"Phosphatic fertilizers, mineral or chemical"
310320,Basic slag,34614,"Phosphatic fertilizers, mineral or chemical"
310390,Other,34614,"Phosphatic fertilizers, mineral or chemical"
310410,"Carnallite, sylvite and other crude natural potassium salts",1611,"Natural calcium phosphates, natural aluminum calcium phosphates and"
310420,Potassium chloride,34615,"Potassic fertilizers, mineral or chemical (except carnallite, sylvite"
310430,Potassium sulphate,34615,"Potassic fertilizers, mineral or chemical (except carnallite, sylvite"
310490,Other,34615,"Potassic fertilizers, mineral or chemical (except carnallite, sylvite"
310510,Goods of this Chapter in tablets or similar forms or in packages of a gross weight not exceeding 10 kg,34619,Fertilizers n.e.c.
310520,"Mineral or chemical fertilisers containing the three fertilising elements nitrogen, phosphorus and potassium",34619,Fertilizers n.e.c.
310530,Diammonium hydrogenorthophosphate (diammonium phosphate),34619,Fertilizers n.e.c.
310540,Ammonium dihydrogenorthophosphate (monoammonium phosphate) and mixtures thereof with diammonium hydrogenorthophosphate (diammonium phosphate),34619,Fertilizers n.e.c.
310551,Other mineral or chemical fertilisers containing the two fertilising elements nitrogen and phosphorus :-- Containing nitrates and phosphates,34619,Fertilizers n.e.c.
310559,Other mineral or chemical fertilisers containing the two fertilising elements nitrogen and phosphorus :-- Other,34619,Fertilizers n.e.c.
310560,Mineral or chemical fertilisers containing the two fertilising elements phosphorus and potassium,34619,Fertilizers n.e.c.
310590,Other,34619,Fertilizers n.e.c.
320110,Quebracho extract,3432,"Tanning extracts of vegetable origin; tannins and their salts, ethers,"
320120,Wattle extract,3432,"Tanning extracts of vegetable origin; tannins and their salts, ethers,"
320190,Other,3432,"Tanning extracts of vegetable origin; tannins and their salts, ethers,"
320210,Synthetic organic tanning substances,3433,Synthetic organic tanning substances; inorganic tanning substances;
320290,Other,3433,Synthetic organic tanning substances; inorganic tanning substances;
320300,"Colouring matter of vegetable or animal origin (including dyeing extracts but excluding animal black), whether or not chemically defined; preparations as specified in Note 3 to this Chapter based on colouring matter of vegeta",3432,"Tanning extracts of vegetable origin; tannins and their salts, ethers,"
320411,Synthetic organic colouring matter and preparations based thereon as specified in Note 3 to this Chapter :-- Disperse dyes and preparations based thereon,3431,Synthetic organic colouring matter and preparations based thereon; synthetic organic products of a
320412,"Synthetic organic colouring matter and preparations based thereon as specified in Note 3 to this Chapter :-- Acid dyes, whether or not premetallised, and preparations based thereon; mordant dyes and preparations based thereon",3431,Synthetic organic colouring matter and preparations based thereon; synthetic organic products of a
320413,Synthetic organic colouring matter and preparations based thereon as specified in Note 3 to this Chapter :-- Basic dyes and preparations based thereon,3431,Synthetic organic colouring matter and preparations based thereon; synthetic organic products of a
320414,Synthetic organic colouring matter and preparations based thereon as specified in Note 3 to this Chapter :-- Direct dyes and preparations based thereon,3431,Synthetic organic colouring matter and preparations based thereon; synthetic organic products of a
320415,Synthetic organic colouring matter and preparations based thereon as specified in Note 3 to this Chapter :-- Vat dyes (including those usable in that state as pigments) and preparations based thereon,3431,Synthetic organic colouring matter and preparations based thereon; synthetic organic products of a
320416,Synthetic organic colouring matter and preparations based thereon as specified in Note 3 to this Chapter :-- Reactive dyes and preparations based thereon,3431,Synthetic organic colouring matter and preparations based thereon; synthetic organic products of a
320417,Synthetic organic colouring matter and preparations based thereon as specified in Note 3 to this Chapter :-- Pigments and preparations based thereon,3431,Synthetic organic colouring matter and preparations based thereon; synthetic organic products of a
320419,"Synthetic organic colouring matter and preparations based thereon as specified in Note 3 to this Chapter :-- Other, including mixtures of colouring matter of two or more of the subheadings Nos. 3204.11 to 3204.19",3431,Synthetic organic colouring matter and preparations based thereon; synthetic organic products of a
320420,Synthetic organic products of a kind used as fluorescent brightening agents,3431,Synthetic organic colouring matter and preparations based thereon; synthetic organic products of a
320490,Other,3431,Synthetic organic colouring matter and preparations based thereon; synthetic organic products of a
320500,Colour lakes; preparations as specified in Note 3 to this Chapter based on colour lakes.,3431,Synthetic organic colouring matter and preparations based thereon; synthetic organic products of a
320611,Pigments and preparations based on titanium dioxide :-- Containing 80 % or more by weight of titanium dioxide calculated on the dry weight,3434,Colouring matter n.e.c.; inorganic products of a kind used as luminophores
320619,Pigments and preparations based on titanium dioxide :-- Other,3434,Colouring matter n.e.c.; inorganic products of a kind used as luminophores
320620,Pigments and preparations based on chromium compounds,3434,Colouring matter n.e.c.; inorganic products of a kind used as luminophores
320630,Pigments and preparations based on cadmium compounds,3434,Colouring matter n.e.c.; inorganic products of a kind used as luminophores
320641,Other colouring matter and other preparations :-- Ultramarine and preparations based thereon,3434,Colouring matter n.e.c.; inorganic products of a kind used as luminophores
320642,Other colouring matter and other preparations :-- Lithopone and other pigments and preparations based on zinc sulphide,3434,Colouring matter n.e.c.; inorganic products of a kind used as luminophores
320643,Other colouring matter and other preparations :-- Pigments and preparations based on hexacyanoferrates (ferrocyanides and ferricyanides),3434,Colouring matter n.e.c.; inorganic products of a kind used as luminophores
320649,Other colouring matter and other preparations :-- Other,3434,Colouring matter n.e.c.; inorganic products of a kind used as luminophores
320650,Inorganic products of a kind used as luminophores,3434,Colouring matter n.e.c.; inorganic products of a kind used as luminophores
320710,"Prepared pigments, prepared opacifiers, prepared colours and similar preparations",3511,"Paints and varnishes (including enamels and lacquers); prepared pigments, prepared opacifiers"
320720,"Vitrifiable enamels and glazes, engobes (slips) and similar preparations",3511,"Paints and varnishes (including enamels and lacquers); prepared pigments, prepared opacifiers"
320730,Liquid lustres and similar preparations,3511,"Paints and varnishes (including enamels and lacquers); prepared pigments, prepared opacifiers"
320740,"Glass frit and other glass, in the form of powder, granules or flakes",3511,"Paints and varnishes (including enamels and lacquers); prepared pigments, prepared opacifiers"
320810,Based on polyesters,3511,"Paints and varnishes (including enamels and lacquers); prepared pigments, prepared opacifiers"
320820,Based on acrylic or vinyl polymers,3511,"Paints and varnishes (including enamels and lacquers); prepared pigments, prepared opacifiers"
320890,Other,3511,"Paints and varnishes (including enamels and lacquers); prepared pigments, prepared opacifiers"
320910,Based on acrylic or vinyl polymers,3511,"Paints and varnishes (including enamels and lacquers); prepared pigments, prepared opacifiers"
320990,Other,3511,"Paints and varnishes (including enamels and lacquers); prepared pigments, prepared opacifiers"
321000,"Other paints and varnishes (including enamels, lacquers and distempers); prepared water pigments of a kind used for finishing leather.",3511,"Paints and varnishes (including enamels and lacquers); prepared pigments, prepared opacifiers"
321100,Prepared driers.,3511,"Paints and varnishes (including enamels and lacquers); prepared pigments, prepared opacifiers"
321210,Stamping foils,3511,"Paints and varnishes (including enamels and lacquers); prepared pigments, prepared opacifiers"
321290,Other,3511,"Paints and varnishes (including enamels and lacquers); prepared pigments, prepared opacifiers"
321310,Colours in sets,3512,"Artists', students' or signboard painters' colours, modifying tints,"
321390,Other,3512,"Artists', students' or signboard painters' colours, modifying tints,"
321410,"Glaziers' putty, grafting putty, resin cements, caulking compounds and other mastics; painters' fillings",3511,"Paints and varnishes (including enamels and lacquers); prepared pigments, prepared opacifiers"
321490,Other,3511,"Paints and varnishes (including enamels and lacquers); prepared pigments, prepared opacifiers"
321511,Printing ink :-- Black,3513,Printing ink
321519,Printing ink :-- Other,3513,Printing ink
321590,Other,3514,Writing or drawing ink and other inks
330111,Essential oils of citrus fruit :-- Of bergamot,3541,"Essential oils and concentrates, aqueous distillates and aqueous solutions thereof; resinoids;"
330112,Essential oils of citrus fruit :-- Of orange,3541,"Essential oils and concentrates, aqueous distillates and aqueous solutions thereof; resinoids;"
330113,Essential oils of citrus fruit :-- Of lemon,3541,"Essential oils and concentrates, aqueous distillates and aqueous solutions thereof; resinoids;"
330114,Essential oils of citrus fruit :-- Of lime,3541,"Essential oils and concentrates, aqueous distillates and aqueous solutions thereof; resinoids;"
330119,Essential oils of citrus fruit :-- Other,3541,"Essential oils and concentrates, aqueous distillates and aqueous solutions thereof; resinoids;"
330121,Essential oils other than those of citrus fruit :-- Of geranium,3541,"Essential oils and concentrates, aqueous distillates and aqueous solutions thereof; resinoids;"
330122,Essential oils other than those of citrus fruit :-- Of jasmin,3541,"Essential oils and concentrates, aqueous distillates and aqueous solutions thereof; resinoids;"
330123,Essential oils other than those of citrus fruit :-- Of lavender or of lavandin,3541,"Essential oils and concentrates, aqueous distillates and aqueous solutions thereof; resinoids;"
330124,Essential oils other than those of citrus fruit :-- Of peppermint (Mentha piperita),3541,"Essential oils and concentrates, aqueous distillates and aqueous solutions thereof; resinoids;"
330125,Essential oils other than those of citrus fruit :-- Of other mints,3541,"Essential oils and concentrates, aqueous distillates and aqueous solutions thereof; resinoids;"
330126,Essential oils other than those of citrus fruit :-- Of vetiver,3541,"Essential oils and concentrates, aqueous distillates and aqueous solutions thereof; resinoids;"
330129,Essential oils other than those of citrus fruit :-- Other,3541,"Essential oils and concentrates, aqueous distillates and aqueous solutions thereof; resinoids;"
330130,Resinoids,3541,"Essential oils and concentrates, aqueous distillates and aqueous solutions thereof; resinoids;"
330190,Other,3541,"Essential oils and concentrates, aqueous distillates and aqueous solutions thereof; resinoids;"
330210,Of a kind used in the food or drink industries,3541,"Essential oils and concentrates, aqueous distillates and aqueous solutions thereof; resinoids;"
330290,Other,3541,"Essential oils and concentrates, aqueous distillates and aqueous solutions thereof; resinoids;"
330300,Perfumes and toilet waters.,35323,Perfume and toilet preparations
330410,Lip make-up preparations,35323,Perfume and toilet preparations
330420,Eye make-up preparations,35323,Perfume and toilet preparations
330430,Manicure or pedicure preparations,35323,Perfume and toilet preparations
330491,"Other :-- Powders, whether or not compressed",35323,Perfume and toilet preparations
330499,Other,35323,Perfume and toilet preparations
330510,Shampoos,35323,Perfume and toilet preparations
330520,Preparations for permanent waving or straightening,35323,Perfume and toilet preparations
330530,Hair lacquers,35323,Perfume and toilet preparations
330590,Other,35323,Perfume and toilet preparations
330610,Dentifrices,35323,Perfume and toilet preparations
330620,Yarn used to clean between the teeth (dental floss),3552,"Synthetic filament yarn (except sewing thread and multiple or cabled yarn),"
330690,Other,35323,Perfume and toilet preparations
330710,"Pre-shave, shaving or after-shave preparations",35323,Perfume and toilet preparations
330720,Personal deodorants and antiperspirants,35323,Perfume and toilet preparations
330730,Perfumed bath salts and other bath preparations,35323,Perfume and toilet preparations
330741,"Preparations for perfuming or deodorizing rooms, including odoriferous preparations used during religious rites :-- Agarbatti and other odoriferous preparations which operate by burning",35331,Preparations for perfuming or deodorizing rooms
330749,"Preparations for perfuming or deodorizing rooms, including odoriferous preparations used during religious rites :-- Other",35331,Preparations for perfuming or deodorizing rooms
330790,Other,35323,Perfume and toilet preparations
340111,"Soap and organic surface-active products and preparations, in the form of bars, cakes, moulded pieces or shapes, and paper, wadding, felt and nonwovens, impregnated, coated or covered...:-- For toilet use(including medicated products)",35321,Soap; organic surface-active products and preparations for use as soap;
340119,"Soap and organic surface-active products and preparations, in the form of bars, cakes, moulded pieces or shapes, and paper, wadding, felt and nonwovens, impregnated, coated or covered with soap or detergent :-- Other",35321,Soap; organic surface-active products and preparations for use as soap;
340120,Soap in other forms,35321,Soap; organic surface-active products and preparations for use as soap;
340211,"Organic surface-active agents, whether or not put up for retail sale :-- Anionic",3531,"Organic surface active agents, except soap"
340212,"Organic surface-active agents, whether or not put up for retail sale :-- Cationic",3531,"Organic surface active agents, except soap"
340213,"Organic surface-active agents, whether or not put up for retail sale :-- Non-ionic",3531,"Organic surface active agents, except soap"
340219,"Organic surface-active agents, whether or not put up for retail sale :-- Other",3531,"Organic surface active agents, except soap"
340220,Preparations put up for retail sale,35322,Detergents and washing preparations
340290,Other,35322,Detergents and washing preparations
340311,"Containing petroleum oils or oils obtained from bituminous minerals :-- Preparations for the treatment of textile materials, leather, furskins or other materials",3543,"Lubricating preparations and preparations of a kind for the oil or grease treatment of materials,"
340319,Containing petroleum oils or oils obtained from bituminous minerals :-- Other,3543,"Lubricating preparations and preparations of a kind for the oil or grease treatment of materials,"
340391,"Other :-- Preparations for the treatment of textile materials, leather, furskins or other materials",3543,"Lubricating preparations and preparations of a kind for the oil or grease treatment of materials,"
340399,Other,3543,"Lubricating preparations and preparations of a kind for the oil or grease treatment of materials,"
340410,Of chemically modified lignite,35332,Artificial waxes and prepared waxes
340420,Of polyethylene glycol,35332,Artificial waxes and prepared waxes
340490,Other,35332,Artificial waxes and prepared waxes
340510,"Polishes, creams and similar preparations for footwear or leather",35333,"Polishes and creams, for footwear, furniture, floors, coachwork, glass"
340520,"Polishes, creams and similar preparations for the maintenance of wooden furniture, floors or other woodwork",35333,"Polishes and creams, for footwear, furniture, floors, coachwork, glass"
340530,"Polishes and similar preparations for coachwork, other than metal polishes",35333,"Polishes and creams, for footwear, furniture, floors, coachwork, glass"
340540,Scouring pastes and powders and other scouring preparations,35334,Scouring pastes and powders and other scouring preparations
340590,Other,35333,"Polishes and creams, for footwear, furniture, floors, coachwork, glass"
340600,"Candles, tapers and the like.",38999,"Articles n.e.c. (including candles, tapers, skins of birds with their"
340700,"Modelling pastes, including those put up for children's amusement; preparations known as dental wax or as dental impression compounds, put up in sets, in packings for retail sale or in plates, horseshoe shapes, sticks or similar for",3544,Modelling pastes; dental wax or dental impression compounds; other
350110,Casein,2296,Casein
350190,Other,3542,"Glues and gelatine, peptones and their derivatives, and related products;"
350211,Egg albumin :-- Dried,23993,"Eggs, not in shell, and egg yolks, fresh or preserved; egg albumin"
350219,Egg albumin :-- Other,23993,"Eggs, not in shell, and egg yolks, fresh or preserved; egg albumin"
350220,"Milk albumin, including concentrates of two or more whey proteins",3542,"Glues and gelatine, peptones and their derivatives, and related products;"
350290,Other,3542,"Glues and gelatine, peptones and their derivatives, and related products;"
350300,"Gelatin (including gelatin in rectangular (including square) sheets, whether or not surface-worked or coloured) and gelatin derivatives; isinglass; other glues of animal origin, excluding casein glues of heading No. 35.01.",3542,"Glues and gelatine, peptones and their derivatives, and related products;"
350400,"Peptones and their derivatives; other protein substances and their derivatives, not elsewhere specified or included; hide powder, whether or not chromed.",3542,"Glues and gelatine, peptones and their derivatives, and related products;"
350510,Dextrins and other modified starches,2322,Starches; inulin; wheat gluten; dextrins and other modified starches
350520,Glues,3542,"Glues and gelatine, peptones and their derivatives, and related products;"
350610,"Products suitable for use as glues or adhesives, put up for retail sale as glues or adhesives, not exceeding a net weight of 1 kg",3542,"Glues and gelatine, peptones and their derivatives, and related products;"
350691,Other :-- Adhesives based on rubber or plastics (including artificial resins),3542,"Glues and gelatine, peptones and their derivatives, and related products;"
350699,Other,3542,"Glues and gelatine, peptones and their derivatives, and related products;"
350710,Rennet and concentrates thereof,3417,"Ethers, alcohol peroxides, ether peroxides, epoxides, acetals and hemiacetals, and their halogenated,"
350790,Other,3417,"Ethers, alcohol peroxides, ether peroxides, epoxides, acetals and hemiacetals, and their halogenated,"
360100,Propellent powders.,3545,Prepared explosives; safety fuses; detonating fuses; percussion or detonating caps; igniters; electric
360200,"Prepared explosives, other than propellent powders.",3545,Prepared explosives; safety fuses; detonating fuses; percussion or detonating caps; igniters; electric
360300,Safety fuses; detonating fuses; percussion or detonating caps; igniters; electric detonators.,3545,Prepared explosives; safety fuses; detonating fuses; percussion or detonating caps; igniters; electric
360410,Fireworks,3546,Pyrotechnic articles
360490,Other,3546,Pyrotechnic articles
360500,"Matches, other than pyrotechnic articles of heading No. 36.04.",38998,Matches
360610,Liquid or liquefied-gas fuels in containers of a kind used for filling or refilling cigarette or similar lighters and of a capacity not exceeding 300 cm3,38999,"Articles n.e.c. (including candles, tapers, skins of birds with their"
360690,Other,38995,Parts of cigarette lighters and other lighters (except flints and wicks);
370110,For X-ray,48341,"Photographic plates and film and instant print film, sensitised, unexposed"
370120,Instant print film,48341,"Photographic plates and film and instant print film, sensitised, unexposed"
370130,"Other plates and film, with any side exceeding 255 mm",48341,"Photographic plates and film and instant print film, sensitised, unexposed"
370191,Other :-- For colour photography (polychrome),48341,"Photographic plates and film and instant print film, sensitised, unexposed"
370199,Other,48341,"Photographic plates and film and instant print film, sensitised, unexposed"
370210,For X-ray,48341,"Photographic plates and film and instant print film, sensitised, unexposed"
370220,Instant print film,48341,"Photographic plates and film and instant print film, sensitised, unexposed"
370231,"Other film, without perforations, of a width not exceeding 105 mm :-- For colour photography (polychrome)",48341,"Photographic plates and film and instant print film, sensitised, unexposed"
370232,"Other film, without perforations, of a width not exceeding 105 mm :-- Other, with silver halide emulsion",48341,"Photographic plates and film and instant print film, sensitised, unexposed"
370239,"Other film, without perforations, of a width not exceeding 105 mm :-- Other",48341,"Photographic plates and film and instant print film, sensitised, unexposed"
370241,"Other film, without perforations, of a width exceeding     105 mm :-- Of a width exceeding 610 mm and of a length exceeding  200 m, for colour photography (polychrome)",48341,"Photographic plates and film and instant print film, sensitised, unexposed"
370242,"Other film, without perforations, of a width exceeding     105 mm :-- Of a width exceeding 610 mm and of a length exceeding 200 m, other than for colour photography",48341,"Photographic plates and film and instant print film, sensitised, unexposed"
370243,"Other film, without perforations, of a width exceeding     105 mm :-- Of a width exceeding 610 mm and of a length not exceeding 200 m",48341,"Photographic plates and film and instant print film, sensitised, unexposed"
370244,"Other film, without perforations, of a width exceeding     105 mm :-- Of a width exceeding 105 mm but not exceeding 610 mm",48341,"Photographic plates and film and instant print film, sensitised, unexposed"
370251,"Other film, for colour photography (polychrome) :-- Of a width not exceeding 16 mm and of a length not exceeding 14 m",48341,"Photographic plates and film and instant print film, sensitised, unexposed"
370252,"Other film, for colour photography (polychrome) :-- Of a width not exceeding 16 mm and of a length exceeding     14 m",48341,"Photographic plates and film and instant print film, sensitised, unexposed"
370253,"Other film, for colour photography (polychrome) :-- Of a width exceeding 16 mm but not exceeding 35 mm and of a length not exceeding 30 m, for slides",48341,"Photographic plates and film and instant print film, sensitised, unexposed"
370254,"Other film, for colour photography (polychrome) :-- Of a width exceeding 16 mm but not exceeding 35 mm and of a length not exceeding 30 m, other than for slides",48341,"Photographic plates and film and instant print film, sensitised, unexposed"
370255,"Other film, for colour photography (polychrome) :-- Of a width exceeding 16 mm but not exceeding 35 mm and of a length exceeding 30 m",48341,"Photographic plates and film and instant print film, sensitised, unexposed"
370256,"Other film, for colour photography (polychrome) :-- Of a width exceeding 35 mm",48341,"Photographic plates and film and instant print film, sensitised, unexposed"
370291,Other :-- Of a width not exceeding 16 mm and of a length not exceeding 14 m,48341,"Photographic plates and film and instant print film, sensitised, unexposed"
370292,Other :-- Of a width not exceeding 16 mm and of a length exceeding     14 m,48341,"Photographic plates and film and instant print film, sensitised, unexposed"
370293,Other :-- Of a width exceeding 16 mm but not exceeding 35 mm and of a length not exceeding 30 m,48341,"Photographic plates and film and instant print film, sensitised, unexposed"
370294,Other :-- Of a width exceeding 16 mm but not exceeding 35 mm and of a length exceeding 30 m,48341,"Photographic plates and film and instant print film, sensitised, unexposed"
370295,Other :-- Of a width exceeding 35 mm,48341,"Photographic plates and film and instant print film, sensitised, unexposed"
370310,In rolls of a width exceeding 610 mm,48341,"Photographic plates and film and instant print film, sensitised, unexposed"
370320,"Other, for colour photography (polychrome)",48341,"Photographic plates and film and instant print film, sensitised, unexposed"
370390,Other,48341,"Photographic plates and film and instant print film, sensitised, unexposed"
370400,"Photographic plates, film, paper, paperboard and textiles, exposed but not developed.",38941,"Photographic plates, film, paper, paperboard and textiles, exposed but"
370510,For offset reproduction,38942,"Photographic plates and film, exposed and developed, other than cinematographic film"
370520,Microfilms,38942,"Photographic plates and film, exposed and developed, other than cinematographic film"
370590,Other,38942,"Photographic plates and film, exposed and developed, other than cinematographic film"
370610,Of a width of 35 mm or more,3895,"Cinematographic film, exposed and developed, whether or not incorporating"
370690,Other,3895,"Cinematographic film, exposed and developed, whether or not incorporating"
370710,Sensitising emulsions,48342,"Chemical preparations for photographic uses, except varnishes, adhesives"
370790,Other,48342,"Chemical preparations for photographic uses, except varnishes, adhesives"
380110,Artificial graphite,3795,Artificial graphite; colloidal or semi-colloidal graphite; preparations based on graphite or
380120,Colloidal or semi-colloidal graphite,3795,Artificial graphite; colloidal or semi-colloidal graphite; preparations based on graphite or
380130,Carbonaceous pastes for electrodes and similar pastes for furnace linings,3795,Artificial graphite; colloidal or semi-colloidal graphite; preparations based on graphite or
380190,Other,3795,Artificial graphite; colloidal or semi-colloidal graphite; preparations based on graphite or
380210,Activated carbon,3549,Other chemical products n.e.c.
380290,Other,344,Activated natural mineral products; animal black; tall oil; terpenic
380300,"Tall oil, whether or not refined.",344,Activated natural mineral products; animal black; tall oil; terpenic
380400,"Residual lyes from the manufacture of wood pulp, whether or not concentrated, desugared or chemically treated, including lignin sulphonates, but excluding tall oil of heading No. 38.03.",3923,"Residual lyes from the manufacture of wood pulp, including lignin sulphonates, but excluding tall oil"
380510,"Gum, wood or sulphate turpentine oils",344,Activated natural mineral products; animal black; tall oil; terpenic
380520,Pine oil,344,Activated natural mineral products; animal black; tall oil; terpenic
380590,Other,344,Activated natural mineral products; animal black; tall oil; terpenic
380610,Rosin and resin acids,344,Activated natural mineral products; animal black; tall oil; terpenic
380620,"Salts of rosin, of resin acids or of derivatives of rosin or resin acids, other than salts of rosin adducts",344,Activated natural mineral products; animal black; tall oil; terpenic
380630,Ester gums,344,Activated natural mineral products; animal black; tall oil; terpenic
380690,Other,344,Activated natural mineral products; animal black; tall oil; terpenic
380700,"Wood tar; wood tar oils; wood creosote; wood naphtha; vegetable pitch; brewers' pitch and similar preparations based on rosin, resin acids or on vegetable pitch.",344,Activated natural mineral products; animal black; tall oil; terpenic
380810,Insecticides,3462,Pesticides
380820,Fungicides,3462,Pesticides
380830,"Herbicides, anti-sprouting products and plant-growth regulators",3462,Pesticides
380840,Disinfectants,3462,Pesticides
380890,Other,3462,Pesticides
380910,With a basis of amylaceous substances,3549,Other chemical products n.e.c.
380991,Other :-- Of a kind used in the textile or like industries,3549,Other chemical products n.e.c.
380992,Other :-- Of a kind used in the paper or like industries,3549,Other chemical products n.e.c.
380993,Other :-- Of a kind used in the leather or like industries,3549,Other chemical products n.e.c.
381010,"Pickling preparations for metal surfaces; soldering, brazing or welding powders and pastes consisting of metal and other materials",3549,Other chemical products n.e.c.
381090,Other,3549,Other chemical products n.e.c.
381111,Anti-knock preparations :-- Based on lead compounds,3543,"Lubricating preparations and preparations of a kind for the oil or grease treatment of materials,"
381119,Anti-knock preparations :-- Other,3543,"Lubricating preparations and preparations of a kind for the oil or grease treatment of materials,"
381121,Additives for lubricating oils :-- Containing petroleum oils or oils obtained from bituminous minerals,3543,"Lubricating preparations and preparations of a kind for the oil or grease treatment of materials,"
381129,Additives for lubricating oils :-- Other,3543,"Lubricating preparations and preparations of a kind for the oil or grease treatment of materials,"
381190,Other,3543,"Lubricating preparations and preparations of a kind for the oil or grease treatment of materials,"
381210,Prepared rubber accelerators,3549,Other chemical products n.e.c.
381220,Compound plasticisers for rubber or plastics,3549,Other chemical products n.e.c.
381230,Anti-oxidising preparations and other compound stabilisers for rubber or plastics,3549,Other chemical products n.e.c.
381300,Preparations and charges for fire-extinguishers; charged fire-extinguishing grenades.,3544,Modelling pastes; dental wax or dental impression compounds; other
381400,"Organic composite solvents and thinners, not elsewhere specified or included; prepared paint or varnish removers.",3511,"Paints and varnishes (including enamels and lacquers); prepared pigments, prepared opacifiers"
381511,Supported catalysts :-- With nickel or nickel compounds as the active substance,3549,Other chemical products n.e.c.
381512,Supported catalysts :-- With precious metal or precious metal compounds as the active substance,3549,Other chemical products n.e.c.
381519,Supported catalysts :-- Other,3549,Other chemical products n.e.c.
381590,Other,3549,Other chemical products n.e.c.
381600,"Refractory cements, mortars, concretes and similar compositions, other than products of heading No. 38.01.",3733,"Refractory cements, mortars, concretes and similar compositions n.e.c."
381710,Mixed alkylbenzenes,3549,Other chemical products n.e.c.
381720,Mixed alkylnaphthalenes,3549,Other chemical products n.e.c.
381800,"Chemical elements doped for use in electronics, in the form of discs, wafers or similar forms; chemical compounds doped for use in electronics.",3547,Chemical elements and compounds doped for use in electronics
381900,"Hydraulic brake fluids and other prepared liquids for hydraulic transmission, not containing or containing less than 70 % by weight of petroleum oils or oils obtained from bituminous minerals.",3543,"Lubricating preparations and preparations of a kind for the oil or grease treatment of materials,"
382000,Anti-freezing preparations and prepared de-icing fluids.,3543,"Lubricating preparations and preparations of a kind for the oil or grease treatment of materials,"
382100,Prepared culture media for development of micro-organisms.,3544,Modelling pastes; dental wax or dental impression compounds; other
382200,"Diagnostic or laboratory reagents on a backing and prepared diagnostic or laboratory reagents whether or not on a backing, other than those of heading No. 30.02 or 30.06.",3544,Modelling pastes; dental wax or dental impression compounds; other
382311,Industrial monocarboxylic fatty acids; acid oils from refining :-- Stearic acid,3412,Industrial monocarboxylic fatty acids; acid oils from refining
382312,Industrial monocarboxylic fatty acids; acid oils from refining :-- Oleic acid,3412,Industrial monocarboxylic fatty acids; acid oils from refining
382313,Industrial monocarboxylic fatty acids; acid oils from refining :-- Tall oil fatty acids,3412,Industrial monocarboxylic fatty acids; acid oils from refining
382319,Industrial monocarboxylic fatty acids; acid oils from refining :-- Other,3412,Industrial monocarboxylic fatty acids; acid oils from refining
382370,Industrial fatty alcohols,3412,Industrial monocarboxylic fatty acids; acid oils from refining
382410,Prepared binders for foundry moulds or cores,3549,Other chemical products n.e.c.
382420,"Naphthenic acids, their water-insoluble salts and their esters",3549,Other chemical products n.e.c.
382430,Non-agglomerated metal carbides mixed together or with metallic binders,3549,Other chemical products n.e.c.
382440,"Prepared additives for cements, mortars or concretes",3549,Other chemical products n.e.c.
382450,Non-refractory mortars and concretes,3751,Non-refractory mortars and concretes
382460,Sorbitol other than that of subheading No. 2905.44,3549,Other chemical products n.e.c.
382471,Mixtures containing perhalogenated derivatives of acyclic hydrocarbons containing two or more different halogens :-- Containing acyclic hydrocarbons perhalogenated only with fluorine and chlorine,3549,Other chemical products n.e.c.
382479,Mixtures containing perhalogenated derivatives of acyclic hydrocarbons containing two or more different halogens :-- Other,3549,Other chemical products n.e.c.
382490,Other,3549,Other chemical products n.e.c.
390110,Polyethylene having a specific gravity of less than 0.94,3471,"Polymers of ethylene, in primary forms"
390120,Polyethylene having a specific gravity of 0.94 or more,3471,"Polymers of ethylene, in primary forms"
390130,Ethylene-vinyl acetate copolymers,3471,"Polymers of ethylene, in primary forms"
390190,Other,3471,"Polymers of ethylene, in primary forms"
390210,Polypropylene,3479,Other plastics in primary forms; ion exchangers
390220,Polyisobutylene,3479,Other plastics in primary forms; ion exchangers
390230,Propylene copolymers,3479,Other plastics in primary forms; ion exchangers
390290,Other,3479,Other plastics in primary forms; ion exchangers
390311,Polystyrene :-- Expansible,3472,"Polymers of styrene, in primary forms"
390319,Polystyrene :-- Other,3472,"Polymers of styrene, in primary forms"
390320,Styrene-acrylonitrile (SAN) copolymers,3472,"Polymers of styrene, in primary forms"
390330,Acrylonitrile-butadiene-styrene (ABS) copolymers,3472,"Polymers of styrene, in primary forms"
390390,Other,3472,"Polymers of styrene, in primary forms"
390410,"Polyvinyl chloride, not mixed with any other substances",3473,"Polymers of vinyl chloride or other halogenated olefins, in primary forms"
390421,Other polyvinyl chloride :-- Non-plasticised,3473,"Polymers of vinyl chloride or other halogenated olefins, in primary forms"
390422,Other polyvinyl chloride :-- Plasticised,3473,"Polymers of vinyl chloride or other halogenated olefins, in primary forms"
390430,Vinyl chloride-vinyl acetate copolymers,3473,"Polymers of vinyl chloride or other halogenated olefins, in primary forms"
390440,Other vinyl chloride copolymers,3473,"Polymers of vinyl chloride or other halogenated olefins, in primary forms"
390450,Vinylidene chloride polymers,3473,"Polymers of vinyl chloride or other halogenated olefins, in primary forms"
390461,Fluoro-polymers :-- Polytetrafluoroethylene,3473,"Polymers of vinyl chloride or other halogenated olefins, in primary forms"
390469,Fluoro-polymers :-- Other,3473,"Polymers of vinyl chloride or other halogenated olefins, in primary forms"
390490,Other,3473,"Polymers of vinyl chloride or other halogenated olefins, in primary forms"
390512,Polyvinyl acetate :-- In aqueous dispersion,3479,Other plastics in primary forms; ion exchangers
390519,Polyvinyl acetate :-- Other,3479,Other plastics in primary forms; ion exchangers
390521,Vinyl acetate copolymers :-- In aqueous dispersion,3479,Other plastics in primary forms; ion exchangers
390529,Vinyl acetate copolymers :-- Other,3479,Other plastics in primary forms; ion exchangers
390530,"Polyvinyl alcohol, whether or not containing unhydrolysed acetate groups",3479,Other plastics in primary forms; ion exchangers
390591,Other :-- Copolymers,3479,Other plastics in primary forms; ion exchangers
390599,Other,3479,Other plastics in primary forms; ion exchangers
390610,Polymethyl methacrylate,3479,Other plastics in primary forms; ion exchangers
390690,Other,3479,Other plastics in primary forms; ion exchangers
390710,Polyacetals,3474,"Polyacetals, other polyethers and epoxide resins, in primary forms;"
390720,Other polyethers,3474,"Polyacetals, other polyethers and epoxide resins, in primary forms;"
390730,Epoxide resins,3474,"Polyacetals, other polyethers and epoxide resins, in primary forms;"
390740,Polycarbonates,3474,"Polyacetals, other polyethers and epoxide resins, in primary forms;"
390750,Alkyd resins,3474,"Polyacetals, other polyethers and epoxide resins, in primary forms;"
390760,Polyethylene terephthalate,3474,"Polyacetals, other polyethers and epoxide resins, in primary forms;"
390791,Other polyesters :-- Unsaturated,3474,"Polyacetals, other polyethers and epoxide resins, in primary forms;"
390799,Other polyesters :-- Other,3474,"Polyacetals, other polyethers and epoxide resins, in primary forms;"
390810,"Polyamide-6, -11, -12, -6,6, -6,9, -6,10 or -6,12",3479,Other plastics in primary forms; ion exchangers
390890,Other,3479,Other plastics in primary forms; ion exchangers
390910,Urea resins; thiourea resins,3479,Other plastics in primary forms; ion exchangers
390920,Melamine resins,3479,Other plastics in primary forms; ion exchangers
390930,Other amino-resins,3479,Other plastics in primary forms; ion exchangers
390940,Phenolic resins,3479,Other plastics in primary forms; ion exchangers
390950,Polyurethanes,3479,Other plastics in primary forms; ion exchangers
391000,Silicones in primary forms.,3479,Other plastics in primary forms; ion exchangers
391110,"Petroleum resins, coumarone, indene or coumarone-indene resins and polyterpenes",3479,Other plastics in primary forms; ion exchangers
391190,Other,3479,Other plastics in primary forms; ion exchangers
391211,Cellulose acetates :-- Non-plasticised,3479,Other plastics in primary forms; ion exchangers
391212,Cellulose acetates :-- Plasticised,3479,Other plastics in primary forms; ion exchangers
391220,Cellulose nitrates (including collodions),3479,Other plastics in primary forms; ion exchangers
391231,Cellulose ethers :-- Carboxymethylcellulose and its salts,3479,Other plastics in primary forms; ion exchangers
391239,Cellulose ethers :-- Other,3479,Other plastics in primary forms; ion exchangers
391290,Other,3479,Other plastics in primary forms; ion exchangers
391310,"Alginic acid, its salts and esters",3479,Other plastics in primary forms; ion exchangers
391390,Other,3479,Other plastics in primary forms; ion exchangers
391400,"Ion-exchangers based on polymers of headings Nos. 39.01 to 39.13, in primary forms.",3479,Other plastics in primary forms; ion exchangers
391510,Of polymers of ethylene,3927,"Waste, parings and scrap of plastics"
391520,Of polymers of styrene,3927,"Waste, parings and scrap of plastics"
391530,Of polymers of vinyl chloride,3927,"Waste, parings and scrap of plastics"
391590,Of other plastics,3927,"Waste, parings and scrap of plastics"
391610,Of polymers of ethylene,3631,"Monofilament of which any cross- sectional dimension exceeds 1 mm, rods, sticks and profile shapes,"
391620,Of polymers of vinyl chloride,3631,"Monofilament of which any cross- sectional dimension exceeds 1 mm, rods, sticks and profile shapes,"
391690,Of other plastics,3631,"Monofilament of which any cross- sectional dimension exceeds 1 mm, rods, sticks and profile shapes,"
391710,Artificial guts (sausage casings) of hardened protein or of cellulosic materials,3632,"Tubes, pipes and hoses, and fittings therefor, of plastics"
391721,"Tubes, pipes and hoses, rigid :-- Of polymers of ethylene",3632,"Tubes, pipes and hoses, and fittings therefor, of plastics"
391722,"Tubes, pipes and hoses, rigid :-- Of polymers of propylene",3632,"Tubes, pipes and hoses, and fittings therefor, of plastics"
391723,"Tubes, pipes and hoses, rigid :-- Of polymers of vinyl chloride",3632,"Tubes, pipes and hoses, and fittings therefor, of plastics"
391729,"Tubes, pipes and hoses, rigid :-- Of other plastics",3632,"Tubes, pipes and hoses, and fittings therefor, of plastics"
391731,"Tubes, pipes and hoses, rigid :-- Flexible tubes, pipes and hoses, having a minimum burst pressure of 27.6 MPa",3632,"Tubes, pipes and hoses, and fittings therefor, of plastics"
391732,"Tubes, pipes and hoses, rigid :-- Other, not reinforced or otherwise combined with other materials, without fittings",3632,"Tubes, pipes and hoses, and fittings therefor, of plastics"
391733,"Tubes, pipes and hoses, rigid :-- Other, not reinforced or otherwise combined with other materials, with fittings",3632,"Tubes, pipes and hoses, and fittings therefor, of plastics"
391739,"Tubes, pipes and hoses, rigid :-- Other",3632,"Tubes, pipes and hoses, and fittings therefor, of plastics"
391740,Fittings,3632,"Tubes, pipes and hoses, and fittings therefor, of plastics"
391810,Of polymers of vinyl chloride,3691,"Floor coverings of plastics, in rolls or in the form of tiles; wall or"
391890,Of other plastics,3691,"Floor coverings of plastics, in rolls or in the form of tiles; wall or"
391910,In rolls of a width not exceeding 20 cm,3692,"Self-adhesive plates, sheets, film, foil, tape, strip and other flat"
391990,Other,3692,"Self-adhesive plates, sheets, film, foil, tape, strip and other flat"
392010,Of polymers of ethylene,3633,"Plates, sheets, film, foil and strip, of plastics, not self-adhesive,"
392020,Of polymers of propylene,3633,"Plates, sheets, film, foil and strip, of plastics, not self-adhesive,"
392030,Of polymers of styrene,3633,"Plates, sheets, film, foil and strip, of plastics, not self-adhesive,"
392041,Of polymers of vinyl chloride :-- Rigid,3633,"Plates, sheets, film, foil and strip, of plastics, not self-adhesive,"
392042,Of polymers of vinyl chloride :-- Flexible,3633,"Plates, sheets, film, foil and strip, of plastics, not self-adhesive,"
392051,Of acrylic polymers :-- Of polymethyl methacrylate,3633,"Plates, sheets, film, foil and strip, of plastics, not self-adhesive,"
392059,Of acrylic polymers :-- Other,3633,"Plates, sheets, film, foil and strip, of plastics, not self-adhesive,"
392061,"Of polycarbonates, alkyd resins, polyallyl esters or other polyesters :-- Of polycarbonates",3633,"Plates, sheets, film, foil and strip, of plastics, not self-adhesive,"
392062,"Of polycarbonates, alkyd resins, polyallyl esters or other polyesters :-- Of polyethylene terephthalate",3633,"Plates, sheets, film, foil and strip, of plastics, not self-adhesive,"
392063,"Of polycarbonates, alkyd resins, polyallyl esters or other polyesters :-- Of unsaturated polyesters",3633,"Plates, sheets, film, foil and strip, of plastics, not self-adhesive,"
392069,"Of polycarbonates, alkyd resins, polyallyl esters or other polyesters :-- Of other polyesters",3633,"Plates, sheets, film, foil and strip, of plastics, not self-adhesive,"
392071,Of cellulose or its chemical derivatives :-- Of regenerated cellulose,3633,"Plates, sheets, film, foil and strip, of plastics, not self-adhesive,"
392072,Of cellulose or its chemical derivatives :-- Of vulcanised fibre,3633,"Plates, sheets, film, foil and strip, of plastics, not self-adhesive,"
392073,Of cellulose or its chemical derivatives :-- Of cellulose acetate,3633,"Plates, sheets, film, foil and strip, of plastics, not self-adhesive,"
392079,Of cellulose or its chemical derivatives :-- Of other cellulose derivatives,3633,"Plates, sheets, film, foil and strip, of plastics, not self-adhesive,"
392091,Of other plastics :-- Of polyvinyl butyral,3633,"Plates, sheets, film, foil and strip, of plastics, not self-adhesive,"
392092,Of other plastics :-- Of polyamides,3633,"Plates, sheets, film, foil and strip, of plastics, not self-adhesive,"
392093,Of other plastics :-- Of amino-resins,3633,"Plates, sheets, film, foil and strip, of plastics, not self-adhesive,"
392094,Of other plastics :-- Of phenolic resins,3633,"Plates, sheets, film, foil and strip, of plastics, not self-adhesive,"
392099,Of other plastics :-- Of other plastics,3633,"Plates, sheets, film, foil and strip, of plastics, not self-adhesive,"
392111,Cellular :-- Of polymers of styrene,3639,"Other plates, sheets, film, foil and strip, of plastics"
392112,Cellular :-- Of polymers of vinyl chloride,3639,"Other plates, sheets, film, foil and strip, of plastics"
392113,Cellular :-- Of polyurethanes,3639,"Other plates, sheets, film, foil and strip, of plastics"
392114,Cellular :-- Of regenerated cellulose,3639,"Other plates, sheets, film, foil and strip, of plastics"
392119,Cellular :-- Of other plastics,3639,"Other plates, sheets, film, foil and strip, of plastics"
392190,Other,3639,"Other plates, sheets, film, foil and strip, of plastics"
392210,"Baths, shower-baths and wash-basins",3693,"Baths, wash-basins, lavatory pans and covers, flushing cisterns and similar"
392220,Lavatory seats and covers,3693,"Baths, wash-basins, lavatory pans and covers, flushing cisterns and similar"
392290,Other,3693,"Baths, wash-basins, lavatory pans and covers, flushing cisterns and similar"
392310,"Boxes, cases, crates and similar articles",3649,"Other articles for the conveyance or packing of goods, of plastics;"
392321,Sacks and bags (including cones) :-- Of polymers of ethylene,3641,"Sacks and bags, of plastics"
392329,Sacks and bags (including cones) :-- Of other plastics,3641,"Sacks and bags, of plastics"
392330,"Carboys, bottles, flasks and similar articles",3649,"Other articles for the conveyance or packing of goods, of plastics;"
392340,"Spools, cops, bobbins and similar supports",3649,"Other articles for the conveyance or packing of goods, of plastics;"
392350,"Stoppers, lids, caps and other closures",3649,"Other articles for the conveyance or packing of goods, of plastics;"
392390,Other,3649,"Other articles for the conveyance or packing of goods, of plastics;"
392410,Tableware and kitchenware,3694,"Tableware, kitchenware, other household articles and toilet articles, of plastics"
392490,Other,3694,"Tableware, kitchenware, other household articles and toilet articles, of plastics"
392510,"Reservoirs, tanks, vats and similar containers, of a capacity exceeding 300 l",3695,Builders' ware of plastics n.e.c.
392520,"Doors, windows and their frames and thresholds for doors",3695,Builders' ware of plastics n.e.c.
392530,"Shutters, blinds (including Venetian blinds) and similar articles and parts thereof",3695,Builders' ware of plastics n.e.c.
392590,Other,3695,Builders' ware of plastics n.e.c.
392610,Office or school supplies,3699,Articles of plastics n.e.c.
392620,Articles of apparel and clothing accessories (including gloves),28243,Apparel and clothing accessories of plastics (incl. gloves)
392630,"Fittings for furniture, coachwork of the like",3699,Articles of plastics n.e.c.
392640,Statuettes and other ornamental articles,3699,Articles of plastics n.e.c.
392690,Other,3699,Articles of plastics n.e.c.
400110,"Natural rubber latex, whether or not pre-vulcanised",0321,"Natural rubber in primary forms or in plates, sheets or strip"
400121,Natural rubber in other forms :-- Smoked sheets,0321,"Natural rubber in primary forms or in plates, sheets or strip"
400122,Natural rubber in other forms :-- Technically specified natural rubber (TSNR),0321,"Natural rubber in primary forms or in plates, sheets or strip"
400129,Natural rubber in other forms :-- Other,0321,"Natural rubber in primary forms or in plates, sheets or strip"
400130,"Balata, gutta-percha, guayule, chicle and similar natural gums",0322,"Balata, gutta-percha, guayule, chicle and similar natural gums"
400211,Styrene-butadiene rubber (SBR); carboxylated styrene-butadiene rubber (XSBR) :-- Latex,348,"Synthetic rubber and factice derived from oils, and mixtures thereof with"
400219,Styrene-butadiene rubber (SBR); carboxylated styrene-butadiene rubber (XSBR) :-- Other,348,"Synthetic rubber and factice derived from oils, and mixtures thereof with"
400220,Butadiene rubber (BR),348,"Synthetic rubber and factice derived from oils, and mixtures thereof with"
400231,Isobutene-isoprene (butyl) rubber (IIR); halo-isobutene-isoprene rubber (CIIR or BIIR) :-- Isobutene-isoprene (butyl) rubber (IIR),348,"Synthetic rubber and factice derived from oils, and mixtures thereof with"
400239,Isobutene-isoprene (butyl) rubber (IIR); halo-isobutene-isoprene rubber (CIIR or BIIR) :-- Other,348,"Synthetic rubber and factice derived from oils, and mixtures thereof with"
400241,Chloroprene (chlorobutadiene) rubber (CR) :-- Latex,348,"Synthetic rubber and factice derived from oils, and mixtures thereof with"
400249,Chloroprene (chlorobutadiene) rubber (CR) :-- Other,348,"Synthetic rubber and factice derived from oils, and mixtures thereof with"
400251,Acrylonitrile-butadiene rubber (NBR) :-- Latex,348,"Synthetic rubber and factice derived from oils, and mixtures thereof with"
400259,Acrylonitrile-butadiene rubber (NBR) :-- Other,348,"Synthetic rubber and factice derived from oils, and mixtures thereof with"
400260,Isoprene rubber (IR),348,"Synthetic rubber and factice derived from oils, and mixtures thereof with"
400270,Ethylene-propylene-non-conjugated diene rubber (EPDM),348,"Synthetic rubber and factice derived from oils, and mixtures thereof with"
400280,Mixtures of any product of heading No. 40.01 with any product of this heading,348,"Synthetic rubber and factice derived from oils, and mixtures thereof with"
400291,Other :-- Latex,348,"Synthetic rubber and factice derived from oils, and mixtures thereof with"
400299,Other,348,"Synthetic rubber and factice derived from oils, and mixtures thereof with"
400300,"Reclaimed rubber in primary forms or in plates, sheets or strip.",3621,Reclaimed rubber
400400,"Waste, parings and scrap of rubber (other than hard rubber) and powders and granules obtained therefrom.",3925,"Waste, parings and scrap of rubber (except hard rubber) and powders"
400510,Compounded with carbon black or silica,3622,"Unvulcanised compounded rubber, in primary forms or in plates, sheets or"
400520,Solutions; dispersions other than those of subheading No. 4005.10,3622,"Unvulcanised compounded rubber, in primary forms or in plates, sheets or"
400591,"Other :-- Plates, sheets and strip",3622,"Unvulcanised compounded rubber, in primary forms or in plates, sheets or"
400599,Other,3622,"Unvulcanised compounded rubber, in primary forms or in plates, sheets or"
400610,Camel-back strips for retreading rubber tyres,36115,Camel-back strips for retreading rubber tyres
400690,Other,3622,"Unvulcanised compounded rubber, in primary forms or in plates, sheets or"
400700,Vulcanised rubber thread and cord.,3622,"Unvulcanised compounded rubber, in primary forms or in plates, sheets or"
400811,"Of cellular rubber :-- Plates, sheets and strip",3622,"Unvulcanised compounded rubber, in primary forms or in plates, sheets or"
400819,Of cellular rubber :-- Other,3622,"Unvulcanised compounded rubber, in primary forms or in plates, sheets or"
400821,"Of non-cellular rubber :-- Plates, sheets and strip",3622,"Unvulcanised compounded rubber, in primary forms or in plates, sheets or"
400829,Of non-cellular rubber :-- Other,3622,"Unvulcanised compounded rubber, in primary forms or in plates, sheets or"
400910,"Not reinforced or otherwise combined with other materials, without fittings",3623,"Tubes, pipes and hoses of vulcanised rubber other than hard rubber"
400920,"Reinforced or otherwise combined only with metal, without fittings",3623,"Tubes, pipes and hoses of vulcanised rubber other than hard rubber"
400930,"Reinforced or otherwise combined only with textile materials, without fittings",3623,"Tubes, pipes and hoses of vulcanised rubber other than hard rubber"
400940,"Reinforced or otherwise combined with other materials, without fittings",3623,"Tubes, pipes and hoses of vulcanised rubber other than hard rubber"
400950,With fittings,3623,"Tubes, pipes and hoses of vulcanised rubber other than hard rubber"
401011,Conveyor belts or belting :-- Reinforced only with metal,3624,"Conveyor or transmission belts or belting, of vulcanised rubber"
401012,Conveyor belts or belting :-- Reinforced only with textile materials,3624,"Conveyor or transmission belts or belting, of vulcanised rubber"
401013,Conveyor belts or belting :-- Reinforced only with plastics,3624,"Conveyor or transmission belts or belting, of vulcanised rubber"
401019,Conveyor belts or belting :-- Other,3624,"Conveyor or transmission belts or belting, of vulcanised rubber"
401021,"Transmission belts or belting :-- Endless transmission belts of trapezoidal cross-section (V-belts), whether or not grooved, of a circumference exceeding 60 cm but not exceeding 180 cm",3624,"Conveyor or transmission belts or belting, of vulcanised rubber"
401022,"Transmission belts or belting :-- Endless transmission belts of trapezoidal cross-section (V-belts), whether or not grooved, of a circumference exceeding 180 cm but not exceeding 240 cm",3624,"Conveyor or transmission belts or belting, of vulcanised rubber"
401023,"Transmission belts or belting :-- Endless synchronous belts, of a circumference exceeding 60 cm but not exceeding 150 cm",3624,"Conveyor or transmission belts or belting, of vulcanised rubber"
401024,"Transmission belts or belting :-- Endless synchronous belts, of a circumference exceeding 150 cm but not exceeding 198 cm",3624,"Conveyor or transmission belts or belting, of vulcanised rubber"
401029,Transmission belts or belting :-- Other,3624,"Conveyor or transmission belts or belting, of vulcanised rubber"
401110,Of a kind used on motor cars (including station wagons and racing cars),36111,"New pneumatic tyres, of rubber, of a kind used on motor cars"
401120,Of a kind used on buses or lorries,36113,"Other new pneumatic tyres, of rubber"
401130,Of a kind used on aircraft,36113,"Other new pneumatic tyres, of rubber"
401140,Of a kind used on motorcycles,36112,"New pneumatic tyres, of rubber, of a kind used on motor cycles or bicycles"
401150,Of a kind used on bicycles,36112,"New pneumatic tyres, of rubber, of a kind used on motor cycles or bicycles"
401191,Other :-- Having a herring-bone or similar tread,36113,"Other new pneumatic tyres, of rubber"
401199,Other,36113,"Other new pneumatic tyres, of rubber"
401210,Retreaded tyres,3612,"Retreaded pneumatic tyres, of rubber"
401220,Used pneumatic tyres,3926,Used pneumatic tyres of rubber
401290,Other,36114,"Inner tubes, solid or cushion tyres, interchangeable tyre treads and"
401310,"Of a kind used on motor cars (including station wagons and racing cars), buses or lorries",36114,"Inner tubes, solid or cushion tyres, interchangeable tyre treads and"
401320,Of a kind used on bicycles,36114,"Inner tubes, solid or cushion tyres, interchangeable tyre treads and"
401390,Other,36114,"Inner tubes, solid or cushion tyres, interchangeable tyre treads and"
401410,Sheath contraceptives,3627,Articles of vulcanised rubber n.e.c.; hard rubber; articles of hard rubber
401490,Other,3627,Articles of vulcanised rubber n.e.c.; hard rubber; articles of hard rubber
401511,Gloves :-- Surgical,3626,Articles of apparel and clothing accessories (including gloves) of vulcanised rubber other than hard
401519,Gloves :-- Other,3626,Articles of apparel and clothing accessories (including gloves) of vulcanised rubber other than hard
401590,Other,3626,Articles of apparel and clothing accessories (including gloves) of vulcanised rubber other than hard
401610,Of cellular rubber,3627,Articles of vulcanised rubber n.e.c.; hard rubber; articles of hard rubber
401691,Other :-- Floor coverings and mats,3627,Articles of vulcanised rubber n.e.c.; hard rubber; articles of hard rubber
401692,Other :-- Erasers,3627,Articles of vulcanised rubber n.e.c.; hard rubber; articles of hard rubber
401693,"Other :-- Gaskets, washers and other seals",3627,Articles of vulcanised rubber n.e.c.; hard rubber; articles of hard rubber
401694,"Other :-- Boat or dock fenders, whether or not inflatable",3627,Articles of vulcanised rubber n.e.c.; hard rubber; articles of hard rubber
401695,Other inflatable articles,3627,Articles of vulcanised rubber n.e.c.; hard rubber; articles of hard rubber
401699,Other,3627,Articles of vulcanised rubber n.e.c.; hard rubber; articles of hard rubber
401700,"Hard rubber (for example, ebonite) in all forms, including waste and scrap; articles of hard rubber.",3627,Articles of vulcanised rubber n.e.c.; hard rubber; articles of hard rubber
410110,"Whole hides and skins of bovine animals, of a weight per skin not exceeding 8 kg when simply dried, 10 kg when dry-salted, or 14 kg when fresh, wet-salted or otherwise preserved",02971,"Raw hides and skins of bovine or equine animals, sheep or lambs, goats or kids"
410121,"Other hides and skins of bovine animals, fresh or wet-salted :-- Whole",02971,"Raw hides and skins of bovine or equine animals, sheep or lambs, goats or kids"
410122,"Other hides and skins of bovine animals, fresh or wet-salted :-- Butts and bends",02971,"Raw hides and skins of bovine or equine animals, sheep or lambs, goats or kids"
410129,"Other hides and skins of bovine animals, fresh or wet-salted :-- Other",02971,"Raw hides and skins of bovine or equine animals, sheep or lambs, goats or kids"
410130,"Other hides and skins of bovine animals, otherwise preserved",02971,"Raw hides and skins of bovine or equine animals, sheep or lambs, goats or kids"
410140,Hides and skins of equine animals,02971,"Raw hides and skins of bovine or equine animals, sheep or lambs, goats or kids"
410210,With wool on,02971,"Raw hides and skins of bovine or equine animals, sheep or lambs, goats or kids"
410221,Without wool on :-- Pickled,02971,"Raw hides and skins of bovine or equine animals, sheep or lambs, goats or kids"
410229,Without wool on :-- Other,02971,"Raw hides and skins of bovine or equine animals, sheep or lambs, goats or kids"
410310,Of goats or kids,02971,"Raw hides and skins of bovine or equine animals, sheep or lambs, goats or kids"
410320,Of reptiles,02974,"Raw skins of other animals n.e.c. (fresh or preserved, but not further"
410390,Other,02974,"Raw skins of other animals n.e.c. (fresh or preserved, but not further"
410410,"Whole bovine skin leather, of a unit surface area not exceeding 28 square feet (2.6 m2)",2912,"Other leather, of bovine or equine animals, without hair on"
410421,"Other bovine leather and equine leather, tanned or retanned but not further prepared, whether or not split :-- Bovine leather, vegetable pre-tanned",2912,"Other leather, of bovine or equine animals, without hair on"
410422,"Other bovine leather and equine leather, tanned or retanned but not further prepared, whether or not split :-- Bovine leather, otherwise pre-tanned",2912,"Other leather, of bovine or equine animals, without hair on"
410429,"Other bovine leather and equine leather, tanned or retanned but not further prepared, whether or not split :-- Other",2912,"Other leather, of bovine or equine animals, without hair on"
410431,"Other bovine leather and equine leather, parchment-dressed or prepared after tanning :-- Full grains and full grain splits",2912,"Other leather, of bovine or equine animals, without hair on"
410439,"Other bovine leather and equine leather, parchment-dressed or prepared after tanning :-- Other",2912,"Other leather, of bovine or equine animals, without hair on"
410511,"Tanned or retanned but not further prepared, whether or not split :-- Vegetable pre-tanned",2913,"Other leather, without hair on (including sheep, lamb, goat or kid skin leather); composition leather"
410512,"Tanned or retanned but not further prepared, whether or not split :-- Otherwise pre-tanned",2913,"Other leather, without hair on (including sheep, lamb, goat or kid skin leather); composition leather"
410519,"Tanned or retanned but not further prepared, whether or not split :-- Other",2913,"Other leather, without hair on (including sheep, lamb, goat or kid skin leather); composition leather"
410520,Parchment-dressed or prepared after tanning,2913,"Other leather, without hair on (including sheep, lamb, goat or kid skin leather); composition leather"
410611,"Tanned or retanned but not further prepared, whether or not split :-- Vegetable pre-tanned",2913,"Other leather, without hair on (including sheep, lamb, goat or kid skin leather); composition leather"
410612,"Tanned or retanned but not further prepared, whether or not split :-- Otherwise pre-tanned",2913,"Other leather, without hair on (including sheep, lamb, goat or kid skin leather); composition leather"
410619,"Tanned or retanned but not further prepared, whether or not split :-- Other",2913,"Other leather, without hair on (including sheep, lamb, goat or kid skin leather); composition leather"
410620,Parchment-dressed or prepared after tanning,2913,"Other leather, without hair on (including sheep, lamb, goat or kid skin leather); composition leather"
410710,Of swine,2913,"Other leather, without hair on (including sheep, lamb, goat or kid skin leather); composition leather"
410721,Of reptiles :-- Vegetable pre-tanned,2913,"Other leather, without hair on (including sheep, lamb, goat or kid skin leather); composition leather"
410729,Of reptiles :-- Other,2913,"Other leather, without hair on (including sheep, lamb, goat or kid skin leather); composition leather"
410790,Of other animals,2913,"Other leather, without hair on (including sheep, lamb, goat or kid skin leather); composition leather"
410800,Chamois (including combination chamois) leather.,2911,Chamois leather; patent leather and patent laminated leather; metallised
410900,Patent leather and patent laminated leather; metallised leather.,2911,Chamois leather; patent leather and patent laminated leather; metallised
411000,"Parings and other waste of leather or of composition leather, not suitable for the manufacture of leather articles; leather dust, powder and flour.",3922,"Waste of leather, leather dust, powder and flour"
411100,"Composition leather with a basis of leather or leather fibre, in slabs, sheets or strip, whether or not in rolls.",2913,"Other leather, without hair on (including sheep, lamb, goat or kid skin leather); composition leather"
420100,"Saddlery and harness for any animal (including traces, leads, knee pads, muzzles, saddle cloths, saddle bags, dog coats and the like), of any material.",2921,"Saddlery and harness, for any animal, of any material"
420211,"Trunks, suit-cases, vanity-cases, executive-cases, brief-cases, school satchels and similar containers :--With outer surface of leather, of composition leather or of patent leather",2922,"Luggage, handbags and the like, of leather, composition leather, plastic"
420212,"Trunks, suit-cases, vanity-cases, executive-cases, brief-cases, school satchels and similar containers :      With outer surface of pastics or of textile materials",2922,"Luggage, handbags and the like, of leather, composition leather, plastic"
420219,"Trunks, suit-cases, vanity-cases, executive-cases, brief-cases, school satchels and similar containers :-- Other",2922,"Luggage, handbags and the like, of leather, composition leather, plastic"
420221,"Handbags, whether or not with shoulder strap, including those without handle :-- With outer surface of leather, of composition leather or of patent leather",2922,"Luggage, handbags and the like, of leather, composition leather, plastic"
420222,"Handbags, whether or not with shoulder strap, including those without handle :-- With outer surface of plastic sheeting or of textile materials",2922,"Luggage, handbags and the like, of leather, composition leather, plastic"
420229,"Handbags, whether or not with shoulder strap, including those without handle :-- Other",2922,"Luggage, handbags and the like, of leather, composition leather, plastic"
420231,"Articles of a kind normally carried in the pocket or in the handbag :-- With outer surface of leather, of composition leather or of patent leather",2922,"Luggage, handbags and the like, of leather, composition leather, plastic"
420232,Articles of a kind normally carried in the pocket or in the handbag :-- With outer surface of plastic sheeting or of textile materials,2922,"Luggage, handbags and the like, of leather, composition leather, plastic"
420239,Articles of a kind normally carried in the pocket or in the handbag :-- Other,2922,"Luggage, handbags and the like, of leather, composition leather, plastic"
420291,"Other :-- With outer surface of leather, of composition leather or of patent leather",2922,"Luggage, handbags and the like, of leather, composition leather, plastic"
420292,Other :-- With outer surface of plastic sheeting or of textile materials,2922,"Luggage, handbags and the like, of leather, composition leather, plastic"
420299,Other,2922,"Luggage, handbags and the like, of leather, composition leather, plastic"
420310,Articles of apparel,28241,Apparel of leather or of composition leather
420321,"Gloves, mittens and mitts :-- Specially designed for use in sports",3844,Other articles and equipment for sports or outdoor games (including
420329,"Gloves, mittens and mitts :-- Other",28242,"Clothing accessories of leather or of composition leather, except sports gloves"
420330,Belts and bandoliers,28242,"Clothing accessories of leather or of composition leather, except sports gloves"
420340,Other clothing accessories,28242,"Clothing accessories of leather or of composition leather, except sports gloves"
420400,"Articles of leather or of composition leather, of a kind used in machinery or mechanical appliances or for other technical uses.",2929,Other articles of leather or composition leather (including articles of a kind used in machinery
420500,Other articles of leather or of composition leather.,2929,Other articles of leather or composition leather (including articles of a kind used in machinery
420610,Catgut,38999,"Articles n.e.c. (including candles, tapers, skins of birds with their"
420690,Other,38999,"Articles n.e.c. (including candles, tapers, skins of birds with their"
430110,"Of mink, whole, with or without head, tail or paws",02972,"Raw furskins, except skins of rabbits, hares and fur-bearing lambs"
430120,"Of rabbit or hare, whole, with or without head, tail or paws",02973,"Skins of rabbits, hares and fur-bearing lambs"
430130,"Of lamb, the following : Astrakhan, Broadtail, Caracul, Persian and similar lamb, Indian, Chinese, Mongolian or Tibetan lamb, whole, with or without head, tail or paws",02973,"Skins of rabbits, hares and fur-bearing lambs"
430140,"Of beaver, whole, with or without head, tail or paws",02972,"Raw furskins, except skins of rabbits, hares and fur-bearing lambs"
430150,"Of musk-rat, whole, with or without head, tail or paws",02972,"Raw furskins, except skins of rabbits, hares and fur-bearing lambs"
430160,"Of fox, whole, with or without head, tail or paws",02972,"Raw furskins, except skins of rabbits, hares and fur-bearing lambs"
430170,"Of seal, whole, with or without head, tail or paws",02972,"Raw furskins, except skins of rabbits, hares and fur-bearing lambs"
430180,"Other furskins, whole, with or without head, tail or paws",02972,"Raw furskins, except skins of rabbits, hares and fur-bearing lambs"
430190,"Heads, tails, paws and other pieces or cuttings, suitable for furriers' use",02972,"Raw furskins, except skins of rabbits, hares and fur-bearing lambs"
430211,"Whole skins, with or without head, tail or paws, not assembled :-- Of mink",2831,Tanned or dressed furskins
430212,"Whole skins, with or without head, tail or paws, not assembled :-- Of rabbit or hare",2831,Tanned or dressed furskins
430213,"Whole skins, with or without head, tail or paws, not assembled :-- Of lamb, the following : Astrakhan, Broadtail, Caracul, Persian and similar lamb, Indian, Chinese, Mongolian or Tibetan lamb",2831,Tanned or dressed furskins
430219,"Whole skins, with or without head, tail or paws, not assembled :-- Other",2831,Tanned or dressed furskins
430220,"Heads, tails, paws and other pieces or cuttings, not assembled",2831,Tanned or dressed furskins
430230,"Whole skins and pieces or cuttings thereof, assembled",2831,Tanned or dressed furskins
430310,Articles of apparel and clothing accessories,2832,"Articles of apparel, clothing accessories and other articles of furskin (except headgear)"
430390,Other,2832,"Articles of apparel, clothing accessories and other articles of furskin (except headgear)"
430400,Artificial fur and articles thereof.,2833,Artificial fur and articles thereof (except headgear)
440110,"Fuel wood, in logs, in billets, in twigs, in faggots or in similar forms",0313,"Fuel wood, in logs, in billets, in twigs, in faggots or in similar forms"
440121,Wood in chips or particles :-- Coniferous,3123,Wood in chips or particles
440122,Wood in chips or particles :-- Non-coniferous,3123,Wood in chips or particles
440130,"Sawdust and wood waste and scrap, whether or not agglomerated in logs, briquettes, pellets or similar forms",3928,Sawdust and wood waste and scrap
440200,"Wood charcoal (including shell or nut charcoal), whether or not agglomerated.",3451,Wood charcoal
440310,"Treated with paint, stains, creosote or other preservatives",3131,"Wood in the rough, treated with paint, stains, creosote or other preservatives"
440320,"Other, coniferous",0311,Logs of coniferous wood
440341,"Other, of tropical wood specified in Subheading Note 1 to this Chapter :-- Dark Red Meranti, Light Red Meranti and Meranti Bakau",0312,Logs of non-coniferous wood
440349,"Other, of tropical wood specified in Subheading Note 1 to this Chapter :-- Other",0312,Logs of non-coniferous wood
440391,Other :-- Of oak (Quercus spp.),0312,Logs of non-coniferous wood
440392,Other :-- Of beech (Fagus spp.),0312,Logs of non-coniferous wood
440399,Other,0312,Logs of non-coniferous wood
440410,Coniferous,0319,Other wood in the rough (including split poles and pickets)
440420,Non-coniferous,0319,Other wood in the rough (including split poles and pickets)
440500,Wood wool; wood flour.,3122,Wood wool; wood flour
440610,Not impregnated,311,"Wood, sawn or chipped lengthwise, sliced or peeled, of a thickness exceeding 6 mm; railway or tramway"
440690,Other,3132,"Railway or tramway sleepers (cross- ties) of wood, impregnated"
440710,Coniferous,311,"Wood, sawn or chipped lengthwise, sliced or peeled, of a thickness exceeding 6 mm; railway or tramway"
440724,"Of tropical wood specified in Subheading Note 1 to this Chapter :-- Virola, Mahogany (Swietenia spp.), Imbuia and Balsa",311,"Wood, sawn or chipped lengthwise, sliced or peeled, of a thickness exceeding 6 mm; railway or tramway"
440725,"Of tropical wood specified in Subheading Note 1 to this Chapter :-- Dark Red Meranti, Light Red Meranti and Meranti Bakau",311,"Wood, sawn or chipped lengthwise, sliced or peeled, of a thickness exceeding 6 mm; railway or tramway"
440726,"Of tropical wood specified in Subheading Note 1 to this Chapter :-- White Lauan, White Meranti, White Seraya, Yellow Meranti and Alan",311,"Wood, sawn or chipped lengthwise, sliced or peeled, of a thickness exceeding 6 mm; railway or tramway"
440729,Of tropical wood specified in Subheading Note 1 to this Chapter :-- Other,311,"Wood, sawn or chipped lengthwise, sliced or peeled, of a thickness exceeding 6 mm; railway or tramway"
440791,Other :-- Of oak (Quercus spp.),311,"Wood, sawn or chipped lengthwise, sliced or peeled, of a thickness exceeding 6 mm; railway or tramway"
440792,Other :-- Of beech (Fagus spp.),311,"Wood, sawn or chipped lengthwise, sliced or peeled, of a thickness exceeding 6 mm; railway or tramway"
440799,Other,311,"Wood, sawn or chipped lengthwise, sliced or peeled, of a thickness exceeding 6 mm; railway or tramway"
440810,Coniferous,3151,"Veneer sheets and sheets for plywood and other wood sawn lengthwise,"
440831,"Of tropical wood specified in Subheading Note 1 to this Chapter :-- Dark Red Meranti, Light Red Meranti and Meranti Bakau",3151,"Veneer sheets and sheets for plywood and other wood sawn lengthwise,"
440839,Of tropical wood specified in Subheading Note 1 to this Chapter :-- Other,3151,"Veneer sheets and sheets for plywood and other wood sawn lengthwise,"
440890,Other,3151,"Veneer sheets and sheets for plywood and other wood sawn lengthwise,"
440910,Coniferous,3121,"Wood, continuously shaped along any of its edges or faces (including"
440920,Non-coniferous,3121,"Wood, continuously shaped along any of its edges or faces (including"
441011,"Of wood :-- Waferboard, including oriented strand board",3143,Particle board and similar board of wood or other ligneous materials
441019,Of wood :-- Other,3143,Particle board and similar board of wood or other ligneous materials
441090,Of other ligneous materials,3143,Particle board and similar board of wood or other ligneous materials
441111,Fibreboard of a density exceeding 0.8 g/cm3 :-- Not mechanically worked or surface covered,3144,Fibreboard of wood or other ligneous materials
441119,Fibreboard of a density exceeding 0.8 g/cm3 :-- Other,3144,Fibreboard of wood or other ligneous materials
441121,Fibreboard of a density exceeding 0.5 g/cm3 but not exceeding 0.8 g/cm3 :-- Not mechanically worked or surface covered,3144,Fibreboard of wood or other ligneous materials
441129,Fibreboard of a density exceeding 0.5 g/cm3 but not exceeding 0.8 g/cm3 :-- Other,3144,Fibreboard of wood or other ligneous materials
441131,Fibreboard of a density exceeding 0.35 g/cm3 but not exceeding 0.5 g/cm3 :-- Not mechanically worked or surface covered,3144,Fibreboard of wood or other ligneous materials
441139,Fibreboard of a density exceeding 0.35 g/cm3 but not exceeding 0.5 g/cm3 :-- Other,3144,Fibreboard of wood or other ligneous materials
441191,Other :-- Not mechanically worked or surface covered,3144,Fibreboard of wood or other ligneous materials
441199,Other,3144,Fibreboard of wood or other ligneous materials
441213,"Plywood consisting solely of sheets of wood, each ply not exceeding 6 mm thickness :-- With at least one outer ply of tropical wood specified in Subheading Note 1 to this Chapter",3141,Plywood consisting solely of sheets of wood
441214,"Plywood consisting solely of sheets of wood, each ply not exceeding 6 mm thickness :-- Other, with at least one outer ply of non-coniferous wood",3141,Plywood consisting solely of sheets of wood
441219,"Plywood consisting solely of sheets of wood, each ply not exceeding 6 mm thickness :-- Other",3141,Plywood consisting solely of sheets of wood
441222,"Other, with at least one outer ply of non-coniferous wood :-- With at least one ply of tropical wood specified in Subheading Note 1 to this Chapter",3142,"Other plywood, veneered panels and similar laminated wood"
441223,"Other, with at least one outer ply of non-coniferous wood :-- Other, containing at least one layer of particle board",3142,"Other plywood, veneered panels and similar laminated wood"
441229,"Other, with at least one outer ply of non-coniferous wood :-- Other",3142,"Other plywood, veneered panels and similar laminated wood"
441292,Other :-- With at least one ply of tropical wood specified in Subheading Note 1 to this Chapter,3142,"Other plywood, veneered panels and similar laminated wood"
441293,"Other, containing at least one layer of particle board",3142,"Other plywood, veneered panels and similar laminated wood"
441299,Other,3142,"Other plywood, veneered panels and similar laminated wood"
441300,"Densified wood, in blocks, plates, strips or profile shapes.",3152,Densified wood
441400,"Wooden frames for paintings, photographs, mirrors or similar objects.",31914,"Wooden frames for paintings, photographs, mirrors or similar objects, and other articles of wood"
441510,"Cases, boxes, crates, drums and similar packings; cable-drums",317,"Packing cases, boxes, crates, drums and similar packings, of wood; cable-drums of wood; pallets, box"
441520,"Pallets, box pallets and other load boards; pallet collars",317,"Packing cases, boxes, crates, drums and similar packings, of wood; cable-drums of wood; pallets, box"
441600,"Casks, barrels, vats, tubs and other coopers' products and parts thereof, of wood, including staves.",317,"Packing cases, boxes, crates, drums and similar packings, of wood; cable-drums of wood; pallets, box"
441700,"Tools, tool bodies, tool handles, broom or brush bodies and handles, of wood; boot or shoe lasts and trees, of wood.",31911,"Tools, tool bodies, tool handles, broom or brush bodies and handles,"
441810,"Windows, French-windows and their frames",316,"Builders' joinery and carpentry of wood (including cellular wood panels,"
441820,Doors and their frames and thresholds,316,"Builders' joinery and carpentry of wood (including cellular wood panels,"
441830,Parquet panels,316,"Builders' joinery and carpentry of wood (including cellular wood panels,"
441840,Shuttering for concrete constructional work,316,"Builders' joinery and carpentry of wood (including cellular wood panels,"
441850,Shingles and shakes,316,"Builders' joinery and carpentry of wood (including cellular wood panels,"
441890,Other,316,"Builders' joinery and carpentry of wood (including cellular wood panels,"
441900,"Tableware and kitchenware, of wood.",31912,"Tableware and kitchenware, of wood"
442010,"Statuettes and other ornaments, of wood",31913,"Wood marquetry and inlaid wood; cases for jewellery or cutlery, and similar"
442090,Other,31913,"Wood marquetry and inlaid wood; cases for jewellery or cutlery, and similar"
442110,Clothes hangers,31914,"Wooden frames for paintings, photographs, mirrors or similar objects, and other articles of wood"
442190,Other,31914,"Wooden frames for paintings, photographs, mirrors or similar objects, and other articles of wood"
450110,"Natural cork, raw or simply prepared",0391,"Natural cork, raw or simply prepared"
450190,Other,31921,"Natural cork, debacked or roughly squared, or in blocks, plates, sheets or strip; crushed,"
450200,"Natural cork, debacked or roughly squared, or in rectangular (including square) blocks, plates, sheets or strip, (including sharp-edged blanks for corks or stoppers).",31921,"Natural cork, debacked or roughly squared, or in blocks, plates, sheets or strip; crushed,"
450310,Corks and stoppers,31922,Articles of natural cork; agglomerated cork and articles thereof
450390,Other,31922,Articles of natural cork; agglomerated cork and articles thereof
450410,"Blocks, plates, sheets and strip; tiles of any shape; solid cylinders, including discs",31922,Articles of natural cork; agglomerated cork and articles thereof
450490,Other,31922,Articles of natural cork; agglomerated cork and articles thereof
460110,"Plaits and similar products of plaiting materials, whether or not assembled into strips",31923,"Manufactures of straw, of esparto or of other plaiting materials; basketware and wickerwork"
460120,"Mats, matting and screens of vegetable materials",31923,"Manufactures of straw, of esparto or of other plaiting materials; basketware and wickerwork"
460191,Other :-- Of vegetable materials,31923,"Manufactures of straw, of esparto or of other plaiting materials; basketware and wickerwork"
460199,Other,31923,"Manufactures of straw, of esparto or of other plaiting materials; basketware and wickerwork"
460210,Of vegetable materials,31923,"Manufactures of straw, of esparto or of other plaiting materials; basketware and wickerwork"
460290,Other,31923,"Manufactures of straw, of esparto or of other plaiting materials; basketware and wickerwork"
470100,Mechanical wood pulp.,32113,Mechanical wood pulp; semi-chemical wood pulp; pulps of fibrous cellulosic material other than wood
470200,"Chemical wood pulp, dissolving grades.",32111,"Chemical wood pulp, dissolving grades"
470311,Unbleached :-- Coniferous,32112,"Chemical wood pulp, other than dissolving grades"
470319,Unbleached :-- Non-coniferous,32112,"Chemical wood pulp, other than dissolving grades"
470321,Semi-bleached or bleached :-- Coniferous,32112,"Chemical wood pulp, other than dissolving grades"
470329,Semi-bleached or bleached :-- Non-coniferous,32112,"Chemical wood pulp, other than dissolving grades"
470411,Unbleached :-- Coniferous,32112,"Chemical wood pulp, other than dissolving grades"
470419,Unbleached :-- Non-coniferous,32112,"Chemical wood pulp, other than dissolving grades"
470421,Semi-bleached or bleached :-- Coniferous,32112,"Chemical wood pulp, other than dissolving grades"
470429,Semi-bleached or bleached :-- Non-coniferous,32112,"Chemical wood pulp, other than dissolving grades"
470500,Semi-chemical wood pulp.,32113,Mechanical wood pulp; semi-chemical wood pulp; pulps of fibrous cellulosic material other than wood
470610,Cotton linters pulp,32113,Mechanical wood pulp; semi-chemical wood pulp; pulps of fibrous cellulosic material other than wood
470620,Pulps of fibres derived from recovered (waste and scrap) paper or paperboard,32113,Mechanical wood pulp; semi-chemical wood pulp; pulps of fibrous cellulosic material other than wood
470691,Other :-- Mechanical,32113,Mechanical wood pulp; semi-chemical wood pulp; pulps of fibrous cellulosic material other than wood
470692,Other :-- Chemical,32113,Mechanical wood pulp; semi-chemical wood pulp; pulps of fibrous cellulosic material other than wood
470693,Other :-- Semi-chemical,32113,Mechanical wood pulp; semi-chemical wood pulp; pulps of fibrous cellulosic material other than wood
470710,Unbleached kraft paper or paperboard or corrugated paper or paperboard,3924,Waste and scrap of paper or paperboard
470720,"Other paper or paperboard made mainly of bleached chemical pulp, not coloured in the mass",3924,Waste and scrap of paper or paperboard
470730,"Paper or paperboard made mainly of mechanical pulp (for example, newspapers, journals and similar printed matter)",3924,Waste and scrap of paper or paperboard
470790,"Other, including unsorted waste and scrap",3924,Waste and scrap of paper or paperboard
480100,"Newsprint, in rolls or sheets.",32121,Newsprint
480210,Hand-made paper and paperboard,32122,Hand-made paper and paperboard
480220,"Paper and paperboard of a kind used as a base for photo-sensitive, heat-sensitive or electro-sensitive paper or paperboard",32129,"Other uncoated paper and paperboard, of a kind used for writing, printing"
480230,Carbonising base paper,32129,"Other uncoated paper and paperboard, of a kind used for writing, printing"
480240,Wallpaper base,32129,"Other uncoated paper and paperboard, of a kind used for writing, printing"
480251,"Other paper and paperboard, not containing fibres obtained by a mechanical process or of which not more than 10 % by weight of the total fibre content consists of such fibres :-- Weighing less than 40 g/m2",32129,"Other uncoated paper and paperboard, of a kind used for writing, printing"
480252,"Other paper and paperboard, not containing fibres obtained by a mechanical process or of which not more than 10 % by weight of the total fibre content consists of such fibres :-- Weighing 40 g/m2 or more but not more",32129,"Other uncoated paper and paperboard, of a kind used for writing, printing"
480253,"Other paper and paperboard, not containing fibres obtained by a mechanical process or of which not more than 10 % by weight of the total fibre content consists of such fibres :-- Weighing more than 150 g/m2",32129,"Other uncoated paper and paperboard, of a kind used for writing, printing"
480260,"Other paper and paperboard, of which more than 10 % by weight of the total fibre content consists of fibres obtained by a mechanical process",32129,"Other uncoated paper and paperboard, of a kind used for writing, printing"
480300,"Toilet or facial tissue stock, towel or napkin stock and similar paper of a kind used for household or saniary purposes, cellulose wadding and webs of cellulose fibres, whether or not creped, crinkled, embossed, perforated, surface-co",32131,"Toilet or facial tissue stock, towel or napkin stock and similar paper,"
480411,Kraftliner :-- Unbleached,32132,"Kraftliner, uncoated"
480419,Kraftliner :-- Other,32132,"Kraftliner, uncoated"
480421,Sack kraft paper :-- Unbleached,32133,"Other uncoated kraft paper and paperboard; sack kraft paper, creped or crinkled"
480429,Sack kraft paper :-- Other,32133,"Other uncoated kraft paper and paperboard; sack kraft paper, creped or crinkled"
480431,Other kraft paper and paperboard weighing 150 g/m2 or less :-- Unbleached,32133,"Other uncoated kraft paper and paperboard; sack kraft paper, creped or crinkled"
480439,Other kraft paper and paperboard weighing 150 g/m2 or less :-- Other,32133,"Other uncoated kraft paper and paperboard; sack kraft paper, creped or crinkled"
480441,Other kraft paper and paperboard weighing more than 150 g/m2 but less than 225 g/m2 :-- Unbleached,32133,"Other uncoated kraft paper and paperboard; sack kraft paper, creped or crinkled"
480442,Other kraft paper and paperboard weighing more than 150 g/m2 but less than 225 g/m2 :-- Bleached uniformly throughout the mass and of which more than 95 % by weight of the total fibre content consists of wood fibres,32133,"Other uncoated kraft paper and paperboard; sack kraft paper, creped or crinkled"
480449,Other kraft paper and paperboard weighing more than 150 g/m2 but less than 225 g/m2 :-- Other,32133,"Other uncoated kraft paper and paperboard; sack kraft paper, creped or crinkled"
480451,Other kraft paper and paperboard weighing 225 g/m2 or more :-- Unbleached,32133,"Other uncoated kraft paper and paperboard; sack kraft paper, creped or crinkled"
480452,Other kraft paper and paperboard weighing 225 g/m2 or more :-- Bleached uniformly throughout the mass and of which more than 95 % by weight of the total fibre content consists of wood obtained by a chemical process,32133,"Other uncoated kraft paper and paperboard; sack kraft paper, creped or crinkled"
480459,Other kraft paper and paperboard weighing 225 g/m2 or more :-- Other,32133,"Other uncoated kraft paper and paperboard; sack kraft paper, creped or crinkled"
480510,Semi-chemical fluting paper (corrugating medium),32134,"Semi-chemical fluting paper (corrugating medium), uncoated"
480521,Multi-ply paper and paperboard :-- Each layer bleached,32135,"Multi-ply paper and paperboard, uncoated"
480522,Multi-ply paper and paperboard :-- With only one outer layer bleached,32135,"Multi-ply paper and paperboard, uncoated"
480523,"Multi-ply paper and paperboard :-- Having three or more layers, of which only the two outer layers are bleached",32135,"Multi-ply paper and paperboard, uncoated"
480529,Multi-ply paper and paperboard :-- Other,32135,"Multi-ply paper and paperboard, uncoated"
480530,Sulphite wrapping paper,32136,"Other uncoated paper and paperboard; cigarette paper, not cut to size"
480540,Filter paper and paperboard,32136,"Other uncoated paper and paperboard; cigarette paper, not cut to size"
480550,Felt paper and paperboard,32136,"Other uncoated paper and paperboard; cigarette paper, not cut to size"
480560,"Other paper and paperboard, weighing 150 g/m2 or less",32136,"Other uncoated paper and paperboard; cigarette paper, not cut to size"
480570,"Other paper and paperboard, weighing more than 150 g/m2 but less than 225 g/m2",32136,"Other uncoated paper and paperboard; cigarette paper, not cut to size"
480580,"Other paper and paperboard, weighing 225 g/m2 or more",32136,"Other uncoated paper and paperboard; cigarette paper, not cut to size"
480610,Vegetable parchment,32137,"Vegetable parchment, greaseproof papers, tracing papers and glassine"
480620,Greaseproof papers,32137,"Vegetable parchment, greaseproof papers, tracing papers and glassine"
480630,Tracing papers,32137,"Vegetable parchment, greaseproof papers, tracing papers and glassine"
480640,Glassine and other glazed transparent or translucent papers,32137,"Vegetable parchment, greaseproof papers, tracing papers and glassine"
480710,"Paper and paperboard, laminated internally with bitumen, tar or asphalt",32141,"Composite paper and paperboard, not surface-coated or impregnated;"
480790,Other,32141,"Composite paper and paperboard, not surface-coated or impregnated;"
480810,"Corrugated paper and paperboard, whether or not perforated",32151,Corrugated paper and paperboard
480820,"Sack kraft paper, creped or crinkled, whether or not embossed or perforated",32133,"Other uncoated kraft paper and paperboard; sack kraft paper, creped or crinkled"
480830,"Other kraft paper, creped or crinkled, whether or not embossed or perforated",32142,"Paper and paperboard, creped, crinkled, embossed or perforated n.e.c."
480890,Other,32142,"Paper and paperboard, creped, crinkled, embossed or perforated n.e.c."
480910,Carbon or similar copying papers,32149,"Other paper and paperboard, cellulose wadding and webs of cellulose fibres,"
480920,Self-copy paper,32149,"Other paper and paperboard, cellulose wadding and webs of cellulose fibres,"
480990,Other,32149,"Other paper and paperboard, cellulose wadding and webs of cellulose fibres,"
481011,"Paper and paperboard of a kind used for writing, printing or other graphic purposes, not containing fibres obtained by a mechanical process or of which not more than 10% by weight of the total fibre..:--Weighing not more than 150g/m2",32143,Paper and paperboard coated with kaolin or with other inorganic substances
481012,"Paper and paperboard of a kind used for writing, printing or other graphic purposes, not containing fibres obtained by a mechanical process or of which not more than 10% by weight of the total fibre..:--Weighing more than 150g/m2",32143,Paper and paperboard coated with kaolin or with other inorganic substances
481021,"Paper and paperboard of a kind used for writing, printing or other graphic purposes, of which more than 10% by weight of the total fibre content consists of fibres obtained by a mechanical process:--Light-weight coated paper",32143,Paper and paperboard coated with kaolin or with other inorganic substances
481029,"Paper and paperboard of a kind used for writing, printing or other graphic purposes, of which more than 10% by weight of the total fibre content consists of fibres obtained by a mechanical process :-- Other",32143,Paper and paperboard coated with kaolin or with other inorganic substances
481031,"Kraft paper and paperboard...:-- Bleached uniformly throughout the mass and of which more than 95% by weight of the total fibre content consists of wood fibres obtained by a chemical process, and weighing 150 g/m2 or less",32143,Paper and paperboard coated with kaolin or with other inorganic substances
481032,"Kraft paper and paperboard...:-- Bleached uniformly throughout the mass and of which more than 95% by weight of the total fibre content consists of wood fibres obtained by a chemical process, and weighing 150 g/m2",32143,Paper and paperboard coated with kaolin or with other inorganic substances
481039,"Kraft paper and paperboard, other than that of a kind used for writing, printing or other graphic purposes :-- Other",32143,Paper and paperboard coated with kaolin or with other inorganic substances
481091,Other paper and paperboard :-- Multi-ply,32143,Paper and paperboard coated with kaolin or with other inorganic substances
481099,Other paper and paperboard :-- Other,32143,Paper and paperboard coated with kaolin or with other inorganic substances
481110,"Tarred, bituminised or asphalted paper and paperboard",32149,"Other paper and paperboard, cellulose wadding and webs of cellulose fibres,"
481121,Gummed or adhesive paper and paperboard :-- Self-adhesive,32149,"Other paper and paperboard, cellulose wadding and webs of cellulose fibres,"
481129,Gummed or adhesive paper and paperboard :-- Other,32149,"Other paper and paperboard, cellulose wadding and webs of cellulose fibres,"
481131,"Paper and paperboard coated, impregnated or covered with plastics (excluding adhesives) :-- Bleached, weighing more than 150 g/m2",32149,"Other paper and paperboard, cellulose wadding and webs of cellulose fibres,"
481139,"Paper and paperboard coated, impregnated or covered with plastics (excluding adhesives) :-- Other",32149,"Other paper and paperboard, cellulose wadding and webs of cellulose fibres,"
481140,"Paper and paperboard, coated, impregnated or covered with wax, paraffin wax, stearin, oil or glycerol",32149,"Other paper and paperboard, cellulose wadding and webs of cellulose fibres,"
481190,"Other paper, paperboard, cellulose wadding and webs of cellulose fibres",32149,"Other paper and paperboard, cellulose wadding and webs of cellulose fibres,"
481200,"Filter blocks, slabs and plates, of paper pulp.",32198,"Filter blocks, slabs and plates, of paper pulp"
481310,In the form of booklets or tubes,32199,"Other paper, paperboard, cellulose wadding and webs of cellulose fibres,"
481320,In rolls of a width not exceeding 5 cm,32199,"Other paper, paperboard, cellulose wadding and webs of cellulose fibres,"
481390,Other,32136,"Other uncoated paper and paperboard; cigarette paper, not cut to size"
481410,Ingrain paper,32194,Wallpaper and similar wall coverings; window transparencies of paper
481420,"Wallpaper and similar wall coverings, consisting of paper coated or covered, on the face side, with a grained, embossed, coloured, design-printed or otherwise decorated layer of plastics",32194,Wallpaper and similar wall coverings; window transparencies of paper
481430,"Wallpaper and similar wall coverings, consisting of paper covered, on the face side, with plaiting material, whether or not bound together in parallel strands or woven",32194,Wallpaper and similar wall coverings; window transparencies of paper
481490,Other,32194,Wallpaper and similar wall coverings; window transparencies of paper
481500,"Floor coverings on a base of paper or of paperboard, whether or not cut to size.",32196,Floor coverings on a base of paper or paperboard
481610,Carbon or similar copying papers,32191,"Carbon paper, self-copy paper and other copying or transfer papers,"
481620,Self-copy paper,32191,"Carbon paper, self-copy paper and other copying or transfer papers,"
481630,Duplicator stencils,32191,"Carbon paper, self-copy paper and other copying or transfer papers,"
481690,Other,32191,"Carbon paper, self-copy paper and other copying or transfer papers,"
481710,Envelopes,32192,"Envelopes, letter cards, plain postcards and correspondence cards of paper or paperboard; boxes,"
481720,"Letter cards, plain postcards and correspondence cards",32192,"Envelopes, letter cards, plain postcards and correspondence cards of paper or paperboard; boxes,"
481730,"Boxes, pouches, wallets and writing compendiums, of paper or paperboard, containing an assortment of paper stationery",32192,"Envelopes, letter cards, plain postcards and correspondence cards of paper or paperboard; boxes,"
481810,Toilet paper,32193,"Toilet paper, handkerchiefs, towels, serviettes, napkins for babies,"
481820,"Handkerchiefs, cleansing or facial tissues and towels",32193,"Toilet paper, handkerchiefs, towels, serviettes, napkins for babies,"
481830,Tablecloths and serviettes,32193,"Toilet paper, handkerchiefs, towels, serviettes, napkins for babies,"
481840,"Sanitary towels and tampons, napkins and napkin liners for babies and similar sanitary articles",32193,"Toilet paper, handkerchiefs, towels, serviettes, napkins for babies,"
481850,Articles of apparel and clothing accessories,32193,"Toilet paper, handkerchiefs, towels, serviettes, napkins for babies,"
481890,Other,32193,"Toilet paper, handkerchiefs, towels, serviettes, napkins for babies,"
481910,"Cartons, boxes and cases, of corrugated paper or paperboard",32153,"Cartons, boxes, cases, record sleeves and other packing containers (except"
481920,"Folding cartons, boxes and cases, of non-corrugated paper or paperboard",32153,"Cartons, boxes, cases, record sleeves and other packing containers (except"
481930,"Sacks and bags, having a base of a width of 40 cm or more",32152,Sacks and bags of paper
481940,"Other sacks and bags, including cones",32152,Sacks and bags of paper
481950,"Other packing containers, including record sleeves",32153,"Cartons, boxes, cases, record sleeves and other packing containers (except"
481960,"Box files, letter trays, storage boxes and similar articles, of a kind used in offices, shops or the like",32153,"Cartons, boxes, cases, record sleeves and other packing containers (except"
482010,"Registers, account books, note books, order books, receipt books, letter pads, memorandum pads, diaries and similar articles",326,"Registers, account books, note books, letter pads, diaries and similar"
482020,Exercise books,326,"Registers, account books, note books, letter pads, diaries and similar"
482030,"Binders (other than book covers), folders and file covers",326,"Registers, account books, note books, letter pads, diaries and similar"
482040,Manifold business forms and interleaved carbon sets,326,"Registers, account books, note books, letter pads, diaries and similar"
482050,Albums for samples or for collections,326,"Registers, account books, note books, letter pads, diaries and similar"
482090,Other,326,"Registers, account books, note books, letter pads, diaries and similar"
482110,Printed,32197,Labels of paper or paperboard
482190,Other,32197,Labels of paper or paperboard
482210,Of a kind used for winding textile yarn,32199,"Other paper, paperboard, cellulose wadding and webs of cellulose fibres,"
482290,Other,32199,"Other paper, paperboard, cellulose wadding and webs of cellulose fibres,"
482311,"Gummed or adhesive paper, in strips or rolls :-- Self-adhesive",32191,"Carbon paper, self-copy paper and other copying or transfer papers,"
482319,"Gummed or adhesive paper, in strips or rolls :-- Other",32191,"Carbon paper, self-copy paper and other copying or transfer papers,"
482320,Filter paper and paperboard,32199,"Other paper, paperboard, cellulose wadding and webs of cellulose fibres,"
482340,"Rolls, sheets and dials, printed for self-recording apparatus",32199,"Other paper, paperboard, cellulose wadding and webs of cellulose fibres,"
482351,"Other paper and paperboard, of a kind used for writing, printing or other graphic purposes :-- Printed, embossed or perforated",32199,"Other paper, paperboard, cellulose wadding and webs of cellulose fibres,"
482359,"Other paper and paperboard, of a kind used for writing, printing or other graphic purposes :-- Other",32199,"Other paper, paperboard, cellulose wadding and webs of cellulose fibres,"
482360,"Trays, dishes, plates, cups and the like, of paper or paperboard",32199,"Other paper, paperboard, cellulose wadding and webs of cellulose fibres,"
482370,Moulded or pressed articles of paper pulp,32199,"Other paper, paperboard, cellulose wadding and webs of cellulose fibres,"
482390,Other,32199,"Other paper, paperboard, cellulose wadding and webs of cellulose fibres,"
490110,"In single sheets, whether or not folded",3221,"Printed books, brochures, leaflets and similar printed matter, in single sheets, other than advertising"
490191,"Other :-- Dictionaries and encyclopaedias, and serial instalments thereof",3222,"Dictionaries and encyclopaedias, and serial instalments thereof"
490199,Other,3223,"Printed books (except dictionaries and encyclopaedias and serial instalments thereof), brochures,"
490210,Appearing at least four times a week,323,"Newspapers, journals and periodicals, appearing at least four times a week"
490290,Other,324,"Newspapers, journals and periodicals, appearing less than four times a week"
490300,"Children's picture, drawing or colouring books.",3223,"Printed books (except dictionaries and encyclopaedias and serial instalments thereof), brochures,"
490400,"Music, printed or in manuscript, whether or not bound or illustrated.",3226,"Music, printed or in manuscript"
490510,Globes,3225,"Maps and hydrographic or similar charts (including wall maps, topographical plans and globes),"
490591,Other :-- In book form,3224,Atlases and other books of maps or charts
490599,Other,3225,"Maps and hydrographic or similar charts (including wall maps, topographical plans and globes),"
490600,"Plans and drawings for architectural, engineering, industrial, commercial, topographical or similar purposes, being originals drawn by hand; hand-written texts; photographic reproductions on sensitised paper and carbon",3255,"Plans and drawings for architectural, engineering, industrial, commercial,"
490700,"Unused postage, revenue or similar stamps of current or new issue in the country to which they are destined; stamp-impressed paper; banknotes; cheque forms; stock, share or bond certificates and similar documents of ti",3251,"Unused postage, revenue or similar stamps; stamp-impressed paper; cheque"
490810,"Transfers (decalcomanias), vitrifiable",3259,Transfers (decalcomanias); printed calendars; other printed matter
490890,Other,3259,Transfers (decalcomanias); printed calendars; other printed matter
490900,"Printed or illustrated postcards; printed cards bearing personal greetings, messages or announcements, whether or not illustrated, with or without envelopes or trimmings.",3252,"Printed or illustrated postcards; printed cards bearing personal greetings or messages, with or"
491000,"Calendars of any kind, printed, including calendar blocks.",3259,Transfers (decalcomanias); printed calendars; other printed matter
491110,"Trade advertising material, commercial catalogues and the like",3253,"Trade advertising material, commercial catalogues and the like"
491191,"Other :-- Pictures, designs and photographs",3254,"Printed pictures, designs and photographs"
491199,Other,3259,Transfers (decalcomanias); printed calendars; other printed matter
500100,Silk-worm cocoons suitable for reeling.,02964,Silk-worm cocoons suitable for reeling
500200,Raw silk (not thrown).,2611,Raw silk (not thrown)
500310,Not carded or combed,39211,"Silk waste, not carded or combed"
500390,Other,2612,"Silk waste, carded or combed"
500400,Silk yarn (other than yarn spun from silk waste) not put up for retail sale.,2631,Silk yarn and yarn spun from silk waste; silk-worm gut
500500,"Yarn spun from silk waste, not put up for retail sale.",2631,Silk yarn and yarn spun from silk waste; silk-worm gut
500600,"Silk yarn and yarn spun from silk waste, put up for retail sale; silk-worm gut.",2631,Silk yarn and yarn spun from silk waste; silk-worm gut
500710,Fabrics of noil silk,2651,Woven fabrics of silk or of silk waste
500720,"Other fabrics, containing 85 % or more by weight of silk or of silk waste other than noil silk",2651,Woven fabrics of silk or of silk waste
500790,Other fabrics,2651,Woven fabrics of silk or of silk waste
510111,"Greasy, including fleece-washed wool :-- Shorn wool",02961,"Shorn wool, greasy, including fleece-washed shorn wool"
510119,"Greasy, including fleece-washed wool :-- Other",02962,"Pulled wool, greasy, including fleece-washed pulled wool"
510121,"Degreased, not carbonised :-- Shorn wool",2613,"Wool, degreased or carbonised, not carded or combed"
510129,"Degreased, not carbonised :-- Other",2613,"Wool, degreased or carbonised, not carded or combed"
510130,Carbonised,2613,"Wool, degreased or carbonised, not carded or combed"
510210,Fine animal hair,02963,"Fine or coarse animal hair (including horsehair), not carded or combed"
510220,Coarse animal hair,02963,"Fine or coarse animal hair (including horsehair), not carded or combed"
510310,Noils of wool or of fine animal hair,2614,Noils of wool or of fine animal hair
510320,Other waste of wool or of fine animal hair,39212,Waste of wool or of fine or coarse animal hair
510330,Waste of coarse animal hair,39212,Waste of wool or of fine or coarse animal hair
510400,Garnetted stock of wool or of fine or coarse animal hair.,39213,Garnetted stock of wool or of fine or coarse animal hair
510510,Carded wool,2615,"Wool and fine or coarse animal hair, carded or combed"
510521,Wool tops and other combed wool :-- Combed wool in fragments,2615,"Wool and fine or coarse animal hair, carded or combed"
510529,Wool tops and other combed wool :-- Other,2615,"Wool and fine or coarse animal hair, carded or combed"
510530,"Fine animal hair, carded or combed",2615,"Wool and fine or coarse animal hair, carded or combed"
510540,"Coarse animal hair, carded or combed",2615,"Wool and fine or coarse animal hair, carded or combed"
510610,Containing 85 % or more by weight of wool,2632,"Yarn of wool, containing 85% or more by weight of wool, not put up for"
510620,Containing less than 85 % by weight of wool,2633,"Yarn of wool, containing less than 85% by weight of wool, not put up for"
510710,Containing 85 % or more by weight of wool,2632,"Yarn of wool, containing 85% or more by weight of wool, not put up for"
510720,Containing less than 85 % by weight of wool,2633,"Yarn of wool, containing less than 85% by weight of wool, not put up for"
510810,Carded,2634,"Yarn of wool,not put up for retail sale; yarn of fine or coarse animal"
510820,Combed,2634,"Yarn of wool,not put up for retail sale; yarn of fine or coarse animal"
510910,Containing 85 % or more by weight of wool or of fine animal hair,2634,"Yarn of wool,not put up for retail sale; yarn of fine or coarse animal"
510990,Other,2634,"Yarn of wool,not put up for retail sale; yarn of fine or coarse animal"
511000,"Yarn of coarse animal hair or of horsehair (including gimped horsehair yarn), whether or not put up for retail sale.",2634,"Yarn of wool,not put up for retail sale; yarn of fine or coarse animal"
511111,Containing 85 % or more by weight of wool or of fine animal hair :-- Of a weight not exceeding 300 g/m2,2652,"Woven fabrics of carded wool or of carded fine animal hair, containing"
511119,Containing 85 % or more by weight of wool or of fine animal hair :-- Other,2652,"Woven fabrics of carded wool or of carded fine animal hair, containing"
511120,"Other, mixed mainly or solely with man-made filaments",2654,"Woven fabrics of wool or fine animal hair, containing less than 85% by"
511130,"Other, mixed mainly or solely with man-made staple fibres",2654,"Woven fabrics of wool or fine animal hair, containing less than 85% by"
511190,Other,2654,"Woven fabrics of wool or fine animal hair, containing less than 85% by"
511211,Containing 85 % or more by weight of wool or of fine animal hair :-- Of a weight not exceeding 200 g/m2,2653,"Woven fabrics of combed wool or of combed fine animal hair, containing"
511219,Containing 85 % or more by weight of wool or of fine animal hair :-- Other,2653,"Woven fabrics of combed wool or of combed fine animal hair, containing"
511220,"Other, mixed mainly or solely with man-made filaments",2654,"Woven fabrics of wool or fine animal hair, containing less than 85% by"
511230,"Other, mixed mainly or solely with man-made staple fibres",2654,"Woven fabrics of wool or fine animal hair, containing less than 85% by"
511290,Other,2654,"Woven fabrics of wool or fine animal hair, containing less than 85% by"
511300,Woven fabrics of coarse animal hair or of horsehair.,2655,Woven fabrics of coarse animal hair or of horsehair
520100,"Cotton, not carded or combed.",01921,"Cotton, whether or not ginned"
520210,Yarn waste (including thread waste),39214,"Cotton waste, except garnetted stock"
520291,Other :-- Garnetted stock,39215,Other cotton waste; garnetted stock
520299,Other,39215,Other cotton waste; garnetted stock
520300,"Cotton, carded or combed.",2616,"Cotton, carded or combed"
520411,Not put up for retail sale :-- Containing 85 % or more by weight of cotton,2635,Cotton sewing thread
520419,Not put up for retail sale :-- Other,2635,Cotton sewing thread
520420,Put up for retail sale,2635,Cotton sewing thread
520511,"Single yarn, of uncombed fibres :-- Measuring 714.29 decitex or more (not exceeding 14 metric number)",2636,"Cotton yarn (other than sewing thread), containing 85% or more by weight of"
520512,"Single yarn, of uncombed fibres :-- Measuring less than 714.29 decitex but not less than 232.56 decitex (exceeding 14 metric number but not exceeding 43 metric number)",2636,"Cotton yarn (other than sewing thread), containing 85% or more by weight of"
520513,"Single yarn, of uncombed fibres :-- Measuring less than 232.56 decitex but not less than 192.31 decitex (exceeding 43 metric number but not exceeding 52 metric number)",2636,"Cotton yarn (other than sewing thread), containing 85% or more by weight of"
520514,"Single yarn, of uncombed fibres :-- Measuring less than 192.31 decitex but not less than 125 decitex (exceeding 52 metric number but not exceeding 80 metric number)",2636,"Cotton yarn (other than sewing thread), containing 85% or more by weight of"
520515,"Single yarn, of uncombed fibres :-- Measuring less than 125 decitex (exceeding 80 metric number)",2636,"Cotton yarn (other than sewing thread), containing 85% or more by weight of"
520521,"Single yarn, of combed fibres :-- Measuring 714.29 decitex or more (not exceeding 14 metric number)",2636,"Cotton yarn (other than sewing thread), containing 85% or more by weight of"
520522,"Single yarn, of combed fibres :-- Measuring less than 714.29 decitex but not less than 232.56 decitex (exceeding 14 metric number but not exceeding 43 metric number)",2636,"Cotton yarn (other than sewing thread), containing 85% or more by weight of"
520523,"Single yarn, of combed fibres :-- Measuring less than 232.56 decitex but not less than 192.31 decitex (exceeding 43 metric number but not exceeding 52 metric number)",2636,"Cotton yarn (other than sewing thread), containing 85% or more by weight of"
520524,"Single yarn, of combed fibres :-- Measuring less than 192.31 decitex but not less than 125 decitex (exceeding 52 metric number but not exceeding 80 metric number)",2636,"Cotton yarn (other than sewing thread), containing 85% or more by weight of"
520526,"Single yarn, of combed fibres :-- Measuring less than 125 decitex but not less than 106.38 decitex (exceeding 80 metric number but not exceeding 94 metric number)",2636,"Cotton yarn (other than sewing thread), containing 85% or more by weight of"
520527,"Single yarn, of combed fibres :-- Measuring less than 106.38 decitex but not less than 83.33 decitex (exceeding 94 metric number but not exceeding 120 metric number)",2636,"Cotton yarn (other than sewing thread), containing 85% or more by weight of"
520528,"Single yarn, of combed fibres :-- Measuring less than 83.33 decitex (exceeding 120 metric number)",2636,"Cotton yarn (other than sewing thread), containing 85% or more by weight of"
520531,"Multiple (folded) or cabled yarn, of uncombed fibres :-- Measuring per single yarn 714.29 decitex or more (not exceeding 14 metric number per single yarn)",2636,"Cotton yarn (other than sewing thread), containing 85% or more by weight of"
520532,"Multiple (folded) or cabled yarn, of uncombed fibres :-- Measuring per single yarn less than 714.29 decitex but not less than 232.56 decitex (exceeding 14 metric number but not exceeding 43 metric number per singl",2636,"Cotton yarn (other than sewing thread), containing 85% or more by weight of"
520533,"Multiple (folded) or cabled yarn, of uncombed fibres :-- Measuring per single yarn less than 232.56 decitex but not less than 192.31 decitex (exceeding 43 metric number but not exceeding 52 metric number per singl",2636,"Cotton yarn (other than sewing thread), containing 85% or more by weight of"
520534,"Multiple (folded) or cabled yarn, of uncombed fibres :-- Measuring per single yarn less than 192.31 decitex but not less than 125 decitex (exceeding 52 metric number but not exceeding 80 metric number per single y",2636,"Cotton yarn (other than sewing thread), containing 85% or more by weight of"
520535,"Multiple (folded) or cabled yarn, of uncombed fibres :-- Measuring per single yarn less than 125 decitex (exceeding 80 metric number per single yarn)",2636,"Cotton yarn (other than sewing thread), containing 85% or more by weight of"
520541,"Multiple (folded) or cabled yarn, of combed fibres :-- Measuring per single yarn 714.29 decitex or more (not exceeding 14 metric number per single yarn)",2636,"Cotton yarn (other than sewing thread), containing 85% or more by weight of"
520542,"Multiple (folded) or cabled yarn, of combed fibres :-- Measuring per single yarn less than 714.29 decitex but not less than 232.56 decitex (exceeding 14 metric number but not exceeding 43 metric number per single",2636,"Cotton yarn (other than sewing thread), containing 85% or more by weight of"
520543,"Multiple (folded) or cabled yarn, of combed fibres :-- Measuring per single yarn less than 232.56 decitex but not less than 192.31 decitex (exceeding 43 metric number but not exceeding 52 metric number per single",2636,"Cotton yarn (other than sewing thread), containing 85% or more by weight of"
520544,"Multiple (folded) or cabled yarn, of combed fibres :-- Measuring per single yarn less than 192.31 decitex but not less than 125 decitex (exceeding 52 metric number but not exceeding 80 metric number per single yar",2636,"Cotton yarn (other than sewing thread), containing 85% or more by weight of"
520546,"Multiple (folded) or cabled yarn, of combed fibres :-- Measuring per single yarn less than 125 decitex but not less than 106.38 decitex (exceeding 80 metric number but not exceeding 94 metric number per single yar",2636,"Cotton yarn (other than sewing thread), containing 85% or more by weight of"
520547,"Multiple (folded) or cabled yarn, of combed fibres :-- Measuring per single yarn less than 106.38 decitex but not less than 83.33 decitex (exceeding 94 metric number but not exceeding 120 metric number per single",2636,"Cotton yarn (other than sewing thread), containing 85% or more by weight of"
520548,"Multiple (folded) or cabled yarn, of combed fibres :-- Measuring per single yarn less than 83.33 decitex (exceeding 120 metric number per single yarn)",2636,"Cotton yarn (other than sewing thread), containing 85% or more by weight of"
520611,"Single yarn, of uncombed fibres :-- Measuring 714.29 decitex or more (not exceeding 14 metric number)",2637,"Cotton yarn (other than sewing thread), containing less than 85% by weight of cotton"
520612,"Single yarn, of uncombed fibres :-- Measuring less than 714.29 decitex but not less than 232.56 decitex (exceeding 14 metric number but not     exceeding 43 metric number)",2637,"Cotton yarn (other than sewing thread), containing less than 85% by weight of cotton"
520613,"Single yarn, of uncombed fibres :-- Measuring less than 232.56 decitex but not less than 192.31 decitex (exceeding 43 metric number but not exceeding 52 metric number)",2637,"Cotton yarn (other than sewing thread), containing less than 85% by weight of cotton"
520614,"Single yarn, of uncombed fibres :-- Measuring less than 192.31 decitex but not less than 125 decitex (exceeding 52 metric number but not exceeding 80 metric number)",2637,"Cotton yarn (other than sewing thread), containing less than 85% by weight of cotton"
520615,"Single yarn, of uncombed fibres :-- Measuring less than 125 decitex (exceeding 80 metric number)",2637,"Cotton yarn (other than sewing thread), containing less than 85% by weight of cotton"
520621,"Single yarn, of combed fibres :-- Measuring 714.29 decitex or more (not exceeding 14 metric number)",2637,"Cotton yarn (other than sewing thread), containing less than 85% by weight of cotton"
520622,"Single yarn, of combed fibres :-- Measuring less than 714.29 decitex but not less than 232.56 decitex (exceeding 14 metric number but not exceeding 43 metric number)",2637,"Cotton yarn (other than sewing thread), containing less than 85% by weight of cotton"
520623,"Single yarn, of combed fibres :-- Measuring less than 232.56 decitex but not less than 192.31 decitex (exceeding 43 metric number but not exceeding 52 metric number)",2637,"Cotton yarn (other than sewing thread), containing less than 85% by weight of cotton"
520624,"Single yarn, of combed fibres :-- Measuring less than 192.31 decitex but not less than 125 decitex (exceeding 52 metric number but not exceeding 80 metric number)",2637,"Cotton yarn (other than sewing thread), containing less than 85% by weight of cotton"
520625,"Single yarn, of combed fibres :-- Measuring less than 125 decitex (exceeding 80 metric number)",2637,"Cotton yarn (other than sewing thread), containing less than 85% by weight of cotton"
520631,"Multiple (folded) or cabled yarn, of uncombed fibres :-- Measuring per single yarn 714.29 decitex or more (not exceeding 14 metric number per single yarn)",2637,"Cotton yarn (other than sewing thread), containing less than 85% by weight of cotton"
520632,"Multiple (folded) or cabled yarn, of uncombed fibres :-- Measuring per single yarn less than 714.29 decitex but not less than 232.56 decitex (exceeding 14 metric number but not exceeding 43 metric number per singl",2637,"Cotton yarn (other than sewing thread), containing less than 85% by weight of cotton"
520633,"Multiple (folded) or cabled yarn, of uncombed fibres :-- Measuring per single yarn less than 232.56 decitex but not less than 192.31 decitex (exceeding 43 metric number but not exceeding 52 metric number per singl",2637,"Cotton yarn (other than sewing thread), containing less than 85% by weight of cotton"
520634,"Multiple (folded) or cabled yarn, of uncombed fibres :-- Measuring per single yarn less than 192.31 decitex but not less than 125 decitex (exceeding 52 metric number but not exceeding 80 metric number per single y",2637,"Cotton yarn (other than sewing thread), containing less than 85% by weight of cotton"
520635,"Multiple (folded) or cabled yarn, of uncombed fibres :-- Measuring per single yarn less than 125 decitex (exceeding 80 metric number per single yarn)",2637,"Cotton yarn (other than sewing thread), containing less than 85% by weight of cotton"
520641,"Multiple (folded) or cabled yarn, of combed fibres :-- Measuring per single yarn 714.29 decitex or more (not exceeding 14 metric number per single yarn)",2637,"Cotton yarn (other than sewing thread), containing less than 85% by weight of cotton"
520642,"Multiple (folded) or cabled yarn, of combed fibres :-- Measuring per single yarn less than 714.29 decitex but not less than 232.56 decitex (exceeding 14 metric number but not exceeding 43 metric number per single",2637,"Cotton yarn (other than sewing thread), containing less than 85% by weight of cotton"
520643,"Multiple (folded) or cabled yarn, of combed fibres :-- Measuring per single yarn less than 232.56 decitex but not less than 192.31 decitex (exceeding 43 metric number but not exceeding 52 metric number per single",2637,"Cotton yarn (other than sewing thread), containing less than 85% by weight of cotton"
520644,"Multiple (folded) or cabled yarn, of combed fibres :-- Measuring per single yarn less than 192.31 decitex but not less than 125 decitex (exceeding 52 metric number but not exceeding 80 metric number per single yar",2637,"Cotton yarn (other than sewing thread), containing less than 85% by weight of cotton"
520645,"Multiple (folded) or cabled yarn, of combed fibres :-- Measuring per single yarn less than 125 decitex     (exceeding 80 metric number per single yarn)",2637,"Cotton yarn (other than sewing thread), containing less than 85% by weight of cotton"
520710,Containing 85 % or more by weight of cotton,2636,"Cotton yarn (other than sewing thread), containing 85% or more by weight of"
520790,Other,2637,"Cotton yarn (other than sewing thread), containing less than 85% by weight of cotton"
520811,"Unbleached :-- Plain weave, weighing not more than 100 g/m2",2661,"Woven fabrics of cotton, containing 85% or more by weight of cotton,"
520812,"Unbleached :-- Plain weave, weighing more than 100 g/m2",2661,"Woven fabrics of cotton, containing 85% or more by weight of cotton,"
520813,"Unbleached :-- 3-thread or 4-thread twill, including cross twill",2661,"Woven fabrics of cotton, containing 85% or more by weight of cotton,"
520819,Unbleached :-- Other fabrics,2661,"Woven fabrics of cotton, containing 85% or more by weight of cotton,"
520821,"Bleached :-- Plain weave, weighing not more than 100 g/m2",2661,"Woven fabrics of cotton, containing 85% or more by weight of cotton,"
520822,"Bleached :-- Plain weave, weighing more than 100 g/m2",2661,"Woven fabrics of cotton, containing 85% or more by weight of cotton,"
520823,"Bleached :-- 3-thread or 4-thread twill, including cross twill",2661,"Woven fabrics of cotton, containing 85% or more by weight of cotton,"
520829,Bleached :-- Other fabrics,2661,"Woven fabrics of cotton, containing 85% or more by weight of cotton,"
520831,"Dyed :-- Plain weave, weighing not more than 100 g/m2",2661,"Woven fabrics of cotton, containing 85% or more by weight of cotton,"
520832,"Dyed :-- Plain weave, weighing more than 100 g/m2",2661,"Woven fabrics of cotton, containing 85% or more by weight of cotton,"
520833,"Dyed :-- 3-thread or 4-thread twill, including cross twill",2661,"Woven fabrics of cotton, containing 85% or more by weight of cotton,"
520839,Dyed :-- Other fabrics,2661,"Woven fabrics of cotton, containing 85% or more by weight of cotton,"
520841,"Of yarns of different colours :-- Plain weave, weighing not more than 100 g/m2",2661,"Woven fabrics of cotton, containing 85% or more by weight of cotton,"
520842,"Of yarns of different colours :-- Plain weave, weighing more than 100 g/m2",2661,"Woven fabrics of cotton, containing 85% or more by weight of cotton,"
520843,"Of yarns of different colours :-- 3-thread or 4-thread twill, including cross twill",2661,"Woven fabrics of cotton, containing 85% or more by weight of cotton,"
520849,Of yarns of different colours :-- Other fabrics,2661,"Woven fabrics of cotton, containing 85% or more by weight of cotton,"
520851,"Printed :-- Plain weave, weighing not more than 100 g/m2",2661,"Woven fabrics of cotton, containing 85% or more by weight of cotton,"
520852,"Printed :-- Plain weave, weighing more than 100 g/m2",2661,"Woven fabrics of cotton, containing 85% or more by weight of cotton,"
520853,"Printed :-- 3-thread or 4-thread twill, including cross twill",2661,"Woven fabrics of cotton, containing 85% or more by weight of cotton,"
520859,Printed :-- Other fabrics,2661,"Woven fabrics of cotton, containing 85% or more by weight of cotton,"
520911,Unbleached :-- Plain weave,2662,"Woven fabrics of cotton, containing 85% or more by weight of cotton,"
520912,"Unbleached :-- 3-thread or 4-thread twill, including cross twill",2662,"Woven fabrics of cotton, containing 85% or more by weight of cotton,"
520919,Unbleached :-- Other fabrics,2662,"Woven fabrics of cotton, containing 85% or more by weight of cotton,"
520921,Bleached :-- Plain weave,2662,"Woven fabrics of cotton, containing 85% or more by weight of cotton,"
520922,"Bleached :-- 3-thread or 4-thread twill, including cross twill",2662,"Woven fabrics of cotton, containing 85% or more by weight of cotton,"
520929,Bleached :-- Other fabrics,2662,"Woven fabrics of cotton, containing 85% or more by weight of cotton,"
520931,Dyed :-- Plain weave,2662,"Woven fabrics of cotton, containing 85% or more by weight of cotton,"
520932,"Dyed :-- 3-thread or 4-thread twill, including cross twill",2662,"Woven fabrics of cotton, containing 85% or more by weight of cotton,"
520939,Dyed :-- Other fabrics,2662,"Woven fabrics of cotton, containing 85% or more by weight of cotton,"
520941,Of yarns of different colours :-- Plain weave,2662,"Woven fabrics of cotton, containing 85% or more by weight of cotton,"
520942,Of yarns of different colours :-- Denim,2662,"Woven fabrics of cotton, containing 85% or more by weight of cotton,"
520943,"Of yarns of different colours :-- Other fabrics of 3-thread or 4-thread twill, including cross twill",2662,"Woven fabrics of cotton, containing 85% or more by weight of cotton,"
520949,Of yarns of different colours :-- Other fabrics,2662,"Woven fabrics of cotton, containing 85% or more by weight of cotton,"
520951,Printed :-- Plain weave,2662,"Woven fabrics of cotton, containing 85% or more by weight of cotton,"
520952,"Printed :-- 3-thread or 4-thread twill, including cross twill",2662,"Woven fabrics of cotton, containing 85% or more by weight of cotton,"
520959,Printed :-- Other fabrics,2662,"Woven fabrics of cotton, containing 85% or more by weight of cotton,"
521011,Unbleached :-- Plain weave,2663,"Woven fabrics of cotton, containing less than 85% by weight of cotton,"
521012,"Unbleached :-- 3-thread or 4-thread twill, including cross twill",2663,"Woven fabrics of cotton, containing less than 85% by weight of cotton,"
521019,Unbleached :-- Other fabrics,2663,"Woven fabrics of cotton, containing less than 85% by weight of cotton,"
521021,Bleached :-- Plain weave,2663,"Woven fabrics of cotton, containing less than 85% by weight of cotton,"
521022,"Bleached :-- 3-thread or 4-thread twill, including cross twill",2663,"Woven fabrics of cotton, containing less than 85% by weight of cotton,"
521029,Bleached :-- Other fabrics,2663,"Woven fabrics of cotton, containing less than 85% by weight of cotton,"
521031,Dyed :-- Plain weave,2663,"Woven fabrics of cotton, containing less than 85% by weight of cotton,"
521032,"Dyed :-- 3-thread or 4-thread twill, including cross twill",2663,"Woven fabrics of cotton, containing less than 85% by weight of cotton,"
521039,Dyed :-- Other fabrics,2663,"Woven fabrics of cotton, containing less than 85% by weight of cotton,"
521041,Of yarns of different colours :-- Plain weave,2663,"Woven fabrics of cotton, containing less than 85% by weight of cotton,"
521042,"Of yarns of different colours :-- 3-thread or 4-thread twill, including cross twill",2663,"Woven fabrics of cotton, containing less than 85% by weight of cotton,"
521049,Of yarns of different colours :-- Other fabrics,2663,"Woven fabrics of cotton, containing less than 85% by weight of cotton,"
521051,Printed :-- Plain weave,2663,"Woven fabrics of cotton, containing less than 85% by weight of cotton,"
521052,"Printed :-- 3-thread or 4-thread twill, including cross twill",2663,"Woven fabrics of cotton, containing less than 85% by weight of cotton,"
521059,Printed :-- Other fabrics,2663,"Woven fabrics of cotton, containing less than 85% by weight of cotton,"
521111,Unbleached :-- Plain weave,2663,"Woven fabrics of cotton, containing less than 85% by weight of cotton,"
521112,"Unbleached :-- 3-thread or 4-thread twill, including cross twill",2663,"Woven fabrics of cotton, containing less than 85% by weight of cotton,"
521119,Unbleached :-- Other fabrics,2663,"Woven fabrics of cotton, containing less than 85% by weight of cotton,"
521121,Bleached :-- Plain weave,2663,"Woven fabrics of cotton, containing less than 85% by weight of cotton,"
521122,"Bleached :-- 3-thread or 4-thread twill, including cross twill",2663,"Woven fabrics of cotton, containing less than 85% by weight of cotton,"
521129,Bleached :-- Other fabrics,2663,"Woven fabrics of cotton, containing less than 85% by weight of cotton,"
521131,Dyed :-- Plain weave,2663,"Woven fabrics of cotton, containing less than 85% by weight of cotton,"
521132,"Dyed :-- 3-thread or 4-thread twill, including cross twill",2663,"Woven fabrics of cotton, containing less than 85% by weight of cotton,"
521139,Dyed :-- Other fabrics,2663,"Woven fabrics of cotton, containing less than 85% by weight of cotton,"
521141,Of yarns of different colours :-- Plain weave,2663,"Woven fabrics of cotton, containing less than 85% by weight of cotton,"
521142,Of yarns of different colours :-- Denim,2663,"Woven fabrics of cotton, containing less than 85% by weight of cotton,"
521143,"Of yarns of different colours :-- Other fabrics of 3-thread or 4-thread twill, including     cross twill",2663,"Woven fabrics of cotton, containing less than 85% by weight of cotton,"
521149,Of yarns of different colours :-- Other fabrics,2663,"Woven fabrics of cotton, containing less than 85% by weight of cotton,"
521151,Printed :-- Plain weave,2663,"Woven fabrics of cotton, containing less than 85% by weight of cotton,"
521152,"Printed :-- 3-thread or 4-thread twill, including cross twill",2663,"Woven fabrics of cotton, containing less than 85% by weight of cotton,"
521159,Printed :-- Other fabrics,2663,"Woven fabrics of cotton, containing less than 85% by weight of cotton,"
521211,Weighing not more than 200 g/m2 :-- Unbleached,2669,Other woven fabrics of cotton
521212,Weighing not more than 200 g/m2 :-- Bleached,2669,Other woven fabrics of cotton
521213,Weighing not more than 200 g/m2 :-- Dyed,2669,Other woven fabrics of cotton
521214,Weighing not more than 200 g/m2 :-- Of yarns of different colours,2669,Other woven fabrics of cotton
521215,Weighing not more than 200 g/m2 :-- Printed,2669,Other woven fabrics of cotton
521221,Weighing more than 200 g/m2 :-- Unbleached,2669,Other woven fabrics of cotton
521222,Weighing more than 200 g/m2 :-- Bleached,2669,Other woven fabrics of cotton
521223,Weighing more than 200 g/m2 :-- Dyed,2669,Other woven fabrics of cotton
521224,Weighing more than 200 g/m2 :-- Of yarns of different colours,2669,Other woven fabrics of cotton
521225,Weighing more than 200 g/m2 :-- Printed,2669,Other woven fabrics of cotton
530110,"Flax, raw or retted",01923,"Flax and true hemp, raw or retted; sizal and other textile fibres of the"
530121,"Flax, broken, scutched, hackled or otherwise processed, but not spun :-- Broken or scutched",2619,"Other vegetable textile fibres, processed but not spun; tow and waste of these fibres"
530129,"Flax, broken, scutched, hackled or otherwise processed, but not spun :-- Other",2619,"Other vegetable textile fibres, processed but not spun; tow and waste of these fibres"
530130,Flax tow and waste,2619,"Other vegetable textile fibres, processed but not spun; tow and waste of these fibres"
530210,"True hemp, raw or retted",01923,"Flax and true hemp, raw or retted; sizal and other textile fibres of the"
530290,Other,2619,"Other vegetable textile fibres, processed but not spun; tow and waste of these fibres"
530310,"Jute and other textile bast fibres, raw or retted",01922,"Jute and other textile bast fibres, raw or retted, except flax, true"
530390,Other,2617,"Jute and other textile bast fibres (except flax, true hemp and ramie),"
530410,"Sisal and other textile fibres of the genus Agave, raw",01923,"Flax and true hemp, raw or retted; sizal and other textile fibres of the"
530490,Other,2619,"Other vegetable textile fibres, processed but not spun; tow and waste of these fibres"
530511,Of coconut (coir) :-- Raw,01923,"Flax and true hemp, raw or retted; sizal and other textile fibres of the"
530519,Of coconut (coir) :-- Other,2619,"Other vegetable textile fibres, processed but not spun; tow and waste of these fibres"
530521,Of abaca :-- Raw,01923,"Flax and true hemp, raw or retted; sizal and other textile fibres of the"
530529,Of abaca :-- Other,2619,"Other vegetable textile fibres, processed but not spun; tow and waste of these fibres"
530591,Other :-- Raw,01923,"Flax and true hemp, raw or retted; sizal and other textile fibres of the"
530599,Other,2619,"Other vegetable textile fibres, processed but not spun; tow and waste of these fibres"
530610,Single,2638,"Yarn of vegetable textile fibres other than cotton (including flax, jute,"
530620,Multiple (folded) or cabled,2638,"Yarn of vegetable textile fibres other than cotton (including flax, jute,"
530710,Single,2638,"Yarn of vegetable textile fibres other than cotton (including flax, jute,"
530720,Multiple (folded) or cabled,2638,"Yarn of vegetable textile fibres other than cotton (including flax, jute,"
530810,Coir yarn,2638,"Yarn of vegetable textile fibres other than cotton (including flax, jute,"
530820,True hemp yarn,2638,"Yarn of vegetable textile fibres other than cotton (including flax, jute,"
530830,Paper yarn,2638,"Yarn of vegetable textile fibres other than cotton (including flax, jute,"
530890,Other,2638,"Yarn of vegetable textile fibres other than cotton (including flax, jute,"
530911,Containing 85 % or more by weight of flax :-- Unbleached or bleached,2656,Woven fabrics of flax
530919,Containing 85 % or more by weight of flax :-- Other,2656,Woven fabrics of flax
530921,Containing less than 85 % by weight of flax :-- Unbleached or bleached,2656,Woven fabrics of flax
530929,Containing less than 85 % by weight of flax :-- Other,2656,Woven fabrics of flax
531010,Unbleached,2657,"Woven fabrics of jute and other textile bast fibres (except flax, true hemp and ramie)"
531090,Other,2657,"Woven fabrics of jute and other textile bast fibres (except flax, true hemp and ramie)"
531100,Woven fabrics of other vegetable textile fibres; woven fabrics of paper yarn.,2659,Woven fabrics of other vegetable textile fibres; woven fabrics of paper yarn
540110,Of synthetic filaments,2641,Sewing thread of man-made filaments or staple fibres
540120,Of artificial filaments,2641,Sewing thread of man-made filaments or staple fibres
540210,High tenacity yarn of nylon or other polyamides,3552,"Synthetic filament yarn (except sewing thread and multiple or cabled yarn),"
540220,High tenacity yarn of polyesters,3552,"Synthetic filament yarn (except sewing thread and multiple or cabled yarn),"
540231,"Textured yarn :-- Of nylon or other polyamides, measuring per single yarn not more than 50 tex",3552,"Synthetic filament yarn (except sewing thread and multiple or cabled yarn),"
540232,"Textured yarn :-- Of nylon or other polyamides, measuring per single yarn more than 50 tex",3552,"Synthetic filament yarn (except sewing thread and multiple or cabled yarn),"
540233,Textured yarn :-- Of polyesters,3552,"Synthetic filament yarn (except sewing thread and multiple or cabled yarn),"
540239,Textured yarn :-- Other,3552,"Synthetic filament yarn (except sewing thread and multiple or cabled yarn),"
540241,"Other yarn, single, untwisted or with a twist not exceeding 50 turns per metre :-- Of nylon or other polyamides",3552,"Synthetic filament yarn (except sewing thread and multiple or cabled yarn),"
540242,"Other yarn, single, untwisted or with a twist not exceeding 50 turns per metre :-- Of polyesters, partially oriented",3552,"Synthetic filament yarn (except sewing thread and multiple or cabled yarn),"
540243,"Other yarn, single, untwisted or with a twist not exceeding 50 turns per metre :-- Of polyesters, other",3552,"Synthetic filament yarn (except sewing thread and multiple or cabled yarn),"
540249,"Other yarn, single, untwisted or with a twist not exceeding 50 turns per metre :-- Other",3552,"Synthetic filament yarn (except sewing thread and multiple or cabled yarn),"
540251,"Other yarn, single, with a twist exceeding 50 turns per metre :-- Of nylon or other polyamides",3552,"Synthetic filament yarn (except sewing thread and multiple or cabled yarn),"
540252,"Other yarn, single, with a twist exceeding 50 turns per metre :-- Of polyesters",3552,"Synthetic filament yarn (except sewing thread and multiple or cabled yarn),"
540259,"Other yarn, single, with a twist exceeding 50 turns per metre :-- Other",3552,"Synthetic filament yarn (except sewing thread and multiple or cabled yarn),"
540261,"Other yarn, multiple (folded) or cabled :-- Of nylon or other polyamides",2642,"Yarn of man-made filaments, multiple or cabled (other than sewing thread,"
540262,"Other yarn, multiple (folded) or cabled :-- Of polyesters",2642,"Yarn of man-made filaments, multiple or cabled (other than sewing thread,"
540269,"Other yarn, multiple (folded) or cabled :-- Other",2642,"Yarn of man-made filaments, multiple or cabled (other than sewing thread,"
540310,High tenacity yarn of viscose rayon,3555,Artificial filament yarn (except sewing thread and multiple or cabled
540320,Textured yarn,3555,Artificial filament yarn (except sewing thread and multiple or cabled
540331,"Other yarn, single :-- Of viscose rayon, untwisted or with a twist not exceeding 120 turns per metre",3555,Artificial filament yarn (except sewing thread and multiple or cabled
540332,"Other yarn, single :-- Of viscose rayon, with a twist exceeding 120 turns per metre",3555,Artificial filament yarn (except sewing thread and multiple or cabled
540333,"Other yarn, single :-- Of cellulose acetate",3555,Artificial filament yarn (except sewing thread and multiple or cabled
540339,"Other yarn, single :-- Other",3555,Artificial filament yarn (except sewing thread and multiple or cabled
540341,"Other yarn, multiple (folded) or cabled :-- Of viscose rayon",2642,"Yarn of man-made filaments, multiple or cabled (other than sewing thread,"
540342,"Other yarn, multiple (folded) or cabled :-- Of cellulose acetate",2642,"Yarn of man-made filaments, multiple or cabled (other than sewing thread,"
540349,"Other yarn, multiple (folded) or cabled :-- Other",2642,"Yarn of man-made filaments, multiple or cabled (other than sewing thread,"
540410,Monofilament,3553,Synthetic monofilament and strip
540490,Other,3553,Synthetic monofilament and strip
540500,"Artificial monofilament of 67 decitex or more and of which no cross-sectional dimension exceeds 1 mm; strip and the   like (for example, artificial straw) of artificial textile materials of an apparent width not exce",3556,Artificial monofilament and strip
540610,Synthetic filament yarn,2642,"Yarn of man-made filaments, multiple or cabled (other than sewing thread,"
540620,Artificial filament yarn,2642,"Yarn of man-made filaments, multiple or cabled (other than sewing thread,"
540710,Woven fabrics obtained from high tenacity yarn of nylon or other polyamides or of polyesters,2671,"Woven fabrics of man-made filament yarn, obtained from high tenacity"
540720,Woven fabrics obtained from strip or the like,2671,"Woven fabrics of man-made filament yarn, obtained from high tenacity"
540730,Fabrics specified in Note 9 to Section XI,2671,"Woven fabrics of man-made filament yarn, obtained from high tenacity"
540741,"Other woven fabrics, containing 85 % or more by weight of filaments of nylon or other polyamides :-- Unbleached or bleached",2672,"Other woven fabrics of man-made filament yarn, containing 85% or more"
540742,"Other woven fabrics, containing 85 % or more by weight of filaments of nylon or other polyamides :-- Dyed",2672,"Other woven fabrics of man-made filament yarn, containing 85% or more"
540743,"Other woven fabrics, containing 85 % or more by weight of filaments of nylon or other polyamides :-- Of yarns of different colours",2672,"Other woven fabrics of man-made filament yarn, containing 85% or more"
540744,"Other woven fabrics, containing 85 % or more by weight of filaments of nylon or other polyamides :-- Printed",2672,"Other woven fabrics of man-made filament yarn, containing 85% or more"
540751,"Other woven fabrics, containing 85 % or more by weight of textured polyester filaments :-- Unbleached or bleached",2672,"Other woven fabrics of man-made filament yarn, containing 85% or more"
540752,"Other woven fabrics, containing 85 % or more by weight of textured polyester filaments :-- Dyed",2672,"Other woven fabrics of man-made filament yarn, containing 85% or more"
540753,"Other woven fabrics, containing 85 % or more by weight of textured polyester filaments :-- Of yarns of different colours",2672,"Other woven fabrics of man-made filament yarn, containing 85% or more"
540754,"Other woven fabrics, containing 85 % or more by weight of textured polyester filaments :-- Printed",2672,"Other woven fabrics of man-made filament yarn, containing 85% or more"
540761,"Other woven fabrics, containing 85 % or more by weight of polyester filaments :-- Containing 85 % or more by weight of non-textured polyester filaments",2672,"Other woven fabrics of man-made filament yarn, containing 85% or more"
540769,"Other woven fabrics, containing 85 % or more by weight of polyester filaments :-- Other",2672,"Other woven fabrics of man-made filament yarn, containing 85% or more"
540771,"Other woven fabrics, containing 85 % or more by weight of synthetic filaments :-- Unbleached or bleached",2672,"Other woven fabrics of man-made filament yarn, containing 85% or more"
540772,"Other woven fabrics, containing 85 % or more by weight of synthetic filaments :-- Dyed",2672,"Other woven fabrics of man-made filament yarn, containing 85% or more"
540773,"Other woven fabrics, containing 85 % or more by weight of synthetic filaments :-- Of yarns of different colours",2672,"Other woven fabrics of man-made filament yarn, containing 85% or more"
540774,"Other woven fabrics, containing 85 % or more by weight of synthetic filaments :-- Printed",2672,"Other woven fabrics of man-made filament yarn, containing 85% or more"
540781,"Other woven fabrics, containing less than 85 % by weight of synthetic filaments, mixed mainly or solely with cotton :-- Unbleached or bleached",2673,Other woven fabrics of man-made filament yarn
540782,"Other woven fabrics, containing less than 85 % by weight of synthetic filaments, mixed mainly or solely with cotton :-- Dyed",2673,Other woven fabrics of man-made filament yarn
540783,"Other woven fabrics, containing less than 85 % by weight of synthetic filaments, mixed mainly or solely with cotton :-- Of yarns of different colours",2673,Other woven fabrics of man-made filament yarn
540784,"Other woven fabrics, containing less than 85 % by weight of synthetic filaments, mixed mainly or solely with cotton :-- Printed",2673,Other woven fabrics of man-made filament yarn
540791,Other woven fabrics :-- Unbleached or bleached,2673,Other woven fabrics of man-made filament yarn
540792,Other woven fabrics :-- Dyed,2673,Other woven fabrics of man-made filament yarn
540793,Other woven fabrics :-- Of yarns of different colours,2673,Other woven fabrics of man-made filament yarn
540794,Other woven fabrics :-- Printed,2673,Other woven fabrics of man-made filament yarn
540810,"Woven fabrics obtained from high tenacity yarn, of viscose rayon",2671,"Woven fabrics of man-made filament yarn, obtained from high tenacity"
540821,"Other woven fabrics, containing 85 % or more by weight of artificial filament or strip or the like :-- Unbleached or bleached",2672,"Other woven fabrics of man-made filament yarn, containing 85% or more"
540822,"Other woven fabrics, containing 85 % or more by weight of artificial filament or strip or the like :-- Dyed",2672,"Other woven fabrics of man-made filament yarn, containing 85% or more"
540823,"Other woven fabrics, containing 85 % or more by weight of artificial filament or strip or the like :-- Of yarns of different colours",2672,"Other woven fabrics of man-made filament yarn, containing 85% or more"
540824,"Other woven fabrics, containing 85 % or more by weight of artificial filament or strip or the like :-- Printed",2672,"Other woven fabrics of man-made filament yarn, containing 85% or more"
540831,Other woven fabrics :-- Unbleached or bleached,2673,Other woven fabrics of man-made filament yarn
540832,Other woven fabrics :-- Dyed,2673,Other woven fabrics of man-made filament yarn
540833,Other woven fabrics :-- Of yarns of different colours,2673,Other woven fabrics of man-made filament yarn
540834,Other woven fabrics :-- Printed,2673,Other woven fabrics of man-made filament yarn
550110,Of nylon or other polyamides,3551,"Synthetic filament tow and staple fibres, not carded or combed"
550120,Of polyesters,3551,"Synthetic filament tow and staple fibres, not carded or combed"
550130,Acrylic or modacrylic,3551,"Synthetic filament tow and staple fibres, not carded or combed"
550190,Other,3551,"Synthetic filament tow and staple fibres, not carded or combed"
550200,Artificial filament tow.,3554,"Artificial filament tow and staple fibres, not carded or combed"
550310,Of nylon or other polyamides,3551,"Synthetic filament tow and staple fibres, not carded or combed"
550320,Of polyesters,3551,"Synthetic filament tow and staple fibres, not carded or combed"
550330,Acrylic or modacrylic,3551,"Synthetic filament tow and staple fibres, not carded or combed"
550340,Of polypropylene,3551,"Synthetic filament tow and staple fibres, not carded or combed"
550390,Other,3551,"Synthetic filament tow and staple fibres, not carded or combed"
550410,Of viscose rayon,3554,"Artificial filament tow and staple fibres, not carded or combed"
550490,Other,3554,"Artificial filament tow and staple fibres, not carded or combed"
550510,Of synthetic fibres,39216,Waste of man-made fibres
550520,Of artificial fibres,39216,Waste of man-made fibres
550610,Of nylon or other polyamides,2621,"Synthetic staple fibres, carded, combed or otherwise processed for spinning"
550620,Of polyesters,2621,"Synthetic staple fibres, carded, combed or otherwise processed for spinning"
550630,Acrylic or modacrylic,2621,"Synthetic staple fibres, carded, combed or otherwise processed for spinning"
550690,Other,2621,"Synthetic staple fibres, carded, combed or otherwise processed for spinning"
550700,"Artificial staple fibres, carded, combed or otherwise processed for spinning.",2622,"Artificial staple fibres, carded, combed or otherwise processed for"
550810,Of synthetic staple fibres,2641,Sewing thread of man-made filaments or staple fibres
550820,Of artificial staple fibres,2641,Sewing thread of man-made filaments or staple fibres
550911,Containing 85 % or more by weight of staple fibres of nylon or other polyamides :-- Single yarn,2643,"Yarn (other than sewing thread) of synthetic staple fibres, containing"
550912,Containing 85 % or more by weight of staple fibres of nylon or other polyamides :-- Multiple (folded) or cabled yarn,2643,"Yarn (other than sewing thread) of synthetic staple fibres, containing"
550921,Containing 85 % or more by weight of staple fibres of nylon or other polyamides :-- Single yarn,2643,"Yarn (other than sewing thread) of synthetic staple fibres, containing"
550922,Containing 85 % or more by weight of staple fibres of nylon or other polyamides :-- Multiple (folded) or cabled yarn,2643,"Yarn (other than sewing thread) of synthetic staple fibres, containing"
550931,Containing 85 % or more by weight of acrylic or modacrylic staple fibres :-- Single yarn,2643,"Yarn (other than sewing thread) of synthetic staple fibres, containing"
550932,Containing 85 % or more by weight of acrylic or modacrylic staple fibres :-- Multiple (folded) or cabled yarn,2643,"Yarn (other than sewing thread) of synthetic staple fibres, containing"
550941,"Other yarn, containing 85 % or more by weight of synthetic staple fibres :-- Single yarn",2643,"Yarn (other than sewing thread) of synthetic staple fibres, containing"
550942,"Other yarn, containing 85 % or more by weight of synthetic staple fibres :-- Multiple (folded) or cabled yarn",2643,"Yarn (other than sewing thread) of synthetic staple fibres, containing"
550951,"Other yarn, of polyester staple fibres :-- Mixed mainly or solely with artificial staple fibres",2644,"Yarn (other than sewing thread) of synthetic staple fibres, containing"
550952,"Other yarn, of polyester staple fibres :-- Mixed mainly or solely with wool or fine animal hair",2644,"Yarn (other than sewing thread) of synthetic staple fibres, containing"
550953,"Other yarn, of polyester staple fibres :-- Mixed mainly or solely with cotton",2644,"Yarn (other than sewing thread) of synthetic staple fibres, containing"
550959,"Other yarn, of polyester staple fibres :-- Other",2644,"Yarn (other than sewing thread) of synthetic staple fibres, containing"
550961,"Other yarn, of acrylic or modacrylic staple fibres :-- Mixed mainly or solely with wool or fine animal hair",2644,"Yarn (other than sewing thread) of synthetic staple fibres, containing"
550962,"Other yarn, of acrylic or modacrylic staple fibres :-- Mixed mainly or solely with cotton",2644,"Yarn (other than sewing thread) of synthetic staple fibres, containing"
550969,"Other yarn, of acrylic or modacrylic staple fibres :-- Other",2644,"Yarn (other than sewing thread) of synthetic staple fibres, containing"
550991,Other yarn :-- Mixed mainly or solely with wool or fine animal hair,2644,"Yarn (other than sewing thread) of synthetic staple fibres, containing"
550992,Other yarn :-- Mixed mainly or solely with cotton,2644,"Yarn (other than sewing thread) of synthetic staple fibres, containing"
550999,Other yarn :-- Other,2644,"Yarn (other than sewing thread) of synthetic staple fibres, containing"
551011,Containing 85 % or more by weight of artificial staple fibres :-- Single yarn,2645,"Yarn (other than sewing thread) of artificial staple fibres, containing"
551012,Containing 85 % or more by weight of artificial staple fibres :-- Multiple (folded) or cabled yarn,2645,"Yarn (other than sewing thread) of artificial staple fibres, containing"
551020,"Other yarn, mixed mainly or solely with wool or fine animal hair",2646,"Yarn (other than sewing thread) of artificial staple fibres, containing"
551030,"Other yarn, mixed mainly or solely with cotton",2646,"Yarn (other than sewing thread) of artificial staple fibres, containing"
551090,Other yarn,2646,"Yarn (other than sewing thread) of artificial staple fibres, containing"
551110,"Of synthetic staple fibres, containing 85 % or more by weight of such fibres",2643,"Yarn (other than sewing thread) of synthetic staple fibres, containing"
551120,"Of synthetic staple fibres, containing less than 85 % by weight of such fibres",2644,"Yarn (other than sewing thread) of synthetic staple fibres, containing"
551130,Of artificial staple fibres,2646,"Yarn (other than sewing thread) of artificial staple fibres, containing"
551211,Containing 85 % or more by weight of polyester staple fibres :-- Unbleached or bleached,2674,"Woven fabrics of synthetic staple fibres, containing 85% or more by"
551219,Containing 85 % or more by weight of polyester staple fibres :-- Other,2674,"Woven fabrics of synthetic staple fibres, containing 85% or more by"
551221,Containing 85 % or more by weight of acrylic or modacrylic staple fibres :-- Unbleached or bleached,2674,"Woven fabrics of synthetic staple fibres, containing 85% or more by"
551229,Containing 85 % or more by weight of acrylic or modacrylic staple fibres :-- Other,2674,"Woven fabrics of synthetic staple fibres, containing 85% or more by"
551291,Other :-- Unbleached or bleached,2674,"Woven fabrics of synthetic staple fibres, containing 85% or more by"
551299,Other,2674,"Woven fabrics of synthetic staple fibres, containing 85% or more by"
551311,"Unbleached or bleached :-- Of polyester staple fibres, plain weave",2676,"Woven fabrics of man-made staple fibres, containing less than 85% of such fibres, mixed mainly or"
551312,"Unbleached or bleached :-- 3-thread or 4-thread twill, including cross twill, of polyester staple fibres",2676,"Woven fabrics of man-made staple fibres, containing less than 85% of such fibres, mixed mainly or"
551313,Unbleached or bleached :-- Other woven fabrics of polyester staple fibres,2676,"Woven fabrics of man-made staple fibres, containing less than 85% of such fibres, mixed mainly or"
551319,Unbleached or bleached :-- Other woven fabrics,2676,"Woven fabrics of man-made staple fibres, containing less than 85% of such fibres, mixed mainly or"
551321,"Dyed :-- Of polyester staple fibres, plain weave",2676,"Woven fabrics of man-made staple fibres, containing less than 85% of such fibres, mixed mainly or"
551322,"Dyed :-- 3-thread or 4-thread twill, including cross twill, of polyester staple fibres",2676,"Woven fabrics of man-made staple fibres, containing less than 85% of such fibres, mixed mainly or"
551323,Dyed :-- Other woven fabrics of polyester staple fibres,2676,"Woven fabrics of man-made staple fibres, containing less than 85% of such fibres, mixed mainly or"
551329,Dyed :-- Other woven fabrics,2676,"Woven fabrics of man-made staple fibres, containing less than 85% of such fibres, mixed mainly or"
551331,"Of yarns of different colours :-- Of polyester staple fibres, plain weave",2676,"Woven fabrics of man-made staple fibres, containing less than 85% of such fibres, mixed mainly or"
551332,"Of yarns of different colours :-- 3-thread or 4-thread twill, including cross twill, of polyester staple fibres",2676,"Woven fabrics of man-made staple fibres, containing less than 85% of such fibres, mixed mainly or"
551333,Of yarns of different colours :-- Other woven fabrics of polyester staple fibres,2676,"Woven fabrics of man-made staple fibres, containing less than 85% of such fibres, mixed mainly or"
551339,Of yarns of different colours :-- Other woven fabrics,2676,"Woven fabrics of man-made staple fibres, containing less than 85% of such fibres, mixed mainly or"
551341,"Printed :-- Of polyester staple fibres, plain weave",2676,"Woven fabrics of man-made staple fibres, containing less than 85% of such fibres, mixed mainly or"
551342,"Printed :-- 3-thread or 4-thread twill, including cross twill, of polyester staple fibres",2676,"Woven fabrics of man-made staple fibres, containing less than 85% of such fibres, mixed mainly or"
551343,Printed :-- Other woven fabrics of polyester staple fibres,2676,"Woven fabrics of man-made staple fibres, containing less than 85% of such fibres, mixed mainly or"
551349,Printed :-- Other woven fabrics,2676,"Woven fabrics of man-made staple fibres, containing less than 85% of such fibres, mixed mainly or"
551411,"Unbleached or bleached :-- Of polyester staple fibres, plain weave",2676,"Woven fabrics of man-made staple fibres, containing less than 85% of such fibres, mixed mainly or"
551412,"Unbleached or bleached :-- 3-thread or 4-thread twill, including cross twill, of polyester staple fibres",2676,"Woven fabrics of man-made staple fibres, containing less than 85% of such fibres, mixed mainly or"
551413,Unbleached or bleached :-- Other woven fabrics of polyester staple fibres,2676,"Woven fabrics of man-made staple fibres, containing less than 85% of such fibres, mixed mainly or"
551419,Unbleached or bleached :-- Other woven fabrics,2676,"Woven fabrics of man-made staple fibres, containing less than 85% of such fibres, mixed mainly or"
551421,"Dyed :-- Of polyester staple fibres, plain weave",2676,"Woven fabrics of man-made staple fibres, containing less than 85% of such fibres, mixed mainly or"
551422,"Dyed :-- 3-thread or 4-thread twill, including cross twill, of polyester staple fibres",2676,"Woven fabrics of man-made staple fibres, containing less than 85% of such fibres, mixed mainly or"
551423,Dyed :-- Other woven fabrics of polyester staple fibres,2676,"Woven fabrics of man-made staple fibres, containing less than 85% of such fibres, mixed mainly or"
551429,Dyed :-- Other woven fabrics,2676,"Woven fabrics of man-made staple fibres, containing less than 85% of such fibres, mixed mainly or"
551431,"Of yarns of different colours :-- Of polyester staple fibres, plain weave",2676,"Woven fabrics of man-made staple fibres, containing less than 85% of such fibres, mixed mainly or"
551432,"Of yarns of different colours :-- 3-thread or 4-thread twill, including cross twill, of polyester staple fibres",2676,"Woven fabrics of man-made staple fibres, containing less than 85% of such fibres, mixed mainly or"
551433,Of yarns of different colours :-- Other woven fabrics of polyester staple fibres,2676,"Woven fabrics of man-made staple fibres, containing less than 85% of such fibres, mixed mainly or"
551439,Of yarns of different colours :-- Other woven fabrics,2676,"Woven fabrics of man-made staple fibres, containing less than 85% of such fibres, mixed mainly or"
551441,"Printed :-- Of polyester staple fibres, plain weave",2676,"Woven fabrics of man-made staple fibres, containing less than 85% of such fibres, mixed mainly or"
551442,"Printed :-- 3-thread or 4-thread twill, including cross twill, of polyester staple fibres",2676,"Woven fabrics of man-made staple fibres, containing less than 85% of such fibres, mixed mainly or"
551443,Printed :-- Other woven fabrics of polyester staple fibres,2676,"Woven fabrics of man-made staple fibres, containing less than 85% of such fibres, mixed mainly or"
551449,Printed :-- Other woven fabrics,2676,"Woven fabrics of man-made staple fibres, containing less than 85% of such fibres, mixed mainly or"
551511,Of polyester staple fibres :-- Mixed mainly or solely with viscose rayon staple fibres,2679,Other woven fabrics of man-made staple fibres
551512,Of polyester staple fibres :-- Mixed mainly or solely with man-made filaments,2679,Other woven fabrics of man-made staple fibres
551513,Of polyester staple fibres :-- Mixed mainly or solely with wool or fine animal hair,2677,"Woven fabrics of man-made staple fibres, containing less than 85% of"
551519,Of polyester staple fibres :-- Other,2679,Other woven fabrics of man-made staple fibres
551521,Of acrylic or modacrylic staple fibres :-- Mixed mainly or solely with man-made filaments,2679,Other woven fabrics of man-made staple fibres
551522,Of acrylic or modacrylic staple fibres :-- Mixed mainly or solely with wool or fine animal hair,2677,"Woven fabrics of man-made staple fibres, containing less than 85% of"
551529,Of acrylic or modacrylic staple fibres :-- Other,2679,Other woven fabrics of man-made staple fibres
551591,Other woven fabrics :-- Mixed mainly or solely with man-made filaments,2679,Other woven fabrics of man-made staple fibres
551592,Other woven fabrics :-- Mixed mainly or solely with wool or fine animal hair,2677,"Woven fabrics of man-made staple fibres, containing less than 85% of"
551599,Other woven fabrics :-- Other,2679,Other woven fabrics of man-made staple fibres
551611,Containing 85 % or more by weight of artificial staple fibres :-- Unbleached or bleached,2675,"Woven fabrics of artificial staple fibres, containing 85% or more by"
551612,Containing 85 % or more by weight of artificial staple fibres :-- Dyed,2675,"Woven fabrics of artificial staple fibres, containing 85% or more by"
551613,Containing 85 % or more by weight of artificial staple fibres :-- Of yarns of different colours,2675,"Woven fabrics of artificial staple fibres, containing 85% or more by"
551614,Containing 85 % or more by weight of artificial staple fibres :-- Printed,2675,"Woven fabrics of artificial staple fibres, containing 85% or more by"
551621,"Containing less than 85 % by weight of artificial staple fibres, mixed mainly or solely with man-made filaments :-- Unbleached or bleached",2679,Other woven fabrics of man-made staple fibres
551622,"Containing less than 85 % by weight of artificial staple fibres, mixed mainly or solely with man-made filaments :-- Dyed",2679,Other woven fabrics of man-made staple fibres
551623,"Containing less than 85 % by weight of artificial staple fibres, mixed mainly or solely with man-made filaments :-- Of yarns of different colours",2679,Other woven fabrics of man-made staple fibres
551624,"Containing less than 85 % by weight of artificial staple fibres, mixed mainly or solely with man-made filaments :-- Printed",2679,Other woven fabrics of man-made staple fibres
551631,"Containing less than 85 % by weight of artificial staple fibres, mixed mainly or solely with wool or fine animal hair :-- Unbleached or bleached",2677,"Woven fabrics of man-made staple fibres, containing less than 85% of"
551632,"Containing less than 85 % by weight of artificial staple fibres, mixed mainly or solely with wool or fine animal hair :",2677,"Woven fabrics of man-made staple fibres, containing less than 85% of"
551633,"Containing less than 85 % by weight of artificial staple fibres, mixed mainly or solely with wool or fine animal hair :-- Of yarns of different colours",2677,"Woven fabrics of man-made staple fibres, containing less than 85% of"
551634,"Containing less than 85 % by weight of artificial staple fibres, mixed mainly or solely with wool or fine animal hair :-- Printed",2677,"Woven fabrics of man-made staple fibres, containing less than 85% of"
551641,"Containing less than 85 % by weight of artificial staple fibres, mixed mainly or solely with cotton :-- Unbleached or bleached",2676,"Woven fabrics of man-made staple fibres, containing less than 85% of such fibres, mixed mainly or"
551642,"Containing less than 85 % by weight of artificial staple fibres, mixed mainly or solely with cotton :-- Dyed",2676,"Woven fabrics of man-made staple fibres, containing less than 85% of such fibres, mixed mainly or"
551643,"Containing less than 85 % by weight of artificial staple fibres, mixed mainly or solely with cotton :-- Of yarns of different colours",2676,"Woven fabrics of man-made staple fibres, containing less than 85% of such fibres, mixed mainly or"
551644,"Containing less than 85 % by weight of artificial staple fibres, mixed mainly or solely with cotton :-- Printed",2676,"Woven fabrics of man-made staple fibres, containing less than 85% of such fibres, mixed mainly or"
551691,Other :-- Unbleached or bleached,2679,Other woven fabrics of man-made staple fibres
551692,Other :-- Dyed,2679,Other woven fabrics of man-made staple fibres
551693,Other :-- Of yarns of different colours,2679,Other woven fabrics of man-made staple fibres
551694,Other :-- Printed,2679,Other woven fabrics of man-made staple fibres
560110,"Sanitary towels and tampons, napkins and napkin liners for babies and similar sanitary articles, of wadding",27991,Wadding of textile materials and articles thereof; textile fibres not
560121,Wadding; other articles of wadding :-- Of cotton,27991,Wadding of textile materials and articles thereof; textile fibres not
560122,Wadding; other articles of wadding :-- Of man-made fibres,27991,Wadding of textile materials and articles thereof; textile fibres not
560129,Wadding; other articles of wadding :-- Other,27991,Wadding of textile materials and articles thereof; textile fibres not
560130,Textile flock and dust and mill neps,27991,Wadding of textile materials and articles thereof; textile fibres not
560210,Needleloom felt and stitch-bonded fibre fabrics,27921,Felt
560221,"Other felt, not impregnated, coated, covered or laminated :-- Of wool or fine animal hair",27921,Felt
560229,"Other felt, not impregnated, coated, covered or laminated :-- Of other textile materials",27921,Felt
560290,Other,27921,Felt
560311,Of man-made filaments :-- Weighing not more than 25 g/m2,27922,Nonwovens
560312,Of man-made filaments :-- Weighing more than 25 g/m2 but not more than 70 g/m2,27922,Nonwovens
560313,Of man-made filaments :-- Weighing more than 70 g/m2 but not more than 150 g/m2,27922,Nonwovens
560314,Of man-made filaments :-- Weighing more than 150 g/m2,27922,Nonwovens
560391,Other :-- Weighing not more than 25 g/m2,27922,Nonwovens
560392,Other :-- Weighing more than 25 g/m2 but not more than 70 g/m2,27922,Nonwovens
560393,Other :-- Weighing more than 70 g/m2 but not more than 150 g/m2,27922,Nonwovens
560394,Other :-- Weighing more than 150 g/m2,27922,Nonwovens
560410,"Rubber thread and cord, textile covered",27992,"Rubber thread and cord, textile covered; textile yarn and strip, impregnated or covered with rubber or"
560420,"High tenacity yarn of polyesters, of nylon or other polyamides or of viscose rayon, impregnated or coated",27992,"Rubber thread and cord, textile covered; textile yarn and strip, impregnated or covered with rubber or"
560490,Other,27992,"Rubber thread and cord, textile covered; textile yarn and strip, impregnated or covered with rubber or"
560500,"Metallised yarn, whether or not gimped, being textile yarn, or strip or the like of heading No. 54.04 or 54.05, combined with metal in the form of thread, strip or powder or covered with metal.",27993,Metallised yarn
560600,"Gimped yarn, and strip and the like of heading No. 54.04 or 54.05, gimped (other than those of heading No. 56.05 and gimped horsehair yarn); chenille yarn (including flock chenille yarn); loop wale-yarn.",27995,Gimped yarn and strip; chenille yarn; loop wale-yarn
560710,Of jute or other textile bast fibres of heading No. 53.03,2731,"Twine, cordage, rope and cables"
560721,Of sisal or other textile fibres of the genus Agave :-- Binder or baler twine,2731,"Twine, cordage, rope and cables"
560729,Of sisal or other textile fibres of the genus Agave :-- Other,2731,"Twine, cordage, rope and cables"
560730,Of abaca (Manila hemp or Musa textilis Nee) or other hard (leaf) fibres,2731,"Twine, cordage, rope and cables"
560741,Of polyethylene or polypropylene :-- Binder or baler twine,2731,"Twine, cordage, rope and cables"
560749,Of polyethylene or polypropylene :-- Other,2731,"Twine, cordage, rope and cables"
560750,Of other synthetic fibres,2731,"Twine, cordage, rope and cables"
560790,Other,2731,"Twine, cordage, rope and cables"
560811,Of man-made textile materials :-- Made up fishing nets,2732,"Knotted netting of twine, cordage or rope; made up nets of textile materials; articles of yarn, strip,"
560819,Of man-made textile materials :-- Other,2732,"Knotted netting of twine, cordage or rope; made up nets of textile materials; articles of yarn, strip,"
560890,Other,2732,"Knotted netting of twine, cordage or rope; made up nets of textile materials; articles of yarn, strip,"
560900,"Articles of yarn, strip or the like of heading No. 54.04 or 54.05, twine, cordage, rope or cables, not elsewhere specified or included.",2732,"Knotted netting of twine, cordage or rope; made up nets of textile materials; articles of yarn, strip,"
570110,Of wool or fine animal hair,2721,"Carpets and other textile floor coverings, knotted"
570190,Of other textile materials,2721,"Carpets and other textile floor coverings, knotted"
570210,"Kelem, Schumacks, Karamanie and similar hand-woven rugs",2722,"Carpets and other textile floor coverings, woven, not tufted or flocked"
570220,Floor coverings of coconut fibres (coir),2722,"Carpets and other textile floor coverings, woven, not tufted or flocked"
570231,"Other, of pile construction, not made up :-- Of wool or fine animal hair",2722,"Carpets and other textile floor coverings, woven, not tufted or flocked"
570232,"Other, of pile construction, not made up :-- Of man-made textile materials",2722,"Carpets and other textile floor coverings, woven, not tufted or flocked"
570239,"Other, of pile construction, not made up :-- Of other textile materials",2722,"Carpets and other textile floor coverings, woven, not tufted or flocked"
570241,"Other, of pile construction, made up :-- Of wool or fine animal hair",2722,"Carpets and other textile floor coverings, woven, not tufted or flocked"
570242,"Other, of pile construction, made up :-- Of man-made textile materials",2722,"Carpets and other textile floor coverings, woven, not tufted or flocked"
570249,"Other, of pile construction, made up :-- Of other textile materials",2722,"Carpets and other textile floor coverings, woven, not tufted or flocked"
570251,"Other, not of pile construction, not made up :-- Of wool or fine animal hair",2722,"Carpets and other textile floor coverings, woven, not tufted or flocked"
570252,"Other, not of pile construction, not made up :-- Of man-made textile materials",2722,"Carpets and other textile floor coverings, woven, not tufted or flocked"
570259,"Other, not of pile construction, not made up :-- Of other textile materials",2722,"Carpets and other textile floor coverings, woven, not tufted or flocked"
570291,"Other, not of pile construction, made up :-- Of wool or fine animal hair",2722,"Carpets and other textile floor coverings, woven, not tufted or flocked"
570292,"Other, not of pile construction, made up :-- Of man-made textile materials",2722,"Carpets and other textile floor coverings, woven, not tufted or flocked"
570299,"Other, not of pile construction, made up :-- Of other textile materials",2722,"Carpets and other textile floor coverings, woven, not tufted or flocked"
570310,Of wool or fine animal hair,2723,"Carpets and other textile floor coverings, tufted"
570320,Of nylon or other polyamides,2723,"Carpets and other textile floor coverings, tufted"
570330,Of other man-made textile materials,2723,"Carpets and other textile floor coverings, tufted"
570390,Of other textile materials,2723,"Carpets and other textile floor coverings, tufted"
570410,"Tiles, having a maximum surface area of 0.3 mý",2729,Other carpets and textile floor coverings (including those of felt)
570490,Other,2729,Other carpets and textile floor coverings (including those of felt)
570500,"Other carpets and other textile floor coverings, whether or not made up.",2729,Other carpets and textile floor coverings (including those of felt)
580110,Of wool or fine animal hair,2683,Other woven pile fabrics and chenille fabrics (other than terry towelling and narrow fabrics)
580121,Of cotton :-- Uncut weft pile fabrics,2681,Woven pile fabrics and chenille fabrics (other than terry towelling
580122,Of cotton :-- Cut corduroy,2681,Woven pile fabrics and chenille fabrics (other than terry towelling
580123,Of cotton :-- Other weft pile fabrics,2681,Woven pile fabrics and chenille fabrics (other than terry towelling
580124,"Of cotton :-- Warp pile fabrics, ‚pingl‚ (uncut)",2681,Woven pile fabrics and chenille fabrics (other than terry towelling
580125,"Of cotton :-- Warp pile fabrics, cut",2681,Woven pile fabrics and chenille fabrics (other than terry towelling
580126,Of cotton :-- Chenille fabrics,2681,Woven pile fabrics and chenille fabrics (other than terry towelling
580131,Of man-made fibres :-- Uncut weft pile fabrics,2682,Woven pile fabrics and chenille fabrics (other than terry towelling
580132,Of man-made fibres :-- Cut corduroy,2682,Woven pile fabrics and chenille fabrics (other than terry towelling
580133,Of man-made fibres :-- Other weft pile fabrics,2682,Woven pile fabrics and chenille fabrics (other than terry towelling
580134,"Of man-made fibres :-- Warp pile fabrics, ‚pingl‚ (uncut)",2682,Woven pile fabrics and chenille fabrics (other than terry towelling
580135,"Of man-made fibres :-- Warp pile fabrics, cut",2682,Woven pile fabrics and chenille fabrics (other than terry towelling
580136,Of man-made fibres :-- Chenille fabrics,2682,Woven pile fabrics and chenille fabrics (other than terry towelling
580190,Of other textile materials,2683,Other woven pile fabrics and chenille fabrics (other than terry towelling and narrow fabrics)
580211,"Terry towelling and similar woven terry fabrics, of cotton :-- Unbleached",2684,Terry towelling and similar woven terry fabrics (other than narrow fabrics) of cotton
580219,"Terry towelling and similar woven terry fabrics, of cotton :-- Other",2684,Terry towelling and similar woven terry fabrics (other than narrow fabrics) of cotton
580220,"Terry towelling and similar woven terry fabrics, of other textile materials",2685,Other terry towelling and similar woven terry fabrics (other than narrow fabrics)
580230,Tufted textile fabrics,2688,"Tufted textile fabrics, other than carpets"
580310,Of cotton,2686,Gauze (other than narrow fabrics) of cotton
580390,Of other textile materials,2687,Other gauze (other than narrow fabrics)
580410,Tulles and other net fabrics,27912,"Tulles and other net fabrics, except woven, knitted or crocheted fabrics;"
580421,Mechanically made lace :-- Of man-made fibres,27912,"Tulles and other net fabrics, except woven, knitted or crocheted fabrics;"
580429,Mechanically made lace :-- Of other textile materials,27912,"Tulles and other net fabrics, except woven, knitted or crocheted fabrics;"
580430,Hand-made lace,27912,"Tulles and other net fabrics, except woven, knitted or crocheted fabrics;"
580500,"Hand-woven tapestries of the type Gobelins, Flanders, Aubusson, Beauvais and the like, and needle-worked tapestries (for example, petit point, cross stitch), whether or not made up.",2714,Other furnishing articles n.e.c.; sets of woven fabric and yarn for making
580610,Woven pile fabrics (including terry towelling and similar terry fabrics) and chenille fabrics,27911,Narrow woven fabrics; narrow fabrics of warp without weft assembled by
580620,"Other woven fabrics, containing by weight 5 % or more of elastomeric yarn or rubber thread",27911,Narrow woven fabrics; narrow fabrics of warp without weft assembled by
580631,Other woven fabrics :-- Of cotton,27911,Narrow woven fabrics; narrow fabrics of warp without weft assembled by
580632,Other woven fabrics :-- Of man-made fibres,27911,Narrow woven fabrics; narrow fabrics of warp without weft assembled by
580639,Other woven fabrics :-- Of other textile materials,27911,Narrow woven fabrics; narrow fabrics of warp without weft assembled by
580640,Fabrics consisting of warp without weft assembled by means of an adhesive (bolducs),27911,Narrow woven fabrics; narrow fabrics of warp without weft assembled by
580710,Woven,27911,Narrow woven fabrics; narrow fabrics of warp without weft assembled by
580790,Other,27911,Narrow woven fabrics; narrow fabrics of warp without weft assembled by
580810,Braids in the piece,27911,Narrow woven fabrics; narrow fabrics of warp without weft assembled by
580890,Other,27911,Narrow woven fabrics; narrow fabrics of warp without weft assembled by
580900,"Woven fabrics of metal thread and woven fabrics of metallised yarn of heading No. 56.05, of a kind used in apparel, as furnishing fabrics or for similar purposes, not elsewhere specified or included.",27994,Woven fabrics of metal thread or metallised yarn n.e.c.
581010,Embroidery without visible ground,27913,"Embroidery in the piece, in strips or in motifs"
581091,Other embroidery :-- Of cotton,27913,"Embroidery in the piece, in strips or in motifs"
581092,Other embroidery :-- Of man-made fibres,27913,"Embroidery in the piece, in strips or in motifs"
581099,Other embroidery :-- Of other textile materials,27913,"Embroidery in the piece, in strips or in motifs"
581100,"Quilted textile products in the piece, composed of one or more layers of textile materials assembled with padding by stitching or otherwise, other than embroidery of heading No. 58.10.",27999,Quilted textile products in the piece n.e.c.
590110,"Textile fabrics coated with gum or amylaceous substances, of a kind used for the outer covers of books or the like",27997,"Textile fabrics, impregnated, coated or covered, n.e.c."
590190,Other,27997,"Textile fabrics, impregnated, coated or covered, n.e.c."
590210,Of nylon or other polyamides,27996,"Tyre cord fabric of high tenacity yarn of nylon or other polyamides,"
590220,Of polyesters,27996,"Tyre cord fabric of high tenacity yarn of nylon or other polyamides,"
590290,Other,27996,"Tyre cord fabric of high tenacity yarn of nylon or other polyamides,"
590310,With polyvinyl chloride,27997,"Textile fabrics, impregnated, coated or covered, n.e.c."
590320,With polyurethane,27997,"Textile fabrics, impregnated, coated or covered, n.e.c."
590390,Other,27997,"Textile fabrics, impregnated, coated or covered, n.e.c."
590410,Linoleum,3893,Linoleum
590491,Other :-- With a base consisting of needleloom felt or nonwovens,3893,Linoleum
590492,Other :-- With other textile base,3893,Linoleum
590500,Textile wall coverings.,32195,Textile wall coverings
590610,Adhesive tape of a width not exceeding 20 cm,3625,"Rubberised textile fabrics, except tyre cord fabric"
590691,Other :-- Knitted or crocheted,3625,"Rubberised textile fabrics, except tyre cord fabric"
590699,Other,3625,"Rubberised textile fabrics, except tyre cord fabric"
590700,"Textile fabrics otherwise impregnated, coated or covered; painted canvas being theatrical scenery, studio back-cloths or the like.",27997,"Textile fabrics, impregnated, coated or covered, n.e.c."
590800,"Textile wicks, woven, plaited or knitted, for lamps, stoves, lighters, candles or the like; incandescent gas mantles and tubular knitted gas mantle fabric therefor, whether or not impregnated.",27998,"Textile products and articles for technical uses (including wicks, gas mantles, hosepiping,"
590900,"Textile hosepiping and similar textile tubing, with or without lining, armour or accessories of other materials.",27998,"Textile products and articles for technical uses (including wicks, gas mantles, hosepiping,"
591000,"Transmission or conveyor belts or belting, of textile material, whether or not impregnated, coated, covered or laminated with plastics, or reinforced with metal or other material.",27998,"Textile products and articles for technical uses (including wicks, gas mantles, hosepiping,"
591110,"Textile fabrics, felt and felt-lined woven fabrics, coated, covered or laminated with rubber, leather or other material, of a kind used for card clothing, and similar fabrics of a kind used for other technical purposes, including narr",27998,"Textile products and articles for technical uses (including wicks, gas mantles, hosepiping,"
591120,"Bolting cloth, whether or not made up",27998,"Textile products and articles for technical uses (including wicks, gas mantles, hosepiping,"
591131,"Textile fabrics and felts, endless or fitted with linking devices, of a kind used in paper-making or similar machines (for example, for pulp or asbestos-cement) :-- Weighing less than 650 g/m2",27998,"Textile products and articles for technical uses (including wicks, gas mantles, hosepiping,"
591132,"Textile fabrics and felts, endless or fitted with linking devices, of a kind used in paper-making or similar machines (for example, for pulp or asbestos-cement) :-- Weighing 650 g/m2 or more",27998,"Textile products and articles for technical uses (including wicks, gas mantles, hosepiping,"
591140,"Straining cloth of a kind used in oil presses or the     like, including that of human hair",27998,"Textile products and articles for technical uses (including wicks, gas mantles, hosepiping,"
591190,Other,27998,"Textile products and articles for technical uses (including wicks, gas mantles, hosepiping,"
600110,Long pile fabrics,2811,"Pile fabrics and terry fabrics, knitted or crocheted"
600121,Looped pile fabrics :-- Of cotton,2811,"Pile fabrics and terry fabrics, knitted or crocheted"
600122,Looped pile fabrics :-- Of man-made fibres,2811,"Pile fabrics and terry fabrics, knitted or crocheted"
600129,Looped pile fabrics :-- Of other textile materials,2811,"Pile fabrics and terry fabrics, knitted or crocheted"
600191,Other :-- Of cotton,2811,"Pile fabrics and terry fabrics, knitted or crocheted"
600192,Other :-- Of man-made fibres,2811,"Pile fabrics and terry fabrics, knitted or crocheted"
600199,Other :-- Of other textile materials,2811,"Pile fabrics and terry fabrics, knitted or crocheted"
600210,"Of a width not exceeding 30 cm, containing by weight 5 % or more of elastomeric yarn or rubber thread",2819,Other knitted or crocheted fabrics
600220,"Other, of a width not exceeding 30 cm",2819,Other knitted or crocheted fabrics
600230,"Of a width exceeding 30 cm, containing by weight 5 % or more of elastomeric yarn or rubber thread",2819,Other knitted or crocheted fabrics
600241,"Other fabrics, warp knit (including those made on galloon knitting machines) :-- Of wool or fine animal hair",2819,Other knitted or crocheted fabrics
600242,"Other fabrics, warp knit (including those made on galloon knitting machines) :-- Of cotton",2819,Other knitted or crocheted fabrics
600243,"Other fabrics, warp knit (including those made on galloon knitting machines) :-- Of man-made fibres",2819,Other knitted or crocheted fabrics
600249,"Other fabrics, warp knit (including those made on galloon knitting machines) :-- Other",2819,Other knitted or crocheted fabrics
600291,Other :-- Of wool or fine animal hair,2819,Other knitted or crocheted fabrics
600292,Other :-- Of cotton,2819,Other knitted or crocheted fabrics
600293,Other :-- Of man-made fibres,2819,Other knitted or crocheted fabrics
600299,Other,2819,Other knitted or crocheted fabrics
610110,Of wool or fine animal hair,28221,"Men's or boys' suits, coats, jackets, trousers, shorts and the like,"
610120,Of cotton,28221,"Men's or boys' suits, coats, jackets, trousers, shorts and the like,"
610130,Of man-made fibres,28221,"Men's or boys' suits, coats, jackets, trousers, shorts and the like,"
610190,Of other textile materials,28221,"Men's or boys' suits, coats, jackets, trousers, shorts and the like,"
610210,Of wool or fine animal hair,28223,"Women's or girls' suits, coats, jackets, dresses, skirts, trousers,"
610220,Of cotton,28223,"Women's or girls' suits, coats, jackets, dresses, skirts, trousers,"
610230,Of man-made fibres,28223,"Women's or girls' suits, coats, jackets, dresses, skirts, trousers,"
610290,Of other textile materials,28223,"Women's or girls' suits, coats, jackets, dresses, skirts, trousers,"
610311,Suits :-- Of wool or fine animal hair,28221,"Men's or boys' suits, coats, jackets, trousers, shorts and the like,"
610312,Suits :-- Of synthetic fibres,28221,"Men's or boys' suits, coats, jackets, trousers, shorts and the like,"
610319,Suits :-- Of other textile materials,28221,"Men's or boys' suits, coats, jackets, trousers, shorts and the like,"
610321,Suits :-- Of wool or fine animal hair,28221,"Men's or boys' suits, coats, jackets, trousers, shorts and the like,"
610322,Suits :-- Of cotton,28221,"Men's or boys' suits, coats, jackets, trousers, shorts and the like,"
610323,Suits :-- Of synthetic fibres,28221,"Men's or boys' suits, coats, jackets, trousers, shorts and the like,"
610329,Suits :-- Of other textile materials,28221,"Men's or boys' suits, coats, jackets, trousers, shorts and the like,"
610331,Jackets and blazers :-- Of wool or fine animal hair,28221,"Men's or boys' suits, coats, jackets, trousers, shorts and the like,"
610332,Jackets and blazers :-- Of cotton,28221,"Men's or boys' suits, coats, jackets, trousers, shorts and the like,"
610333,Jackets and blazers :-- Of synthetic fibres,28221,"Men's or boys' suits, coats, jackets, trousers, shorts and the like,"
610339,Jackets and blazers :-- Of other textile materials,28221,"Men's or boys' suits, coats, jackets, trousers, shorts and the like,"
610341,"Trousers, bib and brace overalls, breeches and shorts :-- Of wool or fine animal hair",28221,"Men's or boys' suits, coats, jackets, trousers, shorts and the like,"
610342,"Trousers, bib and brace overalls, breeches and shorts :-- Of cotton",28221,"Men's or boys' suits, coats, jackets, trousers, shorts and the like,"
610343,"Trousers, bib and brace overalls, breeches and shorts :-- Of synthetic fibres",28221,"Men's or boys' suits, coats, jackets, trousers, shorts and the like,"
610349,"Trousers, bib and brace overalls, breeches and shorts :-- Of other textile materials",28221,"Men's or boys' suits, coats, jackets, trousers, shorts and the like,"
610411,Suits :-- Of wool or fine animal hair,28223,"Women's or girls' suits, coats, jackets, dresses, skirts, trousers,"
610412,Suits :-- Of cotton,28223,"Women's or girls' suits, coats, jackets, dresses, skirts, trousers,"
610413,Suits :-- Of synthetic fibres,28223,"Women's or girls' suits, coats, jackets, dresses, skirts, trousers,"
610419,Suits :-- Of other textile materials,28223,"Women's or girls' suits, coats, jackets, dresses, skirts, trousers,"
610421,Ensembles :-- Of wool or fine animal hair,28223,"Women's or girls' suits, coats, jackets, dresses, skirts, trousers,"
610422,Ensembles :-- Of cotton,28223,"Women's or girls' suits, coats, jackets, dresses, skirts, trousers,"
610423,Ensembles :-- Of synthetic fibres,28223,"Women's or girls' suits, coats, jackets, dresses, skirts, trousers,"
610429,Ensembles :-- Of other textile materials,28223,"Women's or girls' suits, coats, jackets, dresses, skirts, trousers,"
610431,Jackets and blazers :-- Of wool or fine animal hair,28223,"Women's or girls' suits, coats, jackets, dresses, skirts, trousers,"
610432,Jackets and blazers :-- Of cotton,28223,"Women's or girls' suits, coats, jackets, dresses, skirts, trousers,"
610433,Jackets and blazers :-- Of synthetic fibres,28223,"Women's or girls' suits, coats, jackets, dresses, skirts, trousers,"
610439,Jackets and blazers :-- Of other textile materials,28223,"Women's or girls' suits, coats, jackets, dresses, skirts, trousers,"
610441,Dresses :-- Of wool or fine animal hair,28223,"Women's or girls' suits, coats, jackets, dresses, skirts, trousers,"
610442,Dresses :-- Of cotton,28223,"Women's or girls' suits, coats, jackets, dresses, skirts, trousers,"
610443,Dresses :-- Of synthetic fibres,28223,"Women's or girls' suits, coats, jackets, dresses, skirts, trousers,"
610444,Dresses :-- Of artificial fibres,28223,"Women's or girls' suits, coats, jackets, dresses, skirts, trousers,"
610449,Dresses :-- Of other textile materials,28223,"Women's or girls' suits, coats, jackets, dresses, skirts, trousers,"
610451,Skirts and divided skirts :-- Of wool or fine animal hair,28223,"Women's or girls' suits, coats, jackets, dresses, skirts, trousers,"
610452,Skirts and divided skirts :-- Of cotton,28223,"Women's or girls' suits, coats, jackets, dresses, skirts, trousers,"
610453,Skirts and divided skirts :-- Of synthetic fibres,28223,"Women's or girls' suits, coats, jackets, dresses, skirts, trousers,"
610459,Skirts and divided skirts :-- Of other textile materials,28223,"Women's or girls' suits, coats, jackets, dresses, skirts, trousers,"
610461,"Trousers, bib and brace overalls, breeches and shorts :-- Of wool or fine animal hair",28223,"Women's or girls' suits, coats, jackets, dresses, skirts, trousers,"
610462,"Trousers, bib and brace overalls, breeches and shorts :-- Of cotton",28223,"Women's or girls' suits, coats, jackets, dresses, skirts, trousers,"
610463,"Trousers, bib and brace overalls, breeches and shorts :-- Of synthetic fibres",28223,"Women's or girls' suits, coats, jackets, dresses, skirts, trousers,"
610469,"Trousers, bib and brace overalls, breeches and shorts :-- Of other textile materials",28223,"Women's or girls' suits, coats, jackets, dresses, skirts, trousers,"
610510,Of cotton,28222,"Men's or boys' shirts, underpants, pyjamas, dressing gowns and similar"
610520,Of man-made fibres,28222,"Men's or boys' shirts, underpants, pyjamas, dressing gowns and similar"
610590,Of other textile materials,28222,"Men's or boys' shirts, underpants, pyjamas, dressing gowns and similar"
610610,Of cotton,28224,"Women's or girls' blouses, shirts, petticoats, panties, nightdresses,"
610620,Of man-made fibres,28224,"Women's or girls' blouses, shirts, petticoats, panties, nightdresses,"
610690,Of other textile materials,28224,"Women's or girls' blouses, shirts, petticoats, panties, nightdresses,"
610711,Underpants and briefs :-- Of cotton,28222,"Men's or boys' shirts, underpants, pyjamas, dressing gowns and similar"
610712,Underpants and briefs :-- Of man-made fibres,28222,"Men's or boys' shirts, underpants, pyjamas, dressing gowns and similar"
610719,Underpants and briefs :-- Of other textile materials,28222,"Men's or boys' shirts, underpants, pyjamas, dressing gowns and similar"
610721,Nightshirts and pyjamas :-- Of cotton,28222,"Men's or boys' shirts, underpants, pyjamas, dressing gowns and similar"
610722,Nightshirts and pyjamas :-- Of man-made fibres,28222,"Men's or boys' shirts, underpants, pyjamas, dressing gowns and similar"
610729,Nightshirts and pyjamas :-- Of other textile materials,28222,"Men's or boys' shirts, underpants, pyjamas, dressing gowns and similar"
610791,Other :-- Of cotton,28222,"Men's or boys' shirts, underpants, pyjamas, dressing gowns and similar"
610792,Other :-- Of man-made fibres,28222,"Men's or boys' shirts, underpants, pyjamas, dressing gowns and similar"
610799,Other :-- Of other textile materials,28222,"Men's or boys' shirts, underpants, pyjamas, dressing gowns and similar"
610811,Slips and petticoats :-- Of man-made fibres,28224,"Women's or girls' blouses, shirts, petticoats, panties, nightdresses,"
610819,Slips and petticoats :-- Of other textile materials,28224,"Women's or girls' blouses, shirts, petticoats, panties, nightdresses,"
610821,Briefs and panties :-- Of cotton,28224,"Women's or girls' blouses, shirts, petticoats, panties, nightdresses,"
610822,Briefs and panties :-- Of man-made fibres,28224,"Women's or girls' blouses, shirts, petticoats, panties, nightdresses,"
610829,Briefs and panties :-- Of other textile materials,28224,"Women's or girls' blouses, shirts, petticoats, panties, nightdresses,"
610831,Nightdresses and pyjamas :-- Of cotton,28224,"Women's or girls' blouses, shirts, petticoats, panties, nightdresses,"
610832,Nightdresses and pyjamas :-- Of man-made fibres,28224,"Women's or girls' blouses, shirts, petticoats, panties, nightdresses,"
610839,Nightdresses and pyjamas :-- Of other textile materials,28224,"Women's or girls' blouses, shirts, petticoats, panties, nightdresses,"
610891,Other :-- Of cotton,28224,"Women's or girls' blouses, shirts, petticoats, panties, nightdresses,"
610892,Other :-- Of man-made fibres,28224,"Women's or girls' blouses, shirts, petticoats, panties, nightdresses,"
610899,Other :-- Of other textile materials,28224,"Women's or girls' blouses, shirts, petticoats, panties, nightdresses,"
610910,Of cotton,28225,"T-shirts, singlets and other vests, knitted or crocheted"
610990,Of other textile materials,28225,"T-shirts, singlets and other vests, knitted or crocheted"
611010,Of wool or fine animal hair,28226,"Jerseys, pullovers, cardigans, waistcoats and similar articles, knitted or crocheted"
611020,Of cotton,28226,"Jerseys, pullovers, cardigans, waistcoats and similar articles, knitted or crocheted"
611030,Of man-made fibres,28226,"Jerseys, pullovers, cardigans, waistcoats and similar articles, knitted or crocheted"
611090,Of other textile materials,28226,"Jerseys, pullovers, cardigans, waistcoats and similar articles, knitted or crocheted"
611110,Of wool or fine animal hair,28227,"Babies' garments and clothing accessories, knitted or crocheted"
611120,Of cotton,28227,"Babies' garments and clothing accessories, knitted or crocheted"
611130,Of synthetic fibres,28227,"Babies' garments and clothing accessories, knitted or crocheted"
611190,Of other textile materials,28227,"Babies' garments and clothing accessories, knitted or crocheted"
611211,Track suits :-- Of cotton,28228,"Track suits, ski suits, swimwear and other garments, knitted or crocheted, n.e.c."
611212,Track suits :-- Of synthetic fibres,28228,"Track suits, ski suits, swimwear and other garments, knitted or crocheted, n.e.c."
611219,Track suits :-- Of other textile materials,28228,"Track suits, ski suits, swimwear and other garments, knitted or crocheted, n.e.c."
611220,Ski suits,28228,"Track suits, ski suits, swimwear and other garments, knitted or crocheted, n.e.c."
611231,Men's or boys' swimwear :-- Of synthetic fibres,28228,"Track suits, ski suits, swimwear and other garments, knitted or crocheted, n.e.c."
611239,Men's or boys' swimwear :-- Of other textile materials,28228,"Track suits, ski suits, swimwear and other garments, knitted or crocheted, n.e.c."
611241,Women's or girls' swimwear :-- Of synthetic fibres,28228,"Track suits, ski suits, swimwear and other garments, knitted or crocheted, n.e.c."
611249,Women's or girls' swimwear :-- Of other textile materials,28228,"Track suits, ski suits, swimwear and other garments, knitted or crocheted, n.e.c."
611300,"Garments, made up of knitted or crocheted fabrics of heading No. 59.03, 59.06 or 59.07.",2825,Garments made up of felt or nonwovens; garments made up of textile fabrics
611410,Of wool or fine animal hair,28228,"Track suits, ski suits, swimwear and other garments, knitted or crocheted, n.e.c."
611420,Of cotton,28228,"Track suits, ski suits, swimwear and other garments, knitted or crocheted, n.e.c."
611430,Of man-made fibres,28228,"Track suits, ski suits, swimwear and other garments, knitted or crocheted, n.e.c."
611490,Of other textile materials,28228,"Track suits, ski suits, swimwear and other garments, knitted or crocheted, n.e.c."
611511,"Panty hose and tights :- Panty hose and tights :-- Of synthetic fibres, measuring per single yarn less than 67 decitex",2821,"Panty hose, tights, stockings, socks and other hosiery, knitted or crocheted"
611512,"Panty hose and tights :- Panty hose and tights :-- Of synthetic fibres, measuring per single yarn 67 decitex or more",2821,"Panty hose, tights, stockings, socks and other hosiery, knitted or crocheted"
611519,Panty hose and tights :-- Of other textile materials,2821,"Panty hose, tights, stockings, socks and other hosiery, knitted or crocheted"
611520,"Women's full-length or knee-length hosiery, measuring per single yarn less than 67 decitex",2821,"Panty hose, tights, stockings, socks and other hosiery, knitted or crocheted"
611591,Other :-- Of wool or fine animal hair,2821,"Panty hose, tights, stockings, socks and other hosiery, knitted or crocheted"
611592,Other :-- Of cotton,2821,"Panty hose, tights, stockings, socks and other hosiery, knitted or crocheted"
611593,Other :-- Of synthetic fibres,2821,"Panty hose, tights, stockings, socks and other hosiery, knitted or crocheted"
611599,Other :-- Of other textile materials,2821,"Panty hose, tights, stockings, socks and other hosiery, knitted or crocheted"
611610,"Impregnated, coated or covered with plastics or rubber",28229,"Gloves, shawls, scarves, veils, ties, cravats and other made-up clothing"
611691,Other :-- Of wool or fine animal hair,28229,"Gloves, shawls, scarves, veils, ties, cravats and other made-up clothing"
611692,Other :-- Of cotton,28229,"Gloves, shawls, scarves, veils, ties, cravats and other made-up clothing"
611693,Other :-- Of synthetic fibres,28229,"Gloves, shawls, scarves, veils, ties, cravats and other made-up clothing"
611699,Other :-- Of other textile materials,28229,"Gloves, shawls, scarves, veils, ties, cravats and other made-up clothing"
611710,"Shawls, scarves, mufflers, mantillas, veils and the like",28229,"Gloves, shawls, scarves, veils, ties, cravats and other made-up clothing"
611720,"Ties, bow ties and cravats",28229,"Gloves, shawls, scarves, veils, ties, cravats and other made-up clothing"
611780,Other accessories,28229,"Gloves, shawls, scarves, veils, ties, cravats and other made-up clothing"
611790,Parts,28229,"Gloves, shawls, scarves, veils, ties, cravats and other made-up clothing"
620111,"Overcoats, raincoats, car-coats, capes, cloaks and similar articles :-- Of wool or fine animal hair",28231,"Men's or boys' suits, coats, jackets, trousers, shorts and the like, of"
620112,"Overcoats, raincoats, car-coats, capes, cloaks and similar articles :-- Of cotton",28231,"Men's or boys' suits, coats, jackets, trousers, shorts and the like, of"
620113,"Overcoats, raincoats, car-coats, capes, cloaks and similar articles :-- Of man-made fibres",28231,"Men's or boys' suits, coats, jackets, trousers, shorts and the like, of"
620119,"Overcoats, raincoats, car-coats, capes, cloaks and similar articles :-- Of other textile materials",28231,"Men's or boys' suits, coats, jackets, trousers, shorts and the like, of"
620191,Other :-- Of wool or fine animal hair,28231,"Men's or boys' suits, coats, jackets, trousers, shorts and the like, of"
620192,Other :-- Of cotton,28231,"Men's or boys' suits, coats, jackets, trousers, shorts and the like, of"
620193,Other :-- Of man-made fibres,28231,"Men's or boys' suits, coats, jackets, trousers, shorts and the like, of"
620199,Other :-- Of other textile materials,28231,"Men's or boys' suits, coats, jackets, trousers, shorts and the like, of"
620211,"Overcoats, raincoats, car-coats, capes, cloaks and similar articles :-- Of wool or fine animal hair",28233,"Women's or girls' suits, coats, jackets, dresses, skirts, trousers,"
620212,"Overcoats, raincoats, car-coats, capes, cloaks and similar articles :-- Of cotton",28233,"Women's or girls' suits, coats, jackets, dresses, skirts, trousers,"
620213,"Overcoats, raincoats, car-coats, capes, cloaks and similar articles :-- Of man-made fibres",28233,"Women's or girls' suits, coats, jackets, dresses, skirts, trousers,"
620219,"Overcoats, raincoats, car-coats, capes, cloaks and similar articles :-- Of other textile materials",28233,"Women's or girls' suits, coats, jackets, dresses, skirts, trousers,"
620291,Other :-- Of wool or fine animal hair,28233,"Women's or girls' suits, coats, jackets, dresses, skirts, trousers,"
620292,Other :-- Of cotton,28233,"Women's or girls' suits, coats, jackets, dresses, skirts, trousers,"
620293,Other :-- Of man-made fibres,28233,"Women's or girls' suits, coats, jackets, dresses, skirts, trousers,"
620299,Other :-- Of other textile materials,28233,"Women's or girls' suits, coats, jackets, dresses, skirts, trousers,"
620311,Suits :-- Of wool or fine animal hair,28231,"Men's or boys' suits, coats, jackets, trousers, shorts and the like, of"
620312,Suits :-- Of synthetic fibres,28231,"Men's or boys' suits, coats, jackets, trousers, shorts and the like, of"
620319,Suits :-- Of other textile materials,28231,"Men's or boys' suits, coats, jackets, trousers, shorts and the like, of"
620321,Ensembles :-- Of wool or fine animal hair,28231,"Men's or boys' suits, coats, jackets, trousers, shorts and the like, of"
620322,Ensembles :-- Of cotton,28231,"Men's or boys' suits, coats, jackets, trousers, shorts and the like, of"
620323,Ensembles :-- Of synthetic fibres,28231,"Men's or boys' suits, coats, jackets, trousers, shorts and the like, of"
620329,Ensembles :-- Of other textile materials,28231,"Men's or boys' suits, coats, jackets, trousers, shorts and the like, of"
620331,Jackets and blazers :-- Of wool or fine animal hair,28231,"Men's or boys' suits, coats, jackets, trousers, shorts and the like, of"
620332,Jackets and blazers :-- Of cotton,28231,"Men's or boys' suits, coats, jackets, trousers, shorts and the like, of"
620333,Jackets and blazers :-- Of synthetic fibres,28231,"Men's or boys' suits, coats, jackets, trousers, shorts and the like, of"
620339,Jackets and blazers :-- Of other textile materials,28231,"Men's or boys' suits, coats, jackets, trousers, shorts and the like, of"
620341,"Trousers, bib and brace overalls, breeches and shorts :-- Of wool or fine animal hair",28231,"Men's or boys' suits, coats, jackets, trousers, shorts and the like, of"
620342,"Trousers, bib and brace overalls, breeches and shorts :-- Of cotton",28231,"Men's or boys' suits, coats, jackets, trousers, shorts and the like, of"
620343,"Trousers, bib and brace overalls, breeches and shorts :-- Of synthetic fibres",28231,"Men's or boys' suits, coats, jackets, trousers, shorts and the like, of"
620349,"Trousers, bib and brace overalls, breeches and shorts :-- Of other textile materials",28231,"Men's or boys' suits, coats, jackets, trousers, shorts and the like, of"
620411,Suits :-- Of wool or fine animal hair,28233,"Women's or girls' suits, coats, jackets, dresses, skirts, trousers,"
620412,Suits :-- Of cotton,28233,"Women's or girls' suits, coats, jackets, dresses, skirts, trousers,"
620413,Suits :-- Of synthetic fibres,28233,"Women's or girls' suits, coats, jackets, dresses, skirts, trousers,"
620419,Suits :-- Of other textile materials,28233,"Women's or girls' suits, coats, jackets, dresses, skirts, trousers,"
620421,Ensembles :-- Of wool or fine animal hair,28233,"Women's or girls' suits, coats, jackets, dresses, skirts, trousers,"
620422,Ensembles :-- Of cotton,28233,"Women's or girls' suits, coats, jackets, dresses, skirts, trousers,"
620423,Ensembles :-- Of synthetic fibres,28233,"Women's or girls' suits, coats, jackets, dresses, skirts, trousers,"
620429,Ensembles :-- Of other textile materials,28233,"Women's or girls' suits, coats, jackets, dresses, skirts, trousers,"
620431,Jackets and blazers :-- Of wool or fine animal hair,28233,"Women's or girls' suits, coats, jackets, dresses, skirts, trousers,"
620432,Jackets and blazers :-- Of cotton,28233,"Women's or girls' suits, coats, jackets, dresses, skirts, trousers,"
620433,Jackets and blazers :-- Of synthetic fibres,28233,"Women's or girls' suits, coats, jackets, dresses, skirts, trousers,"
620439,Jackets and blazers :-- Of other textile materials,28233,"Women's or girls' suits, coats, jackets, dresses, skirts, trousers,"
620441,Dresses :-- Of wool or fine animal hair,28233,"Women's or girls' suits, coats, jackets, dresses, skirts, trousers,"
620442,Dresses :-- Of cotton,28233,"Women's or girls' suits, coats, jackets, dresses, skirts, trousers,"
620443,Dresses :-- Of synthetic fibres,28233,"Women's or girls' suits, coats, jackets, dresses, skirts, trousers,"
620444,Dresses :-- Of artificial fibres,28233,"Women's or girls' suits, coats, jackets, dresses, skirts, trousers,"
620449,Dresses :-- Of other textile materials,28233,"Women's or girls' suits, coats, jackets, dresses, skirts, trousers,"
620451,Skirts and divided skirts :-- Of wool or fine animal hair,28233,"Women's or girls' suits, coats, jackets, dresses, skirts, trousers,"
620452,Skirts and divided skirts :-- Of cotton,28233,"Women's or girls' suits, coats, jackets, dresses, skirts, trousers,"
620453,Skirts and divided skirts :-- Of synthetic fibres,28233,"Women's or girls' suits, coats, jackets, dresses, skirts, trousers,"
620459,Skirts and divided skirts :-- Of other textile materials,28233,"Women's or girls' suits, coats, jackets, dresses, skirts, trousers,"
620461,"Trousers, bib and brace overalls, breeches and shorts :-- Of wool or fine animal hair",28233,"Women's or girls' suits, coats, jackets, dresses, skirts, trousers,"
620462,"Trousers, bib and brace overalls, breeches and shorts :-- Of cotton",28233,"Women's or girls' suits, coats, jackets, dresses, skirts, trousers,"
620463,"Trousers, bib and brace overalls, breeches and shorts :-- Of synthetic fibres",28233,"Women's or girls' suits, coats, jackets, dresses, skirts, trousers,"
620469,"Trousers, bib and brace overalls, breeches and shorts :-- Of other textile materials",28233,"Women's or girls' suits, coats, jackets, dresses, skirts, trousers,"
620510,Of wool or fine animal hair,28232,"Men's or boys' shirts, singlets, underpants, pyjamas, dressing gowns"
620520,Of cotton,28232,"Men's or boys' shirts, singlets, underpants, pyjamas, dressing gowns"
620530,Of man-made fibres,28232,"Men's or boys' shirts, singlets, underpants, pyjamas, dressing gowns"
620590,Of other textile materials,28232,"Men's or boys' shirts, singlets, underpants, pyjamas, dressing gowns"
620610,Of silk or silk waste,28234,"Women's or girls' blouses, shirts, singlets, petticoats, panties, nightdresses, dressing gowns and"
620620,Of wool or fine animal hair,28234,"Women's or girls' blouses, shirts, singlets, petticoats, panties, nightdresses, dressing gowns and"
620630,Of cotton,28234,"Women's or girls' blouses, shirts, singlets, petticoats, panties, nightdresses, dressing gowns and"
620640,Of man-made fibres,28234,"Women's or girls' blouses, shirts, singlets, petticoats, panties, nightdresses, dressing gowns and"
620690,Of other textile materials,28234,"Women's or girls' blouses, shirts, singlets, petticoats, panties, nightdresses, dressing gowns and"
620711,Underpants and briefs :-- Of cotton,28232,"Men's or boys' shirts, singlets, underpants, pyjamas, dressing gowns"
620719,Underpants and briefs :-- Of other textile materials,28232,"Men's or boys' shirts, singlets, underpants, pyjamas, dressing gowns"
620721,Nightshirts and pyjamas :-- Of cotton,28232,"Men's or boys' shirts, singlets, underpants, pyjamas, dressing gowns"
620722,Nightshirts and pyjamas :-- Of man-made fibres,28232,"Men's or boys' shirts, singlets, underpants, pyjamas, dressing gowns"
620729,Nightshirts and pyjamas :-- Of other textile materials,28232,"Men's or boys' shirts, singlets, underpants, pyjamas, dressing gowns"
620791,Other :-- Of cotton,28232,"Men's or boys' shirts, singlets, underpants, pyjamas, dressing gowns"
620792,Other :-- Of man-made fibres,28232,"Men's or boys' shirts, singlets, underpants, pyjamas, dressing gowns"
620799,Other :-- Of other textile materials,28232,"Men's or boys' shirts, singlets, underpants, pyjamas, dressing gowns"
620811,Slips and petticoats :-- Of man-made fibres,28234,"Women's or girls' blouses, shirts, singlets, petticoats, panties, nightdresses, dressing gowns and"
620819,Slips and petticoats :-- Of other textile materials,28234,"Women's or girls' blouses, shirts, singlets, petticoats, panties, nightdresses, dressing gowns and"
620821,Nightdresses and pyjamas :-- Of cotton,28234,"Women's or girls' blouses, shirts, singlets, petticoats, panties, nightdresses, dressing gowns and"
620822,Nightdresses and pyjamas :-- Of man-made fibres,28234,"Women's or girls' blouses, shirts, singlets, petticoats, panties, nightdresses, dressing gowns and"
620829,Nightdresses and pyjamas :-- Of other textile materials,28234,"Women's or girls' blouses, shirts, singlets, petticoats, panties, nightdresses, dressing gowns and"
620891,Other :-- Of cotton,28234,"Women's or girls' blouses, shirts, singlets, petticoats, panties, nightdresses, dressing gowns and"
620892,Other :-- Of man-made fibres,28234,"Women's or girls' blouses, shirts, singlets, petticoats, panties, nightdresses, dressing gowns and"
620899,Other :-- Of other textile materials,28234,"Women's or girls' blouses, shirts, singlets, petticoats, panties, nightdresses, dressing gowns and"
620910,Of wool or fine animal hair,28235,"Babies' garments and clothing accessories, of textile fabric, not knitted or crocheted"
620920,Of cotton,28235,"Babies' garments and clothing accessories, of textile fabric, not knitted or crocheted"
620930,Of synthetic fibres,28235,"Babies' garments and clothing accessories, of textile fabric, not knitted or crocheted"
620990,Of other textile materials,28235,"Babies' garments and clothing accessories, of textile fabric, not knitted or crocheted"
621010,Of fabrics of heading No. 56.02 or 56.03,2825,Garments made up of felt or nonwovens; garments made up of textile fabrics
621020,"Other garments, of the type described in subheadings 6201.11 to 6201.19",2825,Garments made up of felt or nonwovens; garments made up of textile fabrics
621030,"Other garments, of the type described in subheadings 6202.11 to 6202.19",2825,Garments made up of felt or nonwovens; garments made up of textile fabrics
621040,Other men's or boys' garments,2825,Garments made up of felt or nonwovens; garments made up of textile fabrics
621050,Other women's or girls' garments,2825,Garments made up of felt or nonwovens; garments made up of textile fabrics
621111,Swimwear :-- Men's or boys',28236,"Track suits, ski suits, swimwear and other garments, of textile fabric,"
621112,Swimwear :-- Women's or girls',28236,"Track suits, ski suits, swimwear and other garments, of textile fabric,"
621120,Ski suits,28236,"Track suits, ski suits, swimwear and other garments, of textile fabric,"
621131,"Other garments, men's or boys' :-- Of wool or fine animal hair",28236,"Track suits, ski suits, swimwear and other garments, of textile fabric,"
621132,"Other garments, men's or boys' :-- Of cotton",28236,"Track suits, ski suits, swimwear and other garments, of textile fabric,"
621133,"Other garments, men's or boys' :-- Of man-made fibres",28236,"Track suits, ski suits, swimwear and other garments, of textile fabric,"
621139,"Other garments, men's or boys' :-- Of other textile materials",28236,"Track suits, ski suits, swimwear and other garments, of textile fabric,"
621141,"Other garments, women's or girls' :-- Of wool or fine animal hair",28236,"Track suits, ski suits, swimwear and other garments, of textile fabric,"
621142,"Other garments, women's or girls' :-- Of cotton",28236,"Track suits, ski suits, swimwear and other garments, of textile fabric,"
621143,"Other garments, women's or girls' :-- Of man-made fibres",28236,"Track suits, ski suits, swimwear and other garments, of textile fabric,"
621149,"Other garments, women's or girls' :-- Of other textile materials",28236,"Track suits, ski suits, swimwear and other garments, of textile fabric,"
621210,BrassiSres,28237,"Brassieres, girdles, corsets, braces, suspenders, garters and similar"
621220,Girdles and panty-girdles,28237,"Brassieres, girdles, corsets, braces, suspenders, garters and similar"
621230,Corselettes,28237,"Brassieres, girdles, corsets, braces, suspenders, garters and similar"
621290,Other,28237,"Brassieres, girdles, corsets, braces, suspenders, garters and similar"
621310,Of silk or silk waste,28238,"Handkerchiefs, shawls, scarves, veils, ties, cravats, gloves and other"
621320,Of cotton,28238,"Handkerchiefs, shawls, scarves, veils, ties, cravats, gloves and other"
621390,Of other textile materials,28238,"Handkerchiefs, shawls, scarves, veils, ties, cravats, gloves and other"
621410,Of silk or silk waste,28238,"Handkerchiefs, shawls, scarves, veils, ties, cravats, gloves and other"
621420,Of wool or fine animal hair,28238,"Handkerchiefs, shawls, scarves, veils, ties, cravats, gloves and other"
621430,Of synthetic fibres,28238,"Handkerchiefs, shawls, scarves, veils, ties, cravats, gloves and other"
621440,Of artificial fibres,28238,"Handkerchiefs, shawls, scarves, veils, ties, cravats, gloves and other"
621490,Of other textile materials,28238,"Handkerchiefs, shawls, scarves, veils, ties, cravats, gloves and other"
621510,Of silk or silk waste,28238,"Handkerchiefs, shawls, scarves, veils, ties, cravats, gloves and other"
621520,Of man-made fibres,28238,"Handkerchiefs, shawls, scarves, veils, ties, cravats, gloves and other"
621590,Of other textile materials,28238,"Handkerchiefs, shawls, scarves, veils, ties, cravats, gloves and other"
621600,"Gloves, mittens and mitts.",28238,"Handkerchiefs, shawls, scarves, veils, ties, cravats, gloves and other"
621710,Accessories,28238,"Handkerchiefs, shawls, scarves, veils, ties, cravats, gloves and other"
621790,Parts,28238,"Handkerchiefs, shawls, scarves, veils, ties, cravats, gloves and other"
630110,Electric blankets,44813,Electric blankets
630120,"Blankets (other than electric blankets) and travelling     rugs, of wool or of fine animal hair",2711,Blankets and travelling rugs (except electric blankets)
630130,"Blankets (other than electric blankets) and travelling rugs, of cotton",2711,Blankets and travelling rugs (except electric blankets)
630140,"Blankets (other than electric blankets) and travelling rugs, of synthetic fibres",2711,Blankets and travelling rugs (except electric blankets)
630190,Other blankets and travelling rugs,2711,Blankets and travelling rugs (except electric blankets)
630210,"Bed linen, knitted or crocheted",2712,"Bed linen, table linen, toilet linen and kitchen linen"
630221,"Other bed linen, printed :-- Of cotton",2712,"Bed linen, table linen, toilet linen and kitchen linen"
630222,"Other bed linen, printed :-- Of man-made fibres",2712,"Bed linen, table linen, toilet linen and kitchen linen"
630229,"Other bed linen, printed :-- Of other textile materials",2712,"Bed linen, table linen, toilet linen and kitchen linen"
630231,Other bed linen :-- Of cotton,2712,"Bed linen, table linen, toilet linen and kitchen linen"
630232,Other bed linen :-- Of man-made fibres,2712,"Bed linen, table linen, toilet linen and kitchen linen"
630239,Other bed linen :-- Of other textile materials,2712,"Bed linen, table linen, toilet linen and kitchen linen"
630240,"Table linen, knitted or crocheted",2712,"Bed linen, table linen, toilet linen and kitchen linen"
630251,Other table linen :- Of cotton,2712,"Bed linen, table linen, toilet linen and kitchen linen"
630252,Other table linen :-- Of flax,2712,"Bed linen, table linen, toilet linen and kitchen linen"
630253,Other table linen :-- Of man-made fibres,2712,"Bed linen, table linen, toilet linen and kitchen linen"
630259,Other table linen :-- Of other textile materials,2712,"Bed linen, table linen, toilet linen and kitchen linen"
630260,"Toilet linen and kitchen linen, of terry towelling or similar terry fabrics, of cotton",2712,"Bed linen, table linen, toilet linen and kitchen linen"
630291,Other :- Of cotton,2712,"Bed linen, table linen, toilet linen and kitchen linen"
630292,Other :-- Of flax,2712,"Bed linen, table linen, toilet linen and kitchen linen"
630293,Other :-- Of man-made fibres,2712,"Bed linen, table linen, toilet linen and kitchen linen"
630299,Other :-- Of other textile materials,2712,"Bed linen, table linen, toilet linen and kitchen linen"
630311,Knitted or crocheted :-- Of cotton,2713,Curtains (including drapes) and interior blinds; curtain or bed valances
630312,Knitted or crocheted :-- Of synthetic fibres,2713,Curtains (including drapes) and interior blinds; curtain or bed valances
630319,Knitted or crocheted :-- Of other textile materials,2713,Curtains (including drapes) and interior blinds; curtain or bed valances
630391,Other :-- Of cotton,2713,Curtains (including drapes) and interior blinds; curtain or bed valances
630392,Other :-- Of synthetic fibres,2713,Curtains (including drapes) and interior blinds; curtain or bed valances
630399,Other :-- Of other textile materials,2713,Curtains (including drapes) and interior blinds; curtain or bed valances
630411,Bedspreads :-- Knitted or crocheted,2714,Other furnishing articles n.e.c.; sets of woven fabric and yarn for making
630419,Bedspreads :-- Other,2714,Other furnishing articles n.e.c.; sets of woven fabric and yarn for making
630491,Other :-- Knitted or crocheted,2714,Other furnishing articles n.e.c.; sets of woven fabric and yarn for making
630492,"Other :-- Not knitted or crocheted, of cotton",2714,Other furnishing articles n.e.c.; sets of woven fabric and yarn for making
630493,"Other :-- Not knitted or crocheted, of synthetic fibres",2714,Other furnishing articles n.e.c.; sets of woven fabric and yarn for making
630499,"Other :-- Not knitted or crocheted, of other textile materials",2714,Other furnishing articles n.e.c.; sets of woven fabric and yarn for making
630510,Of jute or of other textile bast fibres of heading No. 53.03,2715,"Sacks and bags, of a kind used for the packing of goods"
630520,Of cotton,2715,"Sacks and bags, of a kind used for the packing of goods"
630532,Of man-made textile materials :-- Flexible intermediate bulk containers,2715,"Sacks and bags, of a kind used for the packing of goods"
630533,"Of man-made textile materials :-- Other, of polyethylene or polypropylene strip or the like",2715,"Sacks and bags, of a kind used for the packing of goods"
630539,Of man-made textile materials :-- Other,2715,"Sacks and bags, of a kind used for the packing of goods"
630590,Of other textile materials,2715,"Sacks and bags, of a kind used for the packing of goods"
630611,"Tarpaulins, awnings and sunblinds :-- Of cotton",2716,"Tarpaulins, sails for boats etc., awnings, sunblinds, tents and camping"
630612,"Tarpaulins, awnings and sunblinds :-- Of synthetic fibres",2716,"Tarpaulins, sails for boats etc., awnings, sunblinds, tents and camping"
630619,"Tarpaulins, awnings and sunblinds :-- Of other textile materials",2716,"Tarpaulins, sails for boats etc., awnings, sunblinds, tents and camping"
630621,Tents :-- Of cotton,2716,"Tarpaulins, sails for boats etc., awnings, sunblinds, tents and camping"
630622,Tents :-- Of synthetic fibres,2716,"Tarpaulins, sails for boats etc., awnings, sunblinds, tents and camping"
630629,Tents :-- Of other textile materials,2716,"Tarpaulins, sails for boats etc., awnings, sunblinds, tents and camping"
630631,Sails :-- Of synthetic fibres,2716,"Tarpaulins, sails for boats etc., awnings, sunblinds, tents and camping"
630639,Sails :-- Of other textile materials,2716,"Tarpaulins, sails for boats etc., awnings, sunblinds, tents and camping"
630641,Pneumatic mattresses :-- Of cotton,2716,"Tarpaulins, sails for boats etc., awnings, sunblinds, tents and camping"
630649,Pneumatic mattresses :-- Of other textile materials,2716,"Tarpaulins, sails for boats etc., awnings, sunblinds, tents and camping"
630691,Other :-- Of cotton,2716,"Tarpaulins, sails for boats etc., awnings, sunblinds, tents and camping"
630699,Other :- Of other textile materials,2716,"Tarpaulins, sails for boats etc., awnings, sunblinds, tents and camping"
630710,"Floor-cloths, dish-cloths, dusters and similar cleaning cloths",2719,"Other made-up textile articles (including floor-cloths, dish-cloths,"
630720,Life-jackets and life-belts,2719,"Other made-up textile articles (including floor-cloths, dish-cloths,"
630790,Other,2719,"Other made-up textile articles (including floor-cloths, dish-cloths,"
630800,"Sets consisting of woven fabric and yarn, whether or not with accessories, for making up into rugs, tapestries, embroidered table cloths or serviettes, or similar textile articles, put up in packings for retail sale.",2714,Other furnishing articles n.e.c.; sets of woven fabric and yarn for making
630900,Worn clothing and other worn articles.,39217,Worn clothing and other worn textile articles
631010,Sorted,39218,"Rags, scrap twine, cordage, rope and cables and worn out articles of twine,"
631090,Other,39218,"Rags, scrap twine, cordage, rope and cables and worn out articles of twine,"
640110,Footwear incorporating a protective metal toe-cap,2951,Footwear incorporating a protective metal toe-cap
640191,Other footwear :-- Covering the knee,2931,"Waterproof footwear, with outer soles and uppers of rubber or plastics,"
640192,Other footwear :-- Covering the ankle but not covering the knee,2931,"Waterproof footwear, with outer soles and uppers of rubber or plastics,"
640199,Other footwear :-- Other,2931,"Waterproof footwear, with outer soles and uppers of rubber or plastics,"
640212,"Sports footwear :-- Ski-boots, cross-country ski footwear and snowboard boots",2941,Ski-boots and cross-country ski footwear
640219,Sports footwear :-- Other,2949,"Other sports footwear, except skating boots"
640220,Footwear with upper straps or thongs assembled to the sole by means of plugs,2932,"Footwear with outer soles and uppers of rubber or plastics, other than"
640230,"Other footwear, incorporating a protective metal toe-cap",2951,Footwear incorporating a protective metal toe-cap
640291,Other footwear :-- Covering the ankle,2932,"Footwear with outer soles and uppers of rubber or plastics, other than"
640299,Other footwear :-- Other,2932,"Footwear with outer soles and uppers of rubber or plastics, other than"
640312,"Sports footwear :-- Ski-boots, cross-country ski footwear and snowboard boots",2941,Ski-boots and cross-country ski footwear
640319,Sports footwear :-- Other,2949,"Other sports footwear, except skating boots"
640320,"Footwear with outer soles of leather, and uppers which consist of leather straps across the instep and around the big toe",2952,"Wooden footwear, miscellaneous special footwear and other footwear n.e.c."
640330,"Footwear made on a base or platform of wood, not having an inner sole or a protective metal toe-cap",2952,"Wooden footwear, miscellaneous special footwear and other footwear n.e.c."
640340,"Other footwear, incorporating a protective metal toe-cap",2951,Footwear incorporating a protective metal toe-cap
640351,Other footwear with outer soles of leather :-- Covering the ankle,2933,"Footwear with uppers of leather, other than sports footwear, footwear"
640359,Other footwear with outer soles of leather :-- Other,2933,"Footwear with uppers of leather, other than sports footwear, footwear"
640391,Other footwear :-- Covering the ankle,2933,"Footwear with uppers of leather, other than sports footwear, footwear"
640399,Other footwear :-- Other,2933,"Footwear with uppers of leather, other than sports footwear, footwear"
640411,"Footwear with outer soles of rubber or plastics :-- Sports footwear; tennis shoes, basketball shoes, gym shoes, training shoes and the like",2942,"Tennis shoes, basketball shoes, gym shoes, training shoes and the like"
640419,Footwear with outer soles of rubber or plastics :-- Other,2934,"Footwear with uppers of textile materials, other than sports footwear"
640420,Footwear with outer soles of leather or composition leather,2934,"Footwear with uppers of textile materials, other than sports footwear"
640510,With uppers of leather or composition leather,2933,"Footwear with uppers of leather, other than sports footwear, footwear"
640520,With uppers of textile materials,2934,"Footwear with uppers of textile materials, other than sports footwear"
640590,Other,2952,"Wooden footwear, miscellaneous special footwear and other footwear n.e.c."
640610,"Uppers and parts thereof, other than stiffeners",296,"Parts of footwear; removable in-soles, heel cushions and similar articles;"
640620,"Outer soles and heels, of rubber or plastics",296,"Parts of footwear; removable in-soles, heel cushions and similar articles;"
640691,Other :-- Of wood,296,"Parts of footwear; removable in-soles, heel cushions and similar articles;"
640699,Other :-- Of other materials,296,"Parts of footwear; removable in-soles, heel cushions and similar articles;"
650100,"Hat-forms, hat bodies and hoods of felt, neither blocked to shape nor with made brims; plateaux and manchons (including slit manchons), of felt.",28261,"Hat-forms, hat bodies and hoods of felt; plateaux and manchons of felt;"
650200,"Hat-shapes, plaited or made by assembling strips of any material, neither blocked to shape, nor with made brims, nor lined, nor trimmed.",28261,"Hat-forms, hat bodies and hoods of felt; plateaux and manchons of felt;"
650300,"Felt hats and other felt headgear, made from the hat bodies, hoods or plateaux of heading No. 65.01, whether or not lined or trimmed.",28262,"Hats and other headgear, of felt, or plaited or made by assembling strips"
650400,"Hats and other headgear, plaited or made by assembling strips of any material, whether or not lined or trimmed.",28262,"Hats and other headgear, of felt, or plaited or made by assembling strips"
650510,Hair-nets,28262,"Hats and other headgear, of felt, or plaited or made by assembling strips"
650590,Other,28262,"Hats and other headgear, of felt, or plaited or made by assembling strips"
650610,Safety headgear,3697,Safety headgear; other headgear of rubber or plastics
650691,Other :-- Of rubber or of plastics,3697,Safety headgear; other headgear of rubber or plastics
650692,Other :-- Of furskin,28269,"Other headgear except headgear of rubber or of plastics, safety headgear and asbestos headgear;"
650699,Other :-- Of other materials,28269,"Other headgear except headgear of rubber or of plastics, safety headgear and asbestos headgear;"
650700,"Head-bands, linings, covers, hat foundations, hat frames, peaks and chinstraps, for headgear.",28269,"Other headgear except headgear of rubber or of plastics, safety headgear and asbestos headgear;"
660110,Garden or similar umbrellas,38921,"Umbrellas, sun-umbrellas, walking- sticks, seat-sticks, whips, riding-"
660191,Other :-- Having a telescopic shaft,38921,"Umbrellas, sun-umbrellas, walking- sticks, seat-sticks, whips, riding-"
660199,Other,38921,"Umbrellas, sun-umbrellas, walking- sticks, seat-sticks, whips, riding-"
660200,"Walking-sticks, seat-sticks, whips, riding-crops and the like.",38921,"Umbrellas, sun-umbrellas, walking- sticks, seat-sticks, whips, riding-"
660310,Handles and knobs,38922,"Parts, trimmings and accessories of umbrellas, sun-umbrellas, walking-"
660320,"Umbrella frames, including frames mounted on shafts (sticks)",38922,"Parts, trimmings and accessories of umbrellas, sun-umbrellas, walking-"
660390,Other,38922,"Parts, trimmings and accessories of umbrellas, sun-umbrellas, walking-"
670100,"Skins and other parts of birds with their feathers or down, feathers, parts of feathers, down and articles thereof (other than goods of heading No. 05.05 and worked quills and scapes).",38999,"Articles n.e.c. (including candles, tapers, skins of birds with their"
670210,Of plastics,38999,"Articles n.e.c. (including candles, tapers, skins of birds with their"
670290,Of other materials,38999,"Articles n.e.c. (including candles, tapers, skins of birds with their"
670300,"Human hair, dressed, thinned, bleached or otherwise worked; wool or other animal hair or other textile materials, prepared for use in making wigs or the like.",38972,"Human hair, dressed, thinned, bleached or otherwise worked; wool or other animal hair or other textile"
670411,Of synthetic textile materials :-- Complete wigs,38972,"Human hair, dressed, thinned, bleached or otherwise worked; wool or other animal hair or other textile"
670419,Of synthetic textile materials :-- Other,38972,"Human hair, dressed, thinned, bleached or otherwise worked; wool or other animal hair or other textile"
670420,Of human hair,38972,"Human hair, dressed, thinned, bleached or otherwise worked; wool or other animal hair or other textile"
670490,Of other materials,38972,"Human hair, dressed, thinned, bleached or otherwise worked; wool or other animal hair or other textile"
680100,"Setts, curbstones and flagstones, of natural stone (except slate).",3769,Other worked monumental or building stone and articles thereof; other
680210,"Tiles, cubes and similar articles, whether or not rectangular (including square), the largest surface area of which is capable of being enclosed in a square the side of which is less than 7 cm; artificially coloured granul",3769,Other worked monumental or building stone and articles thereof; other
680221,"Other monumental or building stone and articles thereof, simply cut or sawn, with a flat or even surface :-- Marble, travertine and alabaster",3761,"Marble, travertine and alabaster, worked, and articles thereof (except"
680222,"Other monumental or building stone and articles thereof, simply cut or sawn, with a flat or even surface :-- Other calcareous stone",3769,Other worked monumental or building stone and articles thereof; other
680223,"Other monumental or building stone and articles thereof, simply cut or sawn, with a flat or even surface :-- Granite",3769,Other worked monumental or building stone and articles thereof; other
680229,"Other monumental or building stone and articles thereof, simply cut or sawn, with a flat or even surface :-- Other stone",3769,Other worked monumental or building stone and articles thereof; other
680291,"Other :-- Marble, travertine and alabaster",3761,"Marble, travertine and alabaster, worked, and articles thereof (except"
680292,Other :-- Other calcareous stone,3769,Other worked monumental or building stone and articles thereof; other
680293,Other :-- Granite,3769,Other worked monumental or building stone and articles thereof; other
680299,Other :-- Other stone,3769,Other worked monumental or building stone and articles thereof; other
680300,Worked slate and articles of slate or of agglomerated slate.,3769,Other worked monumental or building stone and articles thereof; other
680410,"Millstones and grindstones for milling, grinding or pulping",3791,"Millstones, grindstones, grinding wheels and the like, without frame-"
680421,"Other millstones, grindstones, grinding wheels and the like :-- Of agglomerated synthetic or natural diamond",3791,"Millstones, grindstones, grinding wheels and the like, without frame-"
680422,"Other millstones, grindstones, grinding wheels and the like :-- Of other agglomerated abrasives or of ceramics",3791,"Millstones, grindstones, grinding wheels and the like, without frame-"
680423,"Other millstones, grindstones, grinding wheels and the like :-- Of natural stone",3791,"Millstones, grindstones, grinding wheels and the like, without frame-"
680430,Hand sharpening or polishing stones,3791,"Millstones, grindstones, grinding wheels and the like, without frame-"
680510,On a base of woven textile fabric only,3791,"Millstones, grindstones, grinding wheels and the like, without frame-"
680520,On a base of paper or paperboard only,3791,"Millstones, grindstones, grinding wheels and the like, without frame-"
680530,On a base of other materials,3791,"Millstones, grindstones, grinding wheels and the like, without frame-"
680610,"Slag wool, rock wool and similar mineral wools (including intermixtures thereof), in bulk, sheets or rolls",3799,"Non-metallic mineral products n.e.c. (including mineral wool, expanded"
680620,"Exfoliated vermiculite, expanded clays, foamed slag and similar expanded mineral materials (including intermixtures thereof)",3799,"Non-metallic mineral products n.e.c. (including mineral wool, expanded"
680690,Other,3799,"Non-metallic mineral products n.e.c. (including mineral wool, expanded"
680710,In rolls,3793,Articles of asphalt or of similar material
680790,Other,3793,Articles of asphalt or of similar material
680800,"Panels, boards, tiles, blocks and similar articles of vegetable fibre, of straw or of shavings, chips, particles,",3752,"Boards, blocks and similar articles of vegetable fibre, straw or wood"
680911,"Boards, sheets, panels, tiles and similar articles, not ornamented :-- Faced or reinforced with paper or paperboard only",3753,Articles of plaster or of compositions based on plaster
680919,"Boards, sheets, panels, tiles and similar articles, not ornamented :-- Other",3753,Articles of plaster or of compositions based on plaster
680990,Other articles,3753,Articles of plaster or of compositions based on plaster
681011,"Tiles, flagstones, bricks and similar articles :-- Building blocks and bricks",3754,"Tiles, flagstones, bricks and similar articles, of cement, concrete or"
681019,"Tiles, flagstones, bricks and similar articles :-- Other",3754,"Tiles, flagstones, bricks and similar articles, of cement, concrete or"
681091,Other articles :-- Prefabricated structural components for building or civil engineering,3755,"Prefabricated structural components for building or civil engineering, of"
681099,Other articles :-- Other,3756,"Other articles of cement, concrete or artificial stone"
681110,Corrugated sheets,3757,"Articles of asbestos-cement, cellulose fibre-cement or the like"
681120,"Other sheets, panels, tiles and similar articles",3757,"Articles of asbestos-cement, cellulose fibre-cement or the like"
681130,"Tubes, pipes and tube or pipe fittings",3757,"Articles of asbestos-cement, cellulose fibre-cement or the like"
681190,0ther articles,3757,"Articles of asbestos-cement, cellulose fibre-cement or the like"
681210,Fabricated asbestos fibres; mixtures with a basis of asbestos or with a basis of asbestos and magnesium carbonate,3792,Fabricated asbestos fibres; mixtures with a basis of asbestos or with a
681220,Yarn and thread,3792,Fabricated asbestos fibres; mixtures with a basis of asbestos or with a
681230,"Cords and string, whether or not plaited",3792,Fabricated asbestos fibres; mixtures with a basis of asbestos or with a
681240,Woven or knitted fabric,3792,Fabricated asbestos fibres; mixtures with a basis of asbestos or with a
681250,"Clothing, clothing accessories, footwear and headgear",3792,Fabricated asbestos fibres; mixtures with a basis of asbestos or with a
681260,"Paper, millboard and felt",3792,Fabricated asbestos fibres; mixtures with a basis of asbestos or with a
681270,"Compressed asbestos fibre jointing, in sheets or rolls",3792,Fabricated asbestos fibres; mixtures with a basis of asbestos or with a
681290,Other,3792,Fabricated asbestos fibres; mixtures with a basis of asbestos or with a
681310,Brake linings and pads,3792,Fabricated asbestos fibres; mixtures with a basis of asbestos or with a
681390,Other,3792,Fabricated asbestos fibres; mixtures with a basis of asbestos or with a
681410,"Plates, sheets and strips of agglomerated or reconstituted mica, whether or not on a support",3799,"Non-metallic mineral products n.e.c. (including mineral wool, expanded"
681490,Other,3799,"Non-metallic mineral products n.e.c. (including mineral wool, expanded"
681510,Non-electrical articles of graphite or other carbon,3799,"Non-metallic mineral products n.e.c. (including mineral wool, expanded"
681520,Articles of peat,3799,"Non-metallic mineral products n.e.c. (including mineral wool, expanded"
681591,"Other articles :-- Containing magnesite, dolomite or chromite",3734,Unfired refractory products; other refractory ceramic goods
681599,Other :-- Other,3799,"Non-metallic mineral products n.e.c. (including mineral wool, expanded"
690100,"Bricks, blocks, tiles and other ceramic goods of siliceous fossil meals (for example, kieselguhr, tripolite or diatomite) or of similar siliceous earths.",3731,"Bricks, blocks, tiles and other ceramic goods of siliceous earths"
690210,"Containing by weight, singly or together, more than 50 % of the elements Mg, Ca or Cr, expressed as MgO, CaO or Cr2O3",3732,"Refractory bricks, blocks, tiles and similar refractory ceramic constructional goods, other than"
690220,"Containing by weight more than 50 % of alumina (Al2O3), of silica (SiO2) or of a mixture or compound of these products",3732,"Refractory bricks, blocks, tiles and similar refractory ceramic constructional goods, other than"
690290,Other,3732,"Refractory bricks, blocks, tiles and similar refractory ceramic constructional goods, other than"
690310,Containing by weight more than 50 % of graphite or other carbon or of a mixture of these products,3734,Unfired refractory products; other refractory ceramic goods
690320,Containing by weight more than 50 % of alumina (Al2O3) or of a mixture or compound of alumina and of silica (SiO2),3734,Unfired refractory products; other refractory ceramic goods
690390,Other,3734,Unfired refractory products; other refractory ceramic goods
690410,Building bricks,3735,"Non-refractory ceramic building bricks, flooring blocks, support or"
690490,Other,3735,"Non-refractory ceramic building bricks, flooring blocks, support or"
690510,Roofing tiles,3735,"Non-refractory ceramic building bricks, flooring blocks, support or"
690590,Other,3735,"Non-refractory ceramic building bricks, flooring blocks, support or"
690600,"Ceramic pipes, conduits, guttering and pipe fittings.",3736,"Non-refractory ceramic pipes, conduits, guttering and pipe fittings"
690710,"Tiles, cubes and similar articles, whether or not rectangular, the largest surface area of which is capable of being enclosed in a square the side of which is less than 7 cm",3737,"Ceramic flags and paving, hearth or wall tiles; ceramic mosaic cubes"
690790,Other,3737,"Ceramic flags and paving, hearth or wall tiles; ceramic mosaic cubes"
690810,"Tiles, cubes and similar articles, whether or not rectangular, the largest surface area of which is capable of being enclosed in a square the side of which is less than 7 cm",3737,"Ceramic flags and paving, hearth or wall tiles; ceramic mosaic cubes"
690890,Other,3737,"Ceramic flags and paving, hearth or wall tiles; ceramic mosaic cubes"
690911,"Ceramic wares for laboratory, chemical or other technical uses :-- Of porcelain or china",37291,"Ceramic wares for laboratory, chemical or other technical uses; ceramic"
690912,"Ceramic wares for laboratory, chemical or other technical uses :-- Articles having a hardness equivalent to 9 or more on the Mohs scale",37291,"Ceramic wares for laboratory, chemical or other technical uses; ceramic"
690919,"Ceramic wares for laboratory, chemical or other technical uses :-- Other",37291,"Ceramic wares for laboratory, chemical or other technical uses; ceramic"
690990,Other,37291,"Ceramic wares for laboratory, chemical or other technical uses; ceramic"
691010,Of porcelain or china,3721,"Ceramic sinks, baths, water closet pans, flushing cisterns and similar"
691090,Other,3721,"Ceramic sinks, baths, water closet pans, flushing cisterns and similar"
691110,Tableware and kitchenware,37221,"Ceramic tableware, kitchenware, other household articles and toilet articles"
691190,Other,37221,"Ceramic tableware, kitchenware, other household articles and toilet articles"
691200,"Ceramic tableware, kitchenware, other household articles and toilet articles, other than of porcelain or china.",37221,"Ceramic tableware, kitchenware, other household articles and toilet articles"
691310,Of porcelain or china,37222,Statuettes and other ornamental ceramic articles
691390,Other,37222,Statuettes and other ornamental ceramic articles
691410,Of porcelain or china,37299,Other non-structural ceramic articles n.e.c.
691490,Other,37299,Other non-structural ceramic articles n.e.c.
700100,Cullet and other waste and scrap of glass; glass in the mass.,37111,"Glass in the mass, in balls (except microspheres), rods or tubes, unworked; waste and scrap of glass"
700210,Balls,37111,"Glass in the mass, in balls (except microspheres), rods or tubes, unworked; waste and scrap of glass"
700220,Rods,37111,"Glass in the mass, in balls (except microspheres), rods or tubes, unworked; waste and scrap of glass"
700231,Tubes :-- Of fused quartz or other fused silica,37111,"Glass in the mass, in balls (except microspheres), rods or tubes, unworked; waste and scrap of glass"
700232,Tubes :-- Of other glass having a linear coefficient of expansion not exceeding 5 x 10-6 per Kelvin within a temperature range of 0 (C to 300 (C,37111,"Glass in the mass, in balls (except microspheres), rods or tubes, unworked; waste and scrap of glass"
700239,Tubes :-- Other,37111,"Glass in the mass, in balls (except microspheres), rods or tubes, unworked; waste and scrap of glass"
700312,"Non-wired sheets :-- Coloured throughout the mass (body tinted), opacified, flashed or having an absorbent, reflecting or non-reflecting layer",37112,"Unworked cast, rolled, drawn or blown glass, in sheets"
700319,Non-wired sheets :-- Other,37112,"Unworked cast, rolled, drawn or blown glass, in sheets"
700320,Wired sheets,37112,"Unworked cast, rolled, drawn or blown glass, in sheets"
700330,Profiles,37112,"Unworked cast, rolled, drawn or blown glass, in sheets"
700420,"Glass, coloured throughout the mass (body tinted), opacified, flashed or having an absorbent, reflecting or non-reflecting layer",37112,"Unworked cast, rolled, drawn or blown glass, in sheets"
700490,Other glass,37112,"Unworked cast, rolled, drawn or blown glass, in sheets"
700510,"Non-wired glass, having an absorbent, reflecting or non-reflecting layer",37113,"Float glass and surface ground or polished glass, in sheets"
700521,"Other non-wired glass :-- Coloured throughout the mass (body tinted), opacified, flashed or merely surface ground",37113,"Float glass and surface ground or polished glass, in sheets"
700529,Other non-wired glass :-- Other,37113,"Float glass and surface ground or polished glass, in sheets"
700530,Wired glass,37113,"Float glass and surface ground or polished glass, in sheets"
700600,"Glass of heading No. 70.03, 70.04 or 70.05, bent, edge-worked, engraved, drilled, enamelled or otherwise worked, but not framed or fitted with other materials.",37114,"Glass in sheets, bent, edge-worked, engraved, drilled, enamelled or"
700711,"Toughened (tempered) safety glass :-- Of size and shape suitable for incorporation in vehicles, aircraft, spacecraft or vessels",37115,Safety glass
700719,Toughened (tempered) safety glass :-- Other,37115,Safety glass
700721,"Laminated safety glass :-- Of size and shape suitable for incorporation in vehicles, aircraft, spacecraft or vessels",37115,Safety glass
700729,Laminated safety glass :-- Other,37115,Safety glass
700800,Multiple-walled insulating units of glass.,37116,Glass mirrors; multiple walled insulating units of glass
700910,Rear-view mirrors for vehicles,37116,Glass mirrors; multiple walled insulating units of glass
700991,Other :-- Unframed,37116,Glass mirrors; multiple walled insulating units of glass
700992,Other :-- Framed,37116,Glass mirrors; multiple walled insulating units of glass
701010,Ampoules,37195,"Laboratory, hygienic or pharmaceutical glassware; ampoules of glass"
701020,"Stoppers, lids and other closures",37191,"Bottles, jars, phials and other containers, of glass, of a kind used"
701091,"Other, of a capacity :-- Exceeding 1 l",37191,"Bottles, jars, phials and other containers, of glass, of a kind used"
701092,"Other, of a capacity :-- Exceeding 0.33 l but not exceeding 1 l",37191,"Bottles, jars, phials and other containers, of glass, of a kind used"
701093,"Other, of a capacity :-- Exceeding 0.15 l but not exceeding 0.33 l",37191,"Bottles, jars, phials and other containers, of glass, of a kind used"
701094,"Other, of a capacity :-- Not exceeding 0.15 l",37191,"Bottles, jars, phials and other containers, of glass, of a kind used"
701110,For electric lighting,37192,"Glass envelopes, open, and glass parts thereof, for electric lamps,"
701120,For cathode-ray tubes,37192,"Glass envelopes, open, and glass parts thereof, for electric lamps,"
701190,Other,37192,"Glass envelopes, open, and glass parts thereof, for electric lamps,"
701200,Glass inners for vacuum flasks or for other vacuum vessels.,37199,"Articles of glass n.e.c. (including glass inners for vacuum flasks,"
701310,Of glass-ceramics,37193,"Glassware of a kind used for table, kitchen, toilet, office, indoor"
701321,Drinking glasses other than of glass-ceramics :-- Of lead crystal,37193,"Glassware of a kind used for table, kitchen, toilet, office, indoor"
701329,Drinking glasses other than of glass-ceramics :-- Other,37193,"Glassware of a kind used for table, kitchen, toilet, office, indoor"
701331,Glassware of a kind used for table (other than drinking glasses) or kitchen purposes other than of glass-,37193,"Glassware of a kind used for table, kitchen, toilet, office, indoor"
701332,Glassware of a kind used for table (other than drinking glasses) or kitchen purposes other than of glass-,37193,"Glassware of a kind used for table, kitchen, toilet, office, indoor"
701339,Glassware of a kind used for table (other than drinking glasses) or kitchen purposes other than of glass-,37193,"Glassware of a kind used for table, kitchen, toilet, office, indoor"
701391,Other glassware :-- Of lead crystal,37193,"Glassware of a kind used for table, kitchen, toilet, office, indoor"
701399,Other glassware :-- Other,37193,"Glassware of a kind used for table, kitchen, toilet, office, indoor"
701400,"Signalling glassware and optical elements of glass (other than those of heading No. 70.15), not optically worked.",37199,"Articles of glass n.e.c. (including glass inners for vacuum flasks,"
701510,Glasses for corrective spectacles,37194,"Clock or watch glasses and similar glasses; glasses for spectacles ,"
701590,Other,37194,"Clock or watch glasses and similar glasses; glasses for spectacles ,"
701610,"Glass cubes and other glass smallwares, whether or not on a backing, for mosaics or similar decorative purposes",37199,"Articles of glass n.e.c. (including glass inners for vacuum flasks,"
701690,Other,37117,"Paving blocks, bricks, tiles and other articles of pressed or moulded"
701710,Of fused quartz or other fused silica,37195,"Laboratory, hygienic or pharmaceutical glassware; ampoules of glass"
701720,Of other glass having a linear coefficient of expansion not exceeding 5 x 10-6 per Kelvin within a temperature range of 0 ÊC to 300 ÊC,37195,"Laboratory, hygienic or pharmaceutical glassware; ampoules of glass"
701790,Other,37195,"Laboratory, hygienic or pharmaceutical glassware; ampoules of glass"
701810,"Glass beads, imitation pearls, imitation precious or semi-precious stones and similar glass smallwares",37199,"Articles of glass n.e.c. (including glass inners for vacuum flasks,"
701820,Glass microspheres not exceeding 1 mm in diameter,37199,"Articles of glass n.e.c. (including glass inners for vacuum flasks,"
701890,Other,37199,"Articles of glass n.e.c. (including glass inners for vacuum flasks,"
701911,"Slivers, rovings, yarn and chopped strands :-- Chopped strands, of a length of not more than 50 mm",37121,"Slivers, rovings, yarn and chopped strands, of glass"
701912,"Slivers, rovings, yarn and chopped strands :-- Rovings",37121,"Slivers, rovings, yarn and chopped strands, of glass"
701919,"Slivers, rovings, yarn and chopped strands :-- Other",37121,"Slivers, rovings, yarn and chopped strands, of glass"
701931,"Thin sheets (voiles), webs, mats, mattresses, boards and similar nonwoven products :-- Mats",37129,"Voiles, webs, mats, mattresses, boards and other articles of glass fibres, except woven fabrics"
701932,"Thin sheets (voiles), webs, mats, mattresses, boards and similar nonwoven products :-- Thin sheets (voiles)",37129,"Voiles, webs, mats, mattresses, boards and other articles of glass fibres, except woven fabrics"
701939,"Thin sheets (voiles), webs, mats, mattresses, boards and similar nonwoven products :-- Other",37129,"Voiles, webs, mats, mattresses, boards and other articles of glass fibres, except woven fabrics"
701940,Woven fabrics of rovings,2689,Woven fabrics (including narrow fabrics) of glass fibres
701951,Other woven fabrics :-- Of a width not exceeding 30 cm,2689,Woven fabrics (including narrow fabrics) of glass fibres
701952,"Other woven fabrics :-- Of a width exceeding 30 cm, plain weave, weighing less than 250 g/m2, of filaments measuring per single yarn not more than 136 tex",2689,Woven fabrics (including narrow fabrics) of glass fibres
701959,Other woven fabrics :-- Other,2689,Woven fabrics (including narrow fabrics) of glass fibres
701990,Other,37129,"Voiles, webs, mats, mattresses, boards and other articles of glass fibres, except woven fabrics"
702000,Other articles of glass.,37199,"Articles of glass n.e.c. (including glass inners for vacuum flasks,"
710110,Natural pearls,3821,"Pearls, natural or cultured and unworked"
710121,Cultured pearls :-- Unworked,3821,"Pearls, natural or cultured and unworked"
710122,Cultured pearls :-- Worked,3822,"Cultured pearls, precious or semi- precious stones, and synthetic or"
710210,Unsorted,1631,"Precious stones (including diamonds, but not industrial diamonds) and"
710221,"Industrial :-- Unworked or simply sawn, cleaved or bruted",1632,"Industrial diamonds, unworked or simply sawn, cleaved or bruted; pumice stone; emery; natural"
710229,Industrial :-- Other,3823,"Industrial diamonds, worked; dust and powder of natural or synthetic"
710231,"Non-industrial :-- Unworked or simply sawn, cleaved or bruted",1631,"Precious stones (including diamonds, but not industrial diamonds) and"
710239,Non-industrial :-- Other,3822,"Cultured pearls, precious or semi- precious stones, and synthetic or"
710310,Unworked or simply sawn or roughly shaped,1631,"Precious stones (including diamonds, but not industrial diamonds) and"
710391,"Otherwise worked :-- Rubies, sapphires and emeralds",3822,"Cultured pearls, precious or semi- precious stones, and synthetic or"
710399,Otherwise worked :-- Other,3822,"Cultured pearls, precious or semi- precious stones, and synthetic or"
710410,Piezo-electric quartz,3456,"Synthetic or reconstructed precious or semi-precious stones, unworked"
710420,"Other, unworked or simply sawn or roughly shaped",3456,"Synthetic or reconstructed precious or semi-precious stones, unworked"
710490,Other,3822,"Cultured pearls, precious or semi- precious stones, and synthetic or"
710510,Of diamonds,3823,"Industrial diamonds, worked; dust and powder of natural or synthetic"
710590,Other,3823,"Industrial diamonds, worked; dust and powder of natural or synthetic"
710610,Powder,4131,"Silver (including silver plated with gold or platinum), unwrought or in"
710691,Other :-- Unwrought,4131,"Silver (including silver plated with gold or platinum), unwrought or in"
710692,Other :-- Semi-manufactured,4131,"Silver (including silver plated with gold or platinum), unwrought or in"
710700,"Base metals clad with silver, not further worked than semi-manufactured.",4135,"Base metals clad with silver, and base metals, silver or gold clad with platinum, not further worked"
710811,Non-monetary :-- Powder,4132,"Gold (including gold plated with platinum), unwrought or in semi- manufactured forms, or in powder"
710812,Non-monetary :-- Other unwrought forms,4132,"Gold (including gold plated with platinum), unwrought or in semi- manufactured forms, or in powder"
710813,Non-monetary :-- Other semi-manufactured forms,4132,"Gold (including gold plated with platinum), unwrought or in semi- manufactured forms, or in powder"
710820,Monetary,4132,"Gold (including gold plated with platinum), unwrought or in semi- manufactured forms, or in powder"
710900,"Base metals or silver, clad with gold, not further worked than semi-manufactured.",4134,"Base metals or silver, clad with gold, not further worked than semi-manufactured"
711011,Platinum :-- Unwrought or in powder form,4133,"Platinum, unwrought or in semi- manufactured forms, or in powder form"
711019,Platinum :-- Other,4133,"Platinum, unwrought or in semi- manufactured forms, or in powder form"
711021,Palladium :-- Unwrought or in powder form,4133,"Platinum, unwrought or in semi- manufactured forms, or in powder form"
711029,Palladium :-- Other,4133,"Platinum, unwrought or in semi- manufactured forms, or in powder form"
711031,Rhodium :-- Unwrought or in powder form,4133,"Platinum, unwrought or in semi- manufactured forms, or in powder form"
711039,Rhodium :-- Other,4133,"Platinum, unwrought or in semi- manufactured forms, or in powder form"
711041,"Iridium, osmium and ruthenium :-- Unwrought or in powder form",4133,"Platinum, unwrought or in semi- manufactured forms, or in powder form"
711049,"Iridium, osmium and ruthenium :-- Other",4133,"Platinum, unwrought or in semi- manufactured forms, or in powder form"
711100,"Base metals, silver or gold, clad with platinum, not further worked than semi-manufactured.",4135,"Base metals clad with silver, and base metals, silver or gold clad with platinum, not further worked"
711210,"Of gold, including metal clad with gold but excluding sweepings containing other precious metals",39331,Waste and scraps of gold or of metal clad with gold
711220,"Of platinum, including metal clad with platinum but excluding sweepings containing other precious metals",39332,Waste and scrap of precious metal (except gold) or of metal clad with
711290,Other,39332,Waste and scrap of precious metal (except gold) or of metal clad with
711311,"Of precious metal whether or not plated or clad with precious metal :-- Of silver, whether or not plated or clad with other precious metal",3824,Jewellery and other articles of precious metal or of metal clad with
711319,"Of precious metal whether or not plated or clad with precious metal :-- Of other precious metal, whether or not plated or clad with precious metal",3824,Jewellery and other articles of precious metal or of metal clad with
711320,Of base metal clad with precious metal,3824,Jewellery and other articles of precious metal or of metal clad with
711411,"Of precious metal whether or not plated or clad with precious metal :-- Of silver, whether or not plated or clad with other precious metal",3824,Jewellery and other articles of precious metal or of metal clad with
711419,"Of precious metal whether or not plated or clad with precious metal :-- Of other precious metal, whether or not plated or clad with precious metal",3824,Jewellery and other articles of precious metal or of metal clad with
711420,Of base metal clad with precious metal,3824,Jewellery and other articles of precious metal or of metal clad with
711510,"Catalysts in the form of wire cloth or grill, of platinum",3824,Jewellery and other articles of precious metal or of metal clad with
711590,Other,3824,Jewellery and other articles of precious metal or of metal clad with
711610,Of natural or cultured pearls,3824,Jewellery and other articles of precious metal or of metal clad with
711620,"Of precious or semi-precious stones (natural, synthetic or reconstructed)",3824,Jewellery and other articles of precious metal or of metal clad with
711711,"Of base metal, whether or not plated with precious",38997,Imitation jewellery
711719,"Of base metal, whether or not plated with precious",38997,Imitation jewellery
711790,Other,38997,Imitation jewellery
711810,"Coin (other than gold coin), not being legal tender",3825,Coin
711890,Other,3825,Coin
720110,Non-alloy pig iron containing by weight 0.5 % or less of phosphorus,41111,"Pig iron and spiegeleisen in pigs, blocks or other primary forms"
720120,Non-alloy pig iron containing by weight more than 0.5 % of phosphorus,41111,"Pig iron and spiegeleisen in pigs, blocks or other primary forms"
720150,Alloy pig iron; spiegeleisen,41111,"Pig iron and spiegeleisen in pigs, blocks or other primary forms"
720211,Ferro-manganese :-- Containing by weight more than 2 % of carbon,41112,Ferro-manganese
720219,Ferro-manganese :-- Other,41112,Ferro-manganese
720221,Ferro-silicon :-- Containing by weight more than 55 % of silicon,41115,Other ferro-alloys
720229,Ferro-silicon :-- Other,41115,Other ferro-alloys
720230,Ferro-silico-manganese,41115,Other ferro-alloys
720241,Ferro-chromium :-- Containing by weight more than 4 % of carbon,41113,Ferro-chromium
720249,Ferro-chromium :-- Other,41113,Ferro-chromium
720250,Ferro-silico-chromium,41115,Other ferro-alloys
720260,Ferro-nickel,41114,Ferro-nickel
720270,Ferro-molybdenum,41115,Other ferro-alloys
720280,Ferro-tungsten and ferro-silico-tungsten,41115,Other ferro-alloys
720291,Other :-- Ferro-titanium and ferro-silico-titanium,41115,Other ferro-alloys
720292,Other :-- Ferro-vanadium,41115,Other ferro-alloys
720293,Other :-- Ferro-niobium,41115,Other ferro-alloys
720299,Other,41115,Other ferro-alloys
720310,Ferrous products obtained by direct reduction of iron ore,41116,Ferrous products obtained by direct reduction of iron ore and other
720390,Other,41116,Ferrous products obtained by direct reduction of iron ore and other
720410,Waste and scrap of cast iron,3934,Ferrous waste and scrap
720421,Waste and scrap of alloy steel :-- Of stainless steel,3934,Ferrous waste and scrap
720429,Waste and scrap of alloy steel :-- Other,3934,Ferrous waste and scrap
720430,Waste and scrap of tinned iron or steel,3934,Ferrous waste and scrap
720441,"Other waste and scrap :-- Turnings, shavings, chips, milling waste, sawdust, filings, trimmings and stampings, whether or not in bundles",3934,Ferrous waste and scrap
720449,Other waste and scrap :-- Other,3934,Ferrous waste and scrap
720450,Remelting scrap ingots,3935,Remelting scrap ingots of iron or steel
720510,Granules,41116,Ferrous products obtained by direct reduction of iron ore and other
720521,Powders :-- Of alloy steel,41116,Ferrous products obtained by direct reduction of iron ore and other
720529,Powders :-- Other,41116,Ferrous products obtained by direct reduction of iron ore and other
720610,Ingots,41121,"Ingots, other primary forms, and semi- finished products of iron or non-"
720690,Other,41121,"Ingots, other primary forms, and semi- finished products of iron or non-"
720711,"Containing by weight less than 0.25 % of carbon :-- Of rectangular (including square) cross-section, the width measuring less than twice the thickness",41121,"Ingots, other primary forms, and semi- finished products of iron or non-"
720712,"Containing by weight less than 0.25 % of carbon :-- Other, of rectangular (other than square) cross-section",41121,"Ingots, other primary forms, and semi- finished products of iron or non-"
720719,Containing by weight less than 0.25 % of carbon :-- Other,41121,"Ingots, other primary forms, and semi- finished products of iron or non-"
720720,Containing by weight 0.25 % or more of carbon,41121,"Ingots, other primary forms, and semi- finished products of iron or non-"
720810,"In coils, not further worked than hot-rolled, with patterns in relief",41211,"Flat-rolled products of iron or non- alloy steel, not further worked than"
720825,"Other, in coils, not further worked than hot-rolled, pickled :-- Of a thickness of 4.75 mm or more",41211,"Flat-rolled products of iron or non- alloy steel, not further worked than"
720826,"Other, in coils, not further worked than hot-rolled, pickled :-- Of a thickness of 3 mm or more but less than 4.75 mm",41211,"Flat-rolled products of iron or non- alloy steel, not further worked than"
720827,Of a thickness of less than 3 mm,41211,"Flat-rolled products of iron or non- alloy steel, not further worked than"
720836,"Other, in coils, not further worked than hot-rolled :-- Of a thickness exceeding 10 mm",41211,"Flat-rolled products of iron or non- alloy steel, not further worked than"
720837,"Other, in coils, not further worked than hot-rolled :-- Of a thickness of 4.75 mm or more but not exceeding 10 mm",41211,"Flat-rolled products of iron or non- alloy steel, not further worked than"
720838,"Other, in coils, not further worked than hot-rolled :-- Of a thickness of 3 mm or more but less than 4.75 mm",41211,"Flat-rolled products of iron or non- alloy steel, not further worked than"
720839,"Other, in coils, not further worked than hot-rolled :-- Of a thickness of less than 3 mm",41211,"Flat-rolled products of iron or non- alloy steel, not further worked than"
720840,"Not in coils, not further worked than hot-rolled, with patterns in relief",41211,"Flat-rolled products of iron or non- alloy steel, not further worked than"
720851,"Other, not in coils, not further worked than hot-rolled :-- Of a thickness exceeding 10 mm",41211,"Flat-rolled products of iron or non- alloy steel, not further worked than"
720852,"Other, not in coils, not further worked than hot-rolled :-- Of a thickness of 4.75 mm or more but not exceeding 10 mm",41211,"Flat-rolled products of iron or non- alloy steel, not further worked than"
720853,"Other, not in coils, not further worked than hot-rolled :-- Of a thickness of 3 mm or more but less than 4.75 mm",41211,"Flat-rolled products of iron or non- alloy steel, not further worked than"
720854,"Other, not in coils, not further worked than hot-rolled :-- Of a thickness of less than 3 mm",41211,"Flat-rolled products of iron or non- alloy steel, not further worked than"
720890,Other,41231,"Other flat-rolled products of iron or non-alloy steel (not clad, plated"
720915,"In coils, not further worked than cold-rolled (cold-reduced) :-- Of a thickness of 3 mm or more",41221,"Flat-rolled products of iron or non- alloy steel, not further worked than"
720916,"In coils, not further worked than cold-rolled (cold-reduced) :-- Of a thickness exceeding 1 mm but less than 3 mm",41221,"Flat-rolled products of iron or non- alloy steel, not further worked than"
720917,"In coils, not further worked than cold-rolled (cold-reduced) :-- Of a thickness of 0.5 mm or more but not exceeding 1 mm",41221,"Flat-rolled products of iron or non- alloy steel, not further worked than"
720918,"In coils, not further worked than cold-rolled (cold-reduced) :-- Of a thickness of less than 0.5 mm",41221,"Flat-rolled products of iron or non- alloy steel, not further worked than"
720925,"Not in coils, not further worked than cold-rolled (cold-reduced) :-- Of a thickness of 3 mm or more",41221,"Flat-rolled products of iron or non- alloy steel, not further worked than"
720926,"Not in coils, not further worked than cold-rolled (cold-reduced) :-- Of a thickness exceeding 1 mm but less than 3 mm",41221,"Flat-rolled products of iron or non- alloy steel, not further worked than"
720927,"Not in coils, not further worked than cold-rolled (cold-reduced) :-- Of a thickness of 0.5 mm or more but not exceeding 1 mm",41221,"Flat-rolled products of iron or non- alloy steel, not further worked than"
720928,"Not in coils, not further worked than cold-rolled (cold-reduced) :-- Of a thickness of less than 0.5 mm",41221,"Flat-rolled products of iron or non- alloy steel, not further worked than"
720990,Other,41231,"Other flat-rolled products of iron or non-alloy steel (not clad, plated"
721011,Plated or coated with tin :-- Of a thickness of 0.5 mm or more,41232,"Flat-rolled products of iron or non-alloy steel, clad, plated or coated"
721012,Plated or coated with tin :-- Of a thickness of less than 0.5 mm,41232,"Flat-rolled products of iron or non-alloy steel, clad, plated or coated"
721020,"Plated or coated with lead, including terne-plate",41232,"Flat-rolled products of iron or non-alloy steel, clad, plated or coated"
721030,Electrolytically plated or coated with zinc,41232,"Flat-rolled products of iron or non-alloy steel, clad, plated or coated"
721041,Otherwise plated or coated with zinc :-- Corrugated,41232,"Flat-rolled products of iron or non-alloy steel, clad, plated or coated"
721049,Otherwise plated or coated with zinc :-- Other,41232,"Flat-rolled products of iron or non-alloy steel, clad, plated or coated"
721050,Plated or coated with chromium oxides or with chromium and chromium oxides,41232,"Flat-rolled products of iron or non-alloy steel, clad, plated or coated"
721061,Plated or coated with aluminium :-- Plated or coated with aluminium-zinc alloys,41232,"Flat-rolled products of iron or non-alloy steel, clad, plated or coated"
721069,Plated or coated with aluminium :-- Other,41232,"Flat-rolled products of iron or non-alloy steel, clad, plated or coated"
721070,"Painted, varnished or coated with plastics",41232,"Flat-rolled products of iron or non-alloy steel, clad, plated or coated"
721090,Other,41232,"Flat-rolled products of iron or non-alloy steel, clad, plated or coated"
721113,"Not further worked than hot-rolled :- Plated or coated with aluminium :-- Rolled on four faces or in a closed box pass, of a width exceeding 150 mm and a thickness of not less than 4 mm, not in coils and without pat",41212,"Flat-rolled products of iron or non- alloy steel, not further worked than"
721114,"Not further worked than hot-rolled :- Plated or coated with aluminium :-- Other, of a thickness of 4.75 mm or more",41212,"Flat-rolled products of iron or non- alloy steel, not further worked than"
721119,Not further worked than hot-rolled :- Plated or coated with aluminium :-- Other,41212,"Flat-rolled products of iron or non- alloy steel, not further worked than"
721123,Not further worked than cold-rolled (cold-reduced) :-- Containing by weight less than 0.25 % of carbon,41222,"Flat-rolled products of iron or non- alloy steel, not further worked than"
721129,Not further worked than cold-rolled (cold-reduced) :-- Other,41212,"Flat-rolled products of iron or non- alloy steel, not further worked than"
721190,Other,41231,"Other flat-rolled products of iron or non-alloy steel (not clad, plated"
721210,Plated or coated with tin,41232,"Flat-rolled products of iron or non-alloy steel, clad, plated or coated"
721220,Electrolytically plated or coated with zinc,41232,"Flat-rolled products of iron or non-alloy steel, clad, plated or coated"
721230,Otherwise plated or coated with zinc,41232,"Flat-rolled products of iron or non-alloy steel, clad, plated or coated"
721240,"Painted, varnished or coated with plastics",41232,"Flat-rolled products of iron or non-alloy steel, clad, plated or coated"
721250,Otherwise plated or coated,41232,"Flat-rolled products of iron or non-alloy steel, clad, plated or coated"
721260,Clad,41232,"Flat-rolled products of iron or non-alloy steel, clad, plated or coated"
721310,"Containing indentations, ribs, grooves or other deformations produced during the rolling process",41241,"Bars and rods, hot-rolled, in irregularly wound coils, of iron or non-alloy steel"
721320,"Other, of free-cutting steel",41241,"Bars and rods, hot-rolled, in irregularly wound coils, of iron or non-alloy steel"
721391,Other :-- Of circular cross-section measuring less than 14 mm in diameter,41241,"Bars and rods, hot-rolled, in irregularly wound coils, of iron or non-alloy steel"
721399,Other,41241,"Bars and rods, hot-rolled, in irregularly wound coils, of iron or non-alloy steel"
721410,Forged,41242,"Other bars and rods of iron or non- alloy steel, not further worked than"
721420,"Containing indentations, ribs, grooves or other deformations produced during the rolling process or twisted after rolling",41242,"Other bars and rods of iron or non- alloy steel, not further worked than"
721430,"Other, of free-cutting steel",41242,"Other bars and rods of iron or non- alloy steel, not further worked than"
721491,Other :-- Of rectangular (other than square) cross-section,41242,"Other bars and rods of iron or non- alloy steel, not further worked than"
721499,Other,41242,"Other bars and rods of iron or non- alloy steel, not further worked than"
721510,"Of free-cutting steel, not further worked than cold-formed or cold-finished",41261,"Bars and rods of iron or non-alloy steel, n.e.c. (including those not"
721550,"Other, not further worked than cold-formed or cold-finished",41261,"Bars and rods of iron or non-alloy steel, n.e.c. (including those not"
721590,Other,41261,"Bars and rods of iron or non-alloy steel, n.e.c. (including those not"
721610,"U, I or H sections, not further worked than hot-rolled, hot-drawn or extruded, of a height of less than 80 mm",41251,"Angles, shapes and sections, of iron or non-alloy steel, not further"
721621,"L or T sections, not further worked than hot-rolled, hot-drawn or extruded, of a height of less than 80 mm :-- L sections",41251,"Angles, shapes and sections, of iron or non-alloy steel, not further"
721622,"L or T sections, not further worked than hot-rolled, hot-drawn or extruded, of a height of less than 80 mm :-- T sections",41251,"Angles, shapes and sections, of iron or non-alloy steel, not further"
721631,"U, I or H sections, not further worked than hot-rolled, hot-drawn or extruded of a height of 80 mm or more :-- U sections",41251,"Angles, shapes and sections, of iron or non-alloy steel, not further"
721632,"U, I or H sections, not further worked than hot-rolled, hot-drawn or extruded of a height of 80 mm or more :-- I sections",41251,"Angles, shapes and sections, of iron or non-alloy steel, not further"
721633,"U, I or H sections, not further worked than hot-rolled, hot-drawn or extruded of a height of 80 mm or more :-- H sections",41251,"Angles, shapes and sections, of iron or non-alloy steel, not further"
721640,"L or T sections, not further worked than hot-rolled, hot-drawn or extruded, of a height of 80 mm or more",41251,"Angles, shapes and sections, of iron or non-alloy steel, not further"
721650,"Other angles, shapes and sections, not further worked than hot-rolled, hot-drawn or extruded",41251,"Angles, shapes and sections, of iron or non-alloy steel, not further"
721661,"Angles, shapes and sections, not further worked than cold-formed or cold-finished :-- Obtained from flat-rolled products",41262,"Angles, shapes and sections, of iron or non-alloy steel, n.e.c. (including those not further worked"
721669,"Angles, shapes and sections, not further worked than cold-formed or cold-finished :-- Other",41262,"Angles, shapes and sections, of iron or non-alloy steel, n.e.c. (including those not further worked"
721691,Other :-- Cold-formed or cold-finished from flat-rolled products,41262,"Angles, shapes and sections, of iron or non-alloy steel, n.e.c. (including those not further worked"
721699,Other,41262,"Angles, shapes and sections, of iron or non-alloy steel, n.e.c. (including those not further worked"
721710,"Not plated or coated, whether or not polished",41263,Wire of iron or non-alloy steel
721720,Plated or coated with zinc,41263,Wire of iron or non-alloy steel
721730,Plated or coated with other base metals,41263,Wire of iron or non-alloy steel
721790,Other,41263,Wire of iron or non-alloy steel
721810,Ingots and other primary forms,41122,"Ingots, other primary forms, and semi- finished products of stainless steel"
721891,Other :-- Of rectangular (other than square) cross-section,41122,"Ingots, other primary forms, and semi- finished products of stainless steel"
721899,Other,41122,"Ingots, other primary forms, and semi- finished products of stainless steel"
721911,"Not further worked than hot-rolled, in coils :-- Of a thickness exceeding 10 mm",41213,"Flat-rolled products of stainless steel or of other alloy steel, not"
721912,"Not further worked than hot-rolled, in coils :-- Of a thickness of 4.75 mm or more but not exceeding 10 mm",41213,"Flat-rolled products of stainless steel or of other alloy steel, not"
721913,"Not further worked than hot-rolled, in coils :-- Of a thickness of 3 mm or more but less than 4.75 mm",41213,"Flat-rolled products of stainless steel or of other alloy steel, not"
721914,"Not further worked than hot-rolled, in coils :-- Of a thickness of less than 3 mm",41213,"Flat-rolled products of stainless steel or of other alloy steel, not"
721921,"Not further worked than hot-rolled, not in coils :-- Of a thickness exceeding 10 mm",41213,"Flat-rolled products of stainless steel or of other alloy steel, not"
721922,"Not further worked than hot-rolled, not in coils :-- Of a thickness of 4.75 mm or more but not exceeding 10 mm",41213,"Flat-rolled products of stainless steel or of other alloy steel, not"
721923,"Not further worked than hot-rolled, not in coils :-- Of a thickness of 3 mm or more but less than 4.75 mm",41213,"Flat-rolled products of stainless steel or of other alloy steel, not"
721924,"Not further worked than hot-rolled, not in coils :-- Of a thickness of less than 3 mm",41213,"Flat-rolled products of stainless steel or of other alloy steel, not"
721931,Not further worked than cold-rolled (cold-reduced) :- Of a thickness of 4.75 mm or more,41223,"Flat-rolled products of stainless steel or of other alloy steel, not"
721932,Not further worked than cold-rolled (cold-reduced) :-- Of a thickness of 3 mm or more but less than 4.75 mm,41223,"Flat-rolled products of stainless steel or of other alloy steel, not"
721933,Not further worked than cold-rolled (cold-reduced) :-- Of a thickness exceeding 1 mm but less than 3 mm,41223,"Flat-rolled products of stainless steel or of other alloy steel, not"
721934,Not further worked than cold-rolled (cold-reduced) :-- Of a thickness of 0.5 mm or more but not exceeding 1 mm,41223,"Flat-rolled products of stainless steel or of other alloy steel, not"
721935,Not further worked than cold-rolled (cold-reduced) :-- Of a thickness of less than 0.5 mm,41223,"Flat-rolled products of stainless steel or of other alloy steel, not"
721990,Other,41235,Other flat-rolled products of stainless steel or other alloy steel
722011,Not further worked than hot-rolled :-- Of a thickness of 4.75 mm or more,41214,"Flat-rolled products of stainless steel or of other alloy steel, not"
722012,Not further worked than hot-rolled :-- Of a thickness of less than 4.75 mm,41214,"Flat-rolled products of stainless steel or of other alloy steel, not"
722020,Not further worked than cold-rolled (cold-reduced),41224,"Flat-rolled products of stainless steel or of other alloy steel, not"
722090,Other,41235,Other flat-rolled products of stainless steel or other alloy steel
722100,"Bars and rods, hot-rolled, in irregularly wound coils, of stainless steel.",41243,"Bars and rods, hot-rolled, in irregularly wound coils, of stainless steel or other alloy steel"
722211,"Bars and rods, not further worked than hot-rolled, hot-drawn or extruded :-- Of circular cross-section",41244,"Other bars and rods of stainless steel or other alloy steel, not further worked than hot-rolled, hot-"
722219,"Bars and rods, not further worked than hot-rolled, hot-drawn or extruded :-- Other",41244,"Other bars and rods of stainless steel or other alloy steel, not further worked than hot-rolled, hot-"
722220,"Bars and rods, not further worked than cold-formed or cold-finished",41264,"Bars and rods, of stainless steel or other alloy steel, n.e.c. (including"
722230,Other bars and rods,41264,"Bars and rods, of stainless steel or other alloy steel, n.e.c. (including"
722240,"Angles, shapes and sections",41265,"Angles, shapes and sections of stainless steel or other alloy steel"
722300,Wire of stainless steel.,41266,Wire of stainless steel or other alloy steel
722410,Ingots and other primary forms,41122,"Ingots, other primary forms, and semi- finished products of stainless steel"
722490,Other,41122,"Ingots, other primary forms, and semi- finished products of stainless steel"
722511,Of silicon-electrical steel :-- Grain-oriented,41233,Flat-rolled products of silicon- electrical steel
722519,Of silicon-electrical steel :-- Other,41233,Flat-rolled products of silicon- electrical steel
722520,Of high speed steel,41234,Flat-rolled products of high speed steel
722530,"Other, not further worked than hot-rolled, in coils",41213,"Flat-rolled products of stainless steel or of other alloy steel, not"
722540,"Other, not further worked than hot-rolled, not in coils",41213,"Flat-rolled products of stainless steel or of other alloy steel, not"
722550,"Other, not further worked than cold-rolled (cold-reduced)",41223,"Flat-rolled products of stainless steel or of other alloy steel, not"
722591,Other :-- Electrolytically plated or coated with zinc,41235,Other flat-rolled products of stainless steel or other alloy steel
722592,Other :-- Otherwise plated or coated with zinc,41235,Other flat-rolled products of stainless steel or other alloy steel
722599,Other,41235,Other flat-rolled products of stainless steel or other alloy steel
722611,Of silicon-electrical steel :-- Grain-oriented,41233,Flat-rolled products of silicon- electrical steel
722619,Of silicon-electrical steel :-- Other,41233,Flat-rolled products of silicon- electrical steel
722620,Of high speed steel,41234,Flat-rolled products of high speed steel
722691,Other :-- Not further worked than hot-rolled,41214,"Flat-rolled products of stainless steel or of other alloy steel, not"
722692,Other :-- Not further worked than cold-rolled (cold-reduced),41224,"Flat-rolled products of stainless steel or of other alloy steel, not"
722693,Other :-- Electrolytically plated or coated with zinc,41235,Other flat-rolled products of stainless steel or other alloy steel
722694,Other :-- Otherwise plated or coated with zinc,41235,Other flat-rolled products of stainless steel or other alloy steel
722699,Other,41235,Other flat-rolled products of stainless steel or other alloy steel
722710,Of high speed steel,41243,"Bars and rods, hot-rolled, in irregularly wound coils, of stainless steel or other alloy steel"
722720,Of silico-manganese steel,41243,"Bars and rods, hot-rolled, in irregularly wound coils, of stainless steel or other alloy steel"
722790,Other,41243,"Bars and rods, hot-rolled, in irregularly wound coils, of stainless steel or other alloy steel"
722810,"Bars and rods, of high speed steel",41264,"Bars and rods, of stainless steel or other alloy steel, n.e.c. (including"
722820,"Bars and rods, of silico-manganese steel",41264,"Bars and rods, of stainless steel or other alloy steel, n.e.c. (including"
722830,"Other bars and rods, not further worked than hot-rolled, hot-drawn or extruded",41244,"Other bars and rods of stainless steel or other alloy steel, not further worked than hot-rolled, hot-"
722840,"Other bars and rods, not further worked than forged",41264,"Bars and rods, of stainless steel or other alloy steel, n.e.c. (including"
722850,"Other bars and rods, not further worked than cold-formed or cold-finished",41264,"Bars and rods, of stainless steel or other alloy steel, n.e.c. (including"
722860,Other bars and rods,41264,"Bars and rods, of stainless steel or other alloy steel, n.e.c. (including"
722870,"Angles, shapes and sections",41265,"Angles, shapes and sections of stainless steel or other alloy steel"
722880,Hollow drill bars and rods,41264,"Bars and rods, of stainless steel or other alloy steel, n.e.c. (including"
722910,Of high speed steel,41266,Wire of stainless steel or other alloy steel
722920,Of silico-manganese steel,41266,Wire of stainless steel or other alloy steel
722990,Other,41266,Wire of stainless steel or other alloy steel
730110,Sheet piling,41252,"Sheet piling, of iron or steel; welded angles, shapes and sections,"
730120,"Angles, shapes and sections",41252,"Sheet piling, of iron or steel; welded angles, shapes and sections,"
730210,Rails,41253,Railway or tramway track construction material of iron or steel
730220,Sleepers (cross-ties),41253,Railway or tramway track construction material of iron or steel
730230,"Switch blades, crossing frogs, point rods and other crossing pieces",41253,Railway or tramway track construction material of iron or steel
730240,Fish-plates and sole plates,41253,Railway or tramway track construction material of iron or steel
730290,Other,41253,Railway or tramway track construction material of iron or steel
730300,"Tubes, pipes and hollow profiles, of cast iron.",41273,"Tubes, pipes and hollow profiles of cast iron"
730410,Line pipe of a kind used for oil or gas pipelines,41271,"Line pipe of a kind used for oil or gas pipelines, seamless, of iron"
730421,"Casing, tubing and drill pipe, of a kind used in drilling for oil or gas :-- Drill pipe",41272,"Casing, tubing and drill pipe, of a kind used in the drilling for oil"
730429,"Casing, tubing and drill pipe, of a kind used in drilling for oil or gas :-- Other",41272,"Casing, tubing and drill pipe, of a kind used in the drilling for oil"
730431,"Other, of circular cross-section, of iron or non-alloy steel :-- Cold-drawn or cold-rolled (cold-reduced)",41274,"Other tubes, pipes and hollow profiles, seamless, of iron or steel"
730439,"Other, of circular cross-section, of iron or non-alloy steel :-- Other",41274,"Other tubes, pipes and hollow profiles, seamless, of iron or steel"
730441,"Other, of circular cross-section, of stainless steel :",41274,"Other tubes, pipes and hollow profiles, seamless, of iron or steel"
730449,"Other, of circular cross-section, of stainless steel :-- Other",41274,"Other tubes, pipes and hollow profiles, seamless, of iron or steel"
730451,"Other, of circular cross-section, of other alloy steel :-- Cold-drawn or cold-rolled (cold-reduced)",41274,"Other tubes, pipes and hollow profiles, seamless, of iron or steel"
730459,"Other, of circular cross-section, of other alloy steel :-- Other",41274,"Other tubes, pipes and hollow profiles, seamless, of iron or steel"
730490,Other,41274,"Other tubes, pipes and hollow profiles, seamless, of iron or steel"
730511,Line pipe of a kind used for oil or gas pipelines :-- Longitudinally submerged arc welded,41275,"Line pipe of a kind used for oil or gas pipelines, other than seamless,"
730512,"Line pipe of a kind used for oil or gas pipelines :-- Other, longitudinally welded",41275,"Line pipe of a kind used for oil or gas pipelines, other than seamless,"
730519,Line pipe of a kind used for oil or gas pipelines :-- Other,41275,"Line pipe of a kind used for oil or gas pipelines, other than seamless,"
730520,Casing of a kind used in drilling for oil or gas,41276,"Casing and tubing, of a kind used in the drilling for oil or gas, other"
730531,"Other, welded :-- Longitudinally welded",41277,"Other tubes, pipes and hollow profiles, of iron or steel"
730539,"Other, welded :-- Other",41277,"Other tubes, pipes and hollow profiles, of iron or steel"
730590,Other,41277,"Other tubes, pipes and hollow profiles, of iron or steel"
730610,Line pipe of a kind used for oil or gas pipelines,41275,"Line pipe of a kind used for oil or gas pipelines, other than seamless,"
730620,Casing and tubing of a kind used in drilling for oil or gas,41276,"Casing and tubing, of a kind used in the drilling for oil or gas, other"
730630,"Other, welded, of circular cross-section, of iron or non-alloy steel",41277,"Other tubes, pipes and hollow profiles, of iron or steel"
730640,"Other, welded, of circular cross-section, of stainless steel",41277,"Other tubes, pipes and hollow profiles, of iron or steel"
730650,"Other, welded, of circular cross-section, of other alloy steel",41277,"Other tubes, pipes and hollow profiles, of iron or steel"
730660,"Other, welded, of non-circular cross-section",41277,"Other tubes, pipes and hollow profiles, of iron or steel"
730690,Other,41277,"Other tubes, pipes and hollow profiles, of iron or steel"
730711,Cast fittings :-- Of non-malleable cast iron,41278,"Tube or pipe fittings, of iron or steel"
730719,Cast fittings :-- Other,41278,"Tube or pipe fittings, of iron or steel"
730721,"Other, of stainless steel :-- Flanges",41278,"Tube or pipe fittings, of iron or steel"
730722,"Other, of stainless steel :-- Threaded elbows, bends and sleeves",41278,"Tube or pipe fittings, of iron or steel"
730723,"Other, of stainless steel :-- Butt welding fittings",41278,"Tube or pipe fittings, of iron or steel"
730729,"Other, of stainless steel :-- Other",41278,"Tube or pipe fittings, of iron or steel"
730791,Other :-- Flanges,41278,"Tube or pipe fittings, of iron or steel"
730792,"Other :-- Threaded elbows, bends and sleeves",41278,"Tube or pipe fittings, of iron or steel"
730793,Other :-- Butt welding fittings,41278,"Tube or pipe fittings, of iron or steel"
730799,Other,41278,"Tube or pipe fittings, of iron or steel"
730810,Bridges and bridge-sections,4211,"Bridges, bridge sections, towers and lattice masts, of iron or steel"
730820,Towers and lattice masts,4211,"Bridges, bridge sections, towers and lattice masts, of iron or steel"
730830,"Doors, windows and their frames and thresholds for doors",4212,"Doors, windows and their frames and thresholds for doors, of iron, steel or aluminium"
730840,"Equipment for scaffolding, shuttering, propping or pitpropping",4219,"Other structures (except prefabricated buildings) and parts of structures,"
730890,Other,4219,"Other structures (except prefabricated buildings) and parts of structures,"
730900,"Reservoirs, tanks, vats and similar containers for any material (other than compressed or liquefied gas), of iron or steel, of a capacity exceeding 300 l, whether or not lined or heat-insulated, but not fitted with me",4221,"Reservoirs, tanks, vats and similar containers (other than for compressed"
731010,Of a capacity of 50 l or more,42931,"Tanks, casks, drums, cans, boxes and similar containers (other than for"
731021,Of a capacity of less than 50 l :-- Cans which are to be closed by soldering or crimping,42931,"Tanks, casks, drums, cans, boxes and similar containers (other than for"
731029,Of a capacity of less than 50 l :-- Other,42931,"Tanks, casks, drums, cans, boxes and similar containers (other than for"
731100,"Containers for compressed or liquefied gas, of iron or steel.",4222,"Containers for compressed or liquefied gas, of iron, steel or aluminium"
731210,"Stranded wire, ropes and cables",42941,"Stranded wire, ropes, cables, plaited bands, slings and the like, of iron"
731290,Other,42941,"Stranded wire, ropes, cables, plaited bands, slings and the like, of iron"
731300,"Barbed wire of iron or steel; twisted hoop or single flat wire, barbed or not, and loosely twisted double wire, of a kind used for fencing, of iron or steel.",42942,"Barbed wire of iron or steel; twisted hoop or single flat wire, and loosely"
731412,"Woven cloth :-- Endless bands for machinery, of stainless steel",42943,"Cloth, grill, netting and fencing, of iron, steel or copper wire; expanded metal of iron, steel or"
731413,Woven cloth :-- Other endless bands for machinery,42943,"Cloth, grill, netting and fencing, of iron, steel or copper wire; expanded metal of iron, steel or"
731414,"Woven cloth :-- Other woven cloth, of stainless steel",42943,"Cloth, grill, netting and fencing, of iron, steel or copper wire; expanded metal of iron, steel or"
731419,Woven cloth :-- Other,42943,"Cloth, grill, netting and fencing, of iron, steel or copper wire; expanded metal of iron, steel or"
731420,"Grill, netting and fencing, welded at the intersection, of wire with a maximum cross-sectional dimension of 3 mm or more and having a mesh size of 100 cm2 or more",42943,"Cloth, grill, netting and fencing, of iron, steel or copper wire; expanded metal of iron, steel or"
731431,"Other grill, netting and fencing, welded at the intersection :-- Plated or coated with zinc",42943,"Cloth, grill, netting and fencing, of iron, steel or copper wire; expanded metal of iron, steel or"
731439,"Other grill, netting and fencing, welded at the intersection :-- Other",42943,"Cloth, grill, netting and fencing, of iron, steel or copper wire; expanded metal of iron, steel or"
731441,"Other cloth, grill, netting and fencing :-- Plated or coated with zinc",42943,"Cloth, grill, netting and fencing, of iron, steel or copper wire; expanded metal of iron, steel or"
731442,"Other cloth, grill, netting and fencing :-- Coated with plastics",42943,"Cloth, grill, netting and fencing, of iron, steel or copper wire; expanded metal of iron, steel or"
731449,"Other cloth, grill, netting and fencing :-- Other",42943,"Cloth, grill, netting and fencing, of iron, steel or copper wire; expanded metal of iron, steel or"
731450,Expanded metal,42943,"Cloth, grill, netting and fencing, of iron, steel or copper wire; expanded metal of iron, steel or"
731511,Articulated link chain and parts thereof :-- Roller chain,4332,Transmission shafts and cranks; bearing housings and plain shaft bearings; gears and gearing; ball
731512,Articulated link chain and parts thereof :-- Other chain,4332,Transmission shafts and cranks; bearing housings and plain shaft bearings; gears and gearing; ball
731519,Articulated link chain and parts thereof :-- Parts,43332,Parts for the goods of subclass 43320
731520,Skid chain,42991,"Chain (except articulated link chain) and parts thereof, of iron or steel;"
731581,Other chain :-- Stud-link,42991,"Chain (except articulated link chain) and parts thereof, of iron or steel;"
731582,"Other chain :-- Other, welded link",42991,"Chain (except articulated link chain) and parts thereof, of iron or steel;"
731589,Other chain :-- Other,42991,"Chain (except articulated link chain) and parts thereof, of iron or steel;"
731590,Other parts,42991,"Chain (except articulated link chain) and parts thereof, of iron or steel;"
731600,"Anchors, grapnels and parts thereof, of iron or steel.",42999,"Metal goods n.e.c. (including anchors, grapnels and parts thereof, of iron"
731700,"Nails, tacks, drawing pins, corrugated nails, staples (other than those of heading No. 83.05) and similar articles, of iron or steel, whether or not with heads of other material, but excluding such articles with heads",42944,"Nails, tacks, staples (except staples in strips), screws, bolts, nuts,"
731811,Threaded articles :-- Coach screws,42944,"Nails, tacks, staples (except staples in strips), screws, bolts, nuts,"
731812,Threaded articles :-- Other wood screws,42944,"Nails, tacks, staples (except staples in strips), screws, bolts, nuts,"
731813,Threaded articles :-- Screw hooks and screw rings,42944,"Nails, tacks, staples (except staples in strips), screws, bolts, nuts,"
731814,Threaded articles :-- Self-tapping screws,42944,"Nails, tacks, staples (except staples in strips), screws, bolts, nuts,"
731815,"Threaded articles :-- Other screws and bolts, whether or not with their nuts or washers",42944,"Nails, tacks, staples (except staples in strips), screws, bolts, nuts,"
731816,Threaded articles :-- Nuts,42944,"Nails, tacks, staples (except staples in strips), screws, bolts, nuts,"
731819,Threaded articles :-- Other,42944,"Nails, tacks, staples (except staples in strips), screws, bolts, nuts,"
731821,Non-threaded articles :-- Spring washers and other lock washers,42944,"Nails, tacks, staples (except staples in strips), screws, bolts, nuts,"
731822,Non-threaded articles :-- Other washers,42944,"Nails, tacks, staples (except staples in strips), screws, bolts, nuts,"
731823,Non-threaded articles :-- Rivets,42944,"Nails, tacks, staples (except staples in strips), screws, bolts, nuts,"
731824,Non-threaded articles :-- Cotters and cotter-pins,42944,"Nails, tacks, staples (except staples in strips), screws, bolts, nuts,"
731829,Non-threaded articles :-- Other,42944,"Nails, tacks, staples (except staples in strips), screws, bolts, nuts,"
731910,"Sewing, darning or embroidery needles",42997,"Sewing needles, knitting needles, bodkins, crochet hooks, embroidery"
731920,Safety pins,42997,"Sewing needles, knitting needles, bodkins, crochet hooks, embroidery"
731930,Other pins,42997,"Sewing needles, knitting needles, bodkins, crochet hooks, embroidery"
731990,Other,42997,"Sewing needles, knitting needles, bodkins, crochet hooks, embroidery"
732010,Leaf-springs and leaves therefor,42945,"Springs and leaves for springs, of iron or steel; copper springs"
732020,Helical springs,42945,"Springs and leaves for springs, of iron or steel; copper springs"
732090,Other,42945,"Springs and leaves for springs, of iron or steel; copper springs"
732111,Cooking appliances and plate warmers :-- For gas fuel or for both gas and other fuels,44821,"Cooking appliances and plate warmers, non-electric, domestic, of iron"
732112,Cooking appliances and plate warmers :-- For liquid fuel,44821,"Cooking appliances and plate warmers, non-electric, domestic, of iron"
732113,Cooking appliances and plate warmers :-- For solid fuel,44821,"Cooking appliances and plate warmers, non-electric, domestic, of iron"
732181,Other appliances :-- For gas fuel or for both gas and other fuels,44822,"Stoves, grates, braziers and similar non-electric domestic appliances"
732182,Other appliances :-- For liquid fuel,44822,"Stoves, grates, braziers and similar non-electric domestic appliances"
732183,Other appliances :-- For solid fuel,44822,"Stoves, grates, braziers and similar non-electric domestic appliances"
732190,Parts,44832,"Parts of stoves, ranges, grates, cookers, barbecues, braziers, gas-"
732211,Radiators and parts thereof :-- Of cast iron,44823,"Radiators for central heating, not electrically heated, of iron or steel"
732219,Radiators and parts thereof :-- Other,44823,"Radiators for central heating, not electrically heated, of iron or steel"
732290,Other,44824,"Air heaters and hot air distributors, not electrically heated, incorporating a motor-driven fan"
732310,"Iron or steel wool; pot scourers and scouring or polishing pads, gloves and the like",42912,"Table, kitchen or other household articles and parts thereof, of iron,"
732391,"Other :-- Of cast iron, not enamelled",42912,"Table, kitchen or other household articles and parts thereof, of iron,"
732392,"Other :-- Of cast iron, enamelled",42912,"Table, kitchen or other household articles and parts thereof, of iron,"
732393,Other :-- Of stainless steel,42912,"Table, kitchen or other household articles and parts thereof, of iron,"
732394,"Other :-- Of iron (other than cast iron) or steel, enamelled",42912,"Table, kitchen or other household articles and parts thereof, of iron,"
732399,Other,42912,"Table, kitchen or other household articles and parts thereof, of iron,"
732410,"Sinks and wash basins, of stainless steel",42911,"Sinks, wash-basins, baths and other sanitary ware and parts thereof, of"
732421,"Baths :-- Of cast iron, whether or not enamelled",42911,"Sinks, wash-basins, baths and other sanitary ware and parts thereof, of"
732429,Baths :-- Other,42911,"Sinks, wash-basins, baths and other sanitary ware and parts thereof, of"
732490,"Other, including parts",42911,"Sinks, wash-basins, baths and other sanitary ware and parts thereof, of"
732510,Of non-malleable cast iron,42999,"Metal goods n.e.c. (including anchors, grapnels and parts thereof, of iron"
732591,Other :-- Grinding balls and similar articles for mills,42999,"Metal goods n.e.c. (including anchors, grapnels and parts thereof, of iron"
732599,Other,42999,"Metal goods n.e.c. (including anchors, grapnels and parts thereof, of iron"
732611,"Forged or stamped, but not further worked :-- Grinding balls and similar articles for mills",42999,"Metal goods n.e.c. (including anchors, grapnels and parts thereof, of iron"
732619,"Forged or stamped, but not further worked :-- Other",42999,"Metal goods n.e.c. (including anchors, grapnels and parts thereof, of iron"
732620,Articles of iron or steel wire,42999,"Metal goods n.e.c. (including anchors, grapnels and parts thereof, of iron"
732690,Other,42999,"Metal goods n.e.c. (including anchors, grapnels and parts thereof, of iron"
740110,Copper mattes,41411,Copper mattes; cement copper
740120,Cement copper (precipitated copper),41411,Copper mattes; cement copper
740200,Unrefined copper; copper anodes for electrolytic refining.,41412,Unrefined copper; copper anodes for electrolytic refining
740311,Refined copper :-- Cathodes and sections of cathodes,41413,"Refined copper and copper alloys, unwrought; master alloys of copper"
740312,Refined copper :-- Wire-bars,41413,"Refined copper and copper alloys, unwrought; master alloys of copper"
740313,Refined copper :-- Billets,41413,"Refined copper and copper alloys, unwrought; master alloys of copper"
740319,Refined copper :-- Other,41413,"Refined copper and copper alloys, unwrought; master alloys of copper"
740321,Copper alloys :-- Copper-zinc base alloys (brass),41413,"Refined copper and copper alloys, unwrought; master alloys of copper"
740322,Copper alloys :-- Copper-tin base alloys (bronze),41413,"Refined copper and copper alloys, unwrought; master alloys of copper"
740323,Copper alloys :-- Copper-nickel base alloys (cupro-nickel) or copper-nickel-zinc base alloys (nickel silver),41413,"Refined copper and copper alloys, unwrought; master alloys of copper"
740329,Copper alloys :-- Other copper alloys (other than master alloys of heading No. 74.05),41413,"Refined copper and copper alloys, unwrought; master alloys of copper"
740400,Copper waste and scrap.,3936,"Waste and scrap of copper, nickel, aluminium, lead, zinc and tin"
740500,Master alloys of copper.,41413,"Refined copper and copper alloys, unwrought; master alloys of copper"
740610,Powders of non-lamellar structure,41511,Powders and flakes of copper
740620,Powders of lamellar structure; flakes,41511,Powders and flakes of copper
740710,Of refined copper,41512,"Bars, rods and profiles, of copper"
740721,Of copper alloys :-- Of copper-zinc base alloys (brass),41512,"Bars, rods and profiles, of copper"
740722,Of copper alloys :-- Of copper-nickel base alloys (cupro-nickel) or copper-nickel-zinc base alloys (nickel silver),41512,"Bars, rods and profiles, of copper"
740729,Of copper alloys :-- Other,41512,"Bars, rods and profiles, of copper"
740811,Of refined copper :-- Of which the maximum cross-sectional dimension exceeds 6 mm,41513,Wire of copper
740819,Of refined copper :-- Other,41513,Wire of copper
740821,Of copper alloys :-- Of copper-zinc base alloys (brass),41513,Wire of copper
740822,Of copper alloys :-- Of copper-nickel base alloys (cupro-nickel) or copper-nickel-zinc base alloys (nickel silver),41513,Wire of copper
740829,Of copper alloys :-- Other,41513,Wire of copper
740911,Of refined copper :-- In coils,41514,"Plates, sheets and strip, of copper, of a thickness exceeding 0.15 mm"
740919,Of refined copper :-- Other,41514,"Plates, sheets and strip, of copper, of a thickness exceeding 0.15 mm"
740921,Of copper-zinc base alloys (brass) :-- In coils,41514,"Plates, sheets and strip, of copper, of a thickness exceeding 0.15 mm"
740929,Of copper-zinc base alloys (brass) :-- Other,41514,"Plates, sheets and strip, of copper, of a thickness exceeding 0.15 mm"
740931,Of copper-tin base alloys (bronze) :-- In coils,41514,"Plates, sheets and strip, of copper, of a thickness exceeding 0.15 mm"
740939,Of copper-tin base alloys (bronze) :-- Other,41514,"Plates, sheets and strip, of copper, of a thickness exceeding 0.15 mm"
740940,Of copper-nickel base alloys (cupro-nickel) or copper- nickel-zinc base alloys (nickel silver),41514,"Plates, sheets and strip, of copper, of a thickness exceeding 0.15 mm"
740990,Of other copper alloys,41514,"Plates, sheets and strip, of copper, of a thickness exceeding 0.15 mm"
741011,Not backed :-- Of refined copper,41515,"Foil, of copper, of a thickness not exceeding 0.15 mm"
741012,Not backed :-- Of copper alloys,41515,"Foil, of copper, of a thickness not exceeding 0.15 mm"
741021,Backed :-- Of refined copper,41515,"Foil, of copper, of a thickness not exceeding 0.15 mm"
741022,Backed :-- Of copper alloys,41515,"Foil, of copper, of a thickness not exceeding 0.15 mm"
741110,Of refined copper,41516,"Tubes, pipes and tube or pipe fittings, of copper"
741121,Of copper alloys :-- Of copper-zinc base alloys (brass),41516,"Tubes, pipes and tube or pipe fittings, of copper"
741122,Of copper alloys :-- Of copper-nickel base alloys (cupro-nickel) or copper-nickel-zinc base alloys (nickel silver),41516,"Tubes, pipes and tube or pipe fittings, of copper"
741129,Of copper alloys :-- Other,41516,"Tubes, pipes and tube or pipe fittings, of copper"
741210,Of refined copper,41516,"Tubes, pipes and tube or pipe fittings, of copper"
741220,Of copper alloys,41516,"Tubes, pipes and tube or pipe fittings, of copper"
741300,"Stranded wire, cables, plaited bands and the like, of copper, not electrically insulated.",42942,"Barbed wire of iron or steel; twisted hoop or single flat wire, and loosely"
741420,Cloth,42943,"Cloth, grill, netting and fencing, of iron, steel or copper wire; expanded metal of iron, steel or"
741490,Other,42943,"Cloth, grill, netting and fencing, of iron, steel or copper wire; expanded metal of iron, steel or"
741510,"Nails and tacks, drawing pins, staples and similar articles",42944,"Nails, tacks, staples (except staples in strips), screws, bolts, nuts,"
741521,"Other articles, not threaded :-- Washers (including spring washers)",42944,"Nails, tacks, staples (except staples in strips), screws, bolts, nuts,"
741529,"Other articles, not threaded :-- Other",42944,"Nails, tacks, staples (except staples in strips), screws, bolts, nuts,"
741531,Other threaded articles :-- Screws for wood,42944,"Nails, tacks, staples (except staples in strips), screws, bolts, nuts,"
741532,Other threaded articles :-- Other screws; bolts and nuts,42944,"Nails, tacks, staples (except staples in strips), screws, bolts, nuts,"
741539,Other threaded articles :-- Other,42944,"Nails, tacks, staples (except staples in strips), screws, bolts, nuts,"
741600,Copper springs.,42945,"Springs and leaves for springs, of iron or steel; copper springs"
741700,"Cooking or heating apparatus of a kind used for domestic purposes, non-electric, and parts thereof, of copper.",44821,"Cooking appliances and plate warmers, non-electric, domestic, of iron"
741811,"Table, kitchen or other household articles and parts thereof; pot scourers and scouring or polishing pads, gloves and the like :-- Pot scourers and scouring or polishing pads, gloves and the like",42912,"Table, kitchen or other household articles and parts thereof, of iron,"
741819,"Table, kitchen or other household articles and parts thereof; pot scourers and scouring or polishing pads, gloves and the like :-- Other",42912,"Table, kitchen or other household articles and parts thereof, of iron,"
741820,Sanitary ware and parts thereof,42911,"Sinks, wash-basins, baths and other sanitary ware and parts thereof, of"
741910,Chain and parts thereof,42991,"Chain (except articulated link chain) and parts thereof, of iron or steel;"
741991,"Other :-- Cast, moulded, stamped or forged, but not further worked",42999,"Metal goods n.e.c. (including anchors, grapnels and parts thereof, of iron"
741999,Other,42999,"Metal goods n.e.c. (including anchors, grapnels and parts thereof, of iron"
750110,Nickel mattes,41421,"Nickel mattes, nickel oxide sinters and other intermediate products of"
750120,Nickel oxide sinters and other intermediate products of nickel metallurgy,41421,"Nickel mattes, nickel oxide sinters and other intermediate products of"
750210,"Nickel, not alloyed",41422,Unwrought nickel
750220,Nickel alloys,41422,Unwrought nickel
750300,Nickel waste and scrap.,3936,"Waste and scrap of copper, nickel, aluminium, lead, zinc and tin"
750400,Nickel powders and flakes.,41521,Powders and flakes of nickel
750511,"Bars, rods and profiles :-- Of nickel, not alloyed",41522,"Bars, rods, profiles and wire, of nickel"
750512,"Bars, rods and profiles :-- Of nickel alloys",41522,"Bars, rods, profiles and wire, of nickel"
750521,"Wire :-- Of nickel, not alloyed",41522,"Bars, rods, profiles and wire, of nickel"
750522,Wire :-- Of nickel alloys,41522,"Bars, rods, profiles and wire, of nickel"
750610,"Of nickel, not alloyed",41523,"Plates, sheet, strip and foil, of nickel"
750620,Of nickel alloys,41523,"Plates, sheet, strip and foil, of nickel"
750711,"Tubes and pipes :-- Of nickel, not alloyed",41524,"Tubes, pipes and tube or pipe fittings, of nickel"
750712,Tubes and pipes :-- Of nickel alloys,41524,"Tubes, pipes and tube or pipe fittings, of nickel"
750720,Tube or pipe fittings,41524,"Tubes, pipes and tube or pipe fittings, of nickel"
750810,"Cloth, grill and netting, of nickel wire",42999,"Metal goods n.e.c. (including anchors, grapnels and parts thereof, of iron"
750890,Other,42999,"Metal goods n.e.c. (including anchors, grapnels and parts thereof, of iron"
760110,"Aluminium, not alloyed",41431,Unwrought aluminium
760120,Aluminium alloys,41431,Unwrought aluminium
760200,Aluminium waste and scrap.,3936,"Waste and scrap of copper, nickel, aluminium, lead, zinc and tin"
760310,Powders of non-lamellar structure,41531,Powders and flakes of aluminium
760320,Powders of lamellar structure; flakes,41531,Powders and flakes of aluminium
760410,"Of aluminium, not alloyed",41532,"Bars, rods and profiles, of aluminium"
760421,Of aluminium alloys :-- Hollow profiles,41532,"Bars, rods and profiles, of aluminium"
760429,Of aluminium alloys :,41532,"Bars, rods and profiles, of aluminium"
760511,"Of aluminium, not alloyed :- Of which the maximum cross-sectional dimension exceeds 7 mm",41533,Wire of aluminium
760519,"Of aluminium, not alloyed :-- Other",41533,Wire of aluminium
760521,Of aluminium alloys :-- Of which the maximum cross-sectional dimension exceeds 7 mm,41533,Wire of aluminium
760529,Of aluminium alloys :-- Other,41533,Wire of aluminium
760611,"Rectangular (including square) :-- Of aluminium, not alloyed",41534,"Plates, sheets and strip, of aluminium, of a thickness exceeding 0.2 mm"
760612,Rectangular (including square) :-- Of aluminium alloys,41534,"Plates, sheets and strip, of aluminium, of a thickness exceeding 0.2 mm"
760691,"Other :-- Of aluminium, not alloyed",41534,"Plates, sheets and strip, of aluminium, of a thickness exceeding 0.2 mm"
760692,Other :-- Of aluminium alloys,41534,"Plates, sheets and strip, of aluminium, of a thickness exceeding 0.2 mm"
760711,Not backed :-- Rolled but not further worked,41535,"Foil, of aluminium, of a thickness not exceeding 0.2 mm"
760719,Not backed :-- Other,41535,"Foil, of aluminium, of a thickness not exceeding 0.2 mm"
760720,Backed,41535,"Foil, of aluminium, of a thickness not exceeding 0.2 mm"
760810,"Of aluminium, not alloyed",41536,"Tubes, pipes and tube or pipe fittings, of aluminium"
760820,Of aluminium alloys,41536,"Tubes, pipes and tube or pipe fittings, of aluminium"
760900,"Aluminium tube or pipe fittings (for example, couplings, elbows, sleeves).",41536,"Tubes, pipes and tube or pipe fittings, of aluminium"
761010,"Doors, windows and their frames and thresholds for doors",4212,"Doors, windows and their frames and thresholds for doors, of iron, steel or aluminium"
761090,Other,4219,"Other structures (except prefabricated buildings) and parts of structures,"
761100,"Aluminium reservoirs, tanks, vats and similar containers, for any material (other than compressed or liquefied gas), of a capacity exceeding 300 l, whether or not lined or heat-insulated, but not fitted with mechanica",4221,"Reservoirs, tanks, vats and similar containers (other than for compressed"
761210,Collapsible tubular containers,42931,"Tanks, casks, drums, cans, boxes and similar containers (other than for"
761290,Other,42931,"Tanks, casks, drums, cans, boxes and similar containers (other than for"
761300,Aluminium containers for compressed or liquefied gas.,4222,"Containers for compressed or liquefied gas, of iron, steel or aluminium"
761410,With steel core,42942,"Barbed wire of iron or steel; twisted hoop or single flat wire, and loosely"
761490,Other,42942,"Barbed wire of iron or steel; twisted hoop or single flat wire, and loosely"
761511,"Table, kitchen or other household articles and parts thereof; pot scourers and scouring or polishing pads, gloves and the like :-- Pot scourers and scouring or polishing pads, gloves and the like.",42912,"Table, kitchen or other household articles and parts thereof, of iron,"
761519,"Table, kitchen or other household articles and parts thereof; pot scourers and scouring or polishing pads, gloves and the like :-- Other",42912,"Table, kitchen or other household articles and parts thereof, of iron,"
761520,Sanitary ware and parts thereof,42911,"Sinks, wash-basins, baths and other sanitary ware and parts thereof, of"
761610,"Nails, tacks, staples (other than those of heading No. 83.05), screws, bolts, nuts, screw hooks, rivets, cotters, cotter-pins, washers and similar articles",42944,"Nails, tacks, staples (except staples in strips), screws, bolts, nuts,"
761691,"Other :-- Cloth, grill, netting and fencing, of aluminium wire",42999,"Metal goods n.e.c. (including anchors, grapnels and parts thereof, of iron"
761699,Other,42999,"Metal goods n.e.c. (including anchors, grapnels and parts thereof, of iron"
780110,Refined lead,41441,"Lead, unwrought"
780191,Other :-- Containing by weight antimony as the principal other element,41441,"Lead, unwrought"
780199,Other,41441,"Lead, unwrought"
780200,Lead waste and scrap.,3936,"Waste and scrap of copper, nickel, aluminium, lead, zinc and tin"
780300,"Lead bars, rods, profiles and wire.",41541,"Lead bars, rods, profiles and wire"
780411,"Plates, sheets, strip and foil :-- Sheets, strip and foil of a thickness (excluding any backing) not exceeding 0.2 mm",41542,"Lead plates, sheets, strip and foil; lead powders and flakes"
780419,"Plates, sheets, strip and foil :-- Other",41542,"Lead plates, sheets, strip and foil; lead powders and flakes"
780420,Powders and flakes,41542,"Lead plates, sheets, strip and foil; lead powders and flakes"
780500,"Lead tubes, pipes and tube or pipe fittings (for example, couplings, elbows, sleeves).",41543,"Lead tubes, pipes and tube or pipe fittings"
780600,Other articles of lead.,42999,"Metal goods n.e.c. (including anchors, grapnels and parts thereof, of iron"
790111,"Zinc, not alloyed :- Containing by weight 99.99 % or more of zinc",41442,"Zinc, unwrought"
790112,"Zinc, not alloyed :-- Containing by weight less than 99.99 % of zinc",41442,"Zinc, unwrought"
790120,Zinc alloys,41442,"Zinc, unwrought"
790200,Zinc waste and scrap.,3936,"Waste and scrap of copper, nickel, aluminium, lead, zinc and tin"
790310,Zinc dust,41544,"Zinc dust, powders and flakes"
790390,Other,41544,"Zinc dust, powders and flakes"
790400,"Zinc bars, rods, profiles and wire.",41545,"Zinc bars, rods, profiles and wire; zinc plates, sheets, strip and foil"
790500,"Zinc plates, sheets, strip and foil.",41545,"Zinc bars, rods, profiles and wire; zinc plates, sheets, strip and foil"
790600,"Zinc tubes, pipes and tube or pipe fittings (for example, couplings, elbows, sleeves).",41546,"Zinc tubes, pipes and tube or pipe fittings"
790700,Other articles of zinc.,42999,"Metal goods n.e.c. (including anchors, grapnels and parts thereof, of iron"
800110,"Tin, not alloyed",41443,"Tin, unwrought"
800120,Tin alloys,41443,"Tin, unwrought"
800200,Tin waste and scrap.,3936,"Waste and scrap of copper, nickel, aluminium, lead, zinc and tin"
800300,"Tin bars, rods, profiles and wire.",41547,"Tin bars, rods, profiles and wire"
800400,"Tin plates, sheets and strip, of a thickness exceeding 0.2 mm.",41548,"Tin plates, sheets, strip and foil; tin powders and flakes"
800500,"Tin foil (whether or not printed or backed with paper, paperboard, plastics or similar backing materials), of a thickness (excluding any backing) not exceeding 0.2 mm; tin powders and flakes.",41548,"Tin plates, sheets, strip and foil; tin powders and flakes"
800600,"Tin tubes, pipes and tube or pipe fittings (for example, couplings, elbows, sleeves).",41549,"Tin tubes, pipes and tube or pipe fittings"
800700,Other articles of tin.,42999,"Metal goods n.e.c. (including anchors, grapnels and parts thereof, of iron"
810110,Powders,41601,"Tungsten, molybdenum, tantalum, magnesium, cobalt, cadmium, titanium"
810191,"Other :-- Unwrought tungsten, including bars and rods obtained simply by sintering; waste and scrap",41601,"Tungsten, molybdenum, tantalum, magnesium, cobalt, cadmium, titanium"
810192,"Other :-- Bars and rods, other than those obtained simply by sintering, profiles, plates, sheets, strip and foil",41602,"Tungsten, molybdenum, tantalum, magnesium, cobalt, cadmium, titanium,"
810193,Other :-- Wire,41602,"Tungsten, molybdenum, tantalum, magnesium, cobalt, cadmium, titanium,"
810199,Other,41602,"Tungsten, molybdenum, tantalum, magnesium, cobalt, cadmium, titanium,"
810210,Powders,41601,"Tungsten, molybdenum, tantalum, magnesium, cobalt, cadmium, titanium"
810291,"Other :-- Unwrought molybdenum, including bars and rods obtained simply by sintering; waste and scrap",41601,"Tungsten, molybdenum, tantalum, magnesium, cobalt, cadmium, titanium"
810292,"Other :-- Bars and rods, other than those obtained simply by sintering, profiles, plates, sheets, strip and foil",41602,"Tungsten, molybdenum, tantalum, magnesium, cobalt, cadmium, titanium,"
810293,Other :-- Wire,41602,"Tungsten, molybdenum, tantalum, magnesium, cobalt, cadmium, titanium,"
810299,Other,41602,"Tungsten, molybdenum, tantalum, magnesium, cobalt, cadmium, titanium,"
810310,"Unwrought tantalum, including bars and rods obtained simply by sintering; waste and scrap; powders",41601,"Tungsten, molybdenum, tantalum, magnesium, cobalt, cadmium, titanium"
810390,Other,41602,"Tungsten, molybdenum, tantalum, magnesium, cobalt, cadmium, titanium,"
810411,Unwrought magnesium :-- Containing at least 99.8 % by weight of magnesium,41601,"Tungsten, molybdenum, tantalum, magnesium, cobalt, cadmium, titanium"
810419,Unwrought magnesium :-- Other,41601,"Tungsten, molybdenum, tantalum, magnesium, cobalt, cadmium, titanium"
810420,Waste and scrap,41601,"Tungsten, molybdenum, tantalum, magnesium, cobalt, cadmium, titanium"
810430,"Raspings, turnings and granules, graded according to size; powders",41602,"Tungsten, molybdenum, tantalum, magnesium, cobalt, cadmium, titanium,"
810490,Other,41602,"Tungsten, molybdenum, tantalum, magnesium, cobalt, cadmium, titanium,"
810510,Cobalt mattes and other intermediate products of cobalt metallurgy; unwrought cobalt; waste and scrap; powders,41601,"Tungsten, molybdenum, tantalum, magnesium, cobalt, cadmium, titanium"
810590,Other,41602,"Tungsten, molybdenum, tantalum, magnesium, cobalt, cadmium, titanium,"
810600,"Bismuth and articles thereof, including waste and scrap.",41603,"Bismuth, antimony, manganese, chromium, germanium and vanadium and articles thereof (including waste"
810710,Unwrought cadmium; waste and scrap; powders,41601,"Tungsten, molybdenum, tantalum, magnesium, cobalt, cadmium, titanium"
810790,Other,41602,"Tungsten, molybdenum, tantalum, magnesium, cobalt, cadmium, titanium,"
810810,Unwrought titanium; waste and scrap; powders,41601,"Tungsten, molybdenum, tantalum, magnesium, cobalt, cadmium, titanium"
810890,Other,41602,"Tungsten, molybdenum, tantalum, magnesium, cobalt, cadmium, titanium,"
810910,Unwrought zirconium; waste and scrap; powders,41601,"Tungsten, molybdenum, tantalum, magnesium, cobalt, cadmium, titanium"
810990,Other,41602,"Tungsten, molybdenum, tantalum, magnesium, cobalt, cadmium, titanium,"
811000,"Antimony and articles thereof, including waste and scrap.",41603,"Bismuth, antimony, manganese, chromium, germanium and vanadium and articles thereof (including waste"
811100,"Manganese and articles thereof, including waste and scrap.",41603,"Bismuth, antimony, manganese, chromium, germanium and vanadium and articles thereof (including waste"
811211,Beryllium :-- Unwrought; waste and scrap; powders,41601,"Tungsten, molybdenum, tantalum, magnesium, cobalt, cadmium, titanium"
811219,Beryllium :-- Other,41602,"Tungsten, molybdenum, tantalum, magnesium, cobalt, cadmium, titanium,"
811220,Chromium,41603,"Bismuth, antimony, manganese, chromium, germanium and vanadium and articles thereof (including waste"
811230,Germanium,41603,"Bismuth, antimony, manganese, chromium, germanium and vanadium and articles thereof (including waste"
811240,Vanadium,41603,"Bismuth, antimony, manganese, chromium, germanium and vanadium and articles thereof (including waste"
811291,Other :-- Unwrought; waste and scrap; powders,41601,"Tungsten, molybdenum, tantalum, magnesium, cobalt, cadmium, titanium"
811299,Other,41602,"Tungsten, molybdenum, tantalum, magnesium, cobalt, cadmium, titanium,"
811300,"Cermets and articles thereof, including waste and scrap.",41604,Cermets and articles thereof
820110,Spades and shovels,42921,"Hand tools (including hand tools of a kind used in agriculture, horti-"
820120,Forks,42921,"Hand tools (including hand tools of a kind used in agriculture, horti-"
820130,"Mattocks, picks, hoes and rakes",42921,"Hand tools (including hand tools of a kind used in agriculture, horti-"
820140,"Axes, bill hooks and similar hewing tools",42921,"Hand tools (including hand tools of a kind used in agriculture, horti-"
820150,Secateurs and similar one-handed pruners and shears (including poultry shears),42921,"Hand tools (including hand tools of a kind used in agriculture, horti-"
820160,"Hedge shears, two-handed pruning shears and similar two-handed shears",42921,"Hand tools (including hand tools of a kind used in agriculture, horti-"
820190,"Other hand tools of a kind used in agriculture, horticulture or forestry",42921,"Hand tools (including hand tools of a kind used in agriculture, horti-"
820210,Hand saws,42921,"Hand tools (including hand tools of a kind used in agriculture, horti-"
820220,Band saw blades,42921,"Hand tools (including hand tools of a kind used in agriculture, horti-"
820231,Circular saw blades (including slitting or slotting saw blades) :-- With working part of steel,42921,"Hand tools (including hand tools of a kind used in agriculture, horti-"
820239,"Circular saw blades (including slitting or slotting saw blades) :-- Other, including parts",42921,"Hand tools (including hand tools of a kind used in agriculture, horti-"
820240,Chain saw blades,42921,"Hand tools (including hand tools of a kind used in agriculture, horti-"
820291,"Other saw blades :-- Straight saw blades, for working metal",42921,"Hand tools (including hand tools of a kind used in agriculture, horti-"
820299,Other saw blades :-- Other,42921,"Hand tools (including hand tools of a kind used in agriculture, horti-"
820310,"Files, rasps and similar tools",42921,"Hand tools (including hand tools of a kind used in agriculture, horti-"
820320,"Pliers (including cutting pliers), pincers, tweezers and similar tools",42921,"Hand tools (including hand tools of a kind used in agriculture, horti-"
820330,Metal cutting shears and similar tools,42921,"Hand tools (including hand tools of a kind used in agriculture, horti-"
820340,"Pipe-cutters, bolt croppers, perforating punches and similar tools",42921,"Hand tools (including hand tools of a kind used in agriculture, horti-"
820411,Hand-operated spanners and wrenches :-- Non-adjustable,42921,"Hand tools (including hand tools of a kind used in agriculture, horti-"
820412,Hand-operated spanners and wrenches :-- Adjustable,42921,"Hand tools (including hand tools of a kind used in agriculture, horti-"
820420,"Interchangeable spanner sockets, with or without handles",42921,"Hand tools (including hand tools of a kind used in agriculture, horti-"
820510,"Drilling, threading or tapping tools",42921,"Hand tools (including hand tools of a kind used in agriculture, horti-"
820520,Hammers and sledge hammers,42921,"Hand tools (including hand tools of a kind used in agriculture, horti-"
820530,"Planes, chisels, gouges and similar cutting tools for working wood",42921,"Hand tools (including hand tools of a kind used in agriculture, horti-"
820540,Screwdrivers,42921,"Hand tools (including hand tools of a kind used in agriculture, horti-"
820551,Other hand tools (including glaziers' diamonds) :-- Household tools,42921,"Hand tools (including hand tools of a kind used in agriculture, horti-"
820559,Other hand tools (including glaziers' diamonds) :-- Other,42921,"Hand tools (including hand tools of a kind used in agriculture, horti-"
820560,Blow lamps,42921,"Hand tools (including hand tools of a kind used in agriculture, horti-"
820570,"Vices, clamps and the like",42921,"Hand tools (including hand tools of a kind used in agriculture, horti-"
820580,Anvils; portable forges; hand or pedal-operated grinding wheels with frameworks,42921,"Hand tools (including hand tools of a kind used in agriculture, horti-"
820590,Sets of articles of two or more of the foregoing subheadings,42921,"Hand tools (including hand tools of a kind used in agriculture, horti-"
820600,"Tools of two or more of the headings Nos. 82.02 to 82.05, put up in sets for retail sale.",42921,"Hand tools (including hand tools of a kind used in agriculture, horti-"
820713,Rock drilling or earth boring tools :-- With working part of cermets,42922,"Interchangeable tools for hand tools or for machine-tools, including dies"
820719,"Rock drilling or earth boring tools :-- Other, including parts",42922,"Interchangeable tools for hand tools or for machine-tools, including dies"
820720,Dies for drawing or extruding metal,42922,"Interchangeable tools for hand tools or for machine-tools, including dies"
820730,"Tools for pressing, stamping or punching",42922,"Interchangeable tools for hand tools or for machine-tools, including dies"
820740,Tools for tapping or threading,42922,"Interchangeable tools for hand tools or for machine-tools, including dies"
820750,"Tools for drilling, other than for rock drilling",42922,"Interchangeable tools for hand tools or for machine-tools, including dies"
820760,Tools for boring or broaching,42922,"Interchangeable tools for hand tools or for machine-tools, including dies"
820770,Tools for milling,42922,"Interchangeable tools for hand tools or for machine-tools, including dies"
820780,Tools for turning,42922,"Interchangeable tools for hand tools or for machine-tools, including dies"
820790,Other interchangeable tools,42922,"Interchangeable tools for hand tools or for machine-tools, including dies"
820810,For metal working,42922,"Interchangeable tools for hand tools or for machine-tools, including dies"
820820,For wood working,42922,"Interchangeable tools for hand tools or for machine-tools, including dies"
820830,For kitchen appliances or for machines used by the food industry,42922,"Interchangeable tools for hand tools or for machine-tools, including dies"
820840,"For agricultural, horticultural or forestry machines",42922,"Interchangeable tools for hand tools or for machine-tools, including dies"
820890,Other,42922,"Interchangeable tools for hand tools or for machine-tools, including dies"
820900,"Plates, sticks, tips and the like for tools, unmounted, of cermets.",42922,"Interchangeable tools for hand tools or for machine-tools, including dies"
821000,"Hand-operated mechanical appliances, weighing 10 kg or less, used in the preparation, conditioning or serving of food or drink.",42912,"Table, kitchen or other household articles and parts thereof, of iron,"
821110,Sets of assorted articles,42913,"Knives (except for machines) and scissors, and blades therefor"
821191,Other :-- Table knives having fixed blades,42913,"Knives (except for machines) and scissors, and blades therefor"
821192,Other :-- Other knives having fixed blades,42913,"Knives (except for machines) and scissors, and blades therefor"
821193,Other :-- Knives having other than fixed blades,42913,"Knives (except for machines) and scissors, and blades therefor"
821194,Other :-- Blades,42913,"Knives (except for machines) and scissors, and blades therefor"
821195,Other :-- Handles of base metal,42913,"Knives (except for machines) and scissors, and blades therefor"
821210,Razors,42914,Razors and razor blades (including razor blade blanks in strips)
821220,"Safety razor blades, including razor blade blanks in strips",42914,Razors and razor blades (including razor blade blanks in strips)
821290,Other parts,42914,Razors and razor blades (including razor blade blanks in strips)
821300,"Scissors, tailors' shears and similar shears, and blades therefor.",42913,"Knives (except for machines) and scissors, and blades therefor"
821410,"Paper knives, letter openers, erasing knives, pencil sharpeners and blades therefor",42915,Other articles of cutlery; manicure or pedicure sets and instruments
821420,Manicure or pedicure sets and instruments (including nail files),42915,Other articles of cutlery; manicure or pedicure sets and instruments
821490,Other,42915,Other articles of cutlery; manicure or pedicure sets and instruments
821510,Sets of assorted articles containing at least one article plated with precious metal,42916,"Spoons, forks, ladles, skimmers, cake- servers, fish-knives, butter-knives,"
821520,Other sets of assorted articles,42916,"Spoons, forks, ladles, skimmers, cake- servers, fish-knives, butter-knives,"
821591,Other :-- Plated with precious metal,42916,"Spoons, forks, ladles, skimmers, cake- servers, fish-knives, butter-knives,"
821599,Other,42916,"Spoons, forks, ladles, skimmers, cake- servers, fish-knives, butter-knives,"
830110,Padlocks,42992,"Padlocks and locks, of base metal; clasps and frames with clasps, incorporating locks, of base metal;"
830120,Locks of a kind used for motor vehicles,42992,"Padlocks and locks, of base metal; clasps and frames with clasps, incorporating locks, of base metal;"
830130,Locks of a kind used for furniture,42992,"Padlocks and locks, of base metal; clasps and frames with clasps, incorporating locks, of base metal;"
830140,Other locks,42992,"Padlocks and locks, of base metal; clasps and frames with clasps, incorporating locks, of base metal;"
830150,"Clasps and frames with clasps, incorporating locks",42992,"Padlocks and locks, of base metal; clasps and frames with clasps, incorporating locks, of base metal;"
830160,Parts,42992,"Padlocks and locks, of base metal; clasps and frames with clasps, incorporating locks, of base metal;"
830170,Keys presented separately,42992,"Padlocks and locks, of base metal; clasps and frames with clasps, incorporating locks, of base metal;"
830210,Hinges,42999,"Metal goods n.e.c. (including anchors, grapnels and parts thereof, of iron"
830220,Castors,42999,"Metal goods n.e.c. (including anchors, grapnels and parts thereof, of iron"
830230,"Other mountings, fittings and similar articles suitable for motor vehicles",42999,"Metal goods n.e.c. (including anchors, grapnels and parts thereof, of iron"
830241,"Other mountings, fittings and similar articles :-- Suitable for buildings",42999,"Metal goods n.e.c. (including anchors, grapnels and parts thereof, of iron"
830242,"Other mountings, fittings and similar articles :- Other, suitable for furniture",42999,"Metal goods n.e.c. (including anchors, grapnels and parts thereof, of iron"
830249,"Other mountings, fittings and similar articles :- Other",42999,"Metal goods n.e.c. (including anchors, grapnels and parts thereof, of iron"
830250,"Hat-racks, hat-pegs, brackets and similar fixtures",42999,"Metal goods n.e.c. (including anchors, grapnels and parts thereof, of iron"
830260,Automatic door closers,42999,"Metal goods n.e.c. (including anchors, grapnels and parts thereof, of iron"
830300,"Armoured or reinforced safes, strong-boxes and doors and safe deposit lockers for strong-rooms, cash or deed boxes and the like, of base metal.",42993,"Armoured or reinforced safes, strong- boxes and doors and safe deposit"
830400,"Filing cabinets, card-index cabinets, paper trays, paper rests, pen trays, office-stamp stands and similar office or desk equipment, of base metal, other than office furniture of heading No. 94.03.",42994,"Paper trays, paper rests, pen trays, office-stamp stands and similar"
830510,Fittings for loose-leaf binders or files,42995,"Fittings for loose-leaf binders or files; letter clips, letter corners,"
830520,Staples in strips,42995,"Fittings for loose-leaf binders or files; letter clips, letter corners,"
830590,"Other, including parts",42995,"Fittings for loose-leaf binders or files; letter clips, letter corners,"
830610,"Bells, gongs and the like",42999,"Metal goods n.e.c. (including anchors, grapnels and parts thereof, of iron"
830621,Statuettes and other ornaments :-- Plated with precious metal,42996,"Statuettes and other ornaments of base metal; photograph, picture or similar frames of base metal;"
830629,Statuettes and other ornaments :-- Other,42996,"Statuettes and other ornaments of base metal; photograph, picture or similar frames of base metal;"
830630,"Photograph, picture or similar frames; mirrors",42996,"Statuettes and other ornaments of base metal; photograph, picture or similar frames of base metal;"
830710,Of iron or steel,42999,"Metal goods n.e.c. (including anchors, grapnels and parts thereof, of iron"
830790,Of other base metal,42999,"Metal goods n.e.c. (including anchors, grapnels and parts thereof, of iron"
830810,"Hooks, eyes and eyelets",42997,"Sewing needles, knitting needles, bodkins, crochet hooks, embroidery"
830820,Tubular or bifurcated rivets,42997,"Sewing needles, knitting needles, bodkins, crochet hooks, embroidery"
830890,"Other, including parts",42997,"Sewing needles, knitting needles, bodkins, crochet hooks, embroidery"
830910,Crown corks,42932,"Stoppers, caps and lids (including crown corks), capsules for bottles,"
830990,Other,42932,"Stoppers, caps and lids (including crown corks), capsules for bottles,"
831000,"Sign-plates, name-plates, address-plates and similar plates, numbers, letters and other symbols, of base metal, excluding those of heading No. 94.05.",42999,"Metal goods n.e.c. (including anchors, grapnels and parts thereof, of iron"
831110,"Coated electrodes of base metal, for electric arc-welding",4295,"Wire, rods, tubes, plates, electrodes and similar products, of base metal or of metal carbides,"
831120,"Cored wire of base metal, for electric arc-welding",4295,"Wire, rods, tubes, plates, electrodes and similar products, of base metal or of metal carbides,"
831130,"Coated rods and cored wire, of base metal, for soldering, brazing or welding by flame",4295,"Wire, rods, tubes, plates, electrodes and similar products, of base metal or of metal carbides,"
831190,"Other, including parts",4295,"Wire, rods, tubes, plates, electrodes and similar products, of base metal or of metal carbides,"
840110,Nuclear reactors,4231,Nuclear reactors
840120,"Machinery and apparatus for isotopic separation, and parts thereof",44917,"Special purpose machinery n.e.c. (including machinery for isotopic separation, machines for"
840130,"Fuel elements (cartridges), non-irradiated",3371,"Fuel elements (cartridges), non- irradiated, for nuclear reactors"
840140,Parts of nuclear reactors,42341,Parts of the goods of subclass 42310
840211,Steam or other vapour generating boilers :-- Watertube boilers with a steam production exceeding 45 t per hour,4232,Steam or other vapour generating boilers (other than central heating
840212,Steam or other vapour generating boilers :-- Watertube boilers with a steam production not exceeding 45 t per hour,4232,Steam or other vapour generating boilers (other than central heating
840219,"Steam or other vapour generating boilers :-- Other vapour generating boilers, including hybrid boilers",4232,Steam or other vapour generating boilers (other than central heating
840220,Super-heated water boilers,4232,Steam or other vapour generating boilers (other than central heating
840290,Parts,42342,Parts of the goods of subclasses 42320 and 42330
840310,Boilers,44825,"Central heating boilers, for producing hot water or low pressure steam"
840390,Parts,44833,Parts of central heating boilers for producing hot water or low pressure
840410,Auxiliary plant for use with boilers of heading No. 84.02 or 84.03,4233,Auxiliary plant for use with boilers; condensers for steam or other
840420,Condensers for steam or other vapour power units,4233,Auxiliary plant for use with boilers; condensers for steam or other
840490,Parts,42342,Parts of the goods of subclasses 42320 and 42330
840510,"Producer gas or water gas generators, with or without their purifiers; acetylene gas generators and similar water process gas generators, with or without their purifiers",43911,Producer gas or water gas generators; acetylene gas generators and similar water process gas generators;
840590,Parts,43941,Parts of producer gas or water gas generators; parts of acetylene gas
840610,Turbines for marine propulsion,43141,Steam turbines and other vapour turbines
840681,Other turbines :-- Of an output exceeding 40 MW,43141,Steam turbines and other vapour turbines
840682,Other turbines :-- Of an output not exceeding 40 MW,43141,Steam turbines and other vapour turbines
840690,Parts,43153,Parts for the goods of subclass 43141
840710,Aircraft engines,43131,Spark-ignition reciprocating or rotary internal combustion piston engines for aircraft
840721,Marine propulsion engines :-- Outboard motors,4311,"Internal combustion piston engines, other than for motor vehicles and"
840729,Marine propulsion engines :-- Other,4311,"Internal combustion piston engines, other than for motor vehicles and"
840731,Reciprocating piston engines of a kind used for the propulsion of vehicles of Chapter 87 :-- Of a cylinder capacity not exceeding 50 cc,43121,"Spark-ignition reciprocating internal combustion piston engines, of a cylinder"
840732,Reciprocating piston engines of a kind used for the propulsion of vehicles of Chapter 87 :-- Of a cylinder capacity exceeding 50 cc but not exceeding 250 cc,43121,"Spark-ignition reciprocating internal combustion piston engines, of a cylinder"
840733,"Reciprocating piston engines of a kind used for the propulsion of vehicles of Chapter 87 :-- Of a cylinder capacity exceeding 250 cc but not exceeding 1,000 cc",43121,"Spark-ignition reciprocating internal combustion piston engines, of a cylinder"
840734,"Reciprocating piston engines of a kind used for the propulsion of vehicles of Chapter 87 :-- Of a cylinder capacity exceeding 1,000 cc",43122,"Spark-ignition reciprocating internal combustion piston engines, of a"
840790,Other engines,4311,"Internal combustion piston engines, other than for motor vehicles and"
840810,Marine propulsion engines,4311,"Internal combustion piston engines, other than for motor vehicles and"
840820,Engines of a kind used for the propulsion of vehicles of Chapter 87,43123,"Compression-ignition internal combustion piston engines, of a kind used for the propulsion of vehicles"
840890,Other engines,4311,"Internal combustion piston engines, other than for motor vehicles and"
840910,For aircraft engines,43152,Parts of spark-ignition reciprocating or rotary internal combustion piston
840991,Other :-- Suitable for use solely or principally with spark-ignition internal combustion piston engines,43151,"Parts of spark-ignition reciprocating, compression ignition or rotary internal"
840999,Other,43151,"Parts of spark-ignition reciprocating, compression ignition or rotary internal"
841011,"Hydraulic turbines and water wheels :-- Of a power not exceeding 1,000 kW",43142,Hydraulic turbines and water wheels
841012,"Hydraulic turbines and water wheels :-- Of a power exceeding 1,000 kW but not exceeding 10,000 kW",43142,Hydraulic turbines and water wheels
841013,"Hydraulic turbines and water wheels :-- Of a power exceeding 10,000 kW",43142,Hydraulic turbines and water wheels
841090,"Parts, including regulators",43154,"Parts for the goods of subclass 43142, including regulators"
841111,Turbo-jets :-- Of a thrust not exceeding 25 kN,43132,Turbo-jets and turbo-propellers
841112,Turbo-jets :-- Of a thrust exceeding 25 kN,43132,Turbo-jets and turbo-propellers
841121,"Turbo-propellers :-- Of a power not exceeding 1,100 kW",43132,Turbo-jets and turbo-propellers
841122,"Turbo-propellers :-- Of a power exceeding 1,100 kW",43132,Turbo-jets and turbo-propellers
841181,"Other gas turbines :-- Of a power not exceeding 5,000 kW",43143,Gas turbines other than turbo-jets and turbo-propellers
841182,"Other gas turbines :-- Of a power exceeding 5,000 kW",43143,Gas turbines other than turbo-jets and turbo-propellers
841191,Parts :-- Of turbo-jets or turbo-propellers,43155,Parts of turbo-jets and turbo-propellers;
841199,Parts :-- Other,43156,Parts for the goods of subclass 43143
841210,Reaction engines other than turbo-jets,43133,Reaction engines other than turbo-jets
841221,Hydraulic power engines and motors :-- Linear acting (cylinders),43211,Linear acting (cylinders) hydraulic and pneumatic power engines and motors
841229,Hydraulic power engines and motors :-- Other,43212,Other hydraulic and pneumatic power engines and motors
841231,Pneumatic power engines and motors :-- Linear acting (cylinders),43211,Linear acting (cylinders) hydraulic and pneumatic power engines and motors
841239,Pneumatic power engines and motors :-- Other,43212,Other hydraulic and pneumatic power engines and motors
841280,Other,43212,Other hydraulic and pneumatic power engines and motors
841290,Parts,43251,Parts for the goods of subclasses 43211 and 43212; parts of reaction
841311,"Pumps fitted or designed to be fitted with a measuring device :-- Pumps for dispensing fuel or lubricants, of the type used in filling-stations or in garages",4322,Pumps for liquids; liquid elevators
841319,Pumps fitted or designed to be fitted with a measuring device :-- Other,4322,Pumps for liquids; liquid elevators
841320,"Hand pumps, other than those of subheading No. 8413.11 or 8413.19",4322,Pumps for liquids; liquid elevators
841330,"Fuel, lubricating or cooling medium pumps for internal combustion piston engines",4322,Pumps for liquids; liquid elevators
841340,Concrete pumps,4322,Pumps for liquids; liquid elevators
841350,Other reciprocating positive displacement pumps,4322,Pumps for liquids; liquid elevators
841360,Other rotary positive displacement pumps,4322,Pumps for liquids; liquid elevators
841370,Other centrifugal pumps,4322,Pumps for liquids; liquid elevators
841381,Other pumps; liquid elevators :-- Pumps,4322,Pumps for liquids; liquid elevators
841382,Other pumps; liquid elevators :-- Liquid elevators,4322,Pumps for liquids; liquid elevators
841391,Parts :-- Of pumps,43252,Parts for the goods of subclass 43220
841392,Parts :-- Of liquid elevators,43252,Parts for the goods of subclass 43220
841410,Vacuum pumps,4323,Air or vacuum pumps; air or other gas compressors
841420,Hand- or foot-operated air pumps,4323,Air or vacuum pumps; air or other gas compressors
841430,Compressors of a kind used in refrigerating equipment,4323,Air or vacuum pumps; air or other gas compressors
841440,Air compressors mounted on a wheeled chassis for towing,4323,Air or vacuum pumps; air or other gas compressors
841451,"Fans :-- Table, floor, wall, window, ceiling or roof fans, with a self-contained electric motor of an output not exceeding 125 W",44815,Fans and ventilating or recycling hoods of the domestic type
841459,Fans :-- Other,43931,"Fans, except domestic type; centrifuges, except cream separators and clothes dryers"
841460,Hoods having a maximum horizontal side not exceeding 120 cm,44815,Fans and ventilating or recycling hoods of the domestic type
841480,Other,4323,Air or vacuum pumps; air or other gas compressors
841490,Parts,43253,Parts for the goods of subclass 43230; parts of fans and ventilating or
841510,"Window or wall types, self-contained",43912,Air conditioning machines
841520,"Of a kind used for persons, in motor vehicles",43912,Air conditioning machines
841581,Other :-- Incorporating a refrigerating unit and a valve for reversal of the cooling/heat cycle,43912,Air conditioning machines
841582,"Other :-- Other, incorporating a refrigerating unit",43912,Air conditioning machines
841583,Other :-- Not incorporating a refrigerating unit,43912,Air conditioning machines
841590,Parts,43941,Parts of producer gas or water gas generators; parts of acetylene gas
841610,Furnace burners for liquid fuel,4341,"Furnace burners for liquid fuel, for pulverised solid fuel or for gas;"
841620,"Other furnace burners, including combination burners",4341,"Furnace burners for liquid fuel, for pulverised solid fuel or for gas;"
841630,"Mechanical stokers, including their mechanical grates, mechanical ash dischargers and similar appliances",4341,"Furnace burners for liquid fuel, for pulverised solid fuel or for gas;"
841690,Parts,4343,Parts for the goods of subclasses 43410 and 43420; parts of non-electric
841710,"Furnaces and ovens for the roasting, melting or other heat-treatment of ores, pyrites or of metals",4342,"Industrial or laboratory furnaces and ovens, except non-electric bakery"
841720,"Bakery ovens, including biscuit ovens",44515,"Bakery ovens, non-electric; dryers for agricultural products; machinery"
841780,Other,4342,"Industrial or laboratory furnaces and ovens, except non-electric bakery"
841790,Parts,4343,Parts for the goods of subclasses 43410 and 43420; parts of non-electric
841810,"Combined refrigerator-freezers, fitted with separate external doors",44811,"Refrigerators and freezers, household type, electric or non-electric"
841821,"Refrigerators, household type :-- Compression-type",44811,"Refrigerators and freezers, household type, electric or non-electric"
841822,"Refrigerators, household type :-- Absorption-type, electrical",44811,"Refrigerators and freezers, household type, electric or non-electric"
841829,"Refrigerators, household type :-- Other",44811,"Refrigerators and freezers, household type, electric or non-electric"
841830,"Freezers of the chest type, not exceeding 800 l capacity",44811,"Refrigerators and freezers, household type, electric or non-electric"
841840,"Freezers of the upright type, not exceeding 900 l capacity",44811,"Refrigerators and freezers, household type, electric or non-electric"
841850,"Other refrigerating or freezing chests, cabinets, display counters, show-cases and similar refrigerating or freezing furniture",43913,"Refrigerating and freezing equipment and heat pumps, except household"
841861,Other refrigerating or freezing equipment; heat pumps :-- Compression type units whose condensers are heat exchangers,43913,"Refrigerating and freezing equipment and heat pumps, except household"
841869,Other refrigerating or freezing equipment; heat pumps :-- Other,43913,"Refrigerating and freezing equipment and heat pumps, except household"
841891,Parts :-- Furniture designed to receive refrigerating or freezing equipment,43941,Parts of producer gas or water gas generators; parts of acetylene gas
841899,Parts :-- Other,43941,Parts of producer gas or water gas generators; parts of acetylene gas
841911,"Instantaneous or storage water heaters, non-electric :-- Instantaneous gas water heaters",44826,"Water heaters, instantaneous or storage, non-electric"
841919,"Instantaneous or storage water heaters, non-electric :-- Other",44826,"Water heaters, instantaneous or storage, non-electric"
841920,"Medical, surgical or laboratory sterilisers",4814,"Medical, surgical or laboratory sterilizers"
841931,Dryers :-- For agricultural products,44515,"Bakery ovens, non-electric; dryers for agricultural products; machinery"
841932,"Dryers :-- For wood, paper pulp, paper or paperboard",44912,"Dryers for wood, paper pulp, paper or paperboard and for other materials"
841939,Dryers :-- Other,44912,"Dryers for wood, paper pulp, paper or paperboard and for other materials"
841940,Distilling or rectifying plant,43911,Producer gas or water gas generators; acetylene gas generators and similar water process gas generators;
841950,Heat exchange units,43911,Producer gas or water gas generators; acetylene gas generators and similar water process gas generators;
841960,Machinery for liquefying air or other gases,43911,Producer gas or water gas generators; acetylene gas generators and similar water process gas generators;
841981,"Other machinery, plant and equipment :-- For making hot drinks or for cooking or heating food",44515,"Bakery ovens, non-electric; dryers for agricultural products; machinery"
841989,"Other machinery, plant and equipment :-- Other",43932,Machinery n.e.c. for the treatment of materials by a process involving
841990,Parts,43941,Parts of producer gas or water gas generators; parts of acetylene gas
842010,Calendering or other rolling machines,43933,"Calandering or other rolling machines, except for metals or glass"
842091,Parts :-- Cylinders,43943,"Parts for the goods of subclasses 43922, 43923 and 43933; weighing machine weights; parts of agricultural"
842099,Parts :-- Other,43943,"Parts for the goods of subclasses 43922, 43923 and 43933; weighing machine weights; parts of agricultural"
842111,"Centrifuges, including centrifugal dryers :-- Cream separators",44511,Cream separators
842112,"Centrifuges, including centrifugal dryers :-- Clothes-dryers",44911,Centrifugal clothes driers
842119,"Centrifuges, including centrifugal dryers :-- Other",43931,"Fans, except domestic type; centrifuges, except cream separators and clothes dryers"
842121,Filtering or purifying machinery and apparatus for liquids :-- For filtering or purifying water,43914,"Filtering or purifying machinery and apparatus, for liquids or gases,"
842122,Filtering or purifying machinery and apparatus for liquids :-- For filtering or purifying beverages other than water,43914,"Filtering or purifying machinery and apparatus, for liquids or gases,"
842123,Filtering or purifying machinery and apparatus for liquids :-- Oil or petrol-filters for internal combustion engines,43915,"Oil filters, petrol filters and air intake filters for internal combustion engines"
842129,Filtering or purifying machinery and apparatus for liquids :-- Other,43914,"Filtering or purifying machinery and apparatus, for liquids or gases,"
842131,Filtering or purifying machinery and apparatus for gases :-- Intake air filters for internal combustion engines,43915,"Oil filters, petrol filters and air intake filters for internal combustion engines"
842139,Filtering or purifying machinery and apparatus for gases :-- Other,43914,"Filtering or purifying machinery and apparatus, for liquids or gases,"
842191,"Parts :-- Of centrifuges, including centrifugal dryers",43942,"Parts of centrifuges, including centrifugal dryers; parts of filtering or purifying"
842199,Parts :-- Other,43942,"Parts of centrifuges, including centrifugal dryers; parts of filtering or purifying"
842211,Dish washing machines :-- Of the household type,44812,"Dishwashing machines and clothes or linen washing or drying machines,"
842219,Dish washing machines :-- Other,4693,"Dish washing machines, except household type"
842220,Machinery for cleaning or drying bottles or other containers,43921,"Machinery for cleaning or drying bottles or other containers; machinery for filling, closing,"
842230,"Machinery for filling, closing, sealing, or labelling bottles, cans, boxes, bags or other containers; machinery for capsuling bottles, jars, tubes and similar containers; machinery for aerating beverages",43921,"Machinery for cleaning or drying bottles or other containers; machinery for filling, closing,"
842240,Other packing or wrapping machinery (including heat-shrink wrapping machinery),43921,"Machinery for cleaning or drying bottles or other containers; machinery for filling, closing,"
842290,Parts,44923,Parts n.e.c. of dish washing machines; parts of machinery for cleaning or
842310,"Personal weighing machines, including baby scales; household scales",43922,Weighing machinery (excluding balances of a sensitivity of 5 cg or better)
842320,Scales for continuous weighing of goods on conveyors,43922,Weighing machinery (excluding balances of a sensitivity of 5 cg or better)
842330,"Constant weight scales and scales for discharging a predetermined weight of material into a bag or container, including hopper scales",43922,Weighing machinery (excluding balances of a sensitivity of 5 cg or better)
842381,Other weighing machinery :-- Having a maximum weighing capacity not exceeding 30 kg,43922,Weighing machinery (excluding balances of a sensitivity of 5 cg or better)
842382,"Other weighing machinery :-- Having a maximum weighing capacity exceeding 30 kg but not exceeding 5,000 kg",43922,Weighing machinery (excluding balances of a sensitivity of 5 cg or better)
842389,Other weighing machinery :-- Other,43922,Weighing machinery (excluding balances of a sensitivity of 5 cg or better)
842390,Weighing machine weights of all kinds; parts of weighing machinery,43943,"Parts for the goods of subclasses 43922, 43923 and 43933; weighing machine weights; parts of agricultural"
842410,"Fire extinguishers, whether or not charged",43923,Fire extinguishers; spray guns and similar appliances; steam or sand
842420,Spray guns and similar appliances,43923,Fire extinguishers; spray guns and similar appliances; steam or sand
842430,Steam or sand blasting machines and similar jet projecting machines,43923,Fire extinguishers; spray guns and similar appliances; steam or sand
842481,Other appliances :-- Agricultural or horticultural,4416,"Mechanical appliances for projecting, dispersing or spraying liquids or"
842489,Other appliances : Other,43923,Fire extinguishers; spray guns and similar appliances; steam or sand
842490,Parts,43943,"Parts for the goods of subclasses 43922, 43923 and 43933; weighing machine weights; parts of agricultural"
842511,Pulley tackle and hoists other than skip hoists or hoists of a kind used for raising vehicles :-- Powered by electric motor,4351,Pulley tackle and hoists other than skip hoists; winches and capstans;
842519,Pulley tackle and hoists other than skip hoists or hoists of a kind used for raising vehicles :-- Other,4351,Pulley tackle and hoists other than skip hoists; winches and capstans;
842520,Pit-head winding gear; winches specially designed for use underground,4351,Pulley tackle and hoists other than skip hoists; winches and capstans;
842531,Other winches; capstans :-- Powered by electric motor,4351,Pulley tackle and hoists other than skip hoists; winches and capstans;
842539,Other winches; capstans :-- Other,4351,Pulley tackle and hoists other than skip hoists; winches and capstans;
842541,Jacks; hoists of a kind used for raising vehicles :-- Built-in jacking systems of a type used in garages,4351,Pulley tackle and hoists other than skip hoists; winches and capstans;
842542,"Jacks; hoists of a kind used for raising vehicles :-- Other jacks and hoists, hydraulic",4351,Pulley tackle and hoists other than skip hoists; winches and capstans;
842549,Jacks; hoists of a kind used for raising vehicles :-- Other,4351,Pulley tackle and hoists other than skip hoists; winches and capstans;
842611,"Overhead travelling cranes, transporter cranes, gantry cranes, bridge cranes, mobile lifting frames and straddle     carriers :-- Overhead travelling cranes on fixed support",4352,"Derricks; cranes; mobile lifting frames, straddle carriers and works"
842612,"Overhead travelling cranes, transporter cranes, gantry cranes, bridge cranes, mobile lifting frames and straddle     carriers :-- Mobile lifting frames on tyres and straddle carriers",4352,"Derricks; cranes; mobile lifting frames, straddle carriers and works"
842619,"Overhead travelling cranes, transporter cranes, gantry cranes, bridge cranes, mobile lifting frames and straddle     carriers :-- Other",4352,"Derricks; cranes; mobile lifting frames, straddle carriers and works"
842620,Tower cranes,4352,"Derricks; cranes; mobile lifting frames, straddle carriers and works"
842630,Portal or pedestal jib cranes,4352,"Derricks; cranes; mobile lifting frames, straddle carriers and works"
842641,"Other machinery, self-propelled :-- On tyres",4352,"Derricks; cranes; mobile lifting frames, straddle carriers and works"
842649,"Other machinery, self-propelled :-- Other",4352,"Derricks; cranes; mobile lifting frames, straddle carriers and works"
842691,Other machinery :-- Designed for mounting on road vehicles,4352,"Derricks; cranes; mobile lifting frames, straddle carriers and works"
842699,Other machinery :-- Other,4352,"Derricks; cranes; mobile lifting frames, straddle carriers and works"
842710,Self-propelled trucks powered by an electric motor,4353,Fork-lift trucks; other works trucks whether or not fitted with lifting
842720,Other self-propelled trucks,4353,Fork-lift trucks; other works trucks whether or not fitted with lifting
842790,Other trucks,4353,Fork-lift trucks; other works trucks whether or not fitted with lifting
842810,Lifts and skip hoists,4354,"Lifts, skip hoists, escalators and moving walkways"
842820,Pneumatic elevators and conveyors,4355,"Pneumatic and other continuous action elevators and conveyors, for goods or"
842831,"Other continuous-action elevators and conveyors, for goods or materials :-- Specially designed for underground use",44411,"Continuous-action elevators and conveyors, for goods or materials, specially designed for underground"
842832,"Other continuous-action elevators and conveyors, for goods or materials :-- Other, bucket type",4355,"Pneumatic and other continuous action elevators and conveyors, for goods or"
842833,"Other continuous-action elevators and conveyors, for goods or materials :-- Other, belt type",4355,"Pneumatic and other continuous action elevators and conveyors, for goods or"
842839,"Other continuous-action elevators and conveyors, for goods or materials :-- Other",4355,"Pneumatic and other continuous action elevators and conveyors, for goods or"
842840,Escalators and moving walkways,4354,"Lifts, skip hoists, escalators and moving walkways"
842850,"Mine wagon pushers, locomotive or wagon traversers, wagon tippers and similar railway wagon handling equipment",4356,"Other lifting, handling, loading or unloading machinery"
842860,"Teleferics, chair-lifts, ski-draglines; traction mechanisms for funiculars",4356,"Other lifting, handling, loading or unloading machinery"
842890,Other machinery,4356,"Other lifting, handling, loading or unloading machinery"
842911,Bulldozers and angledozers :-- Track laying,44421,"Bulldozers and angledozers, self- propelled"
842919,Bulldozers and angledozers :-- Other,44421,"Bulldozers and angledozers, self- propelled"
842920,Graders and levellers,44422,"Graders and levellers, self-propelled"
842930,Scrapers,44423,"Scrapers, self-propelled"
842940,Tamping machines and road rollers,44424,"Tamping machines and road rollers, self-propelled"
842951,"Mechanical shovels, excavators and shovel loaders :- Front-end shovel loaders",44425,"Front-end shovel loaders, self- propelled"
842952,"Mechanical shovels, excavators and shovel loaders :-- Machinery with a 360( revolving superstructure",44426,"Mechanical shovels, excavators and shovel loaders, self-propelled, with a 360-degree revolving"
842959,"Mechanical shovels, excavators and shovel loaders :-- Other",44427,"Mechanical shovels, excavators and shovel loaders, except front-end"
843010,Pile-drivers and pile-extractors,4443,Pile-drivers and pile-extractors; snow-ploughs and snow-blowers; other
843020,Snow-ploughs and snow-blowers,4443,Pile-drivers and pile-extractors; snow-ploughs and snow-blowers; other
843031,Coal or rock cutters and tunnelling machinery :-- Self-propelled,44412,Coal or rock cutters and tunnelling machinery; other boring and sinking machinery
843039,Coal or rock cutters and tunnelling machinery :- Other,44412,Coal or rock cutters and tunnelling machinery; other boring and sinking machinery
843041,Other boring or sinking machinery :-- Self-propelled,44412,Coal or rock cutters and tunnelling machinery; other boring and sinking machinery
843049,Other boring or sinking machinery :-- Other,44412,Coal or rock cutters and tunnelling machinery; other boring and sinking machinery
843050,"Other machinery, self-propelled",44427,"Mechanical shovels, excavators and shovel loaders, except front-end"
843061,"Other machinery, not self-propelled :-- Tamping or compacting machinery",4443,Pile-drivers and pile-extractors; snow-ploughs and snow-blowers; other
843062,"Other machinery, not self-propelled :- Scrapers",4443,Pile-drivers and pile-extractors; snow-ploughs and snow-blowers; other
843069,"Other machinery, not self-propelled :- Other",4443,Pile-drivers and pile-extractors; snow-ploughs and snow-blowers; other
843110,Of machinery of heading No. 84.25,4357,Parts for the goods of subclasses 43510 to 43560
843120,Of machinery of heading No. 84.27,4357,Parts for the goods of subclasses 43510 to 43560
843131,"Of machinery of heading No. 84.28 :-- Of lifts, skip hoists or escalators",4357,Parts for the goods of subclasses 43510 to 43560
843139,Of machinery of heading No. 84.28 :-- Other,4357,Parts for the goods of subclasses 43510 to 43560
843141,"Of machinery of heading No. 84.26, 84.29 or 84.30 :-- Buckets, shovels, grabs and grips",44428,"Buckets, shovels, grabs and grips for cranes, excavators and the like;"
843142,"Of machinery of heading No. 84.26, 84.29 or 84.30 :-- Bulldozer or angledozer blades",44429,Bulldozer or angledozer blades
843143,"Of machinery of heading No. 84.26, 84.29 or 84.30 :-- Parts for boring or sinking machinery of subheading No. 8430.41 or 8430.49",44461,"Parts n.e.c. of boring or sinking machinery and of derricks, cranes,"
843149,"Of machinery of heading No. 84.26, 84.29 or 84.30 :-- Other",44461,"Parts n.e.c. of boring or sinking machinery and of derricks, cranes,"
843210,Ploughs,4411,"Agricultural, horticultural or forestry machinery for soil preparation or cultivation; lawn or"
843221,"Harrows, scarifiers, cultivators, weeders and hoes :-- Disc harrows",4411,"Agricultural, horticultural or forestry machinery for soil preparation or cultivation; lawn or"
843229,"Harrows, scarifiers, cultivators, weeders and hoes :-- Other",4411,"Agricultural, horticultural or forestry machinery for soil preparation or cultivation; lawn or"
843230,"Seeders, planters and transplanters",4411,"Agricultural, horticultural or forestry machinery for soil preparation or cultivation; lawn or"
843240,Manure spreaders and fertiliser distributors,4411,"Agricultural, horticultural or forestry machinery for soil preparation or cultivation; lawn or"
843280,Other machinery,4411,"Agricultural, horticultural or forestry machinery for soil preparation or cultivation; lawn or"
843290,Parts,4419,"Parts for the goods of subclasses 44110 to 44130; parts of machines for cleaning,"
843311,"Mowers for lawns, parks or sports-grounds :-- Powered, with the cutting device rotating in a horizontal plane",4412,"Mowers for lawns, parks or sports- grounds"
843319,"Mowers for lawns, parks or sports-grounds :-- Other",4412,"Mowers for lawns, parks or sports- grounds"
843320,"Other mowers, including cutter bars for tractor mounting",4413,Other mowers; other haymaking machinery; straw or fodder balers; other harvesting machinery; threshing
843330,Other haymaking machinery,4413,Other mowers; other haymaking machinery; straw or fodder balers; other harvesting machinery; threshing
843340,"Straw or fodder balers, including pick-up balers",4413,Other mowers; other haymaking machinery; straw or fodder balers; other harvesting machinery; threshing
843351,Other harvesting machinery; threshing machinery :-- Combine harvester-threshers,4413,Other mowers; other haymaking machinery; straw or fodder balers; other harvesting machinery; threshing
843352,Other harvesting machinery; threshing machinery :-- Other threshing machinery,4413,Other mowers; other haymaking machinery; straw or fodder balers; other harvesting machinery; threshing
843353,Other harvesting machinery; threshing machinery :-- Root or tuber harvesting machines,4413,Other mowers; other haymaking machinery; straw or fodder balers; other harvesting machinery; threshing
843359,Other harvesting machinery; threshing machinery :- Other,4413,Other mowers; other haymaking machinery; straw or fodder balers; other harvesting machinery; threshing
843360,"Machines for cleaning, sorting or grading eggs, fruit or other agricultural produce",4418,"Machines for cleaning, sorting or grading eggs, fruit, seed, grain,"
843390,Parts,4419,"Parts for the goods of subclasses 44110 to 44130; parts of machines for cleaning,"
843410,Milking machines,4418,"Machines for cleaning, sorting or grading eggs, fruit, seed, grain,"
843420,Dairy machinery,44512,Dairy machinery
843490,Parts,44521,Parts of milking machines and dairy machinery; parts for the goods of
843510,Machinery,44514,"Presses, crushers and similar machinery used in the manufacture of wine, cider, fruit juices or"
843590,Parts,44521,Parts of milking machines and dairy machinery; parts for the goods of
843610,Machinery for preparing animal feeding stuffs,4418,"Machines for cleaning, sorting or grading eggs, fruit, seed, grain,"
843621,Poultry-keeping machinery; poultry incubators and brooders :-- Poultry incubators and brooders,4418,"Machines for cleaning, sorting or grading eggs, fruit, seed, grain,"
843629,Poultry-keeping machinery; poultry incubators and brooders :-- Other,4418,"Machines for cleaning, sorting or grading eggs, fruit, seed, grain,"
843680,Other machinery,4418,"Machines for cleaning, sorting or grading eggs, fruit, seed, grain,"
843691,Parts :-- Of poultry-keeping machinery or poultry incubators and brooders,4419,"Parts for the goods of subclasses 44110 to 44130; parts of machines for cleaning,"
843699,Parts :-- Other,4419,"Parts for the goods of subclasses 44110 to 44130; parts of machines for cleaning,"
843710,"Machines for cleaning, sorting or grading seed, grain or dried leguminous vegetables",4418,"Machines for cleaning, sorting or grading eggs, fruit, seed, grain,"
843780,Other machinery,44513,Machinery used in the milling industry or for the working of cereals or dried leguminous
843790,Parts,44522,"Parts of machines for cleaning, sorting or grading seed, grain or dried leguminous vegetables; parts"
843810,"Bakery machinery and machinery for the manufacture of macaroni, spaghetti or similar products",44516,Machinery n.e.c. for the industrial preparation or manufacture of food
843820,"Machinery for the manufacture of confectionery, cocoa or chocolate",44516,Machinery n.e.c. for the industrial preparation or manufacture of food
843830,Machinery for sugar manufacture,44516,Machinery n.e.c. for the industrial preparation or manufacture of food
843840,Brewery machinery,44516,Machinery n.e.c. for the industrial preparation or manufacture of food
843850,Machinery for the preparation of meat or poultry,44516,Machinery n.e.c. for the industrial preparation or manufacture of food
843860,"Machinery for the preparation of fruits, nuts or vegetables",44516,Machinery n.e.c. for the industrial preparation or manufacture of food
843880,Other machinery,44516,Machinery n.e.c. for the industrial preparation or manufacture of food
843890,Parts,44522,"Parts of machines for cleaning, sorting or grading seed, grain or dried leguminous vegetables; parts"
843910,Machinery for making pulp of fibrous cellulosic material,44913,Machinery for making pulp of fibrous cellulosic material or for making or finishing paper or
843920,Machinery for making paper or paperboard,44913,Machinery for making pulp of fibrous cellulosic material or for making or finishing paper or
843930,Machinery for finishing paper or paperboard,44913,Machinery for making pulp of fibrous cellulosic material or for making or finishing paper or
843991,Parts :-- Of machinery for making pulp of fibrous cellulosic material,44921,Parts for the goods of subclass 44913
843999,Parts :-- Other,44921,Parts for the goods of subclass 44913
844010,Machinery,44914,Book-binding machinery; machinery for type-setting and the like; printing machinery and machines
844090,Parts,44922,Parts for the goods of subclass 44914; parts of office type sheet fed offset printing machinery
844110,Cutting machines,44913,Machinery for making pulp of fibrous cellulosic material or for making or finishing paper or
844120,"Machines for making bags, sacks or envelopes",44913,Machinery for making pulp of fibrous cellulosic material or for making or finishing paper or
844130,"Machines for making cartons, boxes, cases, tubes, drums or similar containers, other than by moulding",44913,Machinery for making pulp of fibrous cellulosic material or for making or finishing paper or
844140,"Machines for moulding articles in paper pulp, paper or paperboard",44913,Machinery for making pulp of fibrous cellulosic material or for making or finishing paper or
844180,Other machinery,44913,Machinery for making pulp of fibrous cellulosic material or for making or finishing paper or
844190,Parts,44921,Parts for the goods of subclass 44913
844210,Phototype-setting and composing machines,44914,Book-binding machinery; machinery for type-setting and the like; printing machinery and machines
844220,"Machinery, apparatus and equipment for type-setting or composing by other processes, with or without founding device",44914,Book-binding machinery; machinery for type-setting and the like; printing machinery and machines
844230,"Other machinery, apparatus and equipment",44914,Book-binding machinery; machinery for type-setting and the like; printing machinery and machines
844240,"Parts of the foregoing machinery, apparatus or equipment",44922,Parts for the goods of subclass 44914; parts of office type sheet fed offset printing machinery
844250,"Printing type, blocks, plates, cylinders and other printing components; blocks, plates, cylinders and lithographic stones, prepared for printing purposes (for example, planed, grained or polished)",327,"Composed type, prepared printing plates or cylinders, impressed lithographic stones or other"
844311,Offset printing machinery :- Reel fed,44914,Book-binding machinery; machinery for type-setting and the like; printing machinery and machines
844312,"Offset printing machinery :- Sheet fed, office type (sheet size not exceeding 22 x 36 cm)",4515,Office type sheet fed printing machinery
844319,Offset printing machinery :-- Other,44914,Book-binding machinery; machinery for type-setting and the like; printing machinery and machines
844321,"Letterpress printing machinery, excluding flexographic printing :-- Reel fed",44914,Book-binding machinery; machinery for type-setting and the like; printing machinery and machines
844329,"Letterpress printing machinery, excluding flexographic printing :-- Other",44914,Book-binding machinery; machinery for type-setting and the like; printing machinery and machines
844330,Flexographic printing machinery,44914,Book-binding machinery; machinery for type-setting and the like; printing machinery and machines
844340,Gravure printing machinery,44914,Book-binding machinery; machinery for type-setting and the like; printing machinery and machines
844351,Other printing machinery :-- Ink-jet printing machines,43923,Fire extinguishers; spray guns and similar appliances; steam or sand
844359,Other printing machinery :-- Other,44914,Book-binding machinery; machinery for type-setting and the like; printing machinery and machines
844360,Machines for uses ancillary to printing,44914,Book-binding machinery; machinery for type-setting and the like; printing machinery and machines
844390,Parts,44922,Parts for the goods of subclass 44914; parts of office type sheet fed offset printing machinery
844400,"Machines for extruding, drawing, texturing or cutting man-made textile materials.",44611,"Machines for extruding, drawing, texturing or cutting man-made textile"
844511,Machines for preparing textile fibres :-- Carding machines,44611,"Machines for extruding, drawing, texturing or cutting man-made textile"
844512,Machines for preparing textile fibres :-- Combing machines,44611,"Machines for extruding, drawing, texturing or cutting man-made textile"
844513,Machines for preparing textile fibres :-- Drawing or roving machines,44611,"Machines for extruding, drawing, texturing or cutting man-made textile"
844519,Machines for preparing textile fibres :-- Other,44611,"Machines for extruding, drawing, texturing or cutting man-made textile"
844520,Textile spinning machines,44611,"Machines for extruding, drawing, texturing or cutting man-made textile"
844530,Textile doubling or twisting machines,44611,"Machines for extruding, drawing, texturing or cutting man-made textile"
844540,Textile winding (including weft-winding) or reeling machines,44611,"Machines for extruding, drawing, texturing or cutting man-made textile"
844590,Other,44611,"Machines for extruding, drawing, texturing or cutting man-made textile"
844610,For weaving fabrics of a width not exceeding 30 cm,44612,Weaving machines (looms)
844621,"For weaving fabrics of a width exceeding 30 cm, shuttle type :-- Power looms",44612,Weaving machines (looms)
844629,"For weaving fabrics of a width exceeding 30 cm, shuttle type :-- Other",44612,Weaving machines (looms)
844630,"For weaving fabrics of a width exceeding 30 cm, shuttleless type",44612,Weaving machines (looms)
844711,Circular knitting machines :-- With cylinder diameter not exceeding 165 mm,44613,"Knitting machines, stitch-bonding machines, machines for making gimped"
844712,Circular knitting machines :-- With cylinder diameter exceeding 165 mm,44613,"Knitting machines, stitch-bonding machines, machines for making gimped"
844720,Flat knitting machines; stitch-bonding machines,44613,"Knitting machines, stitch-bonding machines, machines for making gimped"
844790,Other,44613,"Knitting machines, stitch-bonding machines, machines for making gimped"
844811,"Auxiliary machinery for machines of heading No. 84.44, 84.45, 84.46 or 84.47 :-- Dobbies and Jacquards; card reducing, copying, punching or assembling machines for use therewith",44614,"Auxiliary machinery for use with machines for textile extruding, preparing, spinning, weaving,"
844819,"Auxiliary machinery for machines of heading No. 84.44, 84.45, 84.46 or 84.47 :-- Other",44614,"Auxiliary machinery for use with machines for textile extruding, preparing, spinning, weaving,"
844820,Parts and accessories of machines of heading No. 84.44 or of their auxiliary machinery,4464,"Parts for the goods of class 4461; parts for the goods of subclass 44621, except parts of machinery"
844831,Parts and accessories of machines of heading No. 84.45 or of their auxiliary machinery :-- Card clothing,4464,"Parts for the goods of class 4461; parts for the goods of subclass 44621, except parts of machinery"
844832,"Parts and accessories of machines of heading No. 84.45 or of their auxiliary machinery :-- Of machines for preparing textile fibres, other than card clothing",4464,"Parts for the goods of class 4461; parts for the goods of subclass 44621, except parts of machinery"
844833,"Parts and accessories of machines of heading No. 84.45 or of their auxiliary machinery :-- Spindles, spindle flyers, spinning rings and ring travellers",4464,"Parts for the goods of class 4461; parts for the goods of subclass 44621, except parts of machinery"
844839,Parts and accessories of machines of heading No. 84.45 or of their auxiliary machinery :-- Other,4464,"Parts for the goods of class 4461; parts for the goods of subclass 44621, except parts of machinery"
844841,Parts and accessories of weaving machines (looms) or of their auxiliary machinery :-- Shuttles,4464,"Parts for the goods of class 4461; parts for the goods of subclass 44621, except parts of machinery"
844842,"Parts and accessories of weaving machines (looms) or of their auxiliary machinery :-- Reeds for looms, healds and heald-frames",4464,"Parts for the goods of class 4461; parts for the goods of subclass 44621, except parts of machinery"
844849,Parts and accessories of weaving machines (looms) or of their auxiliary machinery :-- Other,4464,"Parts for the goods of class 4461; parts for the goods of subclass 44621, except parts of machinery"
844851,"Parts and accessories of machines of heading No. 84.47 or of their auxiliary machinery :-- Sinkers, needles and other articles used in forming stitches",4464,"Parts for the goods of class 4461; parts for the goods of subclass 44621, except parts of machinery"
844859,Parts and accessories of machines of heading No. 84.47 or of their auxiliary machinery :-- Other,4464,"Parts for the goods of class 4461; parts for the goods of subclass 44621, except parts of machinery"
844900,"Machinery for the manufacture or finishing of felt or nonwovens in the piece or in shapes, including machinery for making felt hats; blocks for making hats.",44621,Machinery for the manufacture or finishing of felt or nonwovens in the piece or in shapes; blocks for
845011,"Machines, each of a dry linen capacity not exceeding 10 kg :-- Fully-automatic machines",44812,"Dishwashing machines and clothes or linen washing or drying machines,"
845012,"Machines, each of a dry linen capacity not exceeding 10 kg :-- Other machines, with built-in centrifugal drier",44812,"Dishwashing machines and clothes or linen washing or drying machines,"
845019,"Machines, each of a dry linen capacity not exceeding 10 kg :-- Other",44812,"Dishwashing machines and clothes or linen washing or drying machines,"
845020,"Machines, each of a dry linen capacity exceeding 10 kg",44622,"Laundry-type washing machines, each of a dry linen capacity exceeding 10 kg; dry-"
845090,Parts,4464,"Parts for the goods of class 4461; parts for the goods of subclass 44621, except parts of machinery"
845110,Dry-cleaning machines,44622,"Laundry-type washing machines, each of a dry linen capacity exceeding 10 kg; dry-"
845121,Drying machines :-- Each of a dry linen capacity not exceeding 10 kg,44812,"Dishwashing machines and clothes or linen washing or drying machines,"
845129,Drying machines :-- Other,44622,"Laundry-type washing machines, each of a dry linen capacity exceeding 10 kg; dry-"
845130,Ironing machines and presses (including fusing presses),44621,Machinery for the manufacture or finishing of felt or nonwovens in the piece or in shapes; blocks for
845140,"Washing, bleaching or dyeing machines",44621,Machinery for the manufacture or finishing of felt or nonwovens in the piece or in shapes; blocks for
845150,"Machines for reeling, unreeling, folding, cutting or pinking textile fabrics",44621,Machinery for the manufacture or finishing of felt or nonwovens in the piece or in shapes; blocks for
845180,Other machinery,44621,Machinery for the manufacture or finishing of felt or nonwovens in the piece or in shapes; blocks for
845190,Parts,4464,"Parts for the goods of class 4461; parts for the goods of subclass 44621, except parts of machinery"
845210,Sewing machines of the household type,44814,Household sewing machines
845221,Other sewing machines :-- Automatic units,44623,"Sewing machines, except book sewing machines and household sewing machines"
845229,Other sewing machines :-- Other,44623,"Sewing machines, except book sewing machines and household sewing machines"
845230,Sewing machine needles,4464,"Parts for the goods of class 4461; parts for the goods of subclass 44621, except parts of machinery"
845240,"Furniture, bases and covers for sewing machines and parts thereof",4464,"Parts for the goods of class 4461; parts for the goods of subclass 44621, except parts of machinery"
845290,Other parts of sewing machines,4464,"Parts for the goods of class 4461; parts for the goods of subclass 44621, except parts of machinery"
845310,"Machinery for preparing, tanning or working hides, skins or leather",4463,"Machinery for preparing, tanning or working hides, skins or leather or"
845320,Machinery for making or repairing footwear,4463,"Machinery for preparing, tanning or working hides, skins or leather or"
845380,Other machinery,4463,"Machinery for preparing, tanning or working hides, skins or leather or"
845390,Parts,4464,"Parts for the goods of class 4461; parts for the goods of subclass 44621, except parts of machinery"
845410,Converters,4431,"Converters, ladles, ingot moulds and casting machines, of a kind used in"
845420,Ingot moulds and ladles,4431,"Converters, ladles, ingot moulds and casting machines, of a kind used in"
845430,Casting machines,4431,"Converters, ladles, ingot moulds and casting machines, of a kind used in"
845490,Parts,4432,Parts for the goods of subclass 44310 (including rolls for rolling mills)
845510,Tube mills,4431,"Converters, ladles, ingot moulds and casting machines, of a kind used in"
845521,Other rolling mills :-- Hot or combination hot and cold,4431,"Converters, ladles, ingot moulds and casting machines, of a kind used in"
845522,Other rolling mills :-- Cold,4431,"Converters, ladles, ingot moulds and casting machines, of a kind used in"
845530,Rolls for rolling mills,4432,Parts for the goods of subclass 44310 (including rolls for rolling mills)
845590,Other parts,4432,Parts for the goods of subclass 44310 (including rolls for rolling mills)
845610,Operated by laser or other light or photon beam processes,44211,"Machine-tools for working any material by removal of material, by laser or"
845620,Operated by ultrasonic processes,44211,"Machine-tools for working any material by removal of material, by laser or"
845630,Operated by electro-discharge processes,44211,"Machine-tools for working any material by removal of material, by laser or"
845691,Other :-- For dry-etching patterns on semiconductor materials,44211,"Machine-tools for working any material by removal of material, by laser or"
845699,Other,44211,"Machine-tools for working any material by removal of material, by laser or"
845710,Machining centres,44212,"Machining centres, unit construction machines (single station) and multi-"
845720,Unit construction machines (single station),44212,"Machining centres, unit construction machines (single station) and multi-"
845730,Multi-station transfer machines,44212,"Machining centres, unit construction machines (single station) and multi-"
845811,Horizontal lathes :-- Numerically controlled,44213,Lathes for removing metal
845819,Horizontal lathes :-- Other,44213,Lathes for removing metal
845891,Other lathes :-- Numerically controlled,44213,Lathes for removing metal
845899,Other lathes :-- Other,44213,Lathes for removing metal
845910,Way-type unit head machines,44214,"Machine-tools for drilling, boring or milling metal"
845921,Other drilling machines :-- Numerically controlled,44214,"Machine-tools for drilling, boring or milling metal"
845929,Other drilling machines :-- Other,44214,"Machine-tools for drilling, boring or milling metal"
845931,Other boring-milling machines :-- Numerically controlled,44214,"Machine-tools for drilling, boring or milling metal"
845939,Other boring-milling machines :-- Other,44214,"Machine-tools for drilling, boring or milling metal"
845940,Other boring machines,44214,"Machine-tools for drilling, boring or milling metal"
845951,"Milling machines, knee-type :-- Numerically controlled",44214,"Machine-tools for drilling, boring or milling metal"
845959,"Milling machines, knee-type :-- Other",44214,"Machine-tools for drilling, boring or milling metal"
845961,Other milling machines :-- Numerically controlled,44214,"Machine-tools for drilling, boring or milling metal"
845969,Other milling machines :-- Other,44214,"Machine-tools for drilling, boring or milling metal"
845970,Other threading or tapping machines,44215,"Machine-tools for threading or tapping by removing metal, except lathes and way-type unit head"
846011,"Flat-surface grinding machines, in which the positioning in any one axis can be set up to an accuracy of at least 0.01 mm :-- Numerically controlled",44216,"Machine-tools for deburring, sharpening, grinding, honing, lapping,"
846019,"Flat-surface grinding machines, in which the positioning in any one axis can be set up to an accuracy of at least 0.01 mm :-- Other",44216,"Machine-tools for deburring, sharpening, grinding, honing, lapping,"
846021,"Other grinding machines, in which the positioning in any one axis can be set up to an accuracy of at least 0.01 mm :-- Numerically controlled",44216,"Machine-tools for deburring, sharpening, grinding, honing, lapping,"
846029,"Other grinding machines, in which the positioning in any one axis can be set up to an accuracy of at least 0.01 mm :-- Other",44216,"Machine-tools for deburring, sharpening, grinding, honing, lapping,"
846031,Sharpening (tool or cutter grinding) machines :-- Numerically controlled,44216,"Machine-tools for deburring, sharpening, grinding, honing, lapping,"
846039,Sharpening (tool or cutter grinding) machines :-- Other,44216,"Machine-tools for deburring, sharpening, grinding, honing, lapping,"
846040,Honing or lapping machines,44216,"Machine-tools for deburring, sharpening, grinding, honing, lapping,"
846090,Other,44216,"Machine-tools for deburring, sharpening, grinding, honing, lapping,"
846110,Planing machines,44216,"Machine-tools for deburring, sharpening, grinding, honing, lapping,"
846120,Shaping or slotting machines,44216,"Machine-tools for deburring, sharpening, grinding, honing, lapping,"
846130,Broaching machines,44216,"Machine-tools for deburring, sharpening, grinding, honing, lapping,"
846140,"Gear cutting, gear grinding or gear finishing machines",44216,"Machine-tools for deburring, sharpening, grinding, honing, lapping,"
846150,Sawing or cutting-off machines,44216,"Machine-tools for deburring, sharpening, grinding, honing, lapping,"
846190,Other,44216,"Machine-tools for deburring, sharpening, grinding, honing, lapping,"
846210,Forging or die-stamping machines (including presses) and hammers,44217,"Machine-tools for working metal by forging, hammering or die-stamping;"
846221,"Bending, folding, straightening or flattening machines (including presses) :-- Numerically controlled",44217,"Machine-tools for working metal by forging, hammering or die-stamping;"
846229,"Bending, folding, straightening or flattening machines (including presses) :-- Other",44217,"Machine-tools for working metal by forging, hammering or die-stamping;"
846231,"Shearing machines (including presses), other than combined punching and shearing machines :-- Numerically controlled",44217,"Machine-tools for working metal by forging, hammering or die-stamping;"
846239,"Shearing machines (including presses), other than combined punching and shearing machines :-- Other",44217,"Machine-tools for working metal by forging, hammering or die-stamping;"
846241,"Punching or notching machines (including presses), including combined punching and shearing machines :-- Numerically controlled",44217,"Machine-tools for working metal by forging, hammering or die-stamping;"
846249,"Punching or notching machines (including presses), including combined punching and shearing machines :-- Other",44217,"Machine-tools for working metal by forging, hammering or die-stamping;"
846291,Other :-- Hydraulic presses,44217,"Machine-tools for working metal by forging, hammering or die-stamping;"
846299,Other :-- Other,44217,"Machine-tools for working metal by forging, hammering or die-stamping;"
846310,"Draw-benches for bars, tubes, profiles, wire or the like",44218,"Machine-tools n.e.c. for working metal, sintered metal carbides or cermets, without removing material"
846320,Thread rolling machines,44218,"Machine-tools n.e.c. for working metal, sintered metal carbides or cermets, without removing material"
846330,Machines for working wire,44218,"Machine-tools n.e.c. for working metal, sintered metal carbides or cermets, without removing material"
846390,Other,44218,"Machine-tools n.e.c. for working metal, sintered metal carbides or cermets, without removing material"
846410,Sawing machines,44221,"Machine-tools for working stone, ceramics, concrete, asbestos-cement"
846420,Grinding or polishing machines,44221,"Machine-tools for working stone, ceramics, concrete, asbestos-cement"
846490,Other,44221,"Machine-tools for working stone, ceramics, concrete, asbestos-cement"
846510,Machines which can carry out different types of machining operations without tool change between such operations,44222,"Machine-tools for working wood, cork, bone, hard rubber, hard plastics or"
846591,Other :-- Sawing machines,44222,"Machine-tools for working wood, cork, bone, hard rubber, hard plastics or"
846592,"Other :-- Planing, milling or moulding (by cutting) machines",44222,"Machine-tools for working wood, cork, bone, hard rubber, hard plastics or"
846593,"Other :-- Grinding, sanding or polishing machines",44222,"Machine-tools for working wood, cork, bone, hard rubber, hard plastics or"
846594,Other :-- Bending or assembling machines,44222,"Machine-tools for working wood, cork, bone, hard rubber, hard plastics or"
846595,Other :-- Drilling or morticing machines,44222,"Machine-tools for working wood, cork, bone, hard rubber, hard plastics or"
846596,"Other :-- Splitting, slicing or paring machines",44222,"Machine-tools for working wood, cork, bone, hard rubber, hard plastics or"
846599,Other,44222,"Machine-tools for working wood, cork, bone, hard rubber, hard plastics or"
846610,Tool holders and self-opening dieheads,44251,"Tool holders, self-opening dieheads, work holders, dividing heads and"
846620,Work holders,44251,"Tool holders, self-opening dieheads, work holders, dividing heads and"
846630,Dividing heads and other special attachments for machine-tools,44251,"Tool holders, self-opening dieheads, work holders, dividing heads and"
846691,Other :-- For machines of heading No. 84.64,44252,Parts and accessories for the goods of subclass 44221; parts and accessories of machine tools for
846692,Other :-- For machines of heading No. 84.65,44252,Parts and accessories for the goods of subclass 44221; parts and accessories of machine tools for
846693,Other :-- For machines of headings Nos. 84.56 to 84.61,44251,"Tool holders, self-opening dieheads, work holders, dividing heads and"
846694,Other :-- For machines of heading No. 84.62 or 84.63,44251,"Tool holders, self-opening dieheads, work holders, dividing heads and"
846711,Pneumatic :-- Rotary type (including combined rotary-percussion),44231,"Tools for working in the hand, pneumatic or with self-contained non-electric motor"
846719,Pneumatic :-- Other,44231,"Tools for working in the hand, pneumatic or with self-contained non-electric motor"
846781,Other tools :-- Chain saws,44231,"Tools for working in the hand, pneumatic or with self-contained non-electric motor"
846789,Other tools :-- Other,44231,"Tools for working in the hand, pneumatic or with self-contained non-electric motor"
846791,Parts :-- Of chain saws,44253,Parts for the goods of subclass 44231
846792,Parts :-- Of pneumatic tools,44253,Parts for the goods of subclass 44231
846799,Parts :-- Other,44253,Parts for the goods of subclass 44231
846810,Hand-held blow pipes,4424,"Machinery and apparatus for soldering, brazing or welding; gas-operated"
846820,Other gas-operated machinery and apparatus,4424,"Machinery and apparatus for soldering, brazing or welding; gas-operated"
846880,Other machinery and apparatus,4424,"Machinery and apparatus for soldering, brazing or welding; gas-operated"
846890,Parts,44255,Parts for the goods of subclass 44240
846911,Automatic typewriters and word-processing machines :-- Word-processing machines,4511,Automatic typewriters and word- processing machines
846912,Automatic typewriters and word-processing machines :-- Automatic typewriters,4511,Automatic typewriters and word- processing machines
846920,"Other typewriters, electric",4512,Other typewriters
846930,"Other typewriters, non-electric",4512,Other typewriters
847010,"Electronic calculators capable of operation without an     external source of electric power and pocket-size data recording, reproducing and displaying machines with calculating functions",4513,"Calculating machines; accounting machines, cash registers, postage-"
847021,Other electronic calculating machines :-- Incorporating a printing device,4513,"Calculating machines; accounting machines, cash registers, postage-"
847029,Other electronic calculating machines :-- Other,4513,"Calculating machines; accounting machines, cash registers, postage-"
847030,Other calculating machines,4513,"Calculating machines; accounting machines, cash registers, postage-"
847040,Accounting machines,4513,"Calculating machines; accounting machines, cash registers, postage-"
847050,Cash registers,4513,"Calculating machines; accounting machines, cash registers, postage-"
847090,Other,4513,"Calculating machines; accounting machines, cash registers, postage-"
847110,Analogue or hybrid automatic data processing machines,4521,Analogue or hybrid ADP machines
847130,"Portable digital automatic data processing machines, weighing not more than 10 kg, consisting of at least a central processing unit, a keyboard and a display",4522,"Digital ADP machines, containing in the same housing at least a CPU and"
847141,"Other digital automatic data processing machines :-- Comprising in the same housing at least a central processing unit and an input and output unit, whether or not combined",4522,"Digital ADP machines, containing in the same housing at least a CPU and"
847149,"Other digital automatic data processing machines :-- Other, presented in the form of systems",4523,Digital processing units for ADP (including those containing in the
847150,"Digital processing units other than those of sub-headings 8471.41 and 8471.49, whether or not containing in the same housing one or two of the following types of unit : storage units, input units, output units",4523,Digital processing units for ADP (including those containing in the
847160,"Input or output units, whether or not containing storage units in the same housing",4524,"Input or output units, whether or not presented with the rest of a system and whether or not"
847170,Storage units,4525,Storage units for ADP
847180,Other units of automatic data processing machines,4526,Other computing machinery (including magnetic or optical readers and
847190,Other,4526,Other computing machinery (including magnetic or optical readers and
847210,Duplicating machines,4516,"Other office machines (including hectograph or stencil duplicating machines, addressing machines,"
847220,Addressing machines and address plate embossing machines,4516,"Other office machines (including hectograph or stencil duplicating machines, addressing machines,"
847230,"Machines for sorting or folding mail or for inserting mail in envelopes or bands, machines for opening, closing or sealing mail and machines for affixing or cancelling postage stamps",4516,"Other office machines (including hectograph or stencil duplicating machines, addressing machines,"
847290,Other,4516,"Other office machines (including hectograph or stencil duplicating machines, addressing machines,"
847310,Parts and accessories of the machines of heading No. 84.69,4517,"Parts and accessories for the goods of subclasses 45110 to 45130, 45150,"
847321,"Parts and accessories of the machines of heading No. 84.70 :-- Of the electronic calculating machines of subheading No. 8470.10, 8470.21 or 8470.29",4517,"Parts and accessories for the goods of subclasses 45110 to 45130, 45150,"
847329,Parts and accessories of the machines of heading No. 84.70 :-- Other,4517,"Parts and accessories for the goods of subclasses 45110 to 45130, 45150,"
847330,Parts and accessories of the machines of heading No. 84.71,4527,"Parts and accessories for the goods of subclasses 45210 to 45260, except covers, carrying cases and"
847340,Parts and accessories of the machines of heading No. 84.72,4517,"Parts and accessories for the goods of subclasses 45110 to 45130, 45150,"
847350,Parts and accessories equally suitable for use with machines of two or more of the headings Nos. 84.69 to 84.72,4517,"Parts and accessories for the goods of subclasses 45110 to 45130, 45150,"
847410,"Sorting, screening, separating or washing machines",4444,"Machinery for sorting, screening, separating, washing, crushing, grinding, mixing or kneading earth,"
847420,Crushing or grinding machines,4444,"Machinery for sorting, screening, separating, washing, crushing, grinding, mixing or kneading earth,"
847431,Mixing or kneading machines :-- Concrete or mortar mixers,4444,"Machinery for sorting, screening, separating, washing, crushing, grinding, mixing or kneading earth,"
847432,Mixing or kneading machines :-- Machines for mixing mineral substances with bitumen,4444,"Machinery for sorting, screening, separating, washing, crushing, grinding, mixing or kneading earth,"
847439,Mixing or kneading machines :-- Other,4444,"Machinery for sorting, screening, separating, washing, crushing, grinding, mixing or kneading earth,"
847480,Other machinery,4444,"Machinery for sorting, screening, separating, washing, crushing, grinding, mixing or kneading earth,"
847490,Parts,44462,Parts for the goods of subclass 44440
847510,"Machines for assembling electric or electronic lamps,     tubes or valves or flashbulbs, in glass envelopes",44917,"Special purpose machinery n.e.c. (including machinery for isotopic separation, machines for"
847521,Machines for manufacturing or hot working glass or glassware :-- Machines for making optical fibres and preforms thereof,44917,"Special purpose machinery n.e.c. (including machinery for isotopic separation, machines for"
847529,Machines for manufacturing or hot working glass or glassware :-- Other,44917,"Special purpose machinery n.e.c. (including machinery for isotopic separation, machines for"
847590,Parts,44929,Parts for the goods of subclass 44915; other parts n.e.c. of special purpose
847621,Automatic beverage-vending machines :-- Incorporating heating or refrigerating devices,43934,Automatic goods vending machines
847629,Automatic beverage-vending machines :-- Other,43934,Automatic goods vending machines
847681,Other machines :-- Incorporating heating or refrigerating devices,43934,Automatic goods vending machines
847689,Other machines :-- Other,43934,Automatic goods vending machines
847690,Parts,43943,"Parts for the goods of subclasses 43922, 43923 and 43933; weighing machine weights; parts of agricultural"
847710,Injection-moulding machines,44915,Machinery n.e.c. for working rubber or plastics or for the manufacture of
847720,Extruders,44915,Machinery n.e.c. for working rubber or plastics or for the manufacture of
847730,Blow moulding machines,44915,Machinery n.e.c. for working rubber or plastics or for the manufacture of
847740,Vacuum moulding machines and other thermoforming machines,44915,Machinery n.e.c. for working rubber or plastics or for the manufacture of
847751,Other machinery for moulding or otherwise forming :-- For moulding or retreading pneumatic tyres or for moulding or otherwise forming inner tubes,44915,Machinery n.e.c. for working rubber or plastics or for the manufacture of
847759,Other machinery for moulding or otherwise forming :-- Other,44915,Machinery n.e.c. for working rubber or plastics or for the manufacture of
847780,Other machinery,44915,Machinery n.e.c. for working rubber or plastics or for the manufacture of
847790,Parts,44929,Parts for the goods of subclass 44915; other parts n.e.c. of special purpose
847810,Machinery,44517,Machinery n.e.c. for processing tobacco
847890,Parts,44523,Parts n.e.c. of machinery for processing tobacco
847910,"Machinery for public works, building or the like",4443,Pile-drivers and pile-extractors; snow-ploughs and snow-blowers; other
847920,Machinery for the extraction or preparation of animal or fixed vegetable fats or oils,44516,Machinery n.e.c. for the industrial preparation or manufacture of food
847930,Presses for the manufacture of particle board or fibre building board of wood or other ligneous materials and other machinery for treating wood or cork,44222,"Machine-tools for working wood, cork, bone, hard rubber, hard plastics or"
847940,Rope or cable-making machines,44917,"Special purpose machinery n.e.c. (including machinery for isotopic separation, machines for"
847950,"Industrial robots, not elsewhere specified or included",44917,"Special purpose machinery n.e.c. (including machinery for isotopic separation, machines for"
847960,Evaporative air coolers,44917,"Special purpose machinery n.e.c. (including machinery for isotopic separation, machines for"
847981,"Other machines and mechanical appliances :-- For treating metal, including electric wire coil-winders",44917,"Special purpose machinery n.e.c. (including machinery for isotopic separation, machines for"
847982,"Other machines and mechanical appliances :-- Mixing, kneading, crushing, grinding, screening, sifting, homogenising, emulsifying or stirring machines",44917,"Special purpose machinery n.e.c. (including machinery for isotopic separation, machines for"
847989,Other machines and mechanical appliances :-- Other,44917,"Special purpose machinery n.e.c. (including machinery for isotopic separation, machines for"
847990,Parts,44929,Parts for the goods of subclass 44915; other parts n.e.c. of special purpose
848010,Moulding boxes for metal foundry,44916,Moulding boxes for metal foundry; mould bases; moulding patterns; moulds for metal (except ingot
848020,Mould bases,44916,Moulding boxes for metal foundry; mould bases; moulding patterns; moulds for metal (except ingot
848030,Moulding patterns,44916,Moulding boxes for metal foundry; mould bases; moulding patterns; moulds for metal (except ingot
848041,Moulds for metal or metal carbides :-- Injection or compression types,44916,Moulding boxes for metal foundry; mould bases; moulding patterns; moulds for metal (except ingot
848049,Moulds for metal or metal carbides :-- Other,44916,Moulding boxes for metal foundry; mould bases; moulding patterns; moulds for metal (except ingot
848050,Moulds for glass,44916,Moulding boxes for metal foundry; mould bases; moulding patterns; moulds for metal (except ingot
848060,Moulds for mineral materials,44916,Moulding boxes for metal foundry; mould bases; moulding patterns; moulds for metal (except ingot
848071,Moulds for rubber or plastics :-- Injection or compression types,44916,Moulding boxes for metal foundry; mould bases; moulding patterns; moulds for metal (except ingot
848079,Moulds for rubber or plastics :-- Other,44916,Moulding boxes for metal foundry; mould bases; moulding patterns; moulds for metal (except ingot
848110,Pressure-reducing valves,4324,"Taps, cocks, valves and similar appliances for pipes, boiler shells,"
848120,Valves for oleohydraulic or pneumatic transmissions,4324,"Taps, cocks, valves and similar appliances for pipes, boiler shells,"
848130,Check valves,4324,"Taps, cocks, valves and similar appliances for pipes, boiler shells,"
848140,Safety or relief valves,4324,"Taps, cocks, valves and similar appliances for pipes, boiler shells,"
848180,Other appliances,4324,"Taps, cocks, valves and similar appliances for pipes, boiler shells,"
848190,Parts,43254,Parts for the goods of subclass 43240
848210,Ball bearings,4331,Ball or roller bearings
848220,"Tapered roller bearings, including cone and tapered roller assemblies",4331,Ball or roller bearings
848230,Spherical roller bearings,4331,Ball or roller bearings
848240,Needle roller bearings,4331,Ball or roller bearings
848250,Other cylindrical roller bearings,4331,Ball or roller bearings
848280,"Other, including combined ball/roller bearings",4331,Ball or roller bearings
848291,"Parts :-- Balls, needles and rollers",43331,Parts for the goods of subclass 43310
848299,Parts :-- Other,43331,Parts for the goods of subclass 43310
848310,Transmission shafts (including cam shafts and crank shafts) and cranks,4332,Transmission shafts and cranks; bearing housings and plain shaft bearings; gears and gearing; ball
848320,"Bearing housings, incorporating ball or roller bearings",4332,Transmission shafts and cranks; bearing housings and plain shaft bearings; gears and gearing; ball
848330,"Bearing housings, not incorporating ball or roller bearings; plain shaft bearings",4332,Transmission shafts and cranks; bearing housings and plain shaft bearings; gears and gearing; ball
848340,"Gears and gearing, other than toothed wheels, chain sprockets and other transmission elements presented separately; ball or roller screws; gear boxes and other speed changers, including torque converters",4332,Transmission shafts and cranks; bearing housings and plain shaft bearings; gears and gearing; ball
848350,"Flywheels and pulleys, including pulley blocks",4332,Transmission shafts and cranks; bearing housings and plain shaft bearings; gears and gearing; ball
848360,Clutches and shaft couplings (including universal joints),4332,Transmission shafts and cranks; bearing housings and plain shaft bearings; gears and gearing; ball
848390,Parts,43332,Parts for the goods of subclass 43320
848410,Gaskets and similar joints of metal sheeting combined with other material or of two or more layers of metal,43924,Gaskets of metal sheeting
848420,Mechanical seals,43949,"Machinery parts, non-electrical, n.e.c."
848490,Other,43924,Gaskets of metal sheeting
848510,Ships' or boats' propellers and blades therefor,42998,Ships' propellers and blades therefor
848590,Other,43949,"Machinery parts, non-electrical, n.e.c."
850110,Motors of an output not exceeding 37.5 W,46111,Motors of an output not exceeding 37.5 W; other DC motors; DC generators
850120,Universal AC/DC motors of an output exceeding 37.5 W,46112,Universal AC/DC motors of an output exceeding 37.5 W; other AC motors;
850131,Other DC motors; DC generators :-- Of an output not exceeding 750 W,46111,Motors of an output not exceeding 37.5 W; other DC motors; DC generators
850132,Other DC motors; DC generators :-- Of an output exceeding 750 W but not exceeding 75 kW,46111,Motors of an output not exceeding 37.5 W; other DC motors; DC generators
850133,Other DC motors; DC generators :-- Of an output exceeding 75 kW but not exceeding 375 kW,46111,Motors of an output not exceeding 37.5 W; other DC motors; DC generators
850134,Other DC motors; DC generators :-- Of an output exceeding 375 kW,46111,Motors of an output not exceeding 37.5 W; other DC motors; DC generators
850140,"Other AC motors, single-phase",46112,Universal AC/DC motors of an output exceeding 37.5 W; other AC motors;
850151,"Other AC motors, multi-phase :-- Of an output not exceeding 750 W",46112,Universal AC/DC motors of an output exceeding 37.5 W; other AC motors;
850152,"Other AC motors, multi-phase :-- Of an output exceeding 750 W but not exceeding 75 kW",46112,Universal AC/DC motors of an output exceeding 37.5 W; other AC motors;
850153,"Other AC motors, multi-phase :-- Of an output exceeding 75 kW",46112,Universal AC/DC motors of an output exceeding 37.5 W; other AC motors;
850161,AC generators (alternators) : -- Of an output not exceeding 75 kVA,46112,Universal AC/DC motors of an output exceeding 37.5 W; other AC motors;
850162,AC generators (alternators) : -- Of an output exceeding 75 kVA but not exceeding 375 kVA,46112,Universal AC/DC motors of an output exceeding 37.5 W; other AC motors;
850163,AC generators (alternators) : -- Of an output exceeding 375 kVA but not exceeding 750 kVA,46112,Universal AC/DC motors of an output exceeding 37.5 W; other AC motors;
850164,AC generators (alternators) : -- Of an output exceeding 750 kVA,46112,Universal AC/DC motors of an output exceeding 37.5 W; other AC motors;
850211,Generating sets with compression-ignition internal combustion piston engines (diesel or semi-diesel engines) :-- Of an output not exceeding 75 kVA,46113,Electric generating sets and rotary converters
850212,Generating sets with compression-ignition internal combustion piston engines (diesel or semi-diesel engines) :-- Of an output exceeding 75 kVA but not exceeding 375 kVA,46113,Electric generating sets and rotary converters
850213,Generating sets with compression-ignition internal combustion piston engines (diesel or semi-diesel engines) :-- Of an output exceeding 375 kVA,46113,Electric generating sets and rotary converters
850220,Generating sets with spark-ignition internal combustion piston engines,46113,Electric generating sets and rotary converters
850231,Other generating sets :-- Wind-powered,46113,Electric generating sets and rotary converters
850239,Other generating sets :-- Other,46113,Electric generating sets and rotary converters
850240,Electric rotary converters,46113,Electric generating sets and rotary converters
850300,Parts suitable for use solely or principally with the machines of heading No. 85.01 or 85.02.,46131,"Parts of electric motors, generators and the like"
850410,Ballasts for discharge lamps or tubes,46122,Ballasts for discharge lamps or tubes; static converters; other inductors
850421,Liquid dielectric transformers :-- Having a power handling capacity not exceeding 650 kVA,46121,Electrical transformers
850422,"Liquid dielectric transformers :-- Having a power handling capacity exceeding 650 kVA but not exceeding 10,000 kVA",46121,Electrical transformers
850423,"Liquid dielectric transformers :-- Having a power handling capacity exceeding 10,000 kVA",46121,Electrical transformers
850431,Other transformers :-- Having a power handling capacity not exceeding 1 kVA,46121,Electrical transformers
850432,Other transformers :-- Having a power handling capacity exceeding 1 kVA but not exceeding 16 kVA,46121,Electrical transformers
850433,Other transformers :-- Having a power handling capacity exceeding 16 kVA but not exceeding 500 kVA,46121,Electrical transformers
850434,Other transformers :-- Having a power handling capacity exceeding 500 kVA,46121,Electrical transformers
850440,Static converters,46122,Ballasts for discharge lamps or tubes; static converters; other inductors
850450,Other inductors,46122,Ballasts for discharge lamps or tubes; static converters; other inductors
850490,Parts,46132,"Parts of electrical transformers, static converters and inductors"
850511,Permanent magnets and articles intended to become permanent magnets after magnetisation :-- Of metal,4694,Electrical equipment n.e.c. (including electro-magnets; permanent magnets; electro-magnetic
850519,Permanent magnets and articles intended to become permanent magnets after magnetisation :-- Other,4694,Electrical equipment n.e.c. (including electro-magnets; permanent magnets; electro-magnetic
850520,"Electro-magnetic couplings, clutches and brakes",4694,Electrical equipment n.e.c. (including electro-magnets; permanent magnets; electro-magnetic
850530,Electro-magnetic lifting heads,4694,Electrical equipment n.e.c. (including electro-magnets; permanent magnets; electro-magnetic
850590,"Other, including parts",4694,Electrical equipment n.e.c. (including electro-magnets; permanent magnets; electro-magnetic
850610,Manganese dioxide,4641,Primary cells and primary batteries
850630,Mercuric oxide,4641,Primary cells and primary batteries
850640,Silver oxide,4641,Primary cells and primary batteries
850650,Lithium,4641,Primary cells and primary batteries
850660,Air-zinc,4641,Primary cells and primary batteries
850680,Other,4641,Primary cells and primary batteries
850690,Parts,4643,"Parts of primary cells, primary batteries and electric accumulators (including separators)"
850710,"Lead-acid, of a kind used for starting piston engines",4642,Electric accumulators
850720,Other lead-acid accumulators,4642,Electric accumulators
850730,Nickel-cadmium,4642,Electric accumulators
850740,Nickel-iron,4642,Electric accumulators
850780,Other accumulators,4642,Electric accumulators
850790,Parts,4643,"Parts of primary cells, primary batteries and electric accumulators (including separators)"
850810,Drills of all kinds,44232,"Electro-mechanical tools for working in the hand, with self- contained electric motor"
850820,Saws,44232,"Electro-mechanical tools for working in the hand, with self- contained electric motor"
850880,Other tools,44232,"Electro-mechanical tools for working in the hand, with self- contained electric motor"
850890,Parts,44254,Parts for the goods of subclass 44232
850910,Vacuum cleaners,44816,"Other small electric domestic appliances (including vacuum cleaners, kitchen waste disposers,"
850920,Floor polishers,44816,"Other small electric domestic appliances (including vacuum cleaners, kitchen waste disposers,"
850930,Kitchen waste disposers,44816,"Other small electric domestic appliances (including vacuum cleaners, kitchen waste disposers,"
850940,Food grinders and mixers; fruit or vegetable juice extractors,44816,"Other small electric domestic appliances (including vacuum cleaners, kitchen waste disposers,"
850980,Other appliances,44816,"Other small electric domestic appliances (including vacuum cleaners, kitchen waste disposers,"
850990,Parts,44831,"Parts of the following appliances:electro-mechanical domestic appliances, shavers and"
851010,Shavers,44816,"Other small electric domestic appliances (including vacuum cleaners, kitchen waste disposers,"
851020,Hair clippers,44816,"Other small electric domestic appliances (including vacuum cleaners, kitchen waste disposers,"
851030,Hair-removing appliances,44816,"Other small electric domestic appliances (including vacuum cleaners, kitchen waste disposers,"
851090,Parts,44831,"Parts of the following appliances:electro-mechanical domestic appliances, shavers and"
851110,Sparking plugs,4691,Electrical ignition or starting equipment of a kind used for internal
851120,Ignition magnetos; magneto-dynamos; magnetic flywheels,4691,Electrical ignition or starting equipment of a kind used for internal
851130,Distributors; ignition coils,4691,Electrical ignition or starting equipment of a kind used for internal
851140,Starter motors and dual purpose starter-generators,4691,Electrical ignition or starting equipment of a kind used for internal
851150,Other generators,4691,Electrical ignition or starting equipment of a kind used for internal
851180,Other equipment,4691,Electrical ignition or starting equipment of a kind used for internal
851190,Parts,4697,Parts for the goods of subclasses 46910 and 46920; electrical parts n.e.c. of machinery or apparatus
851210,Lighting or visual signalling equipment of a kind used on bicycles,4691,Electrical ignition or starting equipment of a kind used for internal
851220,Other lighting or visual signalling equipment,4691,Electrical ignition or starting equipment of a kind used for internal
851230,Sound signalling equipment,4691,Electrical ignition or starting equipment of a kind used for internal
851240,"Windscreen wipers, defrosters and demisters",4691,Electrical ignition or starting equipment of a kind used for internal
851290,Parts,4697,Parts for the goods of subclasses 46910 and 46920; electrical parts n.e.c. of machinery or apparatus
851310,Lamps,46531,Portable electric lamps designed to function by their own source of
851390,Parts,46542,Parts of portable electric lamps designed to function by their own source of energy (except those of
851410,Resistance heated furnaces and ovens,4342,"Industrial or laboratory furnaces and ovens, except non-electric bakery"
851420,Induction or dielectric furnaces and ovens,4342,"Industrial or laboratory furnaces and ovens, except non-electric bakery"
851430,Other furnaces and ovens,4342,"Industrial or laboratory furnaces and ovens, except non-electric bakery"
851440,Other induction or dielectric heating equipment,4342,"Industrial or laboratory furnaces and ovens, except non-electric bakery"
851490,Parts,4343,Parts for the goods of subclasses 43410 and 43420; parts of non-electric
851511,Brazing or soldering machines and apparatus :-- Soldering irons and guns,4424,"Machinery and apparatus for soldering, brazing or welding; gas-operated"
851519,Brazing or soldering machines and apparatus :-- Other,4424,"Machinery and apparatus for soldering, brazing or welding; gas-operated"
851521,Machines and apparatus for resistance welding of metal :-- Fully or partly automatic,4424,"Machinery and apparatus for soldering, brazing or welding; gas-operated"
851529,Machines and apparatus for resistance welding of metal :-- Other,4424,"Machinery and apparatus for soldering, brazing or welding; gas-operated"
851531,Machines and apparatus for arc (including plasma arc) welding of metals :-- Fully or partly automatic,4424,"Machinery and apparatus for soldering, brazing or welding; gas-operated"
851539,Machines and apparatus for arc (including plasma arc) welding of metals :-- Other,4424,"Machinery and apparatus for soldering, brazing or welding; gas-operated"
851580,Other machines and apparatus,4424,"Machinery and apparatus for soldering, brazing or welding; gas-operated"
851590,Parts,44255,Parts for the goods of subclass 44240
851610,Electric instantaneous or storage water heaters and immersion heaters,44817,Electric instantaneous or storage water heaters and immersion heaters;
851621,Electric space heating apparatus and electric soil heating apparatus :-- Storage heating radiators,44817,Electric instantaneous or storage water heaters and immersion heaters;
851629,Electric space heating apparatus and electric soil heating apparatus :-- Other,44817,Electric instantaneous or storage water heaters and immersion heaters;
851631,Electro-thermic hair-dressing or hand-drying apparatus :-- Hair dryers,44816,"Other small electric domestic appliances (including vacuum cleaners, kitchen waste disposers,"
851632,Electro-thermic hair-dressing or hand-drying apparatus :-- Other hair-dressing apparatus,44816,"Other small electric domestic appliances (including vacuum cleaners, kitchen waste disposers,"
851633,Electro-thermic hair-dressing or hand-drying apparatus :-- Hand-drying apparatus,44816,"Other small electric domestic appliances (including vacuum cleaners, kitchen waste disposers,"
851640,Electric smoothing irons,44816,"Other small electric domestic appliances (including vacuum cleaners, kitchen waste disposers,"
851650,Microwave ovens,44817,Electric instantaneous or storage water heaters and immersion heaters;
851660,"Other ovens; cookers, cooking plates, boiling rings, grillers and roasters",44817,Electric instantaneous or storage water heaters and immersion heaters;
851671,Other electro-thermic appliances :-- Coffee or tea makers,44816,"Other small electric domestic appliances (including vacuum cleaners, kitchen waste disposers,"
851672,Other electro-thermic appliances :-- Toasters,44816,"Other small electric domestic appliances (including vacuum cleaners, kitchen waste disposers,"
851679,Other electro-thermic appliances :-- Other,44816,"Other small electric domestic appliances (including vacuum cleaners, kitchen waste disposers,"
851680,Electric heating resistors,44818,"Electric heating resistors, except of carbon"
851690,Parts,44831,"Parts of the following appliances:electro-mechanical domestic appliances, shavers and"
851711,Telephone sets; videophones :-- Line telephone sets with cordless handsets,4722,Electrical apparatus for line telephony or line telegraphy
851719,Telephone sets; videophones :-- Other,4722,Electrical apparatus for line telephony or line telegraphy
851721,Facsimile machines and teleprinters :-- Facsimile machines,4722,Electrical apparatus for line telephony or line telegraphy
851722,Facsimile machines and teleprinters :-- Teleprinters,4722,Electrical apparatus for line telephony or line telegraphy
851730,Telephonic or telegraphic switching apparatus,4722,Electrical apparatus for line telephony or line telegraphy
851750,"Other apparatus, for carrier-current line systems or for digital line systems",4722,Electrical apparatus for line telephony or line telegraphy
851780,Other apparatus,4722,Electrical apparatus for line telephony or line telegraphy
851790,Parts,47401,Parts for the goods of subclass 47220
851810,Microphones and stands therefor,47331,"Microphones and stands therefor; loudspeakers; headphones, earphones"
851821,"Loudspeakers, whether or not mounted in their enclosures :-- Single loudspeakers, mounted in their enclosures",47331,"Microphones and stands therefor; loudspeakers; headphones, earphones"
851822,"Loudspeakers, whether or not mounted in their enclosures :-- Multiple loudspeakers, mounted in the same enclosure",47331,"Microphones and stands therefor; loudspeakers; headphones, earphones"
851829,"Loudspeakers, whether or not mounted in their enclosures :-- Other",47331,"Microphones and stands therefor; loudspeakers; headphones, earphones"
851830,"Headphones, earphones and combined microphone/speaker sets",47331,"Microphones and stands therefor; loudspeakers; headphones, earphones"
851840,Audio-frequency electric amplifiers,47331,"Microphones and stands therefor; loudspeakers; headphones, earphones"
851850,Electric sound amplifier sets,47331,"Microphones and stands therefor; loudspeakers; headphones, earphones"
851890,Parts,47402,Parts for the goods of subclasses 47321 to 47323 and 47331
851910,Coin- or disc-operated record-players,47321,"Turntables, record-players, cassette- players and other sound reproducing"
851921,Other record-players :-- Without loudspeaker,47321,"Turntables, record-players, cassette- players and other sound reproducing"
851929,Other record-players :-- Other,47321,"Turntables, record-players, cassette- players and other sound reproducing"
851931,Turntables (record-decks) :-- With automatic record changing mechanism,47321,"Turntables, record-players, cassette- players and other sound reproducing"
851939,Turntables (record-decks) :- Other,47321,"Turntables, record-players, cassette- players and other sound reproducing"
851940,Transcribing machines,47321,"Turntables, record-players, cassette- players and other sound reproducing"
851992,Other sound reproducing apparatus :-- Pocket-size cassette-players,47321,"Turntables, record-players, cassette- players and other sound reproducing"
851993,"Other sound reproducing apparatus :-- Other, cassette-type",47321,"Turntables, record-players, cassette- players and other sound reproducing"
851999,Other sound reproducing apparatus :-- Other,47321,"Turntables, record-players, cassette- players and other sound reproducing"
852010,Dictating machines not capable of operating without an external source of power,47322,Magnetic tape recorders and other sound recording apparatus (whether
852020,Telephone answering machines,47322,Magnetic tape recorders and other sound recording apparatus (whether
852032,Other magnetic tape recorders incorporating sound reproducing apparatus :-- Digital audio type,47322,Magnetic tape recorders and other sound recording apparatus (whether
852033,"Other magnetic tape recorders incorporating sound reproducing apparatus :-- Other, cassette-type",47322,Magnetic tape recorders and other sound recording apparatus (whether
852039,Other magnetic tape recorders incorporating sound reproducing apparatus :-- Other,47322,Magnetic tape recorders and other sound recording apparatus (whether
852090,Other,47322,Magnetic tape recorders and other sound recording apparatus (whether
852110,Magnetic tape-type,47323,Video recording or reproducing apparatus
852190,Other,47323,Video recording or reproducing apparatus
852210,Pick-up cartridges,47402,Parts for the goods of subclasses 47321 to 47323 and 47331
852290,Other,47402,Parts for the goods of subclasses 47321 to 47323 and 47331
852311,Magnetic tapes :-- Of a width not exceeding 4 mm,4751,Prepared unrecorded media for sound recording or similar recording of
852312,Magnetic tapes :-- Of a width exceeding 4 mm but not exceeding 6.5 mm,4751,Prepared unrecorded media for sound recording or similar recording of
852313,Magnetic tapes :-- Of a width exceeding 6.5 mm,4751,Prepared unrecorded media for sound recording or similar recording of
852320,Magnetic discs,4751,Prepared unrecorded media for sound recording or similar recording of
852330,Cards incorporating a magnetic stripe,4751,Prepared unrecorded media for sound recording or similar recording of
852390,Other,4751,Prepared unrecorded media for sound recording or similar recording of
852410,Gramophone records,4752,"Records, tapes and other recorded media for sound or other similarly"
852431,Discs for laser reading systems :-- For reproducing phenomena other than sound or image,4752,"Records, tapes and other recorded media for sound or other similarly"
852432,Discs for laser reading systems :-- For reproducing sound only,4752,"Records, tapes and other recorded media for sound or other similarly"
852439,Discs for laser reading systems :-- Other,4752,"Records, tapes and other recorded media for sound or other similarly"
852440,Magnetic tapes for reproducing phenomena other than sound or image,4752,"Records, tapes and other recorded media for sound or other similarly"
852451,Other magnetic tapes :-- Of a width not exceeding 4 mm,4752,"Records, tapes and other recorded media for sound or other similarly"
852452,Other magnetic tapes :-- Of a width exceeding 4 mm but not exceeding 6.5 mm,4752,"Records, tapes and other recorded media for sound or other similarly"
852453,Other magnetic tapes :-- Of a width exceeding 6.5 mm,4752,"Records, tapes and other recorded media for sound or other similarly"
852460,Cards incorporating a magnetic stripe,4752,"Records, tapes and other recorded media for sound or other similarly"
852491,Other :-- For reproducing phenomena other than sound or image,4752,"Records, tapes and other recorded media for sound or other similarly"
852499,Other,4752,"Records, tapes and other recorded media for sound or other similarly"
852510,Transmission apparatus,47211,"Transmission apparatus for radio- telephony, radio-telegraphy, radio-"
852520,Transmission apparatus incorporating reception apparatus,47211,"Transmission apparatus for radio- telephony, radio-telegraphy, radio-"
852530,Television cameras,47212,Television cameras
852540,Still image video cameras and other video camera recorders,47323,Video recording or reproducing apparatus
852610,Radar apparatus,4822,"Radar apparatus, radio navigational aid apparatus and radio remote control"
852691,Other :-- Radio navigational aid apparatus,4822,"Radar apparatus, radio navigational aid apparatus and radio remote control"
852692,Other :-- Radio remote control apparatus,4822,"Radar apparatus, radio navigational aid apparatus and radio remote control"
852712,"Radio-broadcast receivers capable of operating without an external source of power, including apparatus capable of receiving also radio-telephony or radio-telegraphy :-- Pocket-size radio cassette-players",47311,"Radio broadcast receivers (except of a kind used in motor vehicles),"
852713,"Radio-broadcast receivers capable of operating without an external source of power, including apparatus capable of receiving also radio-telephony or radio-telegraphy :-- Other apparatus combined with sound recording or",47311,"Radio broadcast receivers (except of a kind used in motor vehicles),"
852719,"Radio-broadcast receivers capable of operating without an external source of power, including apparatus capable of receiving also radio-telephony or radio-telegraphy :-- Other",47311,"Radio broadcast receivers (except of a kind used in motor vehicles),"
852721,"Radio-broadcast receivers not capable of operating without an external source of power, of a kind used in motor vehicles, including apparatus capable of receiving also radio-telp...:Combined with sound recording or reproducing apparat",47312,Radio broadcast receivers not capable of operating without an external
852729,"Radio-broadcast receivers not capable of operating without an external source of power, of a kind used in motor vehicles, including apparatus capable of receiving also radio-telephony or radio-telegraphy :-- Other",47312,Radio broadcast receivers not capable of operating without an external
852731,"Other radio-broadcast receivers, including apparatus capable of receiving also radio-telephony or radio-telegraphy :-- Combined with sound recording or reproducing apparatus",47311,"Radio broadcast receivers (except of a kind used in motor vehicles),"
852732,"Other radio-broadcast receivers, including apparatus capable of receiving also radio-telephony or radio-telegraphy :-- Not combined with sound recording or reproducing apparatus but combined with a clock",47311,"Radio broadcast receivers (except of a kind used in motor vehicles),"
852739,"Other radio-broadcast receivers, including apparatus capable of receiving also radio-telephony or radio-telegraphy :-- Other",47311,"Radio broadcast receivers (except of a kind used in motor vehicles),"
852790,Other apparatus,47332,Reception apparatus for radio- telephony or radio-telegraphy
852812,"Reception apparatus for television, whether or not incorporating radio-broadcast receivers or sound or video recording or reproducing apparatus :-- Colour",47313,"Television receivers, whether or not combined with radio-broadcast receivers or sound or video recording"
852813,"Reception apparatus for television, whether or not incorporating radio-broadcast receivers or sound or video recording or reproducing apparatus :-- Black and white or other monochrome",47313,"Television receivers, whether or not combined with radio-broadcast receivers or sound or video recording"
852821,Video monitors :-- Colour,47313,"Television receivers, whether or not combined with radio-broadcast receivers or sound or video recording"
852822,Video monitors :-- Black and white or other monochrome,47313,"Television receivers, whether or not combined with radio-broadcast receivers or sound or video recording"
852830,Video projectors,47313,"Television receivers, whether or not combined with radio-broadcast receivers or sound or video recording"
852910,Aerials and aerial reflectors of all kinds; parts suitable for use therewith,47403,"Parts for the goods of subclasses 47211, 47212, 47311 to 47313, 47332 and 48220"
852990,Other,47403,"Parts for the goods of subclasses 47211, 47212, 47311 to 47313, 47332 and 48220"
853010,Equipment for railways or tramways,4692,"Electric sound or visual signalling apparatus, except for cycles or"
853080,Other equipment,4692,"Electric sound or visual signalling apparatus, except for cycles or"
853090,Parts,4697,Parts for the goods of subclasses 46910 and 46920; electrical parts n.e.c. of machinery or apparatus
853110,Burglar or fire alarms and similar apparatus,4692,"Electric sound or visual signalling apparatus, except for cycles or"
853120,Indicator panels incorporating liquid crystal devices (LCD) or light emitting diodes (LED),4692,"Electric sound or visual signalling apparatus, except for cycles or"
853180,Other apparatus,4692,"Electric sound or visual signalling apparatus, except for cycles or"
853190,Parts,4697,Parts for the goods of subclasses 46910 and 46920; electrical parts n.e.c. of machinery or apparatus
853210,Fixed capacitors designed for use in 50/60 Hz circuits and having a reactive power handling capacity of not less than 0.5 kvar (power capacitors),4711,Electrical capacitors
853221,Other fixed capacitors :-- Tantalum,4711,Electrical capacitors
853222,Other fixed capacitors :-- Aluminium electrolytic,4711,Electrical capacitors
853223,"Other fixed capacitors :-- Ceramic dielectric, single layer",4711,Electrical capacitors
853224,"Other fixed capacitors :-- Ceramic dielectric, multilayer",4711,Electrical capacitors
853225,Other fixed capacitors :-- Dielectric of paper or plastics,4711,Electrical capacitors
853229,Other fixed capacitors :-- Other,4711,Electrical capacitors
853230,Variable or adjustable (pre-set) capacitors,4711,Electrical capacitors
853290,Parts,47171,Parts for the goods of subclass 47110
853310,"Fixed carbon resistors, composition or film types",4712,Electrical resistors (except heating resistors)
853321,Other fixed resistors :-- For a power handling capacity not exceeding 20 W,4712,Electrical resistors (except heating resistors)
853329,Other fixed resistors :-- Other,4712,Electrical resistors (except heating resistors)
853331,"Wirewound variable resistors, including rheostats and potentiometers :-- For a power handling capacity not exceeding 20 W",4712,Electrical resistors (except heating resistors)
853339,"Wirewound variable resistors, including rheostats and potentiometers :-- Other",4712,Electrical resistors (except heating resistors)
853340,"Other variable resistors, including rheostats and potentiometers",4712,Electrical resistors (except heating resistors)
853390,Parts,47172,Parts for the goods of subclass 47120
853400,Printed circuits.,4713,Printed circuits
853510,Fuses,46211,"Electrical apparatus for switching or protecting electrical circuits, or"
853521,Automatic circuit breakers :-- For a voltage of less than 72.5 kV,46211,"Electrical apparatus for switching or protecting electrical circuits, or"
853529,Automatic circuit breakers :-- Other,46211,"Electrical apparatus for switching or protecting electrical circuits, or"
853530,Isolating switches and make-and-break switches,46211,"Electrical apparatus for switching or protecting electrical circuits, or"
853540,"Lightning arresters, voltage limiters and surge suppressors",46211,"Electrical apparatus for switching or protecting electrical circuits, or"
853590,Other,46211,"Electrical apparatus for switching or protecting electrical circuits, or"
853610,Fuses,46212,"Electrical apparatus for switching or protecting electrical circuits,"
853620,Automatic circuit breakers,46212,"Electrical apparatus for switching or protecting electrical circuits,"
853630,Other apparatus for protecting electrical circuits,46212,"Electrical apparatus for switching or protecting electrical circuits,"
853641,Relays :-- For a voltage not exceeding 60 V,46212,"Electrical apparatus for switching or protecting electrical circuits,"
853649,Relays :-- Other,46212,"Electrical apparatus for switching or protecting electrical circuits,"
853650,Other switches,46212,"Electrical apparatus for switching or protecting electrical circuits,"
853661,"Lamp-holders, plugs and sockets :-- Lamp-holders",46212,"Electrical apparatus for switching or protecting electrical circuits,"
853669,"Lamp-holders, plugs and sockets :-- Other",46212,"Electrical apparatus for switching or protecting electrical circuits,"
853690,Other apparatus,46212,"Electrical apparatus for switching or protecting electrical circuits,"
853710,"For a voltage not exceeding 1,000 V",46213,"Boards, consoles, cabinets and other bases, equipped with electrical"
853720,"For a voltage exceeding 1,000 V",46214,"Boards, consoles, cabinets and other bases, equipped with electrical"
853810,"Boards, panels, consoles, desks, cabinets and other bases for the goods of heading No. 85.37, not equipped with their apparatus",4622,Parts of electricity distribution or control apparatus
853890,Other,4622,Parts of electricity distribution or control apparatus
853910,Sealed beam lamp units,4651,Electric filament or discharge lamps; arc lamps
853921,"Other filament lamps, excluding ultra-violet or infra-red lamps :-- Tungsten halogen",4651,Electric filament or discharge lamps; arc lamps
853922,"Other filament lamps, excluding ultra-violet or infra-red lamps :-- Other, of a power not exceeding 200 W and for a voltage exceeding 100 V",4651,Electric filament or discharge lamps; arc lamps
853929,"Other filament lamps, excluding ultra-violet or infra-red lamps :-- Other",4651,Electric filament or discharge lamps; arc lamps
853931,"Discharge lamps, other than ultra-violet lamps :-- Fluorescent, hot cathode",4651,Electric filament or discharge lamps; arc lamps
853932,"Discharge lamps, other than ultra-violet lamps :-- Mercury or sodium vapour lamps; metal halide lamps",4651,Electric filament or discharge lamps; arc lamps
853939,"Discharge lamps, other than ultra-violet lamps :-- Other",4651,Electric filament or discharge lamps; arc lamps
853941,Ultra-violet or infra-red lamps; arc-lamps :-- Arc-lamps,4651,Electric filament or discharge lamps; arc lamps
853949,Ultra-violet or infra-red lamps; arc-lamps :-- Other,4651,Electric filament or discharge lamps; arc lamps
853990,Parts,46541,Parts of electric filament or discharge lamps; parts of arc lamps
854011,"Cathode-ray television picture tubes, including video monitor cathode-ray tubes :-- Colour",4714,"Thermionic, cold cathode or photo- cathode valves and tubes (including"
854012,"Cathode-ray television picture tubes, including video monitor cathode-ray tubes :-- Black and white or other monochrome",4714,"Thermionic, cold cathode or photo- cathode valves and tubes (including"
854020,Television camera tubes; image converters and intensifiers; other photo-cathode tubes,4714,"Thermionic, cold cathode or photo- cathode valves and tubes (including"
854040,"Data/graphic display tubes, colour, with a phosphor dot screen pitch smaller than 0.4 mm",4714,"Thermionic, cold cathode or photo- cathode valves and tubes (including"
854050,"Data/graphic display tubes, black and white or other monochrome",4714,"Thermionic, cold cathode or photo- cathode valves and tubes (including"
854060,Other cathode-ray tubes,4714,"Thermionic, cold cathode or photo- cathode valves and tubes (including"
854071,"Microwave tubes (for example, magnetrons, klystrons, travelling wave tubes, carcinotrons), excluding grid-controlled tubes :-- Magnetrons",4714,"Thermionic, cold cathode or photo- cathode valves and tubes (including"
854072,"Microwave tubes (for example, magnetrons, klystrons, travelling wave tubes, carcinotrons), excluding grid-controlled tubes :-- Klystrons",4714,"Thermionic, cold cathode or photo- cathode valves and tubes (including"
854079,"Microwave tubes (for example, magnetrons, klystrons, travelling wave tubes, carcinotrons), excluding grid-controlled tubes :-- Other",4714,"Thermionic, cold cathode or photo- cathode valves and tubes (including"
854081,Other valves and tubes :-- Receiver or amplifier valves and tubes,4714,"Thermionic, cold cathode or photo- cathode valves and tubes (including"
854089,Other valves and tubes :-- Other,4714,"Thermionic, cold cathode or photo- cathode valves and tubes (including"
854091,Parts :-- Of cathode-ray tubes,47173,Parts for the goods of subclasses 47140 to 47160
854099,Parts :- Other,47173,Parts for the goods of subclasses 47140 to 47160
854110,"Diodes, other than photosensitive or light emitting diodes",4715,"Diodes, transistors and similar semi- conductor devices; photosensitive"
854121,"Transistors, other than photosensitive transistors :-- With a dissipation rate of less than 1 W",4715,"Diodes, transistors and similar semi- conductor devices; photosensitive"
854129,"Transistors, other than photosensitive transistors :-- Other",4715,"Diodes, transistors and similar semi- conductor devices; photosensitive"
854130,"Thyristors, diacs and triacs, other than photosensitive devices",4715,"Diodes, transistors and similar semi- conductor devices; photosensitive"
854140,"Photosensitive semiconductor devices, including photovoltaic cells whether or not assembled in modules or made up into panels; light emitting diodes",4715,"Diodes, transistors and similar semi- conductor devices; photosensitive"
854150,Other semiconductor devices,4715,"Diodes, transistors and similar semi- conductor devices; photosensitive"
854160,Mounted piezo-electric crystals,4715,"Diodes, transistors and similar semi- conductor devices; photosensitive"
854190,Parts,47173,Parts for the goods of subclasses 47140 to 47160
854212,Monolithic digital integrated circuits :-- Cards incorporating an electronic integrated circuit (smart cards),4716,Electronic integrated circuits and microassemblies
854213,Monolithic digital integrated circuits :-- Metal oxide semiconductors (MOS technology),4716,Electronic integrated circuits and microassemblies
854214,Monolithic digital integrated circuits :-- Circuits obtained by bipolar technology,4716,Electronic integrated circuits and microassemblies
854219,"Monolithic digital integrated circuits :-- Other, including circuits obtained by a combination of bipolar and MOS technologies (BIMOS technology)",4716,Electronic integrated circuits and microassemblies
854230,Other monolithic integrated circuits,4716,Electronic integrated circuits and microassemblies
854240,Hybrid integrated circuits,4716,Electronic integrated circuits and microassemblies
854250,Electronic microassemblies,4716,Electronic integrated circuits and microassemblies
854290,Parts,47173,Parts for the goods of subclasses 47140 to 47160
854311,Particle accelerators :-- Ion implanters for doping semiconductor materials,4694,Electrical equipment n.e.c. (including electro-magnets; permanent magnets; electro-magnetic
854319,Particle accelerators :-- Other,4694,Electrical equipment n.e.c. (including electro-magnets; permanent magnets; electro-magnetic
854320,Signal generators,4694,Electrical equipment n.e.c. (including electro-magnets; permanent magnets; electro-magnetic
854330,"Machines and apparatus for electroplating, electrolysis or electrophoresis",4694,Electrical equipment n.e.c. (including electro-magnets; permanent magnets; electro-magnetic
854340,Electric fence energisers,4694,Electrical equipment n.e.c. (including electro-magnets; permanent magnets; electro-magnetic
854381,Other machines and apparatus :-- Proximity cards and tags,4694,Electrical equipment n.e.c. (including electro-magnets; permanent magnets; electro-magnetic
854389,Other machines and apparatus :-- Other,4694,Electrical equipment n.e.c. (including electro-magnets; permanent magnets; electro-magnetic
854390,Parts,4697,Parts for the goods of subclasses 46910 and 46920; electrical parts n.e.c. of machinery or apparatus
854411,Winding wire :-- Of copper,4631,Insulated winding wire
854419,Winding wire :-- Other,4631,Insulated winding wire
854420,Co-axial cable and other co-axial electric conductors,4632,Co-axial cable and other co-axial electric conductors
854430,"Ignition wiring sets and other wiring sets of a kind used in vehicles, aircraft or ships",4633,"Ignition wiring sets and other wiring sets of a kind used in vehicles, aircraft or ships"
854441,"Other electric conductors, for a voltage not exceeding 80 V :-- Fitted with connectors",4634,"Other electric conductors, for a voltage not exceeding 1000 V"
854449,"Other electric conductors, for a voltage not exceeding 80 V :-- Other",4634,"Other electric conductors, for a voltage not exceeding 1000 V"
854451,"Other electric conductors, for a voltage exceeding 80 V but not exceeding 1,000 V :-- Fitted with connectors",4634,"Other electric conductors, for a voltage not exceeding 1000 V"
854459,"Other electric conductors, for a voltage exceeding 80 V but not exceeding 1,000 V :-- Other",4634,"Other electric conductors, for a voltage not exceeding 1000 V"
854460,"Other electric conductors, for a voltage exceeding 1,000 V",4635,"Other electric conductors, for a voltage exceeding 1000 V"
854470,Optical fibre cables,4636,Optical fibre cables made up of individually sheathed fibres
854511,Electrodes :-- Of a kind used for furnaces,4696,"Carbon electrodes, carbon brushes, lamp carbons, battery carbons and"
854519,Electrodes :-- Other,4696,"Carbon electrodes, carbon brushes, lamp carbons, battery carbons and"
854520,Brushes,4696,"Carbon electrodes, carbon brushes, lamp carbons, battery carbons and"
854590,Other,4696,"Carbon electrodes, carbon brushes, lamp carbons, battery carbons and"
854610,Of glass,37197,Electrical insulators of glass
854620,Of ceramics,37292,"Electrical insulators of ceramics; insulating fittings, for electrical"
854690,Other,4695,"Electrical insulators, except of glass or ceramics; insulating fittings for"
854710,Insulating fittings of ceramics,37292,"Electrical insulators of ceramics; insulating fittings, for electrical"
854720,Insulating fittings of plastics,3698,Electrical insulating fittings of plastics
854790,Other,4695,"Electrical insulators, except of glass or ceramics; insulating fittings for"
854810,"Waste and scrap of primary cells, primary batteries and electric accumulators; spent primary cells, spent primary batteries and spent electric accumulators",4642,Electric accumulators
854890,Other,4697,Parts for the goods of subclasses 46910 and 46920; electrical parts n.e.c. of machinery or apparatus
860110,Powered from an external source of electricity,49511,Rail locomotives powered from an external source of electricity
860120,Powered by electric accumulators,49519,Other rail locomotives; locomotive tenders
860210,Diesel-electric locomotives,49512,Diesel-electric locomotives
860290,Other,49519,Other rail locomotives; locomotive tenders
860310,Powered from an external source of electricity,4952,"Self-propelled railway or tramway coaches, vans and trucks (except maintenance or service vehicles)"
860390,Other,4952,"Self-propelled railway or tramway coaches, vans and trucks (except maintenance or service vehicles)"
860400,"Railway or tramway maintenance or service vehicles, whether or not self-propelled (for example, workshops, cranes, ballast tampers, trackliners, testing coaches and track inspection vehicles).",49531,"Railway or tramway maintenance or service vehicles, whether or not self-propelled"
860500,"Railway or tramway passenger coaches, not self-propelled; luggage vans, post office coaches and other special purpose railway or tramway coaches, not self-propelled (excluding those of heading No. 86.04).",49532,"Railway or tramway passenger coaches, not self-propelled; luggage vans,"
860610,Tank wagons and the like,49533,"Railway or tramway goods vans and wagons, not self-propelled"
860620,"Insulated or refrigerated vans and wagons, other than those of subheading No. 8606.10",49533,"Railway or tramway goods vans and wagons, not self-propelled"
860630,"Self-discharging vans and wagons, other than those of subheading No. 8606.10 or 8606.20",49533,"Railway or tramway goods vans and wagons, not self-propelled"
860691,Other :-- Covered and closed,49533,"Railway or tramway goods vans and wagons, not self-propelled"
860692,"Other :-- Open, with non-removable sides of a height exceeding 60 cm",49533,"Railway or tramway goods vans and wagons, not self-propelled"
860699,Other,49533,"Railway or tramway goods vans and wagons, not self-propelled"
860711,"Bogies, bissel-bogies, axles and wheels, and parts thereof :-- Driving bogies and bissel-bogies",4954,Parts of railway or tramway locomotives or rolling stock; railway or tramway track fixtures and
860712,"Bogies, bissel-bogies, axles and wheels, and parts thereof :-- Other bogies and bissel-bogies",4954,Parts of railway or tramway locomotives or rolling stock; railway or tramway track fixtures and
860719,"Bogies, bissel-bogies, axles and wheels, and parts thereof :-- Other, including parts",4954,Parts of railway or tramway locomotives or rolling stock; railway or tramway track fixtures and
860721,Brakes and parts thereof :-- Air brakes and parts thereof,4954,Parts of railway or tramway locomotives or rolling stock; railway or tramway track fixtures and
860729,Brakes and parts thereof :-- Other,4954,Parts of railway or tramway locomotives or rolling stock; railway or tramway track fixtures and
860730,"Hooks and other coupling devices, buffers, and parts thereof",4954,Parts of railway or tramway locomotives or rolling stock; railway or tramway track fixtures and
860791,Other :-- Of locomotives,4954,Parts of railway or tramway locomotives or rolling stock; railway or tramway track fixtures and
860799,Other,4954,Parts of railway or tramway locomotives or rolling stock; railway or tramway track fixtures and
860800,"Railway or tramway track fixtures and fittings; mechanical (including electro-mechanical) signalling, safety or traffic control equipment for railways, tramways, roads, inland waterways, parking facilities, port installations or airfi",4954,Parts of railway or tramway locomotives or rolling stock; railway or tramway track fixtures and
860900,Containers (including containers for the transport of fluids) specially designed and equipped for carriage by one or more modes of transport.,49221,Containers specially designed and equipped for carriage by one or more modes of transport
870110,Pedestrian controlled tractors,4414,"Pedestrian controlled tractors, other than of the type used on railway"
870120,Road tractors for semi-trailers,49111,Road tractors for semi-trailers
870130,Track-laying tractors,4445,Track-laying tractors
870190,Other,4415,"Other tractors, excluding track- laying tractors, road tractors for"
870210,With compression-ignition internal combustion piston engine (diesel or semi-diesel),49112,Public-transport type passenger motor vehicles
870290,Other,49112,Public-transport type passenger motor vehicles
870310,Vehicles specially designed for travelling on snow; golf cars and similar vehicles,49117,"Motor vehicles, for the transport of persons, specially designed for travelling on snow; golf cars"
870321,"Other vehicles, with spark-ignition internal combustion reciprocating piston engine :-- Of a cylinder capacity not exceeding 1,000 cc",49113,Motor cars and other motor vehicles principally designed for the transport of persons (except public-
870322,"Other vehicles, with spark-ignition internal combustion reciprocating piston engine :-- Of a cylinder capacity exceeding 1,000 cc but not exceeding 1,500 cc",49113,Motor cars and other motor vehicles principally designed for the transport of persons (except public-
870323,"Other vehicles, with spark-ignition internal combustion reciprocating piston engine :-- Of a cylinder capacity exceeding 1,500 cc but not exceeding 3,000 cc",49113,Motor cars and other motor vehicles principally designed for the transport of persons (except public-
870324,"Other vehicles, with spark-ignition internal combustion reciprocating piston engine :-- Of a cylinder capacity exceeding 3,000 cc",49113,Motor cars and other motor vehicles principally designed for the transport of persons (except public-
870331,"Other vehicles, with compression-ignition internal combustion piston engine (diesel or semi-diesel) :-- Of a cylinder capacity not exceeding 1,500 cc",49113,Motor cars and other motor vehicles principally designed for the transport of persons (except public-
870332,"Other vehicles, with compression-ignition internal combustion piston engine (diesel or semi-diesel) :-- Of a cylinder capacity exceeding 1,500 cc but not exceeding 2,500 cc",49113,Motor cars and other motor vehicles principally designed for the transport of persons (except public-
870333,"Other vehicles, with compression-ignition internal combustion piston engine (diesel or semi-diesel) :-- Of a cylinder capacity exceeding 2,500 cc",49113,Motor cars and other motor vehicles principally designed for the transport of persons (except public-
870390,Other,49113,Motor cars and other motor vehicles principally designed for the transport of persons (except public-
870410,Dumpers designed for off-highway use,49114,Dumpers designed for off-highway use
870421,"Other, with compression-ignition internal combustion piston engine (diesel or semi-diesel) :-- g.v.w. not exceeding 5 tonnes",49115,Motor vehicles n.e.c. for the transport of goods
870422,"Other, with compression-ignition internal combustion piston engine (diesel or semi-diesel) :-- g.v.w. exceeding 5 tonnes but not exceeding 20 tonnes",49115,Motor vehicles n.e.c. for the transport of goods
870423,"Other, with compression-ignition internal combustion piston engine (diesel or semi-diesel) :-- g.v.w. exceeding 20 tonnes",49115,Motor vehicles n.e.c. for the transport of goods
870431,"Other, with spark-ignition internal combustion piston engine :-- g.v.w. not exceeding 5 tonnes",49115,Motor vehicles n.e.c. for the transport of goods
870432,"Other, with spark-ignition internal combustion piston engine :-- g.v.w. exceeding 5 tonnes",49115,Motor vehicles n.e.c. for the transport of goods
870490,Other,49115,Motor vehicles n.e.c. for the transport of goods
870510,Crane lorries,49116,Crane lorries
870520,Mobile drilling derricks,49119,Special purpose motor vehicles n.e.c.
870530,Fire fighting vehicles,49119,Special purpose motor vehicles n.e.c.
870540,Concrete-mixer lorries,49119,Special purpose motor vehicles n.e.c.
870590,Other,49119,Special purpose motor vehicles n.e.c.
870600,"Chassis fitted with engines, for the motor vehicles of headings Nos. 87.01 to 87.05.",49121,"Chassis fitted with engines, for motor vehicles"
870710,For the vehicles of heading No. 87.03,4921,Bodies for motor vehicles
870790,Other,4921,Bodies for motor vehicles
870810,Bumpers and parts thereof,49129,"Other parts and accessories n.e.c. of motor vehicles (including brakes,"
870821,Other parts and accessories of bodies (including cabs) :-- Safety seat belts,49231,Parts and accessories for the goods of subclass 49210
870829,Other parts and accessories of bodies (including cabs) :-- Other,49231,Parts and accessories for the goods of subclass 49210
870831,Brakes and servo-brakes and parts thereof :-- Mounted brake linings,49129,"Other parts and accessories n.e.c. of motor vehicles (including brakes,"
870839,Brakes and servo-brakes and parts thereof :-- Other,49129,"Other parts and accessories n.e.c. of motor vehicles (including brakes,"
870840,Gear boxes,49129,"Other parts and accessories n.e.c. of motor vehicles (including brakes,"
870850,"Drive-axles with differential, whether or not provided with other transmission components",49129,"Other parts and accessories n.e.c. of motor vehicles (including brakes,"
870860,Non-driving axles and parts thereof,49129,"Other parts and accessories n.e.c. of motor vehicles (including brakes,"
870870,Road wheels and parts and accessories thereof,49129,"Other parts and accessories n.e.c. of motor vehicles (including brakes,"
870880,Suspension shock-absorbers,49129,"Other parts and accessories n.e.c. of motor vehicles (including brakes,"
870891,Other parts and accessories :-- Radiators,49129,"Other parts and accessories n.e.c. of motor vehicles (including brakes,"
870892,Other parts and accessories :-- Silencers and exhaust pipes,49129,"Other parts and accessories n.e.c. of motor vehicles (including brakes,"
870893,Other parts and accessories :-- Clutches and parts thereof,49129,"Other parts and accessories n.e.c. of motor vehicles (including brakes,"
870894,"Other parts and accessories :-- Steering wheels, steering columns and steering boxes",49129,"Other parts and accessories n.e.c. of motor vehicles (including brakes,"
870899,Other parts and accessories :-- Other,49129,"Other parts and accessories n.e.c. of motor vehicles (including brakes,"
870911,Vehicles :-- Electrical,4353,Fork-lift trucks; other works trucks whether or not fitted with lifting
870919,Vehicles :-- Other,4353,Fork-lift trucks; other works trucks whether or not fitted with lifting
870990,Parts,4357,Parts for the goods of subclasses 43510 to 43560
871000,"Tanks and other armoured fighting vehicles, motorised, whether or not fitted with weapons, and parts of such vehicles.",4471,"Tanks and other armoured fighting vehicles, motorised, and parts thereof"
871110,With reciprocating internal combustion piston engine of a cylinder capacity not exceeding 50 cc,49911,"Motorcycles and cycles fitted with an auxiliary motor, with reciprocating"
871120,With reciprocating internal combustion piston engine of a cylinder capacity exceeding 50 cc but not exceeding 250 cc,49912,"Motorcycles and cycles fitted with an auxiliary motor, with reciprocating"
871130,With reciprocating internal combustion piston engine of a cylinder capacity exceeding 250 cc but not exceeding 500 cc,49912,"Motorcycles and cycles fitted with an auxiliary motor, with reciprocating"
871140,With reciprocating internal combustion piston engine of a cylinder capacity exceeding 500 cc but not exceeding 800 cc,49912,"Motorcycles and cycles fitted with an auxiliary motor, with reciprocating"
871150,With reciprocating internal combustion piston engine of a cylinder capacity exceeding 800 cc,49912,"Motorcycles and cycles fitted with an auxiliary motor, with reciprocating"
871190,Other,49913,"Motorcycles and cycles fitted with an auxiliary motor, other than those"
871200,"Bicycles and other cycles (including delivery tricycles), not motorised.",49921,"Bicycles and other cycles, not motorised"
871310,Not mechanically propelled,49922,Invalid carriages
871390,Other,49922,Invalid carriages
871411,Of motorcycles (including mopeds) :-- Saddles,49941,Parts and accessories of motorcycles and side-cars
871419,Of motorcycles (including mopeds) :-- Other,49941,Parts and accessories of motorcycles and side-cars
871420,Of invalid carriages,49942,"Parts and accessories of bicycles and other cycles, not motorised, and of invalid carriages"
871491,"Other :-- Frames and forks, and parts thereof",49942,"Parts and accessories of bicycles and other cycles, not motorised, and of invalid carriages"
871492,Other :-- Wheel rims and spokes,49942,"Parts and accessories of bicycles and other cycles, not motorised, and of invalid carriages"
871493,"Other :-- Hubs, other than coaster braking hubs and hub brakes, and free-wheel sprocket-wheels",49942,"Parts and accessories of bicycles and other cycles, not motorised, and of invalid carriages"
871494,"Other :-- Brakes, including coaster braking hubs and hub brakes, and parts thereof",49942,"Parts and accessories of bicycles and other cycles, not motorised, and of invalid carriages"
871495,Other :-- Saddles,49942,"Parts and accessories of bicycles and other cycles, not motorised, and of invalid carriages"
871496,"Other :-- Pedals and crank-gear, and parts thereof",49942,"Parts and accessories of bicycles and other cycles, not motorised, and of invalid carriages"
871499,Other,49942,"Parts and accessories of bicycles and other cycles, not motorised, and of invalid carriages"
871500,Baby carriages and parts thereof.,38992,Baby carriages and parts thereof
871610,"Trailers and semi-trailers of the caravan type, for housing or camping",49222,"Trailers and semi-trailers of the caravan type, for housing or camping"
871620,Self-loading or self-unloading trailers and semi-trailers for agricultural purposes,4417,Self-loading or self-unloading trailers and semi-trailers for agricultural purposes
871631,Other trailers and semi-trailers for the transport of goods :-- Tanker trailers and tanker semi-trailers,49229,Other trailers and semi-trailers (including trailers and semi-trailers
871639,Other trailers and semi-trailers for the transport of goods :-- Other,49229,Other trailers and semi-trailers (including trailers and semi-trailers
871640,Other trailers and semi-trailers,49229,Other trailers and semi-trailers (including trailers and semi-trailers
871680,Other vehicles,4993,"Vehicles n.e.c., not mechanically propelled"
871690,Parts,49232,"Parts of trailers and semi-trailers; parts of other vehicles, not mechanically propelled"
880110,Gliders and hang gliders,49611,Gliders and hang gliders
880190,Other,49612,Balloons and dirigibles; other non- powered aircraft
880211,"Helicopters :-- Of an unladen weight not exceeding 2,000 kg",49621,Helicopters
880212,"Helicopters :-- Of an unladen weight exceeding 2,000 kg",49621,Helicopters
880220,"Aeroplanes and other aircraft, of an unladen weight not exceeding 2,000 kg",49622,"Aeroplanes and other powered aircraft, of an unladen weight not exceeding 2000 kg"
880230,"Aeroplanes and other aircraft, of an unladen weight exceeding 2,000 kg but not exceeding 15,000 kg",49623,Aeroplanes and other powered aircraft of an unladen weight exceeding 2000 kg
880240,"Aeroplanes and other aircraft, of an unladen weight exceeding 15,000 kg",49623,Aeroplanes and other powered aircraft of an unladen weight exceeding 2000 kg
880260,Spacecraft (including satellites) and suborbital and spacecraft launch vehicles,4963,Spacecraft and spacecraft launch vehicles
880310,Propellers and rotors and parts thereof,4964,Parts of aircraft and spacecraft
880320,Under-carriages and parts thereof,4964,Parts of aircraft and spacecraft
880330,Other parts of aeroplanes or helicopters,4964,Parts of aircraft and spacecraft
880390,Other,4964,Parts of aircraft and spacecraft
880400,Parachutes (including dirigible parachutes and paragliders) and rotochutes; parts thereof and accessories thereto.,2717,Parachutes
880510,Aircraft launching gear and parts thereof; deck-arrestor or similar gear and parts thereof,43134,Aircraft launching gear; deck-arrestor or similar gear; ground flying
880520,Ground flying trainers and parts thereof,43134,Aircraft launching gear; deck-arrestor or similar gear; ground flying
890110,"Cruise ships, excursion boats and similar vessels principally designed for the transport of persons; ferry-boats of all kinds",49311,"Cruise ships, excursion boats and similar vessels, principally designed"
890120,Tankers,49312,Tankers (ships)
890130,"Refrigerated vessels, other than those of subheading No. 8901.20",49313,"Refrigerated vessels (ships), except tankers"
890190,Other vessels for the transport of goods and other vessels for the transport of both persons and goods,49314,Other vessels for the transport of goods and other vessels for the transport of both persons and goods
890200,Fishing vessels; factory ships and other vessels for processing or preserving fishery products.,49315,Fishing vessels; factory ships and other vessels for processing or preserving fishery products
890310,Inflatable,4949,Other vessels for pleasure or sports; rowing boats and canoes
890391,"Other :-- Sailboats, with or without auxiliary motor",4941,"Sailboats (except inflatable), with or without auxiliary motor"
890392,"Other :-- Motorboats, other than outboard motorboats",4949,Other vessels for pleasure or sports; rowing boats and canoes
890399,Other,4949,Other vessels for pleasure or sports; rowing boats and canoes
890400,Tugs and pusher craft.,49316,Tugs and pusher craft
890510,Dredgers,49319,"Other vessels (including light- vessels, fire-floats, dredgers, floating"
890520,Floating or submersible drilling or production platforms,4932,Floating or submersible drilling or production platforms
890590,Other,49319,"Other vessels (including light- vessels, fire-floats, dredgers, floating"
890600,"Other vessels, including warships and lifeboats other than rowing boats.",49319,"Other vessels (including light- vessels, fire-floats, dredgers, floating"
890710,Inflatable rafts,4939,Other floating structures
890790,Other,4939,Other floating structures
890800,Vessels and other floating structures for breaking up.,3937,Vessels and other floating structures for breaking up
900110,"Optical fibres, optical fibre bundles and cables",48311,Optical fibres and optical fibre bundles; optical fibre cables (except those made up of individually
900120,Sheets and plates of polarising material,48311,Optical fibres and optical fibre bundles; optical fibre cables (except those made up of individually
900130,Contact lenses,48311,Optical fibres and optical fibre bundles; optical fibre cables (except those made up of individually
900140,Spectacle lenses of glass,48311,Optical fibres and optical fibre bundles; optical fibre cables (except those made up of individually
900150,Spectacle lenses of other materials,48311,Optical fibres and optical fibre bundles; optical fibre cables (except those made up of individually
900190,Other,48311,Optical fibres and optical fibre bundles; optical fibre cables (except those made up of individually
900211,"Objective lenses :-- For cameras, projectors or photographic enlargers or reducers",48321,"Objective lenses for cameras, projectors or photographic enlargers or reducers"
900219,Objective lenses :-- Other,48311,Optical fibres and optical fibre bundles; optical fibre cables (except those made up of individually
900220,Filters,48311,Optical fibres and optical fibre bundles; optical fibre cables (except those made up of individually
900290,Other,48311,Optical fibres and optical fibre bundles; optical fibre cables (except those made up of individually
900311,Frames and mountings :-- Of plastics,48313,"Frames and mountings for spectacles, goggles or the like"
900319,Frames and mountings :-- Of other materials,48313,"Frames and mountings for spectacles, goggles or the like"
900390,Parts,48352,"Parts of frames and mountings for spectacles, goggles or the like"
900410,Sunglasses,48312,"Spectacles, goggles and the like, corrective, protective or other"
900490,Other,48312,"Spectacles, goggles and the like, corrective, protective or other"
900510,Binoculars,48314,"Binoculars, monoculars and other optical telescopes; other astronomical"
900580,Other instruments,48314,"Binoculars, monoculars and other optical telescopes; other astronomical"
900590,Parts and accessories (including mountings),48351,Parts and accessories for the goods of subclasses 48314 and 48315
900610,Cameras of a kind used for preparing printing plates or cylinders,48322,Photographic (including cinema- tographic) cameras
900620,"Cameras of a kind used for recording documents on microfilm, microfiche or other microforms",48322,Photographic (including cinema- tographic) cameras
900630,"Cameras specially designed for underwater use, for aerial survey or for medical or surgical examination of internal organs; comparison cameras for forensic or criminological purposes",48322,Photographic (including cinema- tographic) cameras
900640,Instant print cameras,48322,Photographic (including cinema- tographic) cameras
900651,"Other cameras :-- With a through-the-lens viewfinder (single lens reflex (SLR)), for roll film of a width not exceeding 35 mm",48322,Photographic (including cinema- tographic) cameras
900652,"Other cameras :-- Other, for roll film of a width less than 35 mm",48322,Photographic (including cinema- tographic) cameras
900653,"Other cameras :-- Other, for roll film of a width of 35 mm",48322,Photographic (including cinema- tographic) cameras
900659,Other cameras :-- Other,48322,Photographic (including cinema- tographic) cameras
900661,Photographic flashlight apparatus and flashbulbs :-- Discharge lamp (electronic) flashlight apparatus,48324,"Photographic flashlight apparatus, except flashbulbs; photographic (except cinematographic) enlargers"
900662,"Photographic flashlight apparatus and flashbulbs :-- Flashbulbs, flashcubes and the like",4652,"Photographic flashbulbs, flashcubes and the like"
900669,Photographic flashlight apparatus and flashbulbs :-- Other,48324,"Photographic flashlight apparatus, except flashbulbs; photographic (except cinematographic) enlargers"
900691,Parts and accessories :-- For cameras,48353,Parts and accessories for the goods of subclass 48322; parts and accessories of cinemato-
900699,Parts and accessories :-- Other,48353,Parts and accessories for the goods of subclass 48322; parts and accessories of cinemato-
900711,Cameras :-- For film of less than 16 mm width or for double-8 mm film,48322,Photographic (including cinema- tographic) cameras
900719,Cameras :-- Other,48322,Photographic (including cinema- tographic) cameras
900720,Projectors,48323,"Cinematographic projectors, slide projectors and other image projectors,"
900791,Parts and accessories :-- For cameras,48353,Parts and accessories for the goods of subclass 48322; parts and accessories of cinemato-
900792,Parts and accessories :-- For projectors,48353,Parts and accessories for the goods of subclass 48322; parts and accessories of cinemato-
900810,Slide projectors,48323,"Cinematographic projectors, slide projectors and other image projectors,"
900820,"Microfilm, microfiche or other microform readers, whether or not capable of producing copies",4833,"Microfilm, microfiche or other microform readers"
900830,Other image projectors,48323,"Cinematographic projectors, slide projectors and other image projectors,"
900840,Photographic (other than cinematographic) enlargers and reducers,48324,"Photographic flashlight apparatus, except flashbulbs; photographic (except cinematographic) enlargers"
900890,Parts and accessories,48353,Parts and accessories for the goods of subclass 48322; parts and accessories of cinemato-
900911,Electrostatic photo-copying apparatus :-- Operating by reproducing the original image directly onto the copy (direct process),4514,Photo-copying apparatus incorporating an optical system or of the contact
900912,Electrostatic photo-copying apparatus :-- Operating by reproducing the original image via an intermediate onto the copy (indirect process),4514,Photo-copying apparatus incorporating an optical system or of the contact
900921,Other photo-copying apparatus :-- Incorporating an optical system,4514,Photo-copying apparatus incorporating an optical system or of the contact
900922,Other photo-copying apparatus :-- Of the contact type,4514,Photo-copying apparatus incorporating an optical system or of the contact
900930,Thermo-copying apparatus,4514,Photo-copying apparatus incorporating an optical system or of the contact
900990,Parts and accessories,4518,Parts and accessories for the goods of subclass 45140
901010,Apparatus and equipment for automatically developing photographic (including cinematographic) film or paper in rolls or for automatically exposing developed film to rolls of photographic paper,48324,"Photographic flashlight apparatus, except flashbulbs; photographic (except cinematographic) enlargers"
901041,Apparatus for the projection or drawing of circuit patterns on sensitised semiconductor materials :-- Direct write-on-wafer apparatus,48324,"Photographic flashlight apparatus, except flashbulbs; photographic (except cinematographic) enlargers"
901042,Apparatus for the projection or drawing of circuit patterns on sensitised semiconductor materials :-- Step and repeat aligners,48324,"Photographic flashlight apparatus, except flashbulbs; photographic (except cinematographic) enlargers"
901049,Apparatus for the projection or drawing of circuit patterns on sensitised semiconductor materials :-- Other,48324,"Photographic flashlight apparatus, except flashbulbs; photographic (except cinematographic) enlargers"
901050,Other apparatus and equipment for photographic (including cinematographic) laboratories; negatoscopes,48324,"Photographic flashlight apparatus, except flashbulbs; photographic (except cinematographic) enlargers"
901060,Projection screens,48324,"Photographic flashlight apparatus, except flashbulbs; photographic (except cinematographic) enlargers"
901090,Parts and accessories,48353,Parts and accessories for the goods of subclass 48322; parts and accessories of cinemato-
901110,Stereoscopic microscopes,48314,"Binoculars, monoculars and other optical telescopes; other astronomical"
901120,"Other microscopes, for photomicrography, cinephotomicrography or microprojection",48314,"Binoculars, monoculars and other optical telescopes; other astronomical"
901180,Other microscopes,48314,"Binoculars, monoculars and other optical telescopes; other astronomical"
901190,Parts and accessories,48351,Parts and accessories for the goods of subclasses 48314 and 48315
901210,Microscopes other than optical microscopes and diffraction apparatus,48261,Microscopes (except optical microscopes) and diffraction apparatus
901290,Parts and accessories,48282,Parts and accessories for the goods of subclass 48261
901310,"Telescopic sights for fitting to arms; periscopes; telescopes designed to form parts of machines, appliances, instruments or apparatus of this Chapter or Section XVI",48315,"Liquid crystal devices n.e.c.; lasers, except laser diodes; other optical"
901320,"Lasers, other than laser diodes",48315,"Liquid crystal devices n.e.c.; lasers, except laser diodes; other optical"
901380,"Other devices, appliances and instruments",48315,"Liquid crystal devices n.e.c.; lasers, except laser diodes; other optical"
901390,Parts and accessories,48351,Parts and accessories for the goods of subclasses 48314 and 48315
901410,Direction finding compasses,48211,Direction finding compasses; other navigational instruments and appliances
901420,Instruments and appliances for aeronautical or space navigation (other than compasses),48211,Direction finding compasses; other navigational instruments and appliances
901480,Other instruments and appliances,48211,Direction finding compasses; other navigational instruments and appliances
901490,Parts and accessories,48281,"Parts and accessories for the goods of subclasses 48211, 48212, 48232 and"
901510,Rangefinders,48212,"Surveying, hydrographic, oceanographic, hydrological, meteorological or"
901520,Theodolites and tacheometers,48212,"Surveying, hydrographic, oceanographic, hydrological, meteorological or"
901530,Levels,48212,"Surveying, hydrographic, oceanographic, hydrological, meteorological or"
901540,Photogrammetrical surveying instruments and appliances,48212,"Surveying, hydrographic, oceanographic, hydrological, meteorological or"
901580,Other instruments and appliances,48212,"Surveying, hydrographic, oceanographic, hydrological, meteorological or"
901590,Parts and accessories,48281,"Parts and accessories for the goods of subclasses 48211, 48212, 48232 and"
901600,"Balances of a sensitivity of 5 cg or better, with or without weights.",48231,Balances with a sensitivity of 5 cg or better
901710,"Drafting tables and machines, whether or not automatic",48232,"Drafting tables and machines, and other drawing, marking-out or mathematical calculating instruments"
901720,"Other drawing, marking-out or mathematical calculating instruments",48232,"Drafting tables and machines, and other drawing, marking-out or mathematical calculating instruments"
901730,"Micrometers, callipers and gauges",48233,"Instruments for measuring length, for use in the hand (including measuring"
901780,Other instruments,48233,"Instruments for measuring length, for use in the hand (including measuring"
901790,Parts and accessories,48281,"Parts and accessories for the goods of subclasses 48211, 48212, 48232 and"
901811,Electro-diagnostic apparatus (including apparatus for functional exploratory examination or for checking physiological parameters) :-- Electro-cardiographs,4812,"Electro-diagnostic apparatus, and ultra-violet or infra-red ray apparatus, used in medical, surgical,"
901812,Electro-diagnostic apparatus (including apparatus for functional exploratory examination or for checking physiological parameters) :-- Ultrasonic scanning apparatus,4812,"Electro-diagnostic apparatus, and ultra-violet or infra-red ray apparatus, used in medical, surgical,"
901813,Electro-diagnostic apparatus (including apparatus for functional exploratory examination or for checking physiological parameters) :-- Magnetic resonance imaging apparatus,4812,"Electro-diagnostic apparatus, and ultra-violet or infra-red ray apparatus, used in medical, surgical,"
901814,Electro-diagnostic apparatus (including apparatus for functional exploratory examination or for checking physiological parameters) :-- Scintigraphic apparatus,4812,"Electro-diagnostic apparatus, and ultra-violet or infra-red ray apparatus, used in medical, surgical,"
901819,Electro-diagnostic apparatus (including apparatus for functional exploratory examination or for checking physiological parameters) :-- Other,4812,"Electro-diagnostic apparatus, and ultra-violet or infra-red ray apparatus, used in medical, surgical,"
901820,Ultra-violet or infra-red ray apparatus,4812,"Electro-diagnostic apparatus, and ultra-violet or infra-red ray apparatus, used in medical, surgical,"
901831,"Syringes, needles, catheters, cannulae and the like :-- Syringes, with or without needles",4815,"Other instruments and appliances used in medical, surgical or veterinary sciences (including"
901832,"Syringes, needles, catheters, cannulae and the like :-- Tubular metal needles and needles for sutures",4815,"Other instruments and appliances used in medical, surgical or veterinary sciences (including"
901839,"Syringes, needles, catheters, cannulae and the like :-- Other",4815,"Other instruments and appliances used in medical, surgical or veterinary sciences (including"
901841,"Other instruments and appliances, used in dental sciences :-- Dental drill engines, whether or not combined on a single base with other dental equipment",4813,"Other instruments and appliances (except syringes, needles and the like), used in dental sciences"
901849,"Other instruments and appliances, used in dental sciences :-- Other",4813,"Other instruments and appliances (except syringes, needles and the like), used in dental sciences"
901850,Other ophthalmic instruments and appliances,4815,"Other instruments and appliances used in medical, surgical or veterinary sciences (including"
901890,Other instruments and appliances,4815,"Other instruments and appliances used in medical, surgical or veterinary sciences (including"
901910,Mechano-therapy appliances; massage apparatus; psychological aptitude-testing apparatus,4816,Mechano-therapy appliances; massage apparatus; psychological aptitude-
901920,"Ozone therapy, oxygen therapy, aerosol therapy, artificial respiration or other therapeutic respiration apparatus",4816,Mechano-therapy appliances; massage apparatus; psychological aptitude-
902000,"Other breathing appliances and gas masks, excluding protective masks having neither mechanical parts nor replaceable filters.",4816,Mechano-therapy appliances; massage apparatus; psychological aptitude-
902111,Artificial joints and other orthopaedic or fracture appliances :-- Artificial joints,4817,Orthopaedic appliances; splints and other fracture appliances; artificial
902119,Artificial joints and other orthopaedic or fracture appliances :-- Other,4817,Orthopaedic appliances; splints and other fracture appliances; artificial
902121,Artificial teeth and dental fittings :-- Artificial teeth,4817,Orthopaedic appliances; splints and other fracture appliances; artificial
902129,Artificial teeth and dental fittings :-- Other,4817,Orthopaedic appliances; splints and other fracture appliances; artificial
902130,Other artificial parts of the body,4817,Orthopaedic appliances; splints and other fracture appliances; artificial
902140,"Hearing aids, excluding parts and accessories",4817,Orthopaedic appliances; splints and other fracture appliances; artificial
902150,"Pacemakers for stimulating heart muscles, excluding parts and accessories",4817,Orthopaedic appliances; splints and other fracture appliances; artificial
902190,Other,4817,Orthopaedic appliances; splints and other fracture appliances; artificial
902212,"Apparatus based on the use of X-rays, whether or not for medical, surgical, dental or veterinary uses, including radiography or radiotherapy apparatus :-- Computed tomography apparatus",4811,"Apparatus based on the use of X-rays or of alpha, beta or gamma radiations"
902213,"Apparatus based on the use of X-rays, whether or not for medical, surgical, dental or veterinary uses, including radiography or radiotherapy apparatus :-- Other, for dental uses",4811,"Apparatus based on the use of X-rays or of alpha, beta or gamma radiations"
902214,"Apparatus based on the use of X-rays, whether or not for medical, surgical, dental or veterinary uses, including radiography or radiotherapy apparatus :-- Other, for medical, surgical or veterinary uses",4811,"Apparatus based on the use of X-rays or of alpha, beta or gamma radiations"
902219,"Apparatus based on the use of X-rays, whether or not for medical, surgical, dental or veterinary uses, including radiography or radiotherapy apparatus :-- For other uses",4811,"Apparatus based on the use of X-rays or of alpha, beta or gamma radiations"
902221,"Apparatus based on the use of alpha, beta or gamma radiations, whether or not for medical, surgical, dental or veterinary uses, including radiography or radiotherapy apparatus :-- For medical, surgical, dental or veterina",4811,"Apparatus based on the use of X-rays or of alpha, beta or gamma radiations"
902229,"Apparatus based on the use of alpha, beta or gamma radiations, whether or not for medical, surgical, dental or veterinary uses, including radiography or radiotherapy apparatus :-- For other uses",4811,"Apparatus based on the use of X-rays or of alpha, beta or gamma radiations"
902230,X-ray tubes,4811,"Apparatus based on the use of X-rays or of alpha, beta or gamma radiations"
902290,"Other, including parts and accessories",4811,"Apparatus based on the use of X-rays or of alpha, beta or gamma radiations"
902300,"Instruments, apparatus and models, designed for demonstrational purposes (for example, in education or exhibitions), unsuitable for other uses.",38996,"Instruments, apparatus and models, designed for demonstrational purposes, unsuitable for other uses"
902410,Machines and appliances for testing metals,48262,Machines and appliances for testing the mechanical properties of materials
902480,Other machines and appliances,48262,Machines and appliances for testing the mechanical properties of materials
902490,Parts and accessories,48281,"Parts and accessories for the goods of subclasses 48211, 48212, 48232 and"
902511,"Thermometers and pyrometers, not combined with other instruments :-- Liquid-filled, for direct reading",48251,"Hydrometers and similar floating instruments, thermometers, pyrometers,"
902519,"Thermometers and pyrometers, not combined with other instruments :-- Other",48251,"Hydrometers and similar floating instruments, thermometers, pyrometers,"
902580,Other instruments,48251,"Hydrometers and similar floating instruments, thermometers, pyrometers,"
902590,Parts and accessories,48281,"Parts and accessories for the goods of subclasses 48211, 48212, 48232 and"
902610,For measuring or checking the flow or level of liquids,48252,"Instruments and apparatus for measuring or checking the flow, level,"
902620,For measuring or checking pressure,48252,"Instruments and apparatus for measuring or checking the flow, level,"
902680,Other instruments or apparatus,48252,"Instruments and apparatus for measuring or checking the flow, level,"
902690,Parts and accessories,48281,"Parts and accessories for the goods of subclasses 48211, 48212, 48232 and"
902710,Gas or smoke analysis apparatus,48253,"Instruments and apparatus for physical or chemical analysis, for measuring or"
902720,Chromatographs and electrophoresis instruments,48253,"Instruments and apparatus for physical or chemical analysis, for measuring or"
902730,"Spectrometers, spectrophotometers and spectrographs using optical radiations (UV, visible, IR)",48253,"Instruments and apparatus for physical or chemical analysis, for measuring or"
902740,Exposure meters,48253,"Instruments and apparatus for physical or chemical analysis, for measuring or"
902750,"Other instruments and apparatus using optical radiations (UV, visible, IR)",48253,"Instruments and apparatus for physical or chemical analysis, for measuring or"
902780,Other instruments and apparatus,48253,"Instruments and apparatus for physical or chemical analysis, for measuring or"
902790,Microtomes; parts and accessories,48281,"Parts and accessories for the goods of subclasses 48211, 48212, 48232 and"
902810,Gas meters,48263,"Gas, liquid or electricity supply or production meters"
902820,Liquid meters,48263,"Gas, liquid or electricity supply or production meters"
902830,Electricity meters,48263,"Gas, liquid or electricity supply or production meters"
902890,Parts and accessories,48283,Parts and accessories for the goods of subclasses 48263 and 48264
902910,"Revolution counters, production counters, taximeters, mileometers, pedometers and the like",48264,"Revolution counters, production counters, taximeters, mileometers, pedometers and the like; speed"
902920,Speed indicators and tachometers; stroboscopes,48264,"Revolution counters, production counters, taximeters, mileometers, pedometers and the like; speed"
902990,Parts and accessories,48283,Parts and accessories for the goods of subclasses 48263 and 48264
903010,Instruments and apparatus for measuring or detecting ionising radiations,48241,Instruments and apparatus for measuring or detecting ionising radiations
903020,Cathode-ray oscilloscopes and cathode-ray oscillographs,48242,Cathode-ray oscilloscopes and cathode-ray oscillographs
903031,"Other instruments and apparatus, for measuring or checking voltage, current, resistance or power, without a recording device :-- Multimeters",48243,Instruments and apparatus (except cathode-ray oscilloscopes and oscillographs) for measuring or
903039,"Other instruments and apparatus, for measuring or checking voltage, current, resistance or power, without a recording device :-- Other",48243,Instruments and apparatus (except cathode-ray oscilloscopes and oscillographs) for measuring or
903040,"Other instruments and apparatus, specially designed for telecommunications (for example, cross-talk meters, gain measuring instruments, distortion factor meters, psophometers)",48244,Instruments and apparatus (except cathode-ray oscilloscopes and oscillographs) for
903082,Other instruments and apparatus :-- For measuring or checking semiconductor wafers or devices,48245,Instruments and apparatus for measuring or checking electrical quantities n.e.c.
903083,"Other instruments and apparatus :-- Other, with a recording device",48245,Instruments and apparatus for measuring or checking electrical quantities n.e.c.
903089,Other instruments and apparatus :-- Other,48245,Instruments and apparatus for measuring or checking electrical quantities n.e.c.
903090,Parts and accessories,48281,"Parts and accessories for the goods of subclasses 48211, 48212, 48232 and"
903110,Machines for balancing mechanical parts,48265,"Measuring or checking instruments, appliances and machines, n.e.c."
903120,Test benches,48265,"Measuring or checking instruments, appliances and machines, n.e.c."
903130,Profile projectors,48265,"Measuring or checking instruments, appliances and machines, n.e.c."
903141,Other optical instruments and appliances :-- For inspecting semiconductor wafers or devices or for inspecting photomasks or reticles used in manufacturing semiconductor devices,48265,"Measuring or checking instruments, appliances and machines, n.e.c."
903149,Other optical instruments and appliances :-- Other,48265,"Measuring or checking instruments, appliances and machines, n.e.c."
903180,"Other instruments, appliances and machines",48265,"Measuring or checking instruments, appliances and machines, n.e.c."
903190,Parts and accessories,48281,"Parts and accessories for the goods of subclasses 48211, 48212, 48232 and"
903210,Thermostats,4827,Automatic regulating or controlling instruments and apparatus
903220,Manostats,4827,Automatic regulating or controlling instruments and apparatus
903281,Hydraulic or pneumatic,4827,Automatic regulating or controlling instruments and apparatus
903289,Other,4827,Automatic regulating or controlling instruments and apparatus
903290,Parts and accessories,48284,Parts and accessories for the goods of subclass 48270
903300,"Parts and accessories (not specified or included elsewhere in this Chapter) for machines, appliances, instruments or apparatus of Chapter 90.",48281,"Parts and accessories for the goods of subclasses 48211, 48212, 48232 and"
910111,"Wrist-watches, electrically operated, whether or not incorporating a stop-watch facility :-- With mechanical display only",4841,Watches
910112,"Wrist-watches, electrically operated, whether or not incorporating a stop-watch facility :-- With opto-electronic display only",4841,Watches
910119,"Wrist-watches, electrically operated, whether or not incorporating a stop-watch facility :-- Other",4841,Watches
910121,"Other wrist-watches, whether or not incorporating a stop-watch facility :-- With automatic winding",4841,Watches
910129,"Other wrist-watches, whether or not incorporating a stop-watch facility :-- Other",4841,Watches
910191,Other :-- Electrically operated,4841,Watches
910199,Other,4841,Watches
910211,"Wrist-watches, electrically operated, whether or not incorporating a stop-watch facility :-- With mechanical display only",4841,Watches
910212,"Wrist-watches, electrically operated, whether or not incorporating a stop-watch facility :-- With opto-electronic display only",4841,Watches
910219,"Wrist-watches, electrically operated, whether or not incorporating a stop-watch facility :-- Other",4841,Watches
910221,"Other wrist-watches, whether or not incorporating a stop-watch facility :-- With automatic winding",4841,Watches
910229,"Other wrist-watches, whether or not incorporating a stop-watch facility :-- Other",4841,Watches
910291,Other :-- Electrically operated,4841,Watches
910299,Other,4841,Watches
910310,Electrically operated,4842,Clocks
910390,Other,4842,Clocks
910400,"Instrument panel clocks and clocks of a similar type for vehicles, aircraft, spacecraft or vessels.",4842,Clocks
910511,Alarm clocks :-- Electrically operated,4842,Clocks
910519,Alarm clocks :-- Other,4842,Clocks
910521,Wall clocks :-- Electrically operated,4842,Clocks
910529,Wall clocks :-- Other,4842,Clocks
910591,Other :-- Electrically operated,4842,Clocks
910599,Other,4842,Clocks
910610,Time-registers; time-recorders,4843,"Time of day recording apparatus, apparatus for measuring, recording"
910620,Parking meters,4843,"Time of day recording apparatus, apparatus for measuring, recording"
910690,Other,4843,"Time of day recording apparatus, apparatus for measuring, recording"
910700,Time switches with clock or watch movement or with synchronous motor.,4843,"Time of day recording apparatus, apparatus for measuring, recording"
910811,Electrically operated :- Electrically operated :-- With mechanical display only or with a device to which a mechanical display can be incorporated,4844,Watch or clock movements
910812,Electrically operated :-- With opto-electronic display only,4844,Watch or clock movements
910819,Electrically operated :-- Other,4844,Watch or clock movements
910820,With automatic winding,4844,Watch or clock movements
910891,Other :-- Measuring 33.8 mm or less,4844,Watch or clock movements
910899,Other,4844,Watch or clock movements
910911,Electrically operated :-- Of alarm clocks,4844,Watch or clock movements
910919,Electrically operated :-- Other,4844,Watch or clock movements
910990,Other,4844,Watch or clock movements
911011,"Of watches :-- Complete movements, unassembled or partly assembled (movement sets)",4844,Watch or clock movements
911012,"Of watches :-- Incomplete movements, assembled",4844,Watch or clock movements
911019,Of watches :-- Rough movements,4844,Watch or clock movements
911090,Other,4844,Watch or clock movements
911110,Cases of precious metal or of metal clad with precious metal,4849,"Other watch or clock parts (including jewels, cases and metal watch bands)"
911120,"Cases of base metal, whether or not gold- or silver-plated",4849,"Other watch or clock parts (including jewels, cases and metal watch bands)"
911180,Other cases,4849,"Other watch or clock parts (including jewels, cases and metal watch bands)"
911190,Parts,4849,"Other watch or clock parts (including jewels, cases and metal watch bands)"
911210,Cases of metal,4849,"Other watch or clock parts (including jewels, cases and metal watch bands)"
911280,Other cases,4849,"Other watch or clock parts (including jewels, cases and metal watch bands)"
911290,Parts,4849,"Other watch or clock parts (including jewels, cases and metal watch bands)"
911310,Of precious metal or of metal clad with precious metal,4849,"Other watch or clock parts (including jewels, cases and metal watch bands)"
911320,"Of base metal, whether or not gold- or silver-plated",4849,"Other watch or clock parts (including jewels, cases and metal watch bands)"
911390,Other,2923,"Watch straps, except of metal"
911410,"Springs, including hair-springs",4849,"Other watch or clock parts (including jewels, cases and metal watch bands)"
911420,Jewels,4849,"Other watch or clock parts (including jewels, cases and metal watch bands)"
911430,Dials,4849,"Other watch or clock parts (including jewels, cases and metal watch bands)"
911440,Plates and bridges,4849,"Other watch or clock parts (including jewels, cases and metal watch bands)"
911490,Other,4849,"Other watch or clock parts (including jewels, cases and metal watch bands)"
920110,Upright pianos,3831,Pianos and other keyboard stringed musical instruments
920120,Grand pianos,3831,Pianos and other keyboard stringed musical instruments
920190,Other,3831,Pianos and other keyboard stringed musical instruments
920210,Played with a bow,3832,Other string musical instruments
920290,Other,3832,Other string musical instruments
920300,Keyboard pipe organs; harmoniums and similar keyboard instruments with free metal reeds.,3833,"Wind musical instruments (including pipe organs, accordians and brass-"
920410,Accordions and similar instruments,3833,"Wind musical instruments (including pipe organs, accordians and brass-"
920420,Mouth organs,3833,"Wind musical instruments (including pipe organs, accordians and brass-"
920510,Brass-wind instruments,3833,"Wind musical instruments (including pipe organs, accordians and brass-"
920590,Other,3833,"Wind musical instruments (including pipe organs, accordians and brass-"
920600,"Percussion musical instruments (for example, drums, xylophones, cymbals, castanets, maracas).",3835,"Other musical instruments (including percussion instruments, musical"
920710,"Keyboard instruments, other than accordions",3834,"Musical instruments, the sound of which is produced, or must be amplified, electrically"
920790,Other,3834,"Musical instruments, the sound of which is produced, or must be amplified, electrically"
920810,Musical boxes,3835,"Other musical instruments (including percussion instruments, musical"
920890,Other,3835,"Other musical instruments (including percussion instruments, musical"
920910,"Metronomes, tuning forks and pitch pipes",3836,"Parts and accessories of musical instruments; metronomes, tuning forks and pitch pipes"
920920,Mechanisms for musical boxes,3836,"Parts and accessories of musical instruments; metronomes, tuning forks and pitch pipes"
920930,Musical instrument strings,3836,"Parts and accessories of musical instruments; metronomes, tuning forks and pitch pipes"
920991,Other :-- Parts and accessories for pianos,3836,"Parts and accessories of musical instruments; metronomes, tuning forks and pitch pipes"
920992,Other :-- Parts and accessories for the musical instruments of heading No. 92.02,3836,"Parts and accessories of musical instruments; metronomes, tuning forks and pitch pipes"
920993,Other :-- Parts and accessories for the musical instruments of heading No. 92.03,3836,"Parts and accessories of musical instruments; metronomes, tuning forks and pitch pipes"
920994,Other :-- Parts and accessories for the musical instruments of heading No. 92.07,3836,"Parts and accessories of musical instruments; metronomes, tuning forks and pitch pipes"
920999,Other,3836,"Parts and accessories of musical instruments; metronomes, tuning forks and pitch pipes"
930100,"Military weapons, other than revolvers, pistols and the arms of heading No. 93.07.",4472,"Military weapons, other than revolvers, pistols and swords and the like;"
930200,"Revolvers and pistols, other than those of heading No. 93.03 or 93.04.",4473,"Revolvers, pistols, other firearms and similar devices; other arms"
930310,Muzzle-loading firearms,4473,"Revolvers, pistols, other firearms and similar devices; other arms"
930320,"Other sporting, hunting or target-shooting shotguns, including combination shotgun-rifles",4473,"Revolvers, pistols, other firearms and similar devices; other arms"
930330,"Other sporting, hunting or target-shooting rifles",4473,"Revolvers, pistols, other firearms and similar devices; other arms"
930390,Other,4473,"Revolvers, pistols, other firearms and similar devices; other arms"
930400,"Other arms (for example, spring, air or gas guns and pistols, truncheons), excluding those of heading No. 93.07.",4473,"Revolvers, pistols, other firearms and similar devices; other arms"
930510,Of revolvers or pistols,4476,Parts of military weapons and other arms
930521,Of shotguns or rifles of heading No. 93.03 :-- Shotgun barrels,4476,Parts of military weapons and other arms
930529,Of shotguns or rifles of heading No. 93.03 :- Other,4476,Parts of military weapons and other arms
930590,Other,4476,Parts of military weapons and other arms
930610,Cartridges for riveting or similar tools or for captive-bolt humane killers and parts thereof,4474,"Bombs, grenades, torpedoes, mines, missiles and similar munitions of"
930621,Shotgun cartridges and parts thereof; air gun pellets :-- Cartridges,4474,"Bombs, grenades, torpedoes, mines, missiles and similar munitions of"
930629,Shotgun cartridges and parts thereof; air gun pellets :-- Other,4474,"Bombs, grenades, torpedoes, mines, missiles and similar munitions of"
930630,Other cartridges and parts thereof,4474,"Bombs, grenades, torpedoes, mines, missiles and similar munitions of"
930690,Other,4474,"Bombs, grenades, torpedoes, mines, missiles and similar munitions of"
930700,"Swords, cutlasses, bayonets, lances and similar arms and parts thereof and scabbards and sheaths therefor.",4475,"Swords, cutlasses, bayonets, lances and similar arms and parts thereof"
940110,Seats of a kind used for aircraft,38111,"Seats, primarily with metal frames"
940120,Seats of a kind used for motor vehicles,38111,"Seats, primarily with metal frames"
940130,Swivel seats with variable height adjustment,38111,"Seats, primarily with metal frames"
940140,"Seats other than garden seats or camping equipment, convertible into beds",38112,"Seats, primarily with wooden frames"
940150,"Seats of cane, osier, bamboo or similar materials",38112,"Seats, primarily with wooden frames"
940161,"Other seats, with wooden frames :-- Upholstered",38112,"Seats, primarily with wooden frames"
940169,"Other seats, with wooden frames :-- Other",38112,"Seats, primarily with wooden frames"
940171,"Other seats, with metal frames :-- Upholstered",38111,"Seats, primarily with metal frames"
940179,"Other seats, with metal frames :-- Other",38111,"Seats, primarily with metal frames"
940180,Other seats,38119,Other seats
940190,Parts,3816,Parts of furniture
940210,"Dentists', barbers' or similar chairs and parts thereof",4818,"Medical, surgical, dental or veterinary furniture; barbers' chairs and similar"
940290,Other,4818,"Medical, surgical, dental or veterinary furniture; barbers' chairs and similar"
940310,Metal furniture of a kind used in offices,38121,"Other metal furniture, of a kind used in offices"
940320,Other metal furniture,3814,Other furniture n.e.c
940330,Wooden furniture of a kind used in offices,38122,"Other wooden furniture, of a kind used in offices"
940340,Wooden furniture of a kind used in the kitchen,3813,"Other wooden furniture, of a kind used in the kitchen"
940350,Wooden furniture of a kind used in the bedroom,3814,Other furniture n.e.c
940360,Other wooden furniture,3814,Other furniture n.e.c
940370,Furniture of plastics,3814,Other furniture n.e.c
940380,"Furniture of other materials, including cane, osier, bamboo or similar materials",3814,Other furniture n.e.c
940390,Parts,3816,Parts of furniture
940410,Mattress supports,3815,"Mattress supports; mattresses, fitted with springs or stuffed or internally fitted with any material"
940421,"Mattresses :-- Of cellular rubber or plastics, whether or not covered",3815,"Mattress supports; mattresses, fitted with springs or stuffed or internally fitted with any material"
940429,Mattresses :-- Of other materials,3815,"Mattress supports; mattresses, fitted with springs or stuffed or internally fitted with any material"
940430,Sleeping bags,2718,"Quilts, eiderdowns, cushions, pouffes, pillows, sleeping bags and the like,"
940490,Other,2718,"Quilts, eiderdowns, cushions, pouffes, pillows, sleeping bags and the like,"
940510,"Chandeliers and other electric ceiling or wall lighting fittings, excluding those of a kind used for lighting public open spaces or thoroughfares",46531,Portable electric lamps designed to function by their own source of
940520,"Electric table, desk, bedside or floor-standing lamps",46531,Portable electric lamps designed to function by their own source of
940530,Lighting sets of a kind used for Christmas trees,46532,Lighting sets of a kind used for Christmas trees
940540,Other electric lamps and lighting fittings,46539,Other electric lamps and lighting fittings (including lamps and lighting fittings of a kind used for
940550,Non-electrical lamps and lighting fittings,46531,Portable electric lamps designed to function by their own source of
940560,"Illuminated signs, illuminated name-plates and the like",46531,Portable electric lamps designed to function by their own source of
940591,Parts :-- Of glass,37196,"Parts n.e.c. of lamps, lighting fittings, illuminated signs, illuminated name-plates and the"
940592,Parts :-- Of plastics,3696,"Parts n.e.c. of lamps, lighting fittings, illuminated signs, illuminated name-plates and the"
940599,Parts :-- Other,46542,Parts of portable electric lamps designed to function by their own source of energy (except those of
940600,Prefabricated buildings.,387,Prefabricated buildings
950100,"Wheeled toys designed to be ridden by children (for example, tricycles, scooters, pedal cars); dolls' carriages.",3851,Dolls' carriages; wheeled toys designed to be ridden by children
950210,"Dolls, whether or not dressed",3852,Dolls representing human beings; toys representing animals or non-human
950291,"Parts and accessories :-- Garments and accessories therefor, footwear and headgear",3853,Parts and accessories of dolls representing human beings
950299,Parts and accessories :-- Other,3853,Parts and accessories of dolls representing human beings
950310,"Electric trains, including tracks, signals and other accessories therefor",3854,"Toy electric trains, and tracks, signals and other accessories therefor; reduced-size (scale)"
950320,"Reduced-size (scale) model assembly kits, whether or not working models, excluding those of subheading No. 9503.10",3854,"Toy electric trains, and tracks, signals and other accessories therefor; reduced-size (scale)"
950330,Other construction sets and constructional toys,3854,"Toy electric trains, and tracks, signals and other accessories therefor; reduced-size (scale)"
950341,Toys representing animals or non-human creatures :-- Stuffed,3852,Dolls representing human beings; toys representing animals or non-human
950349,Toys representing animals or non-human creatures :-- Other,3852,Dolls representing human beings; toys representing animals or non-human
950350,Toy musical instruments and apparatus,3856,Other toys (including toy musical instruments)
950360,Puzzles,3855,Puzzles
950370,"Other toys, put up in sets or outfits",3856,Other toys (including toy musical instruments)
950380,"Other toys and models, incorporating a motor",3856,Other toys (including toy musical instruments)
950390,Other,3856,Other toys (including toy musical instruments)
950410,Video games of a kind used with a television receiver,3858,Video games of a kind used with a television receiver
950420,Articles and accessories for billiards,3859,"Other articles for funfair, table or parlour games (including articles"
950430,"Other games, coin- or disc-operated, other than bowling alley equipment",3859,"Other articles for funfair, table or parlour games (including articles"
950440,Playing cards,3857,Playing cards
950490,Other,3859,"Other articles for funfair, table or parlour games (including articles"
950510,Articles for Christmas festivities,38991,"Festive, carnival or other entertainment articles, including conjuring tricks and novelty jokes"
950590,Other,38991,"Festive, carnival or other entertainment articles, including conjuring tricks and novelty jokes"
950611,Snow-skis and other snow-ski equipment :-- Skis,3841,Snow-skis and other snow-ski equipment; ice-skates and roller- skates
950612,Snow-skis and other snow-ski equipment :-- Ski-fastenings (ski-bindings),3841,Snow-skis and other snow-ski equipment; ice-skates and roller- skates
950619,Snow-skis and other snow-ski equipment :-- Other,3841,Snow-skis and other snow-ski equipment; ice-skates and roller- skates
950621,"Water-skis, surf-boards, sailboards and other water-sport equipment :-- Sailboards",3842,"Water-skis, surf-boards, sailboards and other water-sport equipment"
950629,"Water-skis, surf-boards, sailboards and other water-sport equipment :-- Other",3842,"Water-skis, surf-boards, sailboards and other water-sport equipment"
950631,"Golf clubs and other golf equipment :-- Clubs, complete",3844,Other articles and equipment for sports or outdoor games (including
950632,Golf clubs and other golf equipment :-- Balls,3844,Other articles and equipment for sports or outdoor games (including
950639,Golf clubs and other golf equipment :-- Other,3844,Other articles and equipment for sports or outdoor games (including
950640,Articles and equipment for table-tennis,3844,Other articles and equipment for sports or outdoor games (including
950651,"Tennis, badminton or similar rackets, whether or not strung :-- Lawn-tennis rackets, whether or not strung",3844,Other articles and equipment for sports or outdoor games (including
950659,"Tennis, badminton or similar rackets, whether or not strung :-- Other",3844,Other articles and equipment for sports or outdoor games (including
950661,"Balls, other than golf balls and table-tennis balls :-- Lawn-tennis balls",3844,Other articles and equipment for sports or outdoor games (including
950662,"Balls, other than golf balls and table-tennis balls :-- Inflatable",3844,Other articles and equipment for sports or outdoor games (including
950669,"Balls, other than golf balls and table-tennis balls :-- Other",3844,Other articles and equipment for sports or outdoor games (including
950670,"Ice skates and roller skates, including skating boots with skates attached",3841,Snow-skis and other snow-ski equipment; ice-skates and roller- skates
950691,"Other :-- Articles and equipment for general physical exercise, gymnastics or athletics",3843,Gymnasium or athletics articles and equipment
950699,Other :-- Other,3844,Other articles and equipment for sports or outdoor games (including
950710,Fishing rods,3845,"Fishing rods and other line fishing tackle; fish landing nets, butterfly"
950720,"Fish-hooks, whether or not snelled",3845,"Fishing rods and other line fishing tackle; fish landing nets, butterfly"
950730,Fishing reels,3845,"Fishing rods and other line fishing tackle; fish landing nets, butterfly"
950790,Other,3845,"Fishing rods and other line fishing tackle; fish landing nets, butterfly"
950800,"Roundabouts, swings, shooting galleries and other fairground amusements; travelling circuses, travelling menageries and travelling theatres.",386,"Roundabouts, swings, shooting galleries and other fairground amusements"
960110,Worked ivory and articles of ivory,38999,"Articles n.e.c. (including candles, tapers, skins of birds with their"
960190,Other,38999,"Articles n.e.c. (including candles, tapers, skins of birds with their"
960200,"Worked vegetable or mineral carving material and articles of these materials; moulded or carved articles of wax, of stearin, of natural gums or natural resins or of modelling pastes, and other moulded or carved articles, not elsewhere",38999,"Articles n.e.c. (including candles, tapers, skins of birds with their"
960310,"Brooms and brushes, consisting of twigs or other vegetable materials bound together, with or without handles",38993,"Brooms, brushes, hand-operated mechanical floor sweepers (not motorised), mops and feather dusters;"
960321,"Tooth brushes, shaving brushes, hair brushes, nail brushes, eyelash brushes and other toilet brushes for use on the person, including such brushes constituting parts of appliances :-- Tooth brushes, including dental-plate",38993,"Brooms, brushes, hand-operated mechanical floor sweepers (not motorised), mops and feather dusters;"
960329,"Tooth brushes, shaving brushes, hair brushes, nail brushes, eyelash brushes and other toilet brushes for use on the person, including such brushes constituting parts of appliances :-- Other",38993,"Brooms, brushes, hand-operated mechanical floor sweepers (not motorised), mops and feather dusters;"
960330,"Artists' brushes, writing brushes and similar brushes for the application of cosmetics",38993,"Brooms, brushes, hand-operated mechanical floor sweepers (not motorised), mops and feather dusters;"
960340,"Paint, distemper, varnish or similar brushes (other than brushes of subheading No. 9603.30); paint pads and rollers",38993,"Brooms, brushes, hand-operated mechanical floor sweepers (not motorised), mops and feather dusters;"
960350,"Other brushes constituting parts of machines, appliances or vehicles",38993,"Brooms, brushes, hand-operated mechanical floor sweepers (not motorised), mops and feather dusters;"
960390,Other,38993,"Brooms, brushes, hand-operated mechanical floor sweepers (not motorised), mops and feather dusters;"
960400,Hand sieves and hand riddles.,38999,"Articles n.e.c. (including candles, tapers, skins of birds with their"
960500,"Travel sets for personal toilet, sewing or shoe or clothes cleaning.",2922,"Luggage, handbags and the like, of leather, composition leather, plastic"
960610,"Press-fasteners, snap-fasteners and press-studs and parts therefor",38923,"Press-fasteners, snap-fasteners, press- studs and parts therefor; buttons;"
960621,"Buttons :-- Of plastics, not covered with textile material",38923,"Press-fasteners, snap-fasteners, press- studs and parts therefor; buttons;"
960622,"Buttons :-- Of base metal, not covered with textile material",38923,"Press-fasteners, snap-fasteners, press- studs and parts therefor; buttons;"
960629,Buttons :-- Other,38923,"Press-fasteners, snap-fasteners, press- studs and parts therefor; buttons;"
960630,Button moulds and other parts of buttons; button blanks,38924,Button moulds and other parts of buttons; button blanks; parts of slide fasteners
960711,Slide fasteners :-- Fitted with chain scoops of base metal,38923,"Press-fasteners, snap-fasteners, press- studs and parts therefor; buttons;"
960719,Slide fasteners :-- Other,38923,"Press-fasteners, snap-fasteners, press- studs and parts therefor; buttons;"
960720,Parts,38924,Button moulds and other parts of buttons; button blanks; parts of slide fasteners
960810,Ball point pens,38911,"Pens, duplicating stylos, pencils, pen-holders, pencil-holders and similar holders, and parts thereof;"
960820,Felt tipped and other porous-tipped pens and markers,38911,"Pens, duplicating stylos, pencils, pen-holders, pencil-holders and similar holders, and parts thereof;"
960831,"Fountain pens, stylograph pens and other pens :-- Indian ink drawing pens",38911,"Pens, duplicating stylos, pencils, pen-holders, pencil-holders and similar holders, and parts thereof;"
960839,"Fountain pens, stylograph pens and other pens :-- Other",38911,"Pens, duplicating stylos, pencils, pen-holders, pencil-holders and similar holders, and parts thereof;"
960840,Propelling or sliding pencils,38911,"Pens, duplicating stylos, pencils, pen-holders, pencil-holders and similar holders, and parts thereof;"
960850,Sets of articles from two or more of the foregoing subheadings,38911,"Pens, duplicating stylos, pencils, pen-holders, pencil-holders and similar holders, and parts thereof;"
960860,"Refills for ball point pens, comprising the ball point and ink-reservoir",38911,"Pens, duplicating stylos, pencils, pen-holders, pencil-holders and similar holders, and parts thereof;"
960891,Other :-- Pen nibs and nib points,38911,"Pens, duplicating stylos, pencils, pen-holders, pencil-holders and similar holders, and parts thereof;"
960899,Other,38911,"Pens, duplicating stylos, pencils, pen-holders, pencil-holders and similar holders, and parts thereof;"
960910,"Pencils and crayons, with leads encased in a rigid sheath",38911,"Pens, duplicating stylos, pencils, pen-holders, pencil-holders and similar holders, and parts thereof;"
960920,"Pencil leads, black or coloured",38911,"Pens, duplicating stylos, pencils, pen-holders, pencil-holders and similar holders, and parts thereof;"
960990,Other,38911,"Pens, duplicating stylos, pencils, pen-holders, pencil-holders and similar holders, and parts thereof;"
961000,"Slates and boards, with writing or drawing surfaces, whether or not framed.",38912,"Slates and boards, with writing or drawing surfaces; date, sealing or"
961100,"Date, sealing or numbering stamps, and the like (including devices for printing or embossing labels), designed for operating in the hand; hand-operated composing sticks and hand printing sets incorporating such composing st",38912,"Slates and boards, with writing or drawing surfaces; date, sealing or"
961210,Ribbons,38912,"Slates and boards, with writing or drawing surfaces; date, sealing or"
961220,Ink-pads,38912,"Slates and boards, with writing or drawing surfaces; date, sealing or"
961310,"Pocket lighters, gas fuelled, non-refillable",38994,Cigarette lighters and other lighters; smoking pipes and cigar or cigarette
961320,"Pocket lighters, gas fuelled, refillable",38994,Cigarette lighters and other lighters; smoking pipes and cigar or cigarette
961330,Table lighters,38994,Cigarette lighters and other lighters; smoking pipes and cigar or cigarette
961380,Other lighters,38994,Cigarette lighters and other lighters; smoking pipes and cigar or cigarette
961390,Parts,38995,Parts of cigarette lighters and other lighters (except flints and wicks);
961420,Pipes and pipe bowls,38994,Cigarette lighters and other lighters; smoking pipes and cigar or cigarette
961490,Other,38994,Cigarette lighters and other lighters; smoking pipes and cigar or cigarette
961511,"Combs, hair-slides and the like :-- Of hard rubber or plastics",38994,Cigarette lighters and other lighters; smoking pipes and cigar or cigarette
961519,"Combs, hair-slides and the like :-- Other",38994,Cigarette lighters and other lighters; smoking pipes and cigar or cigarette
961590,Other,38994,Cigarette lighters and other lighters; smoking pipes and cigar or cigarette
961610,"Scent sprays and similar toilet sprays, and mounts and heads therefor",38994,Cigarette lighters and other lighters; smoking pipes and cigar or cigarette
961620,Powder-puffs and pads for the application of cosmetics or toilet preparations,38994,Cigarette lighters and other lighters; smoking pipes and cigar or cigarette
961700,"Vacuum flasks and other vacuum vessels, complete with cases; parts thereof other than glass inners.",38999,"Articles n.e.c. (including candles, tapers, skins of birds with their"
961800,Tailors' dummies and other lay figures; automata and other animated displays used for shop window dressing.,38999,"Articles n.e.c. (including candles, tapers, skins of birds with their"
970110,"Paintings, drawings and pastels",3896,"Paintings, drawings and pastels; original engravings, prints and lithographs; original sculptures"
970190,Other,3896,"Paintings, drawings and pastels; original engravings, prints and lithographs; original sculptures"
970200,"Original engravings, prints and lithographs.",3896,"Paintings, drawings and pastels; original engravings, prints and lithographs; original sculptures"
970300,"Original sculptures and statuary, in any material.",3896,"Paintings, drawings and pastels; original engravings, prints and lithographs; original sculptures"
970400,"Postage or revenue stamps, stamp-postmarks, first-day covers, postal stationery (stamped paper), and the like, used, or if unused not of current or new issue in the country to which they are destined.",3896,"Paintings, drawings and pastels; original engravings, prints and lithographs; original sculptures"
970500,"Collections and collectors' pieces of zoological, botanical, mineralogical, anatomical, historical, archaeological, palaeontological, ethnographic or numismatic interest.",3896,"Paintings, drawings and pastels; original engravings, prints and lithographs; original sculptures"
970600,Antiques of an age exceeding one hundred years.,3896,"Paintings, drawings and pastels; original engravings, prints and lithographs; original sculptures"
