HS 1988/92 Product Code,HS 1988/92 Product Description,MTN Categories Product Code,MTN Categories Product Description
440110,"Fuel wood, in logs, in billets... or in similar",0101,"Wood, pulp, paper & furniture, raw materials"
440121,Coniferous wood in chips or particles,0101,"Wood, pulp, paper & furniture, raw materials"
440122,Non-coniferous wood in chips or particles,0101,"Wood, pulp, paper & furniture, raw materials"
440130,"Sawdust, wood waste and scrap (incl. agglomerat",0101,"Wood, pulp, paper & furniture, raw materials"
440200,Wood charcoal,0101,"Wood, pulp, paper & furniture, raw materials"
440310,"Wood in the rough..., treated with paint, stain",0101,"Wood, pulp, paper & furniture, raw materials"
440320,Untreated coniferous wood in the rough...,0101,"Wood, pulp, paper & furniture, raw materials"
440331,"Dark Red Meranti, Light Red Meranti and Meranti",0101,"Wood, pulp, paper & furniture, raw materials"
440332,"White Lauan, White Meranti, White Seraya, Yello",0101,"Wood, pulp, paper & furniture, raw materials"
440333,"Keruing, Ramin, Kapur, Teak, Jongkong, Merbau,",0101,"Wood, pulp, paper & furniture, raw materials"
440334,"Okoume, Obeche, Sapeli, Sipo, Acajou d'Afrique,",0101,"Wood, pulp, paper & furniture, raw materials"
440335,"Tiama, Mansonia, Ilomba, Dibetou, Limba and Azo",0101,"Wood, pulp, paper & furniture, raw materials"
440391,"Oak (Quercus spp.) wood in the rough, (excl. tr",0101,"Wood, pulp, paper & furniture, raw materials"
440392,"Beech (Fagus spp.) wood in the rough, (excl. tr",0101,"Wood, pulp, paper & furniture, raw materials"
440399,"Wood, nes in the rough..., (excl. treated)",0101,"Wood, pulp, paper & furniture, raw materials"
450110,"Natural cork, raw or simply prepared",0101,"Wood, pulp, paper & furniture, raw materials"
450190,"Waste cork; crushed, granulated or ground cork",0101,"Wood, pulp, paper & furniture, raw materials"
470100,Mechanical wood pulp,0101,"Wood, pulp, paper & furniture, raw materials"
470200,"Chemical wood pulp, dissolving grades",0101,"Wood, pulp, paper & furniture, raw materials"
470311,"Unbleached coniferous chemical wood pulp, soda",0101,"Wood, pulp, paper & furniture, raw materials"
470319,"Unbleached non-coniferous chemical wood pulp, s",0101,"Wood, pulp, paper & furniture, raw materials"
470321,Semi-bleached or bleached coniferous chemical w,0101,"Wood, pulp, paper & furniture, raw materials"
470329,Semi- or bleached non-coniferous chemical wood,0101,"Wood, pulp, paper & furniture, raw materials"
470411,"Unbleached coniferous chemical wood pulp, sulph",0101,"Wood, pulp, paper & furniture, raw materials"
470419,"Unbleached non-coniferous chemical wood pulp, s",0101,"Wood, pulp, paper & furniture, raw materials"
470421,Semi-bleached or bleached coniferous chemical w,0101,"Wood, pulp, paper & furniture, raw materials"
470429,Semi- or bleached non-coniferous chemical wood,0101,"Wood, pulp, paper & furniture, raw materials"
470500,Semi-chemical wood pulp,0101,"Wood, pulp, paper & furniture, raw materials"
470610,Cotton linters pulp,0101,"Wood, pulp, paper & furniture, raw materials"
470691,Mechanical pulp of fibrous cellulosic material,0101,"Wood, pulp, paper & furniture, raw materials"
470692,Chemical pulp of fibrous cellulosic material (e,0101,"Wood, pulp, paper & furniture, raw materials"
470693,Semi-chemical pulp of fibrous cellulosic materi,0101,"Wood, pulp, paper & furniture, raw materials"
470710,"Waste and scrap of unbleached kraft paper, pape",0101,"Wood, pulp, paper & furniture, raw materials"
470720,Waste and scrap of other paper or paperboard of,0101,"Wood, pulp, paper & furniture, raw materials"
470730,Waste and scrap of paper or paperboard made mai,0101,"Wood, pulp, paper & furniture, raw materials"
470790,"Waste and scrap of paper or paperboard, nes",0101,"Wood, pulp, paper & furniture, raw materials"
440410,"Coniferous hoopwood; split poles, etc; wooden s",0102,"Wood, pulp, paper & furniture, semi-finished manuf"
440420,"Non-coniferous hoopwood; split poles, etc; wood",0102,"Wood, pulp, paper & furniture, semi-finished manuf"
440500,Wood wool; wood flour,0102,"Wood, pulp, paper & furniture, semi-finished manuf"
440610,Railway or tramway sleepers (cross-ties) of woo,0102,"Wood, pulp, paper & furniture, semi-finished manuf"
440690,Railway or tramway sleepers (cross-ties) of woo,0102,"Wood, pulp, paper & furniture, semi-finished manuf"
440710,"Coniferous wood sawn or chipped lengthwise, sli",0102,"Wood, pulp, paper & furniture, semi-finished manuf"
440721,"Specified tropical woods (Meranti, etc) sawn le",0102,"Wood, pulp, paper & furniture, semi-finished manuf"
440722,"Specified tropical woods (OKoume..., etc) sawn",0102,"Wood, pulp, paper & furniture, semi-finished manuf"
440723,"Baboen, Mahogany, Imbuia and Balsa wood, sawn l",0102,"Wood, pulp, paper & furniture, semi-finished manuf"
440791,"Oak (Quercus spp.) wood,sawn/chipped lengthwise",0102,"Wood, pulp, paper & furniture, semi-finished manuf"
440792,"Beech (Fagus spp.) wood,sawn/chipped lengthwise",0102,"Wood, pulp, paper & furniture, semi-finished manuf"
440799,"Wood, nes sawn or chipped lengthwise, sliced or",0102,"Wood, pulp, paper & furniture, semi-finished manuf"
440810,Coniferous veneer sheets and sheets for plywood,0102,"Wood, pulp, paper & furniture, semi-finished manuf"
440820,Specified tropical wood veneer sheets and for p,0102,"Wood, pulp, paper & furniture, semi-finished manuf"
440890,Veneer sheets and sheets for plywood and other,0102,"Wood, pulp, paper & furniture, semi-finished manuf"
440910,"Coniferous wood, continuously shaped along any",0102,"Wood, pulp, paper & furniture, semi-finished manuf"
440920,"Non-coniferous wood, continuously shaped along",0102,"Wood, pulp, paper & furniture, semi-finished manuf"
441010,"Particle board and similar board of wood, unwor",0102,"Wood, pulp, paper & furniture, semi-finished manuf"
441090,Particle board and similar board of ligneous ma,0102,"Wood, pulp, paper & furniture, semi-finished manuf"
441111,"Fibreboard of a density >0.8g/cm3, not worked o",0102,"Wood, pulp, paper & furniture, semi-finished manuf"
441119,"Fibreboard of a density >0.8g/cm3, nes",0102,"Wood, pulp, paper & furniture, semi-finished manuf"
441121,Fibreboard of a density >0.5g/cm3 but =<0.8g/cm,0102,"Wood, pulp, paper & furniture, semi-finished manuf"
441129,Fibreboard of a density >0.5g/cm3 but =<0.8g/cm,0102,"Wood, pulp, paper & furniture, semi-finished manuf"
441131,Fibreboard of a density >0.35g/cm3 but =<0.5g/c,0102,"Wood, pulp, paper & furniture, semi-finished manuf"
441139,Fibreboard of a density >0.35g/cm3 but =<0.5g/c,0102,"Wood, pulp, paper & furniture, semi-finished manuf"
441191,"Fibreboard of a density =<0.35g/cm3, not worked",0102,"Wood, pulp, paper & furniture, semi-finished manuf"
441199,"Fibreboard of a density =<0.35g/cm3, nes",0102,"Wood, pulp, paper & furniture, semi-finished manuf"
441211,"Plywood with >=1 outer ply of tropical wood, ea",0102,"Wood, pulp, paper & furniture, semi-finished manuf"
441212,Plywood with >=1 outer ply of non-coniferous wo,0102,"Wood, pulp, paper & furniture, semi-finished manuf"
441219,"Plywood, each ply =<6mm thick, nes",0102,"Wood, pulp, paper & furniture, semi-finished manuf"
441221,"Plywood... >6mm non-coniferous outer ply, with",0102,"Wood, pulp, paper & furniture, semi-finished manuf"
441229,"Plywood... >6mm non-coniferous outer ply, nes",0102,"Wood, pulp, paper & furniture, semi-finished manuf"
441291,Plywood... containing at  least one layer of pa,0102,"Wood, pulp, paper & furniture, semi-finished manuf"
441299,"Plywood, veneered panels and similar laminated",0102,"Wood, pulp, paper & furniture, semi-finished manuf"
441300,"Densified wood, in blocks, plates, strips or pr",0102,"Wood, pulp, paper & furniture, semi-finished manuf"
450200,"Natural cork, debacked or roughly squared..., e",0102,"Wood, pulp, paper & furniture, semi-finished manuf"
480100,"Newsprint, in rolls or sheets",0102,"Wood, pulp, paper & furniture, semi-finished manuf"
480210,Hand-made paper and paperboard,0102,"Wood, pulp, paper & furniture, semi-finished manuf"
480220,Paper and paperboard as a base for photo-sensit,0102,"Wood, pulp, paper & furniture, semi-finished manuf"
480230,"Carbonizing base paper, uncoated, in rolls or s",0102,"Wood, pulp, paper & furniture, semi-finished manuf"
480240,"Wallpaper base, uncoated, in rolls or sheets",0102,"Wood, pulp, paper & furniture, semi-finished manuf"
480251,"Paper... (excl. mechanical fibres), weighing <4",0102,"Wood, pulp, paper & furniture, semi-finished manuf"
480252,"Paper... (excl. mechanical fibres), weighing >=",0102,"Wood, pulp, paper & furniture, semi-finished manuf"
480253,"Paper... (excl. mechanical fibres), weighing >1",0102,"Wood, pulp, paper & furniture, semi-finished manuf"
480260,"Paper... (>10% of mechanical fibres), uncoated,",0102,"Wood, pulp, paper & furniture, semi-finished manuf"
480300,"Toilet... similar paper, in rolls or sheets",0102,"Wood, pulp, paper & furniture, semi-finished manuf"
480411,"Unbleached kraftliner, uncoated, in rolls or sh",0102,"Wood, pulp, paper & furniture, semi-finished manuf"
480419,"Kraftliner, uncoated (excl. unbleached), in rol",0102,"Wood, pulp, paper & furniture, semi-finished manuf"
480421,"Unbleached sack kraft paper, uncoated, in rolls",0102,"Wood, pulp, paper & furniture, semi-finished manuf"
480429,"Sack kraft paper (excl. unbleached), uncoated,",0102,"Wood, pulp, paper & furniture, semi-finished manuf"
480431,"Unbleached kraft paper..., weighing =<150g/m2",0102,"Wood, pulp, paper & furniture, semi-finished manuf"
480439,"Kraft paper... (excl. unbleached), weighing =<1",0102,"Wood, pulp, paper & furniture, semi-finished manuf"
480441,"Unbleached kraft paper..., weighing >150g/m2 bu",0102,"Wood, pulp, paper & furniture, semi-finished manuf"
480442,"Kraft paper..., weighing >150g/m2 but <225g/m2,",0102,"Wood, pulp, paper & furniture, semi-finished manuf"
480449,"Kraft paper..., weighing >150g/m2 but <225g/m2,",0102,"Wood, pulp, paper & furniture, semi-finished manuf"
480451,"Unbleached kraft paper..., weighing >=225g/m2",0102,"Wood, pulp, paper & furniture, semi-finished manuf"
480452,"Kraft paper..., weighing >=225g/m2, bleached un",0102,"Wood, pulp, paper & furniture, semi-finished manuf"
480459,"Kraft paper..., weighing >=225g/m2, nes",0102,"Wood, pulp, paper & furniture, semi-finished manuf"
480510,Semi-chemical fluting paper (corrugated medium),0102,"Wood, pulp, paper & furniture, semi-finished manuf"
480521,Multi-ply paper and paperboard with each layer,0102,"Wood, pulp, paper & furniture, semi-finished manuf"
480522,Multi-ply paper... with only one outer layer bl,0102,"Wood, pulp, paper & furniture, semi-finished manuf"
480523,"Multi-ply paper... two outer layers bleached, i",0102,"Wood, pulp, paper & furniture, semi-finished manuf"
480529,"Multi-ply paper and paperboard, in rolls or she",0102,"Wood, pulp, paper & furniture, semi-finished manuf"
480530,"Sulphite wrapping paper, in rolls or sheets",0102,"Wood, pulp, paper & furniture, semi-finished manuf"
480540,"Filter paper and paperboard, in rolls or sheets",0102,"Wood, pulp, paper & furniture, semi-finished manuf"
480550,"Felt paper and paperboard, in rolls or sheets",0102,"Wood, pulp, paper & furniture, semi-finished manuf"
480560,"Paper and paperboard, in rolls or sheets, weigh",0102,"Wood, pulp, paper & furniture, semi-finished manuf"
480570,"Paper..., in rolls or sheets, weighing >150g/m2",0102,"Wood, pulp, paper & furniture, semi-finished manuf"
480580,"Paper and paperboard, in rolls or sheets, weigh",0102,"Wood, pulp, paper & furniture, semi-finished manuf"
480610,"Vegetable parchment, in rolls or sheets",0102,"Wood, pulp, paper & furniture, semi-finished manuf"
480620,"Greaseproof papers, in rolls or sheets",0102,"Wood, pulp, paper & furniture, semi-finished manuf"
480630,"Tracing papers, in rolls or sheets",0102,"Wood, pulp, paper & furniture, semi-finished manuf"
480640,Glassine and other glazed transparent or transl,0102,"Wood, pulp, paper & furniture, semi-finished manuf"
480710,"Composite paper..., laminated with bitumen, etc",0102,"Wood, pulp, paper & furniture, semi-finished manuf"
480791,"Straw paper and paperboard, in rolls or sheets",0102,"Wood, pulp, paper & furniture, semi-finished manuf"
480799,"Composite paper and paperboard, in rolls or she",0102,"Wood, pulp, paper & furniture, semi-finished manuf"
480810,"Corrugated paper and paperboard, in rolls or sh",0102,"Wood, pulp, paper & furniture, semi-finished manuf"
480820,"Sack kraft paper, creped or crinkled, in rolls",0102,"Wood, pulp, paper & furniture, semi-finished manuf"
480830,"Kraft paper, creped or crinkled, (excl. sack),",0102,"Wood, pulp, paper & furniture, semi-finished manuf"
480890,"Paper and paperboard, corrugated, creped, etc,",0102,"Wood, pulp, paper & furniture, semi-finished manuf"
480910,"Carbon or similar copying papers, in rolls or s",0102,"Wood, pulp, paper & furniture, semi-finished manuf"
480920,"Self-copy paper, in rolls or sheets",0102,"Wood, pulp, paper & furniture, semi-finished manuf"
480990,"Copying or transfer papers, nes, in rolls or sh",0102,"Wood, pulp, paper & furniture, semi-finished manuf"
481011,"Paper..., coated with kaolin, etc, weighing =<1",0102,"Wood, pulp, paper & furniture, semi-finished manuf"
481012,"Paper..., coated with kaolin, etc, weighing >15",0102,"Wood, pulp, paper & furniture, semi-finished manuf"
481021,"Light-weight coated paper for writing, etc, >10",0102,"Wood, pulp, paper & furniture, semi-finished manuf"
481029,"Paper... for writing, etc, >10% mechanical fibr",0102,"Wood, pulp, paper & furniture, semi-finished manuf"
481031,"Kraft paper..., bleached, >95% chemical fibres,",0102,"Wood, pulp, paper & furniture, semi-finished manuf"
481032,"Kraft paper..., bleached, >95% chemical fibres,",0102,"Wood, pulp, paper & furniture, semi-finished manuf"
481039,"Kraft paper and paperboard, coated..., nes",0102,"Wood, pulp, paper & furniture, semi-finished manuf"
481091,"Multi-ply paper and paperboard, coated...",0102,"Wood, pulp, paper & furniture, semi-finished manuf"
481099,"Paper and paperboard, coated with kaolin, etc,",0102,"Wood, pulp, paper & furniture, semi-finished manuf"
481110,"Tarred, bituminized or asphalted paper and pape",0102,"Wood, pulp, paper & furniture, semi-finished manuf"
481121,Self-adhesive paper and paperboard,0102,"Wood, pulp, paper & furniture, semi-finished manuf"
481129,Gummed paper and paperboard (excl. self-adhesiv,0102,"Wood, pulp, paper & furniture, semi-finished manuf"
481131,"Paper..., coated... with plastics, bleached and",0102,"Wood, pulp, paper & furniture, semi-finished manuf"
481139,"Paper and paperboard coated... with plastics, n",0102,"Wood, pulp, paper & furniture, semi-finished manuf"
481140,"Paper and paperboard coated... with wax, paraff",0102,"Wood, pulp, paper & furniture, semi-finished manuf"
481190,"Paper, paperboard, coated... surface-decorated",0102,"Wood, pulp, paper & furniture, semi-finished manuf"
481200,"Filter blocks, slabs and plates, of paper pulp",0102,"Wood, pulp, paper & furniture, semi-finished manuf"
441400,"Wooden frames for paintings, photographs, mirro",0103,"Wood, pulp, paper & furniture, finished manufactur"
441510,"Cases, boxes, crates, drums and similar packing",0103,"Wood, pulp, paper & furniture, finished manufactur"
441520,"Pallets, box pallets and other load boards of w",0103,"Wood, pulp, paper & furniture, finished manufactur"
441600,"Casks, barrets, vats, tubs, etc, and parts ther",0103,"Wood, pulp, paper & furniture, finished manufactur"
441700,"Tools..., broom or brush bodies... of wood; boo",0103,"Wood, pulp, paper & furniture, finished manufactur"
441810,"Windows, French-windows and their frames, of wo",0103,"Wood, pulp, paper & furniture, finished manufactur"
441820,"Doors and their frames and thresholds, of wood",0103,"Wood, pulp, paper & furniture, finished manufactur"
441830,"Parquet panels, of wood",0103,"Wood, pulp, paper & furniture, finished manufactur"
441840,"Shuttering for concrete constructional work, of",0103,"Wood, pulp, paper & furniture, finished manufactur"
441850,"Shingles and shakes, of wood",0103,"Wood, pulp, paper & furniture, finished manufactur"
441890,"Builders' joinery and carpentry, of wood, nes",0103,"Wood, pulp, paper & furniture, finished manufactur"
441900,"Tableware and kitchenware, of wood",0103,"Wood, pulp, paper & furniture, finished manufactur"
442010,"Statuettes and other ornaments, of wood",0103,"Wood, pulp, paper & furniture, finished manufactur"
442090,"Wood marquetry, inlaid wood; caskets... of wood",0103,"Wood, pulp, paper & furniture, finished manufactur"
442110,Clothes hangers of wood,0103,"Wood, pulp, paper & furniture, finished manufactur"
442190,"Articles of wood, nes",0103,"Wood, pulp, paper & furniture, finished manufactur"
450310,Corks and stoppers of natural cork,0103,"Wood, pulp, paper & furniture, finished manufactur"
450390,"Articles of natural cork, nes",0103,"Wood, pulp, paper & furniture, finished manufactur"
450410,"Blocks..., tiles of any shape, solid cylinders,",0103,"Wood, pulp, paper & furniture, finished manufactur"
450490,Agglomerated cork; articles of agglomerated cor,0103,"Wood, pulp, paper & furniture, finished manufactur"
481310,Cigarette paper in the form of booklets or tube,0103,"Wood, pulp, paper & furniture, finished manufactur"
481320,Cigarette paper in rolls of a width =<5cm,0103,"Wood, pulp, paper & furniture, finished manufactur"
481390,"Cigarette paper, nes",0103,"Wood, pulp, paper & furniture, finished manufactur"
481410,Ingrain paper,0103,"Wood, pulp, paper & furniture, finished manufactur"
481420,"Wallpaper, etc, of paper coated with a... layer",0103,"Wood, pulp, paper & furniture, finished manufactur"
481430,"Wallpaper, etc, consisting of paper covered wit",0103,"Wood, pulp, paper & furniture, finished manufactur"
481490,Wallpaper and other wall coverings; window tran,0103,"Wood, pulp, paper & furniture, finished manufactur"
481610,Carbon or similar copying papers,0103,"Wood, pulp, paper & furniture, finished manufactur"
481620,Self-copy paper,0103,"Wood, pulp, paper & furniture, finished manufactur"
481630,Duplicator stencils of paper,0103,"Wood, pulp, paper & furniture, finished manufactur"
481690,"Copying or transfer paper, nes; offset plates,",0103,"Wood, pulp, paper & furniture, finished manufactur"
481710,Envelopes of paper or paperboard,0103,"Wood, pulp, paper & furniture, finished manufactur"
481720,"Letter cards, plain postcards and correspondanc",0103,"Wood, pulp, paper & furniture, finished manufactur"
481730,"Boxes, etc, of paper or paperboard containing p",0103,"Wood, pulp, paper & furniture, finished manufactur"
481810,Toilet paper,0103,"Wood, pulp, paper & furniture, finished manufactur"
481820,Handkerchiefs and cleansing or facial tissues o,0103,"Wood, pulp, paper & furniture, finished manufactur"
481830,Tablecloths and serviettes of paper,0103,"Wood, pulp, paper & furniture, finished manufactur"
481840,"Sanitary towels and tampons, napkins and napkin",0103,"Wood, pulp, paper & furniture, finished manufactur"
481850,"Articles of apparel and clothing of paper, cell",0103,"Wood, pulp, paper & furniture, finished manufactur"
481890,"Household, sanitary or hospital articles of pap",0103,"Wood, pulp, paper & furniture, finished manufactur"
481910,"Cartons, boxes and cases, of corrugated paper o",0103,"Wood, pulp, paper & furniture, finished manufactur"
481920,"Folding cartons, boxes and cases, of non-corrug",0103,"Wood, pulp, paper & furniture, finished manufactur"
481930,"Sacks and bags, having a base of a width of >=4",0103,"Wood, pulp, paper & furniture, finished manufactur"
481940,"Sacks and bags, including cones of paper, paper",0103,"Wood, pulp, paper & furniture, finished manufactur"
481950,"Packing containers, including record sleeves, o",0103,"Wood, pulp, paper & furniture, finished manufactur"
481960,"Box files, letter trays, storage boxes, etc, of",0103,"Wood, pulp, paper & furniture, finished manufactur"
482010,"Registers, account books, order and receipt boo",0103,"Wood, pulp, paper & furniture, finished manufactur"
482020,Exercise-books,0103,"Wood, pulp, paper & furniture, finished manufactur"
482030,"Binders (other than book covers), folders and f",0103,"Wood, pulp, paper & furniture, finished manufactur"
482040,Manifold business forms and interleaved carbon,0103,"Wood, pulp, paper & furniture, finished manufactur"
482050,Albums for stamps or for collections of paper o,0103,"Wood, pulp, paper & furniture, finished manufactur"
482090,"Blotting pads, book covers and other articles o",0103,"Wood, pulp, paper & furniture, finished manufactur"
482110,Printed paper or paperboard labels of all kinds,0103,"Wood, pulp, paper & furniture, finished manufactur"
482190,Paper or paperboard labels of all kinds (excl.,0103,"Wood, pulp, paper & furniture, finished manufactur"
482210,"Bobbins, spools..., of paper or paperboard for",0103,"Wood, pulp, paper & furniture, finished manufactur"
482290,"Bobbins, spools, cops and similar supports of p",0103,"Wood, pulp, paper & furniture, finished manufactur"
482311,"Self-adhesive paper, in strips or rolls",0103,"Wood, pulp, paper & furniture, finished manufactur"
482319,"Gummed or adhesive paper (excl. self-adhesive),",0103,"Wood, pulp, paper & furniture, finished manufactur"
482320,"Filter paper and paperboard, cut to shape",0103,"Wood, pulp, paper & furniture, finished manufactur"
482330,"Cards, not punched, for punch card machines",0103,"Wood, pulp, paper & furniture, finished manufactur"
482340,"Rolls, sheets and dials, printed for self-recor",0103,"Wood, pulp, paper & furniture, finished manufactur"
482351,"Printed, embossed or perforated paper or paperb",0103,"Wood, pulp, paper & furniture, finished manufactur"
482359,"Paper and paperboard writing, printing, etc, cu",0103,"Wood, pulp, paper & furniture, finished manufactur"
482360,"Trays, dishes, plates and cups, etc, of paper o",0103,"Wood, pulp, paper & furniture, finished manufactur"
482370,Moulded or pressed articles of paper pulp,0103,"Wood, pulp, paper & furniture, finished manufactur"
482390,"Paper and paperboard, cut to size and articles",0103,"Wood, pulp, paper & furniture, finished manufactur"
490110,"Printed books, brochures, leaflets, etc, in sin",0103,"Wood, pulp, paper & furniture, finished manufactur"
490191,"Dictionaries and encyclopaedias, and serial ins",0103,"Wood, pulp, paper & furniture, finished manufactur"
490199,"Printed books, brochures, leaflets and similar",0103,"Wood, pulp, paper & furniture, finished manufactur"
490210,"Newspapers, journals and periodicals, appearing",0103,"Wood, pulp, paper & furniture, finished manufactur"
490290,"Newspapers, journals and periodicals, appearing",0103,"Wood, pulp, paper & furniture, finished manufactur"
490300,"Children's picture, drawing or colouring books",0103,"Wood, pulp, paper & furniture, finished manufactur"
490400,"Music, printed or in manuscript",0103,"Wood, pulp, paper & furniture, finished manufactur"
490510,Globes,0103,"Wood, pulp, paper & furniture, finished manufactur"
490591,"Maps and hydrographic or similar charts, in boo",0103,"Wood, pulp, paper & furniture, finished manufactur"
490599,"Maps and hydrographic or similar charts, printe",0103,"Wood, pulp, paper & furniture, finished manufactur"
490600,Plans... for architectural... purposes; handwit,0103,"Wood, pulp, paper & furniture, finished manufactur"
490700,New stamps; stamp-impressed paper; banknotes; c,0103,"Wood, pulp, paper & furniture, finished manufactur"
490810,"Transfers (decalcomanias), vitrifiable",0103,"Wood, pulp, paper & furniture, finished manufactur"
490890,Transfers (decalcomanias) (excl. vitrifiable),0103,"Wood, pulp, paper & furniture, finished manufactur"
490900,Printed or illustrated postcards; printed cards,0103,"Wood, pulp, paper & furniture, finished manufactur"
491000,"Calendars of any kind, printed, including calen",0103,"Wood, pulp, paper & furniture, finished manufactur"
491110,"Trade advertising material, commercial catalogu",0103,"Wood, pulp, paper & furniture, finished manufactur"
491191,"Pictures, designs and photographs",0103,"Wood, pulp, paper & furniture, finished manufactur"
491199,"Other printed matter, nes",0103,"Wood, pulp, paper & furniture, finished manufactur"
940110,"Seats, aircraft",0103,"Wood, pulp, paper & furniture, finished manufactur"
940120,"Seats, motor vehicles",0103,"Wood, pulp, paper & furniture, finished manufactur"
940130,Swivel seats and variable height adjustment oth,0103,"Wood, pulp, paper & furniture, finished manufactur"
940140,Seats excluding garden seats or camping equipme,0103,"Wood, pulp, paper & furniture, finished manufactur"
940150,"Seats of cane, osier, bamboo or similar materia",0103,"Wood, pulp, paper & furniture, finished manufactur"
940161,"Seats with wooden frames,upholstered nes",0103,"Wood, pulp, paper & furniture, finished manufactur"
940169,"Seats with wooden frames, nes",0103,"Wood, pulp, paper & furniture, finished manufactur"
940171,"Seats with mtl frames,upholstered nes,oth than",0103,"Wood, pulp, paper & furniture, finished manufactur"
940179,"Seats with metal frames, nes, other than those",0103,"Wood, pulp, paper & furniture, finished manufactur"
940180,"Seats nes, other than those of heading No 94.02",0103,"Wood, pulp, paper & furniture, finished manufactur"
940190,Parts of seats other than those of heading No 9,0103,"Wood, pulp, paper & furniture, finished manufactur"
940210,"Dentists', barbers' or similar chairs and parts",0103,"Wood, pulp, paper & furniture, finished manufactur"
940290,"Medical, surgical, dental or veterinary furnitu",0103,"Wood, pulp, paper & furniture, finished manufactur"
940310,"Office furniture, metal, nes",0103,"Wood, pulp, paper & furniture, finished manufactur"
940320,"Furniture, metal, nes",0103,"Wood, pulp, paper & furniture, finished manufactur"
940330,"Office furniture, wooden, nes",0103,"Wood, pulp, paper & furniture, finished manufactur"
940340,"Kitchen furniture, wooden, nes",0103,"Wood, pulp, paper & furniture, finished manufactur"
940350,"Bedroom furniture, wooden, nes",0103,"Wood, pulp, paper & furniture, finished manufactur"
940360,"Furniture, wooden, nes",0103,"Wood, pulp, paper & furniture, finished manufactur"
940370,"Furniture, plastic, nes",0103,"Wood, pulp, paper & furniture, finished manufactur"
940380,"Furniture of oth materials,including cane,osier",0103,"Wood, pulp, paper & furniture, finished manufactur"
940390,Furniture parts nes,0103,"Wood, pulp, paper & furniture, finished manufactur"
940410,Mattress supports,0103,"Wood, pulp, paper & furniture, finished manufactur"
940421,"Mattresses of cellular rubber or plastics, whet",0103,"Wood, pulp, paper & furniture, finished manufactur"
940429,Mattresses fitted with springs or stuffed or in,0103,"Wood, pulp, paper & furniture, finished manufactur"
940430,Sleeping bags,0103,"Wood, pulp, paper & furniture, finished manufactur"
510400,Garnetted stock of wool or of fine or coarse an,0201,"Textiles & clothing, raw materials"
510510,Carded wool,0201,"Textiles & clothing, raw materials"
510521,Combed wool in fragments,0201,"Textiles & clothing, raw materials"
510529,Wool tops and combed wool (excl. in fragments),0201,"Textiles & clothing, raw materials"
510530,"Fine animal hair, carded or combed",0201,"Textiles & clothing, raw materials"
510540,"Coarse animal hair, carded or combed",0201,"Textiles & clothing, raw materials"
530310,"Jute, etc (excl. flax, true hemp and ramie), ra",0201,"Textiles & clothing, raw materials"
530390,"Jute, etc (excl. flax, true hemp and ramie), ne",0201,"Textiles & clothing, raw materials"
530410,Sisal and other textile fibres of the genus Aga,0201,"Textiles & clothing, raw materials"
530490,"Sisal, etc (excl. raw), not spun; tow and waste",0201,"Textiles & clothing, raw materials"
530511,Raw coconut fibres,0201,"Textiles & clothing, raw materials"
530519,"Processed coconut fibres; tow, noils and waste",0201,"Textiles & clothing, raw materials"
530521,Raw albaca fibres,0201,"Textiles & clothing, raw materials"
530529,"Processed abaca fibres; tow, noils and waste of",0201,"Textiles & clothing, raw materials"
530591,"Raw ramie and other vegetable textile fibres, n",0201,"Textiles & clothing, raw materials"
530599,"Processed ramie, etc, nes; tow, noils and waste",0201,"Textiles & clothing, raw materials"
550110,Synthetic filament tow of nylon or other polyam,0201,"Textiles & clothing, raw materials"
550120,Synthetic filament tow of polyesters,0201,"Textiles & clothing, raw materials"
550130,"Synthetic filament tow, acrylic or modacrylic",0201,"Textiles & clothing, raw materials"
550190,"Synthetic filament tow, nes",0201,"Textiles & clothing, raw materials"
550200,Artificial filament tow,0201,"Textiles & clothing, raw materials"
550310,"Synthetic staple fibres, of nylon or other poly",0201,"Textiles & clothing, raw materials"
550320,"Synthetic staple fibres, of polyesters, not car",0201,"Textiles & clothing, raw materials"
550330,"Acrylic or modacrylic synthetic staple fibres,",0201,"Textiles & clothing, raw materials"
550340,"Synthetic staple fibres, of polypropylene, not",0201,"Textiles & clothing, raw materials"
550390,"Synthetic staple fibres, nes, not carded, etc",0201,"Textiles & clothing, raw materials"
550410,"Artificial staple fibres, of viscose rayon, not",0201,"Textiles & clothing, raw materials"
550490,"Artificial staple fibres, (excl. viscose), not",0201,"Textiles & clothing, raw materials"
550510,"Waste of synthetic fibre, (incl. noils, yarn wa",0201,"Textiles & clothing, raw materials"
550520,"Waste of artificial fibre, (incl. noils, yarn w",0201,"Textiles & clothing, raw materials"
550610,"Synthetic staple fibres, of nylon or other poly",0201,"Textiles & clothing, raw materials"
550620,"Synthetic staple fibres, of polyesters, carded,",0201,"Textiles & clothing, raw materials"
550630,"Acrylic or modacrylic synthetic staple fibres,",0201,"Textiles & clothing, raw materials"
550690,"Synthetic staple fibres, nes, carded, etc",0201,"Textiles & clothing, raw materials"
550700,"Artificial staple fibres, carded, combed or pro",0201,"Textiles & clothing, raw materials"
630900,Worn clothing and other worn articles,0201,"Textiles & clothing, raw materials"
631010,"Used or new rags, worn out scrap twine, cordage",0201,"Textiles & clothing, raw materials"
631090,"Used or new rags, worn out scrap twine, cordage",0201,"Textiles & clothing, raw materials"
392112,"Cellular plates, strips... of polymers of vinyl",0202,"Textiles & clothing, semi-finished manufactures"
392113,"Cellular plates, strips... of polymers of polyu",0202,"Textiles & clothing, semi-finished manufactures"
392190,"Other cellular plates, strips..., of plastics,",0202,"Textiles & clothing, semi-finished manufactures"
500400,"Silk yarn (excl. spun from silk waste), not put",0202,"Textiles & clothing, semi-finished manufactures"
500500,"Yarn spun from silk waste, not put up for retai",0202,"Textiles & clothing, semi-finished manufactures"
500600,"Silk yarn, put up for retail sale; silk-worm gu",0202,"Textiles & clothing, semi-finished manufactures"
500710,Woven fabrics of noil silk,0202,"Textiles & clothing, semi-finished manufactures"
500720,"Woven fabrics of silk, containing >=85% silk or",0202,"Textiles & clothing, semi-finished manufactures"
500790,"Printed woven fabrics, containing <85% silk",0202,"Textiles & clothing, semi-finished manufactures"
510610,"Yarn of carded wool, not put up for retail sale",0202,"Textiles & clothing, semi-finished manufactures"
510620,"Yarn of carded wool, not put up for retail sale",0202,"Textiles & clothing, semi-finished manufactures"
510710,"Yarn of combed wool, not put up for retail sale",0202,"Textiles & clothing, semi-finished manufactures"
510720,"Yarn of combed wool, not put up for retail sale",0202,"Textiles & clothing, semi-finished manufactures"
510810,"Carded yarn of fine animal hair, not put up for",0202,"Textiles & clothing, semi-finished manufactures"
510820,"Combed yarn of fine animal hair, not put up for",0202,"Textiles & clothing, semi-finished manufactures"
510910,"Yarn, with >=85% wool or of fine animal hair, p",0202,"Textiles & clothing, semi-finished manufactures"
510990,"Yarn, with <85% wool or of fine animal hair, pu",0202,"Textiles & clothing, semi-finished manufactures"
511000,Yarn of coarse animal hair or of horsehair (inc,0202,"Textiles & clothing, semi-finished manufactures"
511111,"Woven fabrics, with >=85% carded wool or fine a",0202,"Textiles & clothing, semi-finished manufactures"
511119,"Woven fabrics, with >=85% carded wool or fine a",0202,"Textiles & clothing, semi-finished manufactures"
511120,"Woven fabrics of carded wool, mixed with man-ma",0202,"Textiles & clothing, semi-finished manufactures"
511130,"Woven fabrics of carded wool, mixed with man-ma",0202,"Textiles & clothing, semi-finished manufactures"
511190,Other woven fabrics of carded wool or carded fi,0202,"Textiles & clothing, semi-finished manufactures"
511211,Woven fabrics with >=85% combed wool or fine an,0202,"Textiles & clothing, semi-finished manufactures"
511219,Woven fabrics with >=85% combed wool or animal,0202,"Textiles & clothing, semi-finished manufactures"
511220,"Woven fabrics of combed wool, mixed with man-ma",0202,"Textiles & clothing, semi-finished manufactures"
511230,"Woven fabrics of combed wool, mixed with man-ma",0202,"Textiles & clothing, semi-finished manufactures"
511290,Woven fabrics of combed wool or of combed fine,0202,"Textiles & clothing, semi-finished manufactures"
511300,Woven fabrics of coarse animal hair or of horse,0202,"Textiles & clothing, semi-finished manufactures"
520411,"Cotton sewing thread, with >=85% cotton, not pu",0202,"Textiles & clothing, semi-finished manufactures"
520419,"Cotton sewing thread, with <85% cotton, not put",0202,"Textiles & clothing, semi-finished manufactures"
520420,"Cotton sewing thread, put up for retail sale",0202,"Textiles & clothing, semi-finished manufactures"
520511,"Uncombed single cotton yarn, with >=85% cotton,",0202,"Textiles & clothing, semi-finished manufactures"
520512,"Uncombed single cotton yarn, with >=85% cotton,",0202,"Textiles & clothing, semi-finished manufactures"
520513,"Uncombed single cotton yarn, with >=85% cotton,",0202,"Textiles & clothing, semi-finished manufactures"
520514,"Uncombed single cotton yarn, with >=85% cotton,",0202,"Textiles & clothing, semi-finished manufactures"
520515,"Uncombed single cotton yarn, with >=85% cotton,",0202,"Textiles & clothing, semi-finished manufactures"
520521,"Combed single cotton yarn, with >=85% cotton, n",0202,"Textiles & clothing, semi-finished manufactures"
520522,"Combed single cotton yarn, with >=85% cotton, n",0202,"Textiles & clothing, semi-finished manufactures"
520523,"Combed single cotton yarn, with >=85% cotton, n",0202,"Textiles & clothing, semi-finished manufactures"
520524,"Combed single cotton yarn, with >=85% cotton, n",0202,"Textiles & clothing, semi-finished manufactures"
520525,"Combed single cotton yarn, with >=85% cotton, n",0202,"Textiles & clothing, semi-finished manufactures"
520531,"Uncombed cabled cotton yarn, with >=85% cotton,",0202,"Textiles & clothing, semi-finished manufactures"
520532,"Uncombed cabled cotton yarn, with >=85% cotton,",0202,"Textiles & clothing, semi-finished manufactures"
520533,"Uncombed cabled cotton yarn, with >=85% cotton,",0202,"Textiles & clothing, semi-finished manufactures"
520534,"Uncombed cabled cotton yarn, with >=85% cotton,",0202,"Textiles & clothing, semi-finished manufactures"
520535,"Uncombed cabled cotton yarn, with >=85% cotton,",0202,"Textiles & clothing, semi-finished manufactures"
520541,"Combed cabled cotton yarn, with >=85% cotton, n",0202,"Textiles & clothing, semi-finished manufactures"
520542,"Combed cabled cotton yarn, with >=85% cotton, n",0202,"Textiles & clothing, semi-finished manufactures"
520543,"Combed cabled cotton yarn, with >=85% cotton, n",0202,"Textiles & clothing, semi-finished manufactures"
520544,"Combed cabled cotton yarn, with >=85% cotton, n",0202,"Textiles & clothing, semi-finished manufactures"
520545,"Combed cabled cotton yarn, with >=85% cotton, n",0202,"Textiles & clothing, semi-finished manufactures"
520611,"Uncombed single cotton yarn, with <85% cotton,",0202,"Textiles & clothing, semi-finished manufactures"
520612,"Uncombed single cotton yarn, with <85% cotton,",0202,"Textiles & clothing, semi-finished manufactures"
520613,"Uncombed single cotton yarn, with <85% cotton,",0202,"Textiles & clothing, semi-finished manufactures"
520614,"Uncombed single cotton yarn, with <85% cotton,",0202,"Textiles & clothing, semi-finished manufactures"
520615,"Uncombed single cotton yarn, with <85% cotton,",0202,"Textiles & clothing, semi-finished manufactures"
520621,"Combed single cotton yarn, with <85% cotton, np",0202,"Textiles & clothing, semi-finished manufactures"
520622,"Combed single cotton yarn, with <85% cotton, np",0202,"Textiles & clothing, semi-finished manufactures"
520623,"Combed single cotton yarn, with <85% cotton, np",0202,"Textiles & clothing, semi-finished manufactures"
520624,"Combed single cotton yarn, with <85% cotton, np",0202,"Textiles & clothing, semi-finished manufactures"
520625,"Combed single cotton yarn, with <85% cotton, np",0202,"Textiles & clothing, semi-finished manufactures"
520631,"Uncombed cabled cotton yarn, with <85% cotton,",0202,"Textiles & clothing, semi-finished manufactures"
520632,"Uncombed cabled cotton yarn, with <85% cotton,",0202,"Textiles & clothing, semi-finished manufactures"
520633,"Uncombed cabled cotton yarn, with <85% cotton,",0202,"Textiles & clothing, semi-finished manufactures"
520634,"Uncombed cabled cotton yarn, with <85% cotton,",0202,"Textiles & clothing, semi-finished manufactures"
520635,"Uncombed cabled cotton yarn, with <85% cotton,",0202,"Textiles & clothing, semi-finished manufactures"
520641,"Combed cabled cotton yarn, with <85% cotton, np",0202,"Textiles & clothing, semi-finished manufactures"
520642,"Combed cabled cotton yarn, with <85% cotton, np",0202,"Textiles & clothing, semi-finished manufactures"
520643,"Combed cabled cotton yarn, with <85% cotton, np",0202,"Textiles & clothing, semi-finished manufactures"
520644,"Combed cabled cotton yarn, with <85% cotton, np",0202,"Textiles & clothing, semi-finished manufactures"
520645,"Combed cabled cotton yarn, with <85% cotton, np",0202,"Textiles & clothing, semi-finished manufactures"
520710,"Cotton yarn (excl. sewing), put up for retail s",0202,"Textiles & clothing, semi-finished manufactures"
520790,"Cotton yarn (excl. sewing), put up for retail s",0202,"Textiles & clothing, semi-finished manufactures"
520811,"Unbleached plain cotton weave, with >=85% cotto",0202,"Textiles & clothing, semi-finished manufactures"
520812,"Unbleached plain cotton weave, with >=85% cotto",0202,"Textiles & clothing, semi-finished manufactures"
520813,"Unbleached 3 or 4-thread twill, with >=85% cott",0202,"Textiles & clothing, semi-finished manufactures"
520819,"Unbleached woven cotton fabrics, nes, with >=85",0202,"Textiles & clothing, semi-finished manufactures"
520821,"Bleached plain cotton weave, with >=85% cotton,",0202,"Textiles & clothing, semi-finished manufactures"
520822,"Bleached plain cotton weave, with >=85% cotton,",0202,"Textiles & clothing, semi-finished manufactures"
520823,Bleached 3 or 4-thread twill (incl. cross twill,0202,"Textiles & clothing, semi-finished manufactures"
520829,"Bleached woven cotton fabrics, nes, with >=85%",0202,"Textiles & clothing, semi-finished manufactures"
520831,"Dyed plain cotton weave, with >=85% cotton, =<1",0202,"Textiles & clothing, semi-finished manufactures"
520832,"Dyed plain cotton weave, with >=85% cotton, >10",0202,"Textiles & clothing, semi-finished manufactures"
520833,"Dyed 3 or 4-thread twill (incl. cross twill), w",0202,"Textiles & clothing, semi-finished manufactures"
520839,"Dyed woven cotton fabrics, with >=85% cotton, n",0202,"Textiles & clothing, semi-finished manufactures"
520841,"Coloured plain cotton weave, with >=85% cotton,",0202,"Textiles & clothing, semi-finished manufactures"
520842,"Coloured plain cotton weave, with >=85% cotton,",0202,"Textiles & clothing, semi-finished manufactures"
520843,Coloured 3 or 4-thread twill (incl. cross twill,0202,"Textiles & clothing, semi-finished manufactures"
520849,"Coloured woven cotton fabrics, with >=85% cotto",0202,"Textiles & clothing, semi-finished manufactures"
520851,"Printed plain cotton weave, with >=85% cotton,",0202,"Textiles & clothing, semi-finished manufactures"
520852,"Printed plain cotton weave, with >=85% cotton,",0202,"Textiles & clothing, semi-finished manufactures"
520853,Printed 3 or 4-thread twill (incl. cross twill),0202,"Textiles & clothing, semi-finished manufactures"
520859,"Printed woven cotton fabrics, with >=85% cotton",0202,"Textiles & clothing, semi-finished manufactures"
520911,"Unbleached plain cotton weave, with >=85% cotto",0202,"Textiles & clothing, semi-finished manufactures"
520912,Unbleached 3 or 4-thread twill (incl. cross twi,0202,"Textiles & clothing, semi-finished manufactures"
520919,"Unbleached cotton fabrics, with >=85% cotton, >",0202,"Textiles & clothing, semi-finished manufactures"
520921,"Bleached plain cotton weave, with >=85% cotton,",0202,"Textiles & clothing, semi-finished manufactures"
520922,"Bleached 3 or 4-thread twill, >=85% cotton, >20",0202,"Textiles & clothing, semi-finished manufactures"
520929,"Bleached woven cotton fabrics, with >=85% cotto",0202,"Textiles & clothing, semi-finished manufactures"
520931,"Dyed plain cotton weave, with >=85% cotton, >20",0202,"Textiles & clothing, semi-finished manufactures"
520932,"Dyed 3 or 4-thread twill (incl. cross twill), w",0202,"Textiles & clothing, semi-finished manufactures"
520939,"Dyed woven cotton fabrics, with >=85% cotton, >",0202,"Textiles & clothing, semi-finished manufactures"
520941,"Coloured plain cotton weave, with >=85% cotton,",0202,"Textiles & clothing, semi-finished manufactures"
520942,"Denim, with >=85% cotton, >200g/m2",0202,"Textiles & clothing, semi-finished manufactures"
520943,"Coloured 3 or 4-thread twill, with >=85% cotton",0202,"Textiles & clothing, semi-finished manufactures"
520949,"Coloured woven cotton fabrics, with >=85% cotto",0202,"Textiles & clothing, semi-finished manufactures"
520951,"Printed plain cotton weave, with >=85% cotton,",0202,"Textiles & clothing, semi-finished manufactures"
520952,"Printed 3 or 4-thread twill, with >=85% cotton,",0202,"Textiles & clothing, semi-finished manufactures"
520959,"Printed woven cotton fabrics, with >=85% cotton",0202,"Textiles & clothing, semi-finished manufactures"
521011,"Unbleached plain cotton weave, with <85% cotton",0202,"Textiles & clothing, semi-finished manufactures"
521012,"Unbleached 3 or 4-thread twill, with <85% cotto",0202,"Textiles & clothing, semi-finished manufactures"
521019,"Unbleached woven cotton fabrics, nes, with <85%",0202,"Textiles & clothing, semi-finished manufactures"
521021,"Bleached plain cotton weave, with <85% cotton,",0202,"Textiles & clothing, semi-finished manufactures"
521022,"Bleached 3 or 4-thread twill, with <85% cotton,",0202,"Textiles & clothing, semi-finished manufactures"
521029,"Bleached woven cotton fabrics, nes, with <85% c",0202,"Textiles & clothing, semi-finished manufactures"
521031,"Dyed plain cotton weave, with <85% cotton, =<20",0202,"Textiles & clothing, semi-finished manufactures"
521032,"Dyed 3 or 4-thread twill, with <85% cotton, =<2",0202,"Textiles & clothing, semi-finished manufactures"
521039,"Dyed woven cotton fabrics, nes, with <85% cotto",0202,"Textiles & clothing, semi-finished manufactures"
521041,"Coloured plain cotton weave, with <85% cotton,",0202,"Textiles & clothing, semi-finished manufactures"
521042,"Coloured 3 or 4-thread twill, with <85% cotton,",0202,"Textiles & clothing, semi-finished manufactures"
521049,"Coloured woven cotton fabrics, nes, with <85% c",0202,"Textiles & clothing, semi-finished manufactures"
521051,"Printed plain cotton weave, with <85% cotton, =",0202,"Textiles & clothing, semi-finished manufactures"
521052,"Printed 3 or 4-thread twill, with <85% cotton,",0202,"Textiles & clothing, semi-finished manufactures"
521059,"Printed woven cotton fabrics, nes, with <85% co",0202,"Textiles & clothing, semi-finished manufactures"
521111,"Unbleached plain cotton weave, with <85% cotton",0202,"Textiles & clothing, semi-finished manufactures"
521112,"Unbleached 3 or 4-thread twill, with <85% cotto",0202,"Textiles & clothing, semi-finished manufactures"
521119,"Unbleached woven cotton fabrics, nes, with <85%",0202,"Textiles & clothing, semi-finished manufactures"
521121,"Bleached plain cotton weave, with <85% cotton,",0202,"Textiles & clothing, semi-finished manufactures"
521122,"Bleached 3 or 4-thread twill, with <85% cotton,",0202,"Textiles & clothing, semi-finished manufactures"
521129,"Bleached woven cotton fibres, nes, with <85% co",0202,"Textiles & clothing, semi-finished manufactures"
521131,"Dyed plain cotton weave, with <85% cotton, >200",0202,"Textiles & clothing, semi-finished manufactures"
521132,"Dyed 3 or 4-thread twill, with <85% cotton, >20",0202,"Textiles & clothing, semi-finished manufactures"
521139,"Dyed woven cotton fabrics, nes, with <85% cotto",0202,"Textiles & clothing, semi-finished manufactures"
521141,"Coloured plain cotton weave, with <85% cotton,",0202,"Textiles & clothing, semi-finished manufactures"
521142,"Coloured denim, with <85% cotton, >200g/m2",0202,"Textiles & clothing, semi-finished manufactures"
521143,"Coloured fabrics of 3 or 4-thread twill, with <",0202,"Textiles & clothing, semi-finished manufactures"
521149,"Coloured woven cotton fabrics, nes, with <85% c",0202,"Textiles & clothing, semi-finished manufactures"
521151,"Printed plain cotton weave, with <85% cotton, >",0202,"Textiles & clothing, semi-finished manufactures"
521152,"Printed 3 or 4-thread twill, with <85% cotton,",0202,"Textiles & clothing, semi-finished manufactures"
521159,"Printed woven cotton fabrics, nes, with <85% co",0202,"Textiles & clothing, semi-finished manufactures"
521211,"Unbleached woven fabrics of cotton, =<200g/m2,",0202,"Textiles & clothing, semi-finished manufactures"
521212,"Bleached woven fabrics of cotton, =<200g/m2, ne",0202,"Textiles & clothing, semi-finished manufactures"
521213,"Dyed woven fabrics of cotton, =<200g/m2, nes",0202,"Textiles & clothing, semi-finished manufactures"
521214,"Coloured woven fabrics of cotton, =<200g/m2, ne",0202,"Textiles & clothing, semi-finished manufactures"
521215,"Printed woven fabrics of cotton, =<200g/m2, nes",0202,"Textiles & clothing, semi-finished manufactures"
521221,"Unbleached woven fabrics of cotton, >200g/m2, n",0202,"Textiles & clothing, semi-finished manufactures"
521222,"Bleached woven fabrics of cotton, >200g/m2, nes",0202,"Textiles & clothing, semi-finished manufactures"
521223,"Dyed woven fabrics of cotton, >200g/m2, nes",0202,"Textiles & clothing, semi-finished manufactures"
521224,"Coloured woven fabrics of cotton, >200g/m2, nes",0202,"Textiles & clothing, semi-finished manufactures"
521225,"Printed woven fabrics of cotton, >200g/m2, nes",0202,"Textiles & clothing, semi-finished manufactures"
530610,Single flax yarn put up for retail sale,0202,"Textiles & clothing, semi-finished manufactures"
530620,Multiple or cabled flax yarn put up for retail,0202,"Textiles & clothing, semi-finished manufactures"
530710,Single yarn of jute or of other textile bast fi,0202,"Textiles & clothing, semi-finished manufactures"
530720,Multiple or cabled yarn of jute or of other tex,0202,"Textiles & clothing, semi-finished manufactures"
530810,Coir yarn,0202,"Textiles & clothing, semi-finished manufactures"
530820,True hemp yarn,0202,"Textiles & clothing, semi-finished manufactures"
530830,Paper yarn,0202,"Textiles & clothing, semi-finished manufactures"
530890,"Yarn of vegetable textile fibres, nes",0202,"Textiles & clothing, semi-finished manufactures"
530911,"Bleached or unbleached, woven fabrics of flax,",0202,"Textiles & clothing, semi-finished manufactures"
530919,"Woven fabrics of flax, with >=85% flax, printed",0202,"Textiles & clothing, semi-finished manufactures"
530921,"Bleached or unbleached, woven fabrics of flax,",0202,"Textiles & clothing, semi-finished manufactures"
530929,"Woven fabrics of flax, with <85% flax, printed,",0202,"Textiles & clothing, semi-finished manufactures"
531010,Unbleached woven fabrics of jute or of other te,0202,"Textiles & clothing, semi-finished manufactures"
531090,Woven fabrics of jute or other textile bast fib,0202,"Textiles & clothing, semi-finished manufactures"
531100,Woven fabrics of other vegetable textile fibres,0202,"Textiles & clothing, semi-finished manufactures"
540110,Sewing thread of synthetic filaments,0202,"Textiles & clothing, semi-finished manufactures"
540120,Sewing thread of artificial filaments,0202,"Textiles & clothing, semi-finished manufactures"
540210,High tenacity yarn of nylon or other polyamides,0202,"Textiles & clothing, semi-finished manufactures"
540220,"High tenacity yarn of polyesters, nprs",0202,"Textiles & clothing, semi-finished manufactures"
540231,"Textured yarn, of nylon or other polyamides, =<",0202,"Textiles & clothing, semi-finished manufactures"
540232,"Textured yarn, of nylon or other polyamides, >5",0202,"Textiles & clothing, semi-finished manufactures"
540233,"Textured yarn of polyesters, nprs",0202,"Textiles & clothing, semi-finished manufactures"
540239,"Textured yarn, nes, nprs",0202,"Textiles & clothing, semi-finished manufactures"
540241,"Single yarn of nylon or other polyamides, with",0202,"Textiles & clothing, semi-finished manufactures"
540242,"Single yarn of partially oriented polyesters, w",0202,"Textiles & clothing, semi-finished manufactures"
540243,"Single yarn of polyesters, nes, with =<50turns/",0202,"Textiles & clothing, semi-finished manufactures"
540249,"Single synthetic yarn, nes, with =<50turns/m, n",0202,"Textiles & clothing, semi-finished manufactures"
540251,"Single yarn of nylon or other polyamides, with",0202,"Textiles & clothing, semi-finished manufactures"
540252,"Single yarn of polyesters, with >50turns/m, npr",0202,"Textiles & clothing, semi-finished manufactures"
540259,"Single synthetic yarn, nes, with >50turns/m, np",0202,"Textiles & clothing, semi-finished manufactures"
540261,Multiple or cabled yarn of nylon or other polya,0202,"Textiles & clothing, semi-finished manufactures"
540262,"Multiple or cabled yarn of polyesters, nprs",0202,"Textiles & clothing, semi-finished manufactures"
540269,"Multiple or cabled yarn, nes, nprs",0202,"Textiles & clothing, semi-finished manufactures"
540310,"High tenacity yarn of viscose rayon, nprs",0202,"Textiles & clothing, semi-finished manufactures"
540320,"Artificial textured yarn, nprs",0202,"Textiles & clothing, semi-finished manufactures"
540331,"Single yarn of viscose rayon, with =<120turns/m",0202,"Textiles & clothing, semi-finished manufactures"
540332,"Single yarn of viscose rayon, with >120turns/m,",0202,"Textiles & clothing, semi-finished manufactures"
540333,"Single yarn of cellulose acetate, nprs",0202,"Textiles & clothing, semi-finished manufactures"
540339,"Single artificial yarn, nes, nprs",0202,"Textiles & clothing, semi-finished manufactures"
540341,"Multiple or cabled yarn of viscose rayon, nprs",0202,"Textiles & clothing, semi-finished manufactures"
540342,"Multiple or cabled yarn of cellulose acetate, n",0202,"Textiles & clothing, semi-finished manufactures"
540349,"Multiple or cabled artificial yarn, nes, nprs",0202,"Textiles & clothing, semi-finished manufactures"
540410,Synthetic monofilament of >=67decitex,0202,"Textiles & clothing, semi-finished manufactures"
540490,Strip and the like of synthetic textile materia,0202,"Textiles & clothing, semi-finished manufactures"
540500,Monofilament; strip and the like of artificial,0202,"Textiles & clothing, semi-finished manufactures"
540610,"Synthetic filament yarn (excl. sewing thread),",0202,"Textiles & clothing, semi-finished manufactures"
540620,"Artificial filament yarn (excl. sewing thread),",0202,"Textiles & clothing, semi-finished manufactures"
540710,Woven fabrics of high tenacity yarn of nylon...,0202,"Textiles & clothing, semi-finished manufactures"
540720,Woven fabrics obtained from synthetic strip or,0202,"Textiles & clothing, semi-finished manufactures"
540730,Fabrics of synthetic filament yarn specified in,0202,"Textiles & clothing, semi-finished manufactures"
540741,"Unbleached or bleached woven fabrics, >=85% nyl",0202,"Textiles & clothing, semi-finished manufactures"
540742,"Dyed woven fabrics of synthetic filament yarn,",0202,"Textiles & clothing, semi-finished manufactures"
540743,Coloured woven fabrics of synthetic filament ya,0202,"Textiles & clothing, semi-finished manufactures"
540744,Printed woven fabrics of synthetic filament yar,0202,"Textiles & clothing, semi-finished manufactures"
540751,"Unbleached or bleached woven fabrics, >=85% tex",0202,"Textiles & clothing, semi-finished manufactures"
540752,"Dyed woven fabrics of synthetic filament yarn,",0202,"Textiles & clothing, semi-finished manufactures"
540753,"Coloured woven fabrics of synthetic yarn, >=85%",0202,"Textiles & clothing, semi-finished manufactures"
540754,"Printed woven fabrics of synthetic yarn, >=85%",0202,"Textiles & clothing, semi-finished manufactures"
540760,"Other woven fabrics of synthetic yarn, >=85% no",0202,"Textiles & clothing, semi-finished manufactures"
540771,"Unbleached or bleached woven fabrics, >=85% syn",0202,"Textiles & clothing, semi-finished manufactures"
540772,"Dyed woven fabrics, >=85% synthetic filaments,",0202,"Textiles & clothing, semi-finished manufactures"
540773,"Coloured woven fabrics, >=85% synthetic filamen",0202,"Textiles & clothing, semi-finished manufactures"
540774,"Printed woven fabrics, >=85% synthetic filament",0202,"Textiles & clothing, semi-finished manufactures"
540781,"Unbleached or bleached woven fabrics, <85% synt",0202,"Textiles & clothing, semi-finished manufactures"
540782,"Dyed woven fabrics, <85% synthetic filaments, m",0202,"Textiles & clothing, semi-finished manufactures"
540783,"Coloured woven fabrics, <85% synthetic filament",0202,"Textiles & clothing, semi-finished manufactures"
540784,"Printed woven fabrics, <85% synthetic filaments",0202,"Textiles & clothing, semi-finished manufactures"
540791,Unbleached or bleached woven fabrics of synthet,0202,"Textiles & clothing, semi-finished manufactures"
540792,"Dyed woven fabrics of synthetic filament yarn,",0202,"Textiles & clothing, semi-finished manufactures"
540793,Coloured woven fabrics of synthetic filament ya,0202,"Textiles & clothing, semi-finished manufactures"
540794,Printed woven fabrics of synthetic filament yar,0202,"Textiles & clothing, semi-finished manufactures"
540810,Woven fabrics of high tenacity synthetic filame,0202,"Textiles & clothing, semi-finished manufactures"
540821,"Unbleached or bleached woven fabrics, >=85% art",0202,"Textiles & clothing, semi-finished manufactures"
540822,"Dyed woven fabrics, >=85% artificial filaments",0202,"Textiles & clothing, semi-finished manufactures"
540823,"Coloured woven fabrics, >=85% artificial filame",0202,"Textiles & clothing, semi-finished manufactures"
540824,"Printed woven fabrics, >=85% artificial filamen",0202,"Textiles & clothing, semi-finished manufactures"
540831,Unbleached or bleached woven fabrics of artific,0202,"Textiles & clothing, semi-finished manufactures"
540832,"Dyed woven fabrics of artificial filament yarn,",0202,"Textiles & clothing, semi-finished manufactures"
540833,Coloured woven fabrics of artificial filament y,0202,"Textiles & clothing, semi-finished manufactures"
540834,Printed woven fabrics of artificial filament ya,0202,"Textiles & clothing, semi-finished manufactures"
550810,Sewing thread of synthetic staple fibres,0202,"Textiles & clothing, semi-finished manufactures"
550820,Sewing thread of artificial staple fibres,0202,"Textiles & clothing, semi-finished manufactures"
550911,"Single yarn, with >=85% staple fibres of nylon",0202,"Textiles & clothing, semi-finished manufactures"
550912,"Multiple or cabled yarn, >=85% staple fibres of",0202,"Textiles & clothing, semi-finished manufactures"
550921,"Single yarn, with >=85% polyester staple fibres",0202,"Textiles & clothing, semi-finished manufactures"
550922,"Multiple or cabled yarn, with >=85% polyester s",0202,"Textiles & clothing, semi-finished manufactures"
550931,"Single yarn, with >=85% acrylic or modacrylic s",0202,"Textiles & clothing, semi-finished manufactures"
550932,"Multiple or cabled yarn, >=85% acrylic or modac",0202,"Textiles & clothing, semi-finished manufactures"
550941,"Single yarn, with >=85% synthetic staple fibres",0202,"Textiles & clothing, semi-finished manufactures"
550942,"Multiple or cabled yarn, with >=85% synthetic s",0202,"Textiles & clothing, semi-finished manufactures"
550951,"Yarn, <85% polyester staple fibres, with artifi",0202,"Textiles & clothing, semi-finished manufactures"
550952,"Yarn, <85% polyester staple fibres, with wool o",0202,"Textiles & clothing, semi-finished manufactures"
550953,"Yarn, <85% polyester staple fibres, mixed with",0202,"Textiles & clothing, semi-finished manufactures"
550959,"Yarn, <85% polyester staple fibres, nes, nprs",0202,"Textiles & clothing, semi-finished manufactures"
550961,"Yarn, <85% acrylic or modacrylic staple fibres,",0202,"Textiles & clothing, semi-finished manufactures"
550962,"Yarn, <85% acrylic or modacrylic staple fibres,",0202,"Textiles & clothing, semi-finished manufactures"
550969,"Yarn, <85% acrylic or modacrylic staple fibres,",0202,"Textiles & clothing, semi-finished manufactures"
550991,"Yarn, <85% synthetic staple fibres, nes, mixed",0202,"Textiles & clothing, semi-finished manufactures"
550992,"Yarn, <85% synthetic staple fibres, nes, mixed",0202,"Textiles & clothing, semi-finished manufactures"
550999,"Yarn, <85% synthetic staple fibres, nes, nprs",0202,"Textiles & clothing, semi-finished manufactures"
551011,"Single yarn, with >=85% artificial staple fibre",0202,"Textiles & clothing, semi-finished manufactures"
551012,"Multiple or cabled yarn, with >=85% artificial",0202,"Textiles & clothing, semi-finished manufactures"
551020,"Yarn, with <85% artificial staple fibres, mixed",0202,"Textiles & clothing, semi-finished manufactures"
551030,"Yarn, with <85% artificial staple fibres, mixed",0202,"Textiles & clothing, semi-finished manufactures"
551090,"Yarn, with <85% artificial staple fibres, nes,",0202,"Textiles & clothing, semi-finished manufactures"
551110,"Yarn, with >=85% synthetic staple fibres, put u",0202,"Textiles & clothing, semi-finished manufactures"
551120,"Yarn, <85% synthetic staple fibres, put up for",0202,"Textiles & clothing, semi-finished manufactures"
551130,"Yarn of artificial staple fibres, put up for re",0202,"Textiles & clothing, semi-finished manufactures"
551211,"Unbleached or bleached woven fabrics, >=85% pol",0202,"Textiles & clothing, semi-finished manufactures"
551219,"Printed, dyed or coloured woven fabrics, >=85%",0202,"Textiles & clothing, semi-finished manufactures"
551221,"Unbleached or bleached woven fabrics, >=85% acr",0202,"Textiles & clothing, semi-finished manufactures"
551229,"Printed, dyed or coloured woven fabrics, >=85%",0202,"Textiles & clothing, semi-finished manufactures"
551291,"Unbleached or bleached woven fabrics, >=85% syn",0202,"Textiles & clothing, semi-finished manufactures"
551299,"Printed, dyed, coloured woven fabrics, >=85% sy",0202,"Textiles & clothing, semi-finished manufactures"
551311,"Plain weave fabrics, <85% polyester fibres + co",0202,"Textiles & clothing, semi-finished manufactures"
551312,"3 or 4-thread twill, <85% polyester staple fibr",0202,"Textiles & clothing, semi-finished manufactures"
551313,"Woven fabrics, nes, <85% polyester staple fibre",0202,"Textiles & clothing, semi-finished manufactures"
551319,"Woven fabrics, <85% synthetic staple fibres + c",0202,"Textiles & clothing, semi-finished manufactures"
551321,"Dyed plain weave fabrics, <85% polyester fibres",0202,"Textiles & clothing, semi-finished manufactures"
551322,"Dyed 3 or 4-thread twill, <85% polyester fibres",0202,"Textiles & clothing, semi-finished manufactures"
551323,"Dyed woven fabrics, nes, <85% polyester fibres",0202,"Textiles & clothing, semi-finished manufactures"
551329,"Dyed woven fabrics, <85% synthetic fibres + cot",0202,"Textiles & clothing, semi-finished manufactures"
551331,"Coloured plain weave fabrics, <85% polyester fi",0202,"Textiles & clothing, semi-finished manufactures"
551332,"Coloured 3 or 4-thread twill, <85% polyester fi",0202,"Textiles & clothing, semi-finished manufactures"
551333,"Coloured woven fabrics, nes, <85% polyester fib",0202,"Textiles & clothing, semi-finished manufactures"
551339,"Coloured woven fabrics, <85% synthetic fibres +",0202,"Textiles & clothing, semi-finished manufactures"
551341,"Printed plain weave fabrics, <85% polyester fib",0202,"Textiles & clothing, semi-finished manufactures"
551342,"Printed 3 or 4-thread twill, <85% polyester fib",0202,"Textiles & clothing, semi-finished manufactures"
551343,"Printed woven fabrics, nes, <85% polyester fibr",0202,"Textiles & clothing, semi-finished manufactures"
551349,"Printed woven fabrics, <85% synthetic fibres +",0202,"Textiles & clothing, semi-finished manufactures"
551411,"Plain weave fabrics, <85% polyester staple fibr",0202,"Textiles & clothing, semi-finished manufactures"
551412,"3 or 4-thread twill, <85% polyester staple fibr",0202,"Textiles & clothing, semi-finished manufactures"
551413,"Woven fabrics, nes, <85% polyester staple fibre",0202,"Textiles & clothing, semi-finished manufactures"
551419,"Woven fabrics, <85% synthetic staple fibres + c",0202,"Textiles & clothing, semi-finished manufactures"
551421,"Dyed plain weave fabrics, <85% polyester fibres",0202,"Textiles & clothing, semi-finished manufactures"
551422,"Dyed 3 or 4-thread twill, <85% polyester fibres",0202,"Textiles & clothing, semi-finished manufactures"
551423,"Dyed woven fabrics, nes, <85% polyester fibres",0202,"Textiles & clothing, semi-finished manufactures"
551429,"Dyed woven fabrics, <85% synthetic fibres + cot",0202,"Textiles & clothing, semi-finished manufactures"
551431,"Coloured plain weave fabrics, <85% polyester fi",0202,"Textiles & clothing, semi-finished manufactures"
551432,"Coloured 3 or 4-thread twill, <85% polyester fi",0202,"Textiles & clothing, semi-finished manufactures"
551433,"Coloured woven fabrics, nes, <85% polyester fib",0202,"Textiles & clothing, semi-finished manufactures"
551439,"Coloured woven fabrics, <85% synthetic fibres +",0202,"Textiles & clothing, semi-finished manufactures"
551441,"Printed plain weave fabrics, <85% polyester fib",0202,"Textiles & clothing, semi-finished manufactures"
551442,"Printed 3 or 4-thread twill, <85% polyester fib",0202,"Textiles & clothing, semi-finished manufactures"
551443,"Printed woven fabrics, nes, <85% polyester fibr",0202,"Textiles & clothing, semi-finished manufactures"
551449,"Printed woven fabrics, <85% synthetic fibres +",0202,"Textiles & clothing, semi-finished manufactures"
551511,"Woven fabrics, <85% polyester staple fibres, wi",0202,"Textiles & clothing, semi-finished manufactures"
551512,"Woven fabrics of polyester staple fibres, mixed",0202,"Textiles & clothing, semi-finished manufactures"
551513,"Woven fabrics of polyester staple fibres, mixed",0202,"Textiles & clothing, semi-finished manufactures"
551519,"Woven fabrics of polyester staple fibres, nes",0202,"Textiles & clothing, semi-finished manufactures"
551521,"Woven fabrics of acrylic or modacrylic fibres,",0202,"Textiles & clothing, semi-finished manufactures"
551522,"Woven fabrics of acrylic or modacrylic fibres,",0202,"Textiles & clothing, semi-finished manufactures"
551529,Woven fabrics of acrylic or modacrylic staple f,0202,"Textiles & clothing, semi-finished manufactures"
551591,"Woven fabrics of synthetic staple fibres, nes,",0202,"Textiles & clothing, semi-finished manufactures"
551592,"Woven fabrics of synthetic staple fibres, nes,",0202,"Textiles & clothing, semi-finished manufactures"
551599,"Woven fabrics of synthetic staple fibres, nes",0202,"Textiles & clothing, semi-finished manufactures"
551611,"Unbleached or bleached woven fabrics, >=85% art",0202,"Textiles & clothing, semi-finished manufactures"
551612,"Dyed woven fabrics, >=85% artificial staple fib",0202,"Textiles & clothing, semi-finished manufactures"
551613,"Coloured woven fabrics, >=85% artificial staple",0202,"Textiles & clothing, semi-finished manufactures"
551614,"Printed woven fabrics, >=85% artificial staple",0202,"Textiles & clothing, semi-finished manufactures"
551621,"Woven fabrics, <85% artificial fibres, with man",0202,"Textiles & clothing, semi-finished manufactures"
551622,"Dyed woven fabrics, <85% artificial fibres, wit",0202,"Textiles & clothing, semi-finished manufactures"
551623,"Coloured woven fabrics, <85% artificial fibres,",0202,"Textiles & clothing, semi-finished manufactures"
551624,"Printed woven fabrics, <85% artificial fibres,",0202,"Textiles & clothing, semi-finished manufactures"
551631,"Woven fabrics, <85% artificial fibres, with woo",0202,"Textiles & clothing, semi-finished manufactures"
551632,"Dyed woven fabrics, <85% artificial fibres, wit",0202,"Textiles & clothing, semi-finished manufactures"
551633,"Coloured woven fabrics, <85% artificial staple",0202,"Textiles & clothing, semi-finished manufactures"
551634,"Printed woven fabrics, <85% artificial staple f",0202,"Textiles & clothing, semi-finished manufactures"
551641,"Woven fabrics, <85% artificial staple fibres, m",0202,"Textiles & clothing, semi-finished manufactures"
551642,"Dyed woven fabrics, <85% artificial staple fibr",0202,"Textiles & clothing, semi-finished manufactures"
551643,"Coloured woven fabrics, <85% artificial staple",0202,"Textiles & clothing, semi-finished manufactures"
551644,"Printed woven fabrics, <85% artificial staple f",0202,"Textiles & clothing, semi-finished manufactures"
551691,"Woven fabrics, artificial staple fibres, nes",0202,"Textiles & clothing, semi-finished manufactures"
551692,"Dyed woven fabrics, artificial staple fibres, n",0202,"Textiles & clothing, semi-finished manufactures"
551693,"Coloured woven fabrics, artificial staple fibre",0202,"Textiles & clothing, semi-finished manufactures"
551694,"Printed woven fabrics, artificial staple fibres",0202,"Textiles & clothing, semi-finished manufactures"
560410,"Rubber thread and cord, textile covered",0202,"Textiles & clothing, semi-finished manufactures"
560420,"High tenacity yarn of polyesters, of nylon... ,",0202,"Textiles & clothing, semi-finished manufactures"
560490,"Textile yarn and strip, etc, impregnated or coa",0202,"Textiles & clothing, semi-finished manufactures"
560500,"Metallized yarn, being textile yarn, or strip,",0202,"Textiles & clothing, semi-finished manufactures"
580110,Woven pile fabrics and chenille fabrics of wool,0202,"Textiles & clothing, semi-finished manufactures"
580121,Uncut weft pile fabrics of cotton,0202,"Textiles & clothing, semi-finished manufactures"
580122,Cut corduroy of cotton,0202,"Textiles & clothing, semi-finished manufactures"
580123,"Weft pile fabrics of cotton, nes",0202,"Textiles & clothing, semi-finished manufactures"
580124,"Warp pile fabrics, epingle (uncut), of cotton",0202,"Textiles & clothing, semi-finished manufactures"
580125,"Warp pile fabrics, cut, of cotton",0202,"Textiles & clothing, semi-finished manufactures"
580126,"Chenille fabrics, of cotton",0202,"Textiles & clothing, semi-finished manufactures"
580131,"Uncut weft pile fabrics of man-made fibres, nes",0202,"Textiles & clothing, semi-finished manufactures"
580132,"Cut corduroy of man-made fibres, nes",0202,"Textiles & clothing, semi-finished manufactures"
580133,"Weft pile fabrics of man-made fibres, nes",0202,"Textiles & clothing, semi-finished manufactures"
580134,"Warp pile fabrics, epingle (uncut), of man-made",0202,"Textiles & clothing, semi-finished manufactures"
580135,"Warp pile fabrics, cut, of man-made fibres, nes",0202,"Textiles & clothing, semi-finished manufactures"
580136,"Chenille fabrics of man-made fibres, nes",0202,"Textiles & clothing, semi-finished manufactures"
580190,Woven pile and chenille fabrics of other textil,0202,"Textiles & clothing, semi-finished manufactures"
580211,Unbleached terry towelling and similar woven te,0202,"Textiles & clothing, semi-finished manufactures"
580219,Terry towelling and similar woven terry fabrics,0202,"Textiles & clothing, semi-finished manufactures"
580220,Terry towelling and similar woven terry fabrics,0202,"Textiles & clothing, semi-finished manufactures"
580230,Tufted textile fabrics,0202,"Textiles & clothing, semi-finished manufactures"
580310,Cotton gauze (excl. narrow fabrics),0202,"Textiles & clothing, semi-finished manufactures"
580390,Gauze of other textiles (excl. narrow fabrics),0202,"Textiles & clothing, semi-finished manufactures"
580900,Woven fabrics of metal thread and woven fabrics,0202,"Textiles & clothing, semi-finished manufactures"
590110,Textile fabrics coated with gum or amylaceous s,0202,"Textiles & clothing, semi-finished manufactures"
590190,Tracing cloth; prepared painting canvas; buckra,0202,"Textiles & clothing, semi-finished manufactures"
590210,Tyre cord fabric of high tenacity yarn of nylon,0202,"Textiles & clothing, semi-finished manufactures"
590220,Tyre cord fabric of high tenacity yarn of polye,0202,"Textiles & clothing, semi-finished manufactures"
590290,Tyre cord fabric of high tenacity yarn of visco,0202,"Textiles & clothing, semi-finished manufactures"
590310,Textile fabrics impregnated... with polyvinyl c,0202,"Textiles & clothing, semi-finished manufactures"
590320,Textile fabrics impregnated... with polyurethan,0202,"Textiles & clothing, semi-finished manufactures"
590390,"Textile fabrics impregnated... with plastics, n",0202,"Textiles & clothing, semi-finished manufactures"
590610,Adhesive tape of a width =<20cm,0202,"Textiles & clothing, semi-finished manufactures"
590691,Knitted or crocheted rubberized textile fabrics,0202,"Textiles & clothing, semi-finished manufactures"
590699,"Rubberized textile fabrics, nes",0202,"Textiles & clothing, semi-finished manufactures"
600110,"Long pile fabrics, knitted or crocheted",0202,"Textiles & clothing, semi-finished manufactures"
600121,"Looped pile fabrics of cotton, knitted or croch",0202,"Textiles & clothing, semi-finished manufactures"
600122,"Looped pile fabrics of man-made fibres, knitted",0202,"Textiles & clothing, semi-finished manufactures"
600129,"Looped pile fabrics of textile materials, knitt",0202,"Textiles & clothing, semi-finished manufactures"
600191,"Pile fabrics of cotton, nes, knitted or crochet",0202,"Textiles & clothing, semi-finished manufactures"
600192,"Pile fabrics of man-made fibres, nes, knitted o",0202,"Textiles & clothing, semi-finished manufactures"
600199,"Pile fabrics of textile materials, nes, knitted",0202,"Textiles & clothing, semi-finished manufactures"
600210,"Knitted or crocheted fabrics, =<30cm wide, >=5%",0202,"Textiles & clothing, semi-finished manufactures"
600220,"Knitted or crocheted fabrics, =<30cm wide, non-",0202,"Textiles & clothing, semi-finished manufactures"
600230,"Knitted or crocheted fabrics, >30cm wide, >=5%",0202,"Textiles & clothing, semi-finished manufactures"
600241,"Fabrics, warp knit, of wool or fine animal hair",0202,"Textiles & clothing, semi-finished manufactures"
600242,"Fabrics, warp knit, of cotton",0202,"Textiles & clothing, semi-finished manufactures"
600243,"Fabrics, warp knit, of man-made fibres",0202,"Textiles & clothing, semi-finished manufactures"
600249,"Fabrics, warp knit, nes",0202,"Textiles & clothing, semi-finished manufactures"
600291,Weft knits and crocheted fabrics of wool...,0202,"Textiles & clothing, semi-finished manufactures"
600292,Weft knits or crocheted fabrics of cotton,0202,"Textiles & clothing, semi-finished manufactures"
600293,Weft knits or crocheted fabrics of man-made fib,0202,"Textiles & clothing, semi-finished manufactures"
600299,"Weft knits or crocheted fabrics, nes",0202,"Textiles & clothing, semi-finished manufactures"
300590,"Wadding, gauze, etc with pharmaceutical substan",0203,"Textiles & clothing, finished manufactures"
420212,"Trunks, suit-cases..., etc, with outer surface",0203,"Textiles & clothing, finished manufactures"
420222,Handbags with outer surface of plastic sheeting,0203,"Textiles & clothing, finished manufactures"
420232,"Articles normally carried in pocket or handbag,",0203,"Textiles & clothing, finished manufactures"
420292,"Cases and containers, nes, with outer surface o",0203,"Textiles & clothing, finished manufactures"
560110,"Sanitary towels and tampons, napkins, etc, of t",0203,"Textiles & clothing, finished manufactures"
560121,Cotton wadding and articles thereof,0203,"Textiles & clothing, finished manufactures"
560122,Wadding of man-made fibres and articles thereof,0203,"Textiles & clothing, finished manufactures"
560129,"Wadding and articles of wadding, nes",0203,"Textiles & clothing, finished manufactures"
560130,Textile flock and dust and mill neps,0203,"Textiles & clothing, finished manufactures"
560210,Needleloom felt and stitch-bonded fibre fabrics,0203,"Textiles & clothing, finished manufactures"
560221,Felt of wool or fine animal hair (excl. impregn,0203,"Textiles & clothing, finished manufactures"
560229,"Felt of textile materials (excl. impregnated, c",0203,"Textiles & clothing, finished manufactures"
560290,"Felt, nes",0203,"Textiles & clothing, finished manufactures"
560300,Nonwovens,0203,"Textiles & clothing, finished manufactures"
560600,Gimped yarn and strip; chenille yarn; loop wale,0203,"Textiles & clothing, finished manufactures"
560710,"Twine, cordage, ropes and cables, of jute or ot",0203,"Textiles & clothing, finished manufactures"
560721,"Binder or baler twine of sisal, etc, of the gen",0203,"Textiles & clothing, finished manufactures"
560729,"Twine, cordage, ropes and cables, of sisal, etc",0203,"Textiles & clothing, finished manufactures"
560730,"Twine, cordage, ropes and cables, of abaca or o",0203,"Textiles & clothing, finished manufactures"
560741,Binder or baler twine of polyethylene or polypr,0203,"Textiles & clothing, finished manufactures"
560749,"Twine, cordage, ropes and cables, of polyethyle",0203,"Textiles & clothing, finished manufactures"
560750,"Twine, cordage, ropes and cables, of synthetic",0203,"Textiles & clothing, finished manufactures"
560790,"Twine, cordage, ropes and cables, nes",0203,"Textiles & clothing, finished manufactures"
560811,Made up fishing nets of man-made textile materi,0203,"Textiles & clothing, finished manufactures"
560819,Knotted netting of man-made textile materials (,0203,"Textiles & clothing, finished manufactures"
560890,"Knotted netting of twine, cordage or rope of te",0203,"Textiles & clothing, finished manufactures"
560900,"Articles of yarn, strip, etc, twine, cordage, r",0203,"Textiles & clothing, finished manufactures"
570110,"Carpets and other textile floor coverings, of w",0203,"Textiles & clothing, finished manufactures"
570190,"Carpets and other textile floor coverings, of o",0203,"Textiles & clothing, finished manufactures"
570210,"Kelem, Schumacks, Karamanie and other similar h",0203,"Textiles & clothing, finished manufactures"
570220,Floor coverings of coconut fibres (coir),0203,"Textiles & clothing, finished manufactures"
570231,"Pile floor coverings of wool..., woven, not mad",0203,"Textiles & clothing, finished manufactures"
570232,"Pile floor coverings of man-made textiles, wove",0203,"Textiles & clothing, finished manufactures"
570239,"Pile floor coveringsof other textiles, woven, n",0203,"Textiles & clothing, finished manufactures"
570241,"Pile floor coverings of wool..., woven, made up",0203,"Textiles & clothing, finished manufactures"
570242,"Pile floor coverings of man-made textiles, wove",0203,"Textiles & clothing, finished manufactures"
570249,"Pile floor coverings of other textiles, woven,",0203,"Textiles & clothing, finished manufactures"
570251,"Non-pile floor coverings of wool...woven, not m",0203,"Textiles & clothing, finished manufactures"
570252,"Non-pile floor coverings of man-made textiles,",0203,"Textiles & clothing, finished manufactures"
570259,"Non-pile floor coverings of other textiles, wov",0203,"Textiles & clothing, finished manufactures"
570291,"Non-pile floor coverings of wool..., woven, mad",0203,"Textiles & clothing, finished manufactures"
570292,"Non-pile floor coverings of man-made textiles,",0203,"Textiles & clothing, finished manufactures"
570299,"Non-pile floor coverings of textile materials,",0203,"Textiles & clothing, finished manufactures"
570310,Tufted floor coverings of wool or of fine anima,0203,"Textiles & clothing, finished manufactures"
570320,Tufted floor coverings of nylon or other polyam,0203,"Textiles & clothing, finished manufactures"
570330,Tufted floor coverings of man-made textile mate,0203,"Textiles & clothing, finished manufactures"
570390,"Tufted floor coverings of other textiles, nes",0203,"Textiles & clothing, finished manufactures"
570410,"Carpet tiles =<0.3m2, of felt, not tufted or fl",0203,"Textiles & clothing, finished manufactures"
570490,"Floor coverings of felt, nes, not tufted or flo",0203,"Textiles & clothing, finished manufactures"
570500,"Other carpets and other textile floor coveings,",0203,"Textiles & clothing, finished manufactures"
580410,Tulles and other net fabrics,0203,"Textiles & clothing, finished manufactures"
580421,"Lace of man-made fibres in piece, in strips or",0203,"Textiles & clothing, finished manufactures"
580429,"Lace of other textiles in piece, in strips or i",0203,"Textiles & clothing, finished manufactures"
580430,"Hand-made lace in pieces, in strips or in motif",0203,"Textiles & clothing, finished manufactures"
580500,"Hand-woven tapestries of the type Gobelins, Fla",0203,"Textiles & clothing, finished manufactures"
580610,Narrow woven pile fabrics and chenille fabrics,0203,"Textiles & clothing, finished manufactures"
580620,"Narrow woven fabrics, with >=5% elastomeric yar",0203,"Textiles & clothing, finished manufactures"
580631,"Narrow woven fabrics of cotton, nes",0203,"Textiles & clothing, finished manufactures"
580632,"Narrow woven fabrics of man-made fibres, nes",0203,"Textiles & clothing, finished manufactures"
580639,"Narrow woven fabrics of other textiles, nes",0203,"Textiles & clothing, finished manufactures"
580640,Fabrics with warp without weft assembled by an,0203,"Textiles & clothing, finished manufactures"
580710,"Labels, badges... of textiles, woven, in piece.",0203,"Textiles & clothing, finished manufactures"
580790,"Labels, badges... of textiles, unwoven, in piec",0203,"Textiles & clothing, finished manufactures"
580810,"Braids, in the piece",0203,"Textiles & clothing, finished manufactures"
580890,"Ornamental trimmings in the piece; tassels, pom",0203,"Textiles & clothing, finished manufactures"
581010,Embroidery without visible ground,0203,"Textiles & clothing, finished manufactures"
581091,"Cotton embroidery, in the piece, in strips or i",0203,"Textiles & clothing, finished manufactures"
581092,"Embroidery of man-made fibres, in the piece, in",0203,"Textiles & clothing, finished manufactures"
581099,"Embroidery of other textiles, in the piece, in",0203,"Textiles & clothing, finished manufactures"
581100,Quilted textile products in the piece (excl. em,0203,"Textiles & clothing, finished manufactures"
590410,Linoleum,0203,"Textiles & clothing, finished manufactures"
590491,Floor coverings with coating... on a felt backi,0203,"Textiles & clothing, finished manufactures"
590492,Floor coverings with coating... on a textile ba,0203,"Textiles & clothing, finished manufactures"
590500,Textile wall coverings,0203,"Textiles & clothing, finished manufactures"
590700,Textile fabrics otherwise impregnated... ; pain,0203,"Textiles & clothing, finished manufactures"
590800,Textile wicks for lamps...; incandescent gas ma,0203,"Textiles & clothing, finished manufactures"
590900,"Textile... tubing, with or without lining, etc,",0203,"Textiles & clothing, finished manufactures"
591000,"Transmission or conveyor belts or belting, of t",0203,"Textiles & clothing, finished manufactures"
591110,"Textile fabrics...,coated,covered...with rubber",0203,"Textiles & clothing, finished manufactures"
591120,Bolting cloth,0203,"Textiles & clothing, finished manufactures"
591131,"Textile fabrics and felts, for paper-making mac",0203,"Textiles & clothing, finished manufactures"
591132,"Textile fabrics and felts, for paper-making mac",0203,"Textiles & clothing, finished manufactures"
591140,"Straining cloth of a kind used in oil presses,",0203,"Textiles & clothing, finished manufactures"
591190,"Textile articles for technical uses, nes, speci",0203,"Textiles & clothing, finished manufactures"
610110,"Men's or boys' coats, etc, of wool..., knitted",0203,"Textiles & clothing, finished manufactures"
610120,"Men's or boys' coats, etc, of cotton, knitted o",0203,"Textiles & clothing, finished manufactures"
610130,"Men's or boys' coats, etc, of man-made fibres,",0203,"Textiles & clothing, finished manufactures"
610190,"Men's or boys' coats, etc, of other textiles, k",0203,"Textiles & clothing, finished manufactures"
610210,"Woman's or girls' coats, etc, of wool..., knitt",0203,"Textiles & clothing, finished manufactures"
610220,"Woman's or girls' coats, etc, of cotton, knitte",0203,"Textiles & clothing, finished manufactures"
610230,"Woman's or girls' coats, etc, of man-made fibre",0203,"Textiles & clothing, finished manufactures"
610290,"Woman's or girls' coats, etc, of other textiles",0203,"Textiles & clothing, finished manufactures"
610311,Men's or boys' suits of wool or fine animal hai,0203,"Textiles & clothing, finished manufactures"
610312,"Men's or boys' suits of synthetic fibres, knitt",0203,"Textiles & clothing, finished manufactures"
610319,"Men's or boys' suits of other textiles, nes, kn",0203,"Textiles & clothing, finished manufactures"
610321,"Men's or boys' ensembles of wool or fine hair,",0203,"Textiles & clothing, finished manufactures"
610322,"Men's or boys' ensembles of cotton, knitted or",0203,"Textiles & clothing, finished manufactures"
610323,"Men's or boys' ensembles of synthetic fibres, k",0203,"Textiles & clothing, finished manufactures"
610329,"Men's or boys' ensembles of other textiles, nes",0203,"Textiles & clothing, finished manufactures"
610331,"Men's or boys' jackets and blazers of wool...,",0203,"Textiles & clothing, finished manufactures"
610332,"Men's or boys' jackets and blazers of cotton, k",0203,"Textiles & clothing, finished manufactures"
610333,"Men's or boys' jackets... of synthetic fibres,",0203,"Textiles & clothing, finished manufactures"
610339,"Men's or boys' jackets... of other textiles, ne",0203,"Textiles & clothing, finished manufactures"
610341,"Men's or boys' trousers, etc, of wool..., knitt",0203,"Textiles & clothing, finished manufactures"
610342,"Men's or boys' trousers, etc, of cotton, knitte",0203,"Textiles & clothing, finished manufactures"
610343,"Men's or boys' trousers, etc, of synthetic fibr",0203,"Textiles & clothing, finished manufactures"
610349,"Men's or boys' trousers, etc, of other textiles",0203,"Textiles & clothing, finished manufactures"
610411,"Women's or girls' suits of wool or fine hair, k",0203,"Textiles & clothing, finished manufactures"
610412,"Women's or girls' suits of cotton, knitted or c",0203,"Textiles & clothing, finished manufactures"
610413,"Women's or girls' suits of synthetic fibres, kn",0203,"Textiles & clothing, finished manufactures"
610419,"Women's or girls' suits of other textiles, nes,",0203,"Textiles & clothing, finished manufactures"
610421,"Women's or girls' ensembles, of wool..., knitte",0203,"Textiles & clothing, finished manufactures"
610422,"Women's or girls' ensembles, of cotton, knitted",0203,"Textiles & clothing, finished manufactures"
610423,"Women's or girls' ensembles, of synthetic fibre",0203,"Textiles & clothing, finished manufactures"
610429,"Women's or girls' ensembles, of other textiles,",0203,"Textiles & clothing, finished manufactures"
610431,"Women's or girls' jackets, of wool..., knitted",0203,"Textiles & clothing, finished manufactures"
610432,"Women's or girls' jackets, of cotton, knitted o",0203,"Textiles & clothing, finished manufactures"
610433,"Women's or girls' jackets, of synthetic fibres,",0203,"Textiles & clothing, finished manufactures"
610439,"Woman's or girls' jackets, of other textiles, k",0203,"Textiles & clothing, finished manufactures"
610441,"Dresses of wool or fine animal hair, knitted or",0203,"Textiles & clothing, finished manufactures"
610442,"Dresses of cotton, knitted or crocheted",0203,"Textiles & clothing, finished manufactures"
610443,"Dresses of synthetic fibres, knitted or crochet",0203,"Textiles & clothing, finished manufactures"
610444,"Dresses of artificial fibres, knitted or croche",0203,"Textiles & clothing, finished manufactures"
610449,"Dresses of other textile material, nes, knitted",0203,"Textiles & clothing, finished manufactures"
610451,"Skirts and divided skirts of wool or fine hair,",0203,"Textiles & clothing, finished manufactures"
610452,"Skirts and divided skirts of cotton, knitted or",0203,"Textiles & clothing, finished manufactures"
610453,"Skirts and divided skirts of synthetic fibres,",0203,"Textiles & clothing, finished manufactures"
610459,"Skirts and divided skirts of other textiles, ne",0203,"Textiles & clothing, finished manufactures"
610461,"Women's or girls' trousers, etc, of wool..., kn",0203,"Textiles & clothing, finished manufactures"
610462,"Women's or girls' trousers, etc, of cotton, kni",0203,"Textiles & clothing, finished manufactures"
610463,"Women's or girls' trousers, etc, of synthetic,",0203,"Textiles & clothing, finished manufactures"
610469,"Women's or girls' trousers, etc, of other texti",0203,"Textiles & clothing, finished manufactures"
610510,"Men's or boys' shirts of cotton, knitted or cro",0203,"Textiles & clothing, finished manufactures"
610520,"Men's or boys' shirts of man-made fibres, knitt",0203,"Textiles & clothing, finished manufactures"
610590,"Men's or boys' shirts of other textiles, nes, k",0203,"Textiles & clothing, finished manufactures"
610610,"Women's or girls' blouses, etc, of cotton, knit",0203,"Textiles & clothing, finished manufactures"
610620,"Women's or girls' blouses, etc, of man-made fib",0203,"Textiles & clothing, finished manufactures"
610690,"Women's or girls' blouses, etc, of other textil",0203,"Textiles & clothing, finished manufactures"
610711,"Men's or boys' underpants and briefs of cotton,",0203,"Textiles & clothing, finished manufactures"
610712,"Men's or boys' underpants, etc, of man-made fib",0203,"Textiles & clothing, finished manufactures"
610719,"Men's or boys' underpants, etc, of other textil",0203,"Textiles & clothing, finished manufactures"
610721,"Men's or boys' pyjamas of cotton, knitted or cr",0203,"Textiles & clothing, finished manufactures"
610722,"Men's or boys' pyjamas of man-made fibres, knit",0203,"Textiles & clothing, finished manufactures"
610729,"Men's or boys' pyjamas of other textiles, nes,",0203,"Textiles & clothing, finished manufactures"
610791,"Men's or boys' dressing gowns, etc, of cotton,",0203,"Textiles & clothing, finished manufactures"
610792,"Men's or boys' dressing gowns, of man-made fibr",0203,"Textiles & clothing, finished manufactures"
610799,"Men's or boys' dressing gowns, of other textile",0203,"Textiles & clothing, finished manufactures"
610811,"Women's or girls' slips, etc, of man-made fibre",0203,"Textiles & clothing, finished manufactures"
610819,"Women's or girls' slips, etc, of other textiles",0203,"Textiles & clothing, finished manufactures"
610821,"Women's or girls' briefs and panties of cotton,",0203,"Textiles & clothing, finished manufactures"
610822,"Women's or girls' briefs, etc, of man-made fibr",0203,"Textiles & clothing, finished manufactures"
610829,"Women's or girls' briefs, etc, of other textile",0203,"Textiles & clothing, finished manufactures"
610831,"Women's or girls' nighties..., etc, of cotton,",0203,"Textiles & clothing, finished manufactures"
610832,"Women's or girls' pyjamas, etc, of man-made fib",0203,"Textiles & clothing, finished manufactures"
610839,"Women's or girls' nighties, etc, of other texti",0203,"Textiles & clothing, finished manufactures"
610891,"Women's or girls' dressing gowns..., of cotton,",0203,"Textiles & clothing, finished manufactures"
610892,Women's or girls' dressing gowns of man-made fi,0203,"Textiles & clothing, finished manufactures"
610899,Women's or girls' dressing gowns of other texti,0203,"Textiles & clothing, finished manufactures"
610910,"T-shirts, singlets and other vests, of cotton,",0203,"Textiles & clothing, finished manufactures"
610990,"T-shirts, singlets, etc, of other textiles, nes",0203,"Textiles & clothing, finished manufactures"
611010,"Jerseys, pullovers, etc, of wool..., knitted or",0203,"Textiles & clothing, finished manufactures"
611020,"Jerseys, pullovers, etc, of cotton, knitted or",0203,"Textiles & clothing, finished manufactures"
611030,"Jerseys, pullovers, etc, of man-made fibres, kn",0203,"Textiles & clothing, finished manufactures"
611090,"Jerseys, pullovers, etc, of other textiles, kni",0203,"Textiles & clothing, finished manufactures"
611110,"Babies' garments, etc, of wool or fine animal h",0203,"Textiles & clothing, finished manufactures"
611120,"Babies' garments, etc, of cotton, knitted or cr",0203,"Textiles & clothing, finished manufactures"
611130,"Babies' garments, etc, of synthetic fibres, kni",0203,"Textiles & clothing, finished manufactures"
611190,"Babies' garments, etc, of other textiles, knitt",0203,"Textiles & clothing, finished manufactures"
611211,"Track-suits of cotton, knitted or crocheted",0203,"Textiles & clothing, finished manufactures"
611212,"Track-suits of synthetic fibres, knitted or cro",0203,"Textiles & clothing, finished manufactures"
611219,"Track-suits of other textiles, knitted or croch",0203,"Textiles & clothing, finished manufactures"
611220,"Ski-suits, knitted or crocheted",0203,"Textiles & clothing, finished manufactures"
611231,"Men's or boys' swimwear of synthetic fibres, kn",0203,"Textiles & clothing, finished manufactures"
611239,"Men's or boys' swimwear of other textiles, knit",0203,"Textiles & clothing, finished manufactures"
611241,"Women's or girls' swimwear of synthetic fibres,",0203,"Textiles & clothing, finished manufactures"
611249,"Women's or girls' swimwear of other textiles, k",0203,"Textiles & clothing, finished manufactures"
611300,Garments made up of knitted or crocheted fabric,0203,"Textiles & clothing, finished manufactures"
611410,"Garments of wool or fine animal hair, knitted o",0203,"Textiles & clothing, finished manufactures"
611420,"Garments of cotton, knitted or crocheted, nes",0203,"Textiles & clothing, finished manufactures"
611430,"Garments of man-made fibres, knitted or crochet",0203,"Textiles & clothing, finished manufactures"
611490,"Garments of other textiles, knitted or crochete",0203,"Textiles & clothing, finished manufactures"
611511,"Panty hose, etc, of synthetic fibres, <67decite",0203,"Textiles & clothing, finished manufactures"
611512,"Panty hose, etc, of synthetic fibres, >=67decit",0203,"Textiles & clothing, finished manufactures"
611519,"Panty hose and tights of other textiles, nes, k",0203,"Textiles & clothing, finished manufactures"
611520,"Women's hosiery of synthetic fibres, <67decitex",0203,"Textiles & clothing, finished manufactures"
611591,"Hosiery and footwear, of wool..., knitted or cr",0203,"Textiles & clothing, finished manufactures"
611592,"Hosiery and footwear, of cotton, knitted or cro",0203,"Textiles & clothing, finished manufactures"
611593,"Hosiery and footwear, of synthetic fibres, knit",0203,"Textiles & clothing, finished manufactures"
611599,"Hosiery and footwear, of other textiles, knitte",0203,"Textiles & clothing, finished manufactures"
611610,"Gloves, impregnated... with plastics or rubber,",0203,"Textiles & clothing, finished manufactures"
611691,"Gloves, mittens and mitts, of wool..., knitted",0203,"Textiles & clothing, finished manufactures"
611692,"Gloves, mittens and mitts, of cotton, knitted o",0203,"Textiles & clothing, finished manufactures"
611693,"Gloves, mittens and mitts, of synthetic fibres,",0203,"Textiles & clothing, finished manufactures"
611699,"Gloves, mittens and mitts, of other textiles, k",0203,"Textiles & clothing, finished manufactures"
611710,"Shawls, scarves, mufflers, mantillas, veils, et",0203,"Textiles & clothing, finished manufactures"
611720,"Ties, bow ties and cravats, knitted or crochete",0203,"Textiles & clothing, finished manufactures"
611780,"Other clothing accessories, knitted or crochete",0203,"Textiles & clothing, finished manufactures"
611790,"Parts of garments or clothing accessories, knit",0203,"Textiles & clothing, finished manufactures"
620111,"Men's or boys' overcoats, etc, of wool or fine",0203,"Textiles & clothing, finished manufactures"
620112,"Men's or boys' overcoats, etc, of cotton",0203,"Textiles & clothing, finished manufactures"
620113,"Men's or boys' overcoats, etc, of man-made fibr",0203,"Textiles & clothing, finished manufactures"
620119,"Men's or boys' overcoats, etc, of other textile",0203,"Textiles & clothing, finished manufactures"
620191,"Men's or boys' anoraks, wind-cheaters, etc, of",0203,"Textiles & clothing, finished manufactures"
620192,"Men's or boys' anoraks, wind-cheaters, etc, of",0203,"Textiles & clothing, finished manufactures"
620193,"Men's or boys' anoraks, wind-cheaters, etc, of",0203,"Textiles & clothing, finished manufactures"
620199,"Men's or boys' anoraks, wind-cheaters, etc, of",0203,"Textiles & clothing, finished manufactures"
620211,"Woman's or girls' overcoats, etc, of wool or fi",0203,"Textiles & clothing, finished manufactures"
620212,"Woman's or girls' overcoats, etc, of cotton",0203,"Textiles & clothing, finished manufactures"
620213,"Woman's or girls' overcoats, etc, of man-made f",0203,"Textiles & clothing, finished manufactures"
620219,"Woman's or girls' overcoats, etc, of other text",0203,"Textiles & clothing, finished manufactures"
620291,"Woman's or girls' anoraks, wind-cheaters, etc,",0203,"Textiles & clothing, finished manufactures"
620292,"Woman's or girls' anoraks, wind-cheaters, etc,",0203,"Textiles & clothing, finished manufactures"
620293,"Woman's or girls' anoraks, wind-cheaters, etc,",0203,"Textiles & clothing, finished manufactures"
620299,"Woman's or girls' anoraks, wind-cheaters, etc,",0203,"Textiles & clothing, finished manufactures"
620311,Men's or boys' suits of wool or fine animal hai,0203,"Textiles & clothing, finished manufactures"
620312,Men's or boys' suits of synthetic fibres,0203,"Textiles & clothing, finished manufactures"
620319,"Men's or boys' suits of other textiles, nes",0203,"Textiles & clothing, finished manufactures"
620321,Men's or boys' ensembles of wool or fine animal,0203,"Textiles & clothing, finished manufactures"
620322,Men's or boys' ensembles of cotton,0203,"Textiles & clothing, finished manufactures"
620323,Men's or boys' ensembles of synthetic fibres,0203,"Textiles & clothing, finished manufactures"
620329,"Men's or boys' ensembles of other textiles, nes",0203,"Textiles & clothing, finished manufactures"
620331,Men's or boys' jackets and blazers of wool or f,0203,"Textiles & clothing, finished manufactures"
620332,Men's or boys' jackets and blazers of cotton,0203,"Textiles & clothing, finished manufactures"
620333,Men's or boys' jackets and blazers of synthetic,0203,"Textiles & clothing, finished manufactures"
620339,Men's or boys' jackets and blazers of other tex,0203,"Textiles & clothing, finished manufactures"
620341,"Men's or boys' trousers, breeches, etc, of wool",0203,"Textiles & clothing, finished manufactures"
620342,"Men's or boys' trousers, breeches, etc, of cott",0203,"Textiles & clothing, finished manufactures"
620343,"Men's or boys' trousers, breeches of synthetic",0203,"Textiles & clothing, finished manufactures"
620349,"Men's or boys' trousers, breeches of other text",0203,"Textiles & clothing, finished manufactures"
620411,Women's or girls' suits of wool or fine animal,0203,"Textiles & clothing, finished manufactures"
620412,Women's or girls' suits of cotton,0203,"Textiles & clothing, finished manufactures"
620413,Women's or girls' suits of synthetic fibres,0203,"Textiles & clothing, finished manufactures"
620419,"Women's or girls' suits of other textiles, nes",0203,"Textiles & clothing, finished manufactures"
620421,Women's or girls' ensembles of wool or fine ani,0203,"Textiles & clothing, finished manufactures"
620422,Women's or girls' ensembles of cotton,0203,"Textiles & clothing, finished manufactures"
620423,Women's or girls' ensembles of synthetic fibres,0203,"Textiles & clothing, finished manufactures"
620429,"Women's or girls' ensembles of other textiles,",0203,"Textiles & clothing, finished manufactures"
620431,Women's or girls' jackets and blazers of wool o,0203,"Textiles & clothing, finished manufactures"
620432,Women's or girls' jackets and blazers of cotton,0203,"Textiles & clothing, finished manufactures"
620433,Women's or girls' jackets and blazers of synthe,0203,"Textiles & clothing, finished manufactures"
620439,Women's or girls' jackets and blazers of other,0203,"Textiles & clothing, finished manufactures"
620441,Dresses of wool or fine animal hair,0203,"Textiles & clothing, finished manufactures"
620442,Dresses of cotton,0203,"Textiles & clothing, finished manufactures"
620443,Dresses of synthetic fibres,0203,"Textiles & clothing, finished manufactures"
620444,Dresses of artificial fibres,0203,"Textiles & clothing, finished manufactures"
620449,"Dresses of other textiles, nes",0203,"Textiles & clothing, finished manufactures"
620451,Skirts and divided skirts of wool or fine anima,0203,"Textiles & clothing, finished manufactures"
620452,Skirts and divided skirts of cotton,0203,"Textiles & clothing, finished manufactures"
620453,Skirts and divided skirts of synthetic fibres,0203,"Textiles & clothing, finished manufactures"
620459,"Skirts and divided skirts of other textiles, ne",0203,"Textiles & clothing, finished manufactures"
620461,"Women's or girls' trousers, breeches, etc, of w",0203,"Textiles & clothing, finished manufactures"
620462,"Women's or girls' trousers, breeches, etc, of c",0203,"Textiles & clothing, finished manufactures"
620463,"Women's or girls' trousers, breeches, etc, of s",0203,"Textiles & clothing, finished manufactures"
620469,"Women's or girls' trousers, breeches, etc, of o",0203,"Textiles & clothing, finished manufactures"
620510,Men's or boys' shirts of wool or fine animal ha,0203,"Textiles & clothing, finished manufactures"
620520,Men's or boys' shirts of cotton,0203,"Textiles & clothing, finished manufactures"
620530,Men's or boys' shirts of man-made fibres,0203,"Textiles & clothing, finished manufactures"
620590,"Men's or boys' shirts of other textiles, nes",0203,"Textiles & clothing, finished manufactures"
620610,"Women's or girls' blouses, shirts, etc, of silk",0203,"Textiles & clothing, finished manufactures"
620620,"Women's or girls' blouses, shirts, etc, of wool",0203,"Textiles & clothing, finished manufactures"
620630,"Women's or girls' blouses, shirts, etc, of cott",0203,"Textiles & clothing, finished manufactures"
620640,"Women's or girls' blouses, shirts, etc, of man-",0203,"Textiles & clothing, finished manufactures"
620690,"Women's or girls' blouses, shirts, etc, of othe",0203,"Textiles & clothing, finished manufactures"
620711,Men's or boys' underpants and briefs of cotton,0203,"Textiles & clothing, finished manufactures"
620719,Men's or boys' underpants and briefs of textile,0203,"Textiles & clothing, finished manufactures"
620721,Men's or boys' nightshirts and pyjamas of cotto,0203,"Textiles & clothing, finished manufactures"
620722,Men's or boys' nightshirts and pyjamas of man-m,0203,"Textiles & clothing, finished manufactures"
620729,Men's or boys' nightshirts and pyjamas of texti,0203,"Textiles & clothing, finished manufactures"
620791,"Men's or boys' singlets... dressing gowns, etc,",0203,"Textiles & clothing, finished manufactures"
620792,"Men's or boys' singlets... dressing gowns, etc,",0203,"Textiles & clothing, finished manufactures"
620799,"Men's or boys' singlets... dressing gowns, etc,",0203,"Textiles & clothing, finished manufactures"
620811,Slips and petticoats of man-made fibres,0203,"Textiles & clothing, finished manufactures"
620819,"Slips and petticoats of other textiles, nes",0203,"Textiles & clothing, finished manufactures"
620821,Women's or girls' nightdresses and pyjamas of c,0203,"Textiles & clothing, finished manufactures"
620822,Women's or girls' nightdresses and pyjamas of m,0203,"Textiles & clothing, finished manufactures"
620829,Women's or girls' nightdresses and pyjamas of t,0203,"Textiles & clothing, finished manufactures"
620891,"Women's or girls' dressing gowns, panties, etc,",0203,"Textiles & clothing, finished manufactures"
620892,"Women's or girls' dressing gowns, panties, etc,",0203,"Textiles & clothing, finished manufactures"
620899,"Women's or girls' dressing gowns, panties, etc,",0203,"Textiles & clothing, finished manufactures"
620910,Bables' garments and clothing accessories of wo,0203,"Textiles & clothing, finished manufactures"
620920,Bables' garments and clothing accessories of co,0203,"Textiles & clothing, finished manufactures"
620930,Bables' garments and clothing accessories of sy,0203,"Textiles & clothing, finished manufactures"
620990,Bables' garments and clothing accessories of ot,0203,"Textiles & clothing, finished manufactures"
621010,"Garments, made up of fabrics of 56.02 or 56.03",0203,"Textiles & clothing, finished manufactures"
621020,"Garments of 6201.11 to 19, made up of fabrics o",0203,"Textiles & clothing, finished manufactures"
621030,"Garments of 6202.11 to 19, made up of fabrics o",0203,"Textiles & clothing, finished manufactures"
621040,Men's or boys' garments made up of fabrics of 5,0203,"Textiles & clothing, finished manufactures"
621050,Women's or girls' garments made up of fabrics o,0203,"Textiles & clothing, finished manufactures"
621111,Men's or boys' swimwear,0203,"Textiles & clothing, finished manufactures"
621112,Women's or girls' swimwear,0203,"Textiles & clothing, finished manufactures"
621120,Ski suits,0203,"Textiles & clothing, finished manufactures"
621131,Men's or boys' garments of wool or fine animal,0203,"Textiles & clothing, finished manufactures"
621132,"Men's or boys' garments of cotton, nes",0203,"Textiles & clothing, finished manufactures"
621133,"Men's or boys' garments of man-made fibres, nes",0203,"Textiles & clothing, finished manufactures"
621139,"Men's or boys' garments of other textiles, nes",0203,"Textiles & clothing, finished manufactures"
621141,Women's or girls' garments of wool or fine anim,0203,"Textiles & clothing, finished manufactures"
621142,"Women's or girls' garments of cotton, nes",0203,"Textiles & clothing, finished manufactures"
621143,"Women's or girls' garments of man-made fibres,",0203,"Textiles & clothing, finished manufactures"
621149,"Women's or girls' garments of other textiles, n",0203,"Textiles & clothing, finished manufactures"
621210,Brassieres,0203,"Textiles & clothing, finished manufactures"
621220,Girdles and panty-girdles,0203,"Textiles & clothing, finished manufactures"
621230,Corselettes,0203,"Textiles & clothing, finished manufactures"
621290,"Corsets, braces, garters, suspenders and simila",0203,"Textiles & clothing, finished manufactures"
621310,Handkerchiefs of silk or silk waste,0203,"Textiles & clothing, finished manufactures"
621320,Handkerchiefs of cotton,0203,"Textiles & clothing, finished manufactures"
621390,"Handkerchiefs of other textiles, nes",0203,"Textiles & clothing, finished manufactures"
621410,"Shawls, scarves, mufflers, mantillas, veils, et",0203,"Textiles & clothing, finished manufactures"
621420,"Shawls, scarves, mufflers, mantillas, veils, et",0203,"Textiles & clothing, finished manufactures"
621430,"Shawls, scarves, mufflers, mantillas, veils, et",0203,"Textiles & clothing, finished manufactures"
621440,"Shawls, scarves, mufflers, mantillas, veils, et",0203,"Textiles & clothing, finished manufactures"
621490,"Shawls, scarves, mufflers, mantillas, veils, et",0203,"Textiles & clothing, finished manufactures"
621510,"Ties, bow ties and cravats of silk or silk wast",0203,"Textiles & clothing, finished manufactures"
621520,"Ties, bow ties and cravats of man-made fibres",0203,"Textiles & clothing, finished manufactures"
621590,"Ties, bow ties and cravats of other textiles, n",0203,"Textiles & clothing, finished manufactures"
621600,"Gloves, mittens and mitts",0203,"Textiles & clothing, finished manufactures"
621710,"Clothing accessories, nes",0203,"Textiles & clothing, finished manufactures"
621790,"Parts of garments or clothing accessories, nes",0203,"Textiles & clothing, finished manufactures"
630110,Electric blankets,0203,"Textiles & clothing, finished manufactures"
630120,Blankets (excl. electric blankets) and travelli,0203,"Textiles & clothing, finished manufactures"
630130,Blankets (excl. electric blankets) and travelli,0203,"Textiles & clothing, finished manufactures"
630140,"Blankets (excl. electric blankets), etc, of syn",0203,"Textiles & clothing, finished manufactures"
630190,"Other blankets and travelling rugs, nes",0203,"Textiles & clothing, finished manufactures"
630210,"Bed linen, knitted or crocheted",0203,"Textiles & clothing, finished manufactures"
630221,Printed bed-linen of cotton (excl. knitted or c,0203,"Textiles & clothing, finished manufactures"
630222,Printed bed-linen of man-made fibres (excl. kni,0203,"Textiles & clothing, finished manufactures"
630229,Printed bed-linen of other textiles (excl. knit,0203,"Textiles & clothing, finished manufactures"
630231,"Bed linen of cotton (excl. printed, knitted or",0203,"Textiles & clothing, finished manufactures"
630232,"Bed linen of man-made fibres (excl. printed, kn",0203,"Textiles & clothing, finished manufactures"
630239,"Bad linen of other textiles (excl. printed, kni",0203,"Textiles & clothing, finished manufactures"
630240,"Table linen, knitted or crocheted",0203,"Textiles & clothing, finished manufactures"
630251,Table linen of cotton (excl. knitted or crochet,0203,"Textiles & clothing, finished manufactures"
630252,Table linen of flax (excl. knitted or crocheted,0203,"Textiles & clothing, finished manufactures"
630253,Table linen of man-made fibres (excl. knitted o,0203,"Textiles & clothing, finished manufactures"
630259,"Table linen of other textiles, nes (excl. knitt",0203,"Textiles & clothing, finished manufactures"
630260,"Toilet linen and kitchen linen, of terry fabric",0203,"Textiles & clothing, finished manufactures"
630291,"Toilet linen and kitchen linen of cotton, nes",0203,"Textiles & clothing, finished manufactures"
630292,"Toilet linen and kitchen linen of flax, nes",0203,"Textiles & clothing, finished manufactures"
630293,Toilet linen and kitchen linen of man-made fibr,0203,"Textiles & clothing, finished manufactures"
630299,Toilet linen and kitchen linen of other textile,0203,"Textiles & clothing, finished manufactures"
630311,Curtains and interior blinds; valances of cotto,0203,"Textiles & clothing, finished manufactures"
630312,"Curtains, etc; valances of synthetic fibres, kn",0203,"Textiles & clothing, finished manufactures"
630319,"Curtains, etc; valances of textile materials, k",0203,"Textiles & clothing, finished manufactures"
630391,Curtains and interior blinds; curtain or bed va,0203,"Textiles & clothing, finished manufactures"
630392,Curtains and interior blinds; curtain/bed valan,0203,"Textiles & clothing, finished manufactures"
630399,Curtains and interior blinds; curtain/bed valan,0203,"Textiles & clothing, finished manufactures"
630411,Knitted or crocheted bedspreads,0203,"Textiles & clothing, finished manufactures"
630419,Bedspreads (excl. knitted or crocheted),0203,"Textiles & clothing, finished manufactures"
630491,"Knitted or crocheted furnishing articles, nes",0203,"Textiles & clothing, finished manufactures"
630492,"Furnishing articles, nes, of cotton (excl. knit",0203,"Textiles & clothing, finished manufactures"
630493,Furnishing articles of synthetic fibres (excl.,0203,"Textiles & clothing, finished manufactures"
630499,Furnishing articles of other textiles (excl. kn,0203,"Textiles & clothing, finished manufactures"
630510,"Sacks and bags, used for packing goods, of jute",0203,"Textiles & clothing, finished manufactures"
630520,"Sacks and bags, used for packing goods, of cott",0203,"Textiles & clothing, finished manufactures"
630531,"Sacks and bags, used for packing goods, of poly",0203,"Textiles & clothing, finished manufactures"
630539,"Sacks and bags, used for packing goods, of man-",0203,"Textiles & clothing, finished manufactures"
630590,"Sacks and bags, used for packing goods, of othe",0203,"Textiles & clothing, finished manufactures"
630611,"Tarpaulins, awnings and sunblinds, of cotton",0203,"Textiles & clothing, finished manufactures"
630612,"Tarpaulins, awnings and sunblinds, of synthetic",0203,"Textiles & clothing, finished manufactures"
630619,"Tarpaulins, awnings and sunblinds, of other tex",0203,"Textiles & clothing, finished manufactures"
630621,Tents of cotton,0203,"Textiles & clothing, finished manufactures"
630622,Tents of synthetic fibres,0203,"Textiles & clothing, finished manufactures"
630629,"Tents of other textiles, nes",0203,"Textiles & clothing, finished manufactures"
630631,Sails of synthetic fibres,0203,"Textiles & clothing, finished manufactures"
630639,Sails of other textiles (excl. synthetic fibres,0203,"Textiles & clothing, finished manufactures"
630641,"Pneumatic mattresses, of cotton",0203,"Textiles & clothing, finished manufactures"
630649,"Pneumatic mattresses, of other textiles (excl.",0203,"Textiles & clothing, finished manufactures"
630691,"Camping goods, of cotton (excl. tents)",0203,"Textiles & clothing, finished manufactures"
630699,Camping goods of other textiles (excl. cotton a,0203,"Textiles & clothing, finished manufactures"
630710,"Floor-cloths, dish-cloths, dusters and similar",0203,"Textiles & clothing, finished manufactures"
630720,Life-jackets and life-belts,0203,"Textiles & clothing, finished manufactures"
630790,"Made up articles (incl. dress patterns), nes",0203,"Textiles & clothing, finished manufactures"
630800,"Sets of woven fabric and yarn, for making up in",0203,"Textiles & clothing, finished manufactures"
640520,"Footwear, nes, with textile uppers",0203,"Textiles & clothing, finished manufactures"
640610,Uppers and parts thereof (excl. stiffeners),0203,"Textiles & clothing, finished manufactures"
640699,"Non-wood parts of footwear (excl. uppers, outer",0203,"Textiles & clothing, finished manufactures"
650100,"Hat-forms, hat bodies and hoods of felt; platea",0203,"Textiles & clothing, finished manufactures"
650200,"Hat-shapes, plaited or made by assembling strip",0203,"Textiles & clothing, finished manufactures"
650300,"Felt hats and other felt headgear, made from th",0203,"Textiles & clothing, finished manufactures"
650400,"Hats and other headgear, plaited or assembled b",0203,"Textiles & clothing, finished manufactures"
650510,Hair-nets of any material,0203,"Textiles & clothing, finished manufactures"
650590,"Hats and other headgear, knitted or crocheted,",0203,"Textiles & clothing, finished manufactures"
660110,Garden or similar umbrellas,0203,"Textiles & clothing, finished manufactures"
660191,"Umbrellas and sun umbrellas, having a telescopi",0203,"Textiles & clothing, finished manufactures"
660199,"Umbrellas and sun umbrellas, nes",0203,"Textiles & clothing, finished manufactures"
701910,"Slivers, rovings, yarn and chopped strands of g",0203,"Textiles & clothing, finished manufactures"
701920,"Woven fabrics, including narrow fabrics of glas",0203,"Textiles & clothing, finished manufactures"
870821,Safety seat belts for motor vehicles,0203,"Textiles & clothing, finished manufactures"
880400,Parachutes and parts and accessories thereof,0203,"Textiles & clothing, finished manufactures"
911390,"Watch straps, watch bands and watch bracelets,",0203,"Textiles & clothing, finished manufactures"
940490,"Articles of bedding/furnishing, nes, stuffed or",0203,"Textiles & clothing, finished manufactures"
950291,Garments and access therefor footwear&headgear,0203,"Textiles & clothing, finished manufactures"
961210,"Typewriter or similar ribbons, prepared for giv",0203,"Textiles & clothing, finished manufactures"
400110,"Natural rubber latex, in primary forms or in pl",0301,"Leather, rubber, footwear, raw materials"
400121,Smoked sheets of natural rubber,0301,"Leather, rubber, footwear, raw materials"
400122,"Technically specified natural rubber, in primar",0301,"Leather, rubber, footwear, raw materials"
400129,"Other natural rubber, in primary forms or in pl",0301,"Leather, rubber, footwear, raw materials"
400130,"Balata, gutta-percha... and similar gums, in pr",0301,"Leather, rubber, footwear, raw materials"
400211,Latex of styrene-butadiene or carboxylated styr,0301,"Leather, rubber, footwear, raw materials"
400219,Styrene-butadiene rubber; carboxylated styrene-,0301,"Leather, rubber, footwear, raw materials"
400220,"Butadiene rubber, in primary forms or in plates",0301,"Leather, rubber, footwear, raw materials"
400231,Isobutene-isoprene (butyl) rubber,0301,"Leather, rubber, footwear, raw materials"
400239,Halo-isobutene-isoprene rubber,0301,"Leather, rubber, footwear, raw materials"
400241,Latex of chloroprene (chlorobutadiene) rubber,0301,"Leather, rubber, footwear, raw materials"
400249,Chloroprene (chlorobutadiene) rubber (excl. lat,0301,"Leather, rubber, footwear, raw materials"
400251,Latex of acrylonitrile-butadiene rubber,0301,"Leather, rubber, footwear, raw materials"
400259,Acrylonitrile-butadiene rubber (excl. latex),0301,"Leather, rubber, footwear, raw materials"
400260,Isoprene rubber,0301,"Leather, rubber, footwear, raw materials"
400270,Ethylene-propylene-non-conjugated diene rubber,0301,"Leather, rubber, footwear, raw materials"
400280,Mixtures of any product of 40.01 with any produ,0301,"Leather, rubber, footwear, raw materials"
400291,"Latex of synthetic rubber, nes",0301,"Leather, rubber, footwear, raw materials"
400299,"Other synthetic rubber products (excl. latex),",0301,"Leather, rubber, footwear, raw materials"
400300,"Reclaimed rubber in primary forms or in plates,",0301,"Leather, rubber, footwear, raw materials"
400400,"Waste, parings and scrap of rubber (excl. hard",0301,"Leather, rubber, footwear, raw materials"
411000,Waste... of leather or of composition leather;,0301,"Leather, rubber, footwear, raw materials"
400510,"Rubber compounded with carbon black or silica,",0302,"Leather, rubber, footwear, semi-finished manufactu"
400520,"Rubber solutions; dispersions, unvulcanized, ne",0302,"Leather, rubber, footwear, semi-finished manufactu"
400591,"Plates, sheets and strip of unvulcanized, compo",0302,"Leather, rubber, footwear, semi-finished manufactu"
400599,"Compounded rubber, unvulcanized, in primary for",0302,"Leather, rubber, footwear, semi-finished manufactu"
400610,Camel-back strips for retreading rubber tyres,0302,"Leather, rubber, footwear, semi-finished manufactu"
400690,Other forms and articles of unvulcanized rubber,0302,"Leather, rubber, footwear, semi-finished manufactu"
400700,Vulcanized rubber thread and cord,0302,"Leather, rubber, footwear, semi-finished manufactu"
400811,"Plates, sheets and strip of cellular vulcanized",0302,"Leather, rubber, footwear, semi-finished manufactu"
400819,Rods and profile shapes of cellular vulcanized,0302,"Leather, rubber, footwear, semi-finished manufactu"
400821,"Plates, sheets and strip of non-cellular, vulca",0302,"Leather, rubber, footwear, semi-finished manufactu"
400829,"Rods and profile shapes of non-cellular, vulcan",0302,"Leather, rubber, footwear, semi-finished manufactu"
400910,"Tubes..., of vulcanized rubber, not reinforced,",0302,"Leather, rubber, footwear, semi-finished manufactu"
400920,"Tubes..., of vulcanized rubber, reinforced with",0302,"Leather, rubber, footwear, semi-finished manufactu"
400930,"Tubes..., of vulcanized rubber, reinforced with",0302,"Leather, rubber, footwear, semi-finished manufactu"
400940,"Tubes..., of vulcanized rubber, reinforced with",0302,"Leather, rubber, footwear, semi-finished manufactu"
400950,"Tubes, pipes and hoses, of vulcanized rubber wi",0302,"Leather, rubber, footwear, semi-finished manufactu"
410410,"Whole bovine skin leather, of surface area =<2.",0302,"Leather, rubber, footwear, semi-finished manufactu"
410421,"Bovine leather, vegetable pre-tanned (excl. fur",0302,"Leather, rubber, footwear, semi-finished manufactu"
410422,"Bovine leather, non-vegetable pre-tanned (excl.",0302,"Leather, rubber, footwear, semi-finished manufactu"
410429,"Other bovine and equine leather, tanned (excl.",0302,"Leather, rubber, footwear, semi-finished manufactu"
410431,"Full-grains, splits of bovine and equine leathe",0302,"Leather, rubber, footwear, semi-finished manufactu"
410439,"Bovine and equine leather, prepared after tanni",0302,"Leather, rubber, footwear, semi-finished manufactu"
410511,"Sheep, lamb skin leather, vegetable pre-tanned",0302,"Leather, rubber, footwear, semi-finished manufactu"
410512,"Sheep, lamb skin leather, non-veg. pre-tanned (",0302,"Leather, rubber, footwear, semi-finished manufactu"
410519,"Sheep or lamb skin leather, (excl. further prep",0302,"Leather, rubber, footwear, semi-finished manufactu"
410520,"Sheep or lamb skin leather, prepared after tann",0302,"Leather, rubber, footwear, semi-finished manufactu"
410611,"Goat or kid skin leather, vegetable pre-tanned,",0302,"Leather, rubber, footwear, semi-finished manufactu"
410612,"Goat or kid skin leather, pre-tanned, (excl. fu",0302,"Leather, rubber, footwear, semi-finished manufactu"
410619,"Goat or kid skin leather, (excl. further prepar",0302,"Leather, rubber, footwear, semi-finished manufactu"
410620,"Goat or kid skin leather, prepared after tannin",0302,"Leather, rubber, footwear, semi-finished manufactu"
410710,"Leather of swine, without hair on",0302,"Leather, rubber, footwear, semi-finished manufactu"
410721,"Leather of reptiles, vegetable pre-tanned",0302,"Leather, rubber, footwear, semi-finished manufactu"
410729,"Leather of reptiles, nes",0302,"Leather, rubber, footwear, semi-finished manufactu"
410790,"Leather of animals, nes",0302,"Leather, rubber, footwear, semi-finished manufactu"
410800,Chamois (incl. combination chamois) leather,0302,"Leather, rubber, footwear, semi-finished manufactu"
410900,Patent leather and patent laminated leather; me,0302,"Leather, rubber, footwear, semi-finished manufactu"
411100,"Composition leather with a basis of leather...,",0302,"Leather, rubber, footwear, semi-finished manufactu"
430211,"Tanned or dressed whole skins of mink, not asse",0302,"Leather, rubber, footwear, semi-finished manufactu"
430212,Tanned or dressed whole skins of rabbit or hare,0302,"Leather, rubber, footwear, semi-finished manufactu"
430213,"Tanned or dressed whole skins of lamb, not asse",0302,"Leather, rubber, footwear, semi-finished manufactu"
430219,"Tanned or dressed whole furskins, not assembled",0302,"Leather, rubber, footwear, semi-finished manufactu"
430220,"Tanned or dressed heads, tails, paws and other",0302,"Leather, rubber, footwear, semi-finished manufactu"
430230,Tanned or dressed whole furskins and other piec,0302,"Leather, rubber, footwear, semi-finished manufactu"
401010,"Conveyor... belting, of vulcanized rubber of tr",0303,"Leather, rubber, footwear, finished manufactures"
401091,"Conveyor... belting, of vulcanized rubber of a",0303,"Leather, rubber, footwear, finished manufactures"
401099,"Conveyor... belting, of vulcanized rubber of a",0303,"Leather, rubber, footwear, finished manufactures"
401110,"New pneumatic tyres, of rubber of a kind used o",0303,"Leather, rubber, footwear, finished manufactures"
401120,"New pneumatic tyres, of rubber of a kind used o",0303,"Leather, rubber, footwear, finished manufactures"
401130,"New pneumatic tyres, of rubber for aircraft",0303,"Leather, rubber, footwear, finished manufactures"
401140,"New pneumatic tyres, of rubber of a kind used o",0303,"Leather, rubber, footwear, finished manufactures"
401150,"New pneumatic tyres, of rubber of a kind used o",0303,"Leather, rubber, footwear, finished manufactures"
401191,"New pneumatic tyres, of rubber, nes, of herring",0303,"Leather, rubber, footwear, finished manufactures"
401199,"New pneumatic tyres, of rubber, nes (excl. of h",0303,"Leather, rubber, footwear, finished manufactures"
401210,Retreaded tyres of rubber,0303,"Leather, rubber, footwear, finished manufactures"
401220,Used pneumatic tyres of rubber,0303,"Leather, rubber, footwear, finished manufactures"
401290,"Solid... tyres, interchangeable tyre treads and",0303,"Leather, rubber, footwear, finished manufactures"
401310,"Inner tubes, of rubber of a kind used on motor",0303,"Leather, rubber, footwear, finished manufactures"
401320,"Inner tubes, of rubber of a kind used on bicycl",0303,"Leather, rubber, footwear, finished manufactures"
401390,"Inner tubes, of rubber, nes",0303,"Leather, rubber, footwear, finished manufactures"
401410,Sheath contraceptives,0303,"Leather, rubber, footwear, finished manufactures"
401490,Hygienic or pharmaceutical articles of vulcaniz,0303,"Leather, rubber, footwear, finished manufactures"
401511,Surgical gloves,0303,"Leather, rubber, footwear, finished manufactures"
401519,Gloves of vulcanized rubber (excl. surgical glo,0303,"Leather, rubber, footwear, finished manufactures"
401590,Articles of apparel and clothing accessories of,0303,"Leather, rubber, footwear, finished manufactures"
401610,Articles of vulcanized rubber of cellular rubbe,0303,"Leather, rubber, footwear, finished manufactures"
401691,"Floor coverings and mats of vulcanized rubber,",0303,"Leather, rubber, footwear, finished manufactures"
401692,"Erasers, of vulcanized rubber",0303,"Leather, rubber, footwear, finished manufactures"
401693,"Gaskets, washers and other seals, of vulcanized",0303,"Leather, rubber, footwear, finished manufactures"
401694,"Boat or dock fenders, of vulcanized rubber",0303,"Leather, rubber, footwear, finished manufactures"
401695,"Inflatable articles, of vulcanized rubber, nes",0303,"Leather, rubber, footwear, finished manufactures"
401699,"Articles of vulcanized rubber, nes",0303,"Leather, rubber, footwear, finished manufactures"
401700,Hard rubber (eg. ebonite) in all forms; article,0303,"Leather, rubber, footwear, finished manufactures"
420100,"Saddlery and harness for any animal, of any mat",0303,"Leather, rubber, footwear, finished manufactures"
420211,"Trunks, suit-cases..., etc, with outer surface",0303,"Leather, rubber, footwear, finished manufactures"
420219,"Trunks, suit-cases..., etc, nes",0303,"Leather, rubber, footwear, finished manufactures"
420221,"Handbags with outer surface of leather, or comp",0303,"Leather, rubber, footwear, finished manufactures"
420229,"Handbags, nes",0303,"Leather, rubber, footwear, finished manufactures"
420231,"Articles normally carried in pocket or handbag,",0303,"Leather, rubber, footwear, finished manufactures"
420239,"Articles normally carried in pocket or handbag,",0303,"Leather, rubber, footwear, finished manufactures"
420291,"Cases and containers, nes, with outer surface o",0303,"Leather, rubber, footwear, finished manufactures"
420299,"Cases and containers, nes, with outer surface o",0303,"Leather, rubber, footwear, finished manufactures"
420310,Articles of apparel of leather,0303,"Leather, rubber, footwear, finished manufactures"
420321,"Gloves, mittens and mitts for use in sports, of",0303,"Leather, rubber, footwear, finished manufactures"
420329,"Protective gloves, mittens and mitts for trades",0303,"Leather, rubber, footwear, finished manufactures"
420330,Belts and bandoliers of leather or composition,0303,"Leather, rubber, footwear, finished manufactures"
420340,Clothing accessories of leather or composition,0303,"Leather, rubber, footwear, finished manufactures"
420400,Articles of leather used in machinery or mechan,0303,"Leather, rubber, footwear, finished manufactures"
420500,"Articles of leather or of composition leather,",0303,"Leather, rubber, footwear, finished manufactures"
430310,Articles of apparel and clothing accessories of,0303,"Leather, rubber, footwear, finished manufactures"
430390,"Articles of furskin, nes",0303,"Leather, rubber, footwear, finished manufactures"
430400,Artificial fur and articles thereof,0303,"Leather, rubber, footwear, finished manufactures"
640110,Waterproof footwear incorporating a protective,0303,"Leather, rubber, footwear, finished manufactures"
640191,Waterproof footwear covering the knee...,0303,"Leather, rubber, footwear, finished manufactures"
640192,Waterproof footwear covering the ankle but not,0303,"Leather, rubber, footwear, finished manufactures"
640199,Waterproof footwear (not covering the ankle),0303,"Leather, rubber, footwear, finished manufactures"
640211,Ski-boots and cross-country ski footwear of rub,0303,"Leather, rubber, footwear, finished manufactures"
640219,"Sport footwear, nes, of rubber or plastics",0303,"Leather, rubber, footwear, finished manufactures"
640220,"Footwear with thongs plugged into soles, of rub",0303,"Leather, rubber, footwear, finished manufactures"
640230,"Footwear, with metal toe-cap, of rubber or plas",0303,"Leather, rubber, footwear, finished manufactures"
640291,"Footwear, nes, covering the ankle of rubber or",0303,"Leather, rubber, footwear, finished manufactures"
640299,"Footwear, nes, not covering the ankle, of rubbe",0303,"Leather, rubber, footwear, finished manufactures"
640311,"Ski-boots, etc, with rubber, plastics, leather.",0303,"Leather, rubber, footwear, finished manufactures"
640319,"Sports footwear, with rubber, plastics, leather",0303,"Leather, rubber, footwear, finished manufactures"
640320,"Sandles, with leather soles and straps (over in",0303,"Leather, rubber, footwear, finished manufactures"
640330,"Footwear with a wood base, no inner soles or ca",0303,"Leather, rubber, footwear, finished manufactures"
640340,"Footwear, with a metal toe-cap, leather uppers",0303,"Leather, rubber, footwear, finished manufactures"
640351,"Footwear with leather soles and uppers, coverin",0303,"Leather, rubber, footwear, finished manufactures"
640359,"Footwear with leather soles and uppers, not cov",0303,"Leather, rubber, footwear, finished manufactures"
640391,Footwear with rubber... soles and leather upper,0303,"Leather, rubber, footwear, finished manufactures"
640399,"Footwear with rubber... soles, leather uppers,",0303,"Leather, rubber, footwear, finished manufactures"
640411,"Sports footwear,with rubber or plastic soles an",0303,"Leather, rubber, footwear, finished manufactures"
640419,"Other footwear,with rubber or plastic soles and",0303,"Leather, rubber, footwear, finished manufactures"
640420,Footwear with leather or composition leather so,0303,"Leather, rubber, footwear, finished manufactures"
640510,"Footwear, nes, with leather or composition leat",0303,"Leather, rubber, footwear, finished manufactures"
640590,"Footwear, nes",0303,"Leather, rubber, footwear, finished manufactures"
640620,Outer soles and heels of rubber or plastics,0303,"Leather, rubber, footwear, finished manufactures"
640691,"Wooden parts of footwear (excl. uppers, outer s",0303,"Leather, rubber, footwear, finished manufactures"
960500,"Travel sets for personal toilet, sewing or shoe",0303,"Leather, rubber, footwear, finished manufactures"
260111,Non-agglomerated iron ores and concentrates,0401,Ores & waste
260112,Agglomerated iron ores and concentrates,0401,Ores & waste
260120,Roasted iron pyrites,0401,Ores & waste
260200,"Manganese ores and concentrates, with a mangane",0401,Ores & waste
260300,Copper ores and concentrates,0401,Ores & waste
260400,Nickel ores and concentrates,0401,Ores & waste
260500,Cobalt ores and concentrates,0401,Ores & waste
260600,Aluminium ores and concentrates,0401,Ores & waste
260700,Lead ores and concentrates,0401,Ores & waste
260800,Zinc ores and concentrates,0401,Ores & waste
260900,Tin ores and concentrates,0401,Ores & waste
261000,Chromium ores and concentrates,0401,Ores & waste
261100,Tungsten ores and concentrates,0401,Ores & waste
261210,Uranium ores and concentrates,0401,Ores & waste
261220,Thorium ores and concentrates,0401,Ores & waste
261310,Roasted molybdenum ores and concentrates,0401,Ores & waste
261390,Molybdenum ores and concentrates (excl. roasted,0401,Ores & waste
261400,Titanium ores and concentrates,0401,Ores & waste
261510,Zirconium ores and concentrates,0401,Ores & waste
261590,"Niobium, tantalum and vanadium ores and concent",0401,Ores & waste
261610,Silver ores and concentrates,0401,Ores & waste
261690,Precious metal ores and concentrates (excl. sil,0401,Ores & waste
261710,Antimony ores and concentrates,0401,Ores & waste
261790,"Other ores and concentrates, nes",0401,Ores & waste
262011,Hard zinc spelter,0401,Ores & waste
262019,Ash and residues containing mainly zinc (excl.,0401,Ores & waste
262020,Ash and residues containing mainly lead,0401,Ores & waste
262030,Ash and residues containing mainly copper,0401,Ores & waste
262040,Ash and residues containing mainly aluminium,0401,Ores & waste
262050,Ash and residues containing mainly vanadium,0401,Ores & waste
262090,Ash and residues containing other metals or met,0401,Ores & waste
720110,"Pig iron,non-alloy,containing by wt.=<0.5% of p",0402,Semi-finished manufactures
720120,"Pig iron,non-alloy,containing by wt. >0.5% of p",0402,Semi-finished manufactures
720130,"Pig iron, alloy in primary forms",0402,Semi-finished manufactures
720140,Spiegeleisen in primary forms,0402,Semi-finished manufactures
720211,"Ferro-manganese, containing by weight more than",0402,Semi-finished manufactures
720219,"Ferro-manganese, nes",0402,Semi-finished manufactures
720221,"Ferro-silicon, containing by weight more than 5",0402,Semi-finished manufactures
720229,"Ferro-silicon, nes",0402,Semi-finished manufactures
720230,Ferro-silico-manganese,0402,Semi-finished manufactures
720241,Ferro-chromium containing by weight more than 4,0402,Semi-finished manufactures
720249,"Ferro-chromium, nes",0402,Semi-finished manufactures
720250,Ferro-silico-chromium,0402,Semi-finished manufactures
720260,Ferro-nickel,0402,Semi-finished manufactures
720270,Ferro-molybdenum,0402,Semi-finished manufactures
720280,Ferro-tungsten and ferro-silico-tungsten,0402,Semi-finished manufactures
720291,Ferro-titanium and ferro-silico-titanium,0402,Semi-finished manufactures
720292,Ferro-vanadium,0402,Semi-finished manufactures
720293,Ferro-niobium,0402,Semi-finished manufactures
720299,"Ferro-alloys, nes",0402,Semi-finished manufactures
720310,Ferrous products obtained by direct reduction o,0402,Semi-finished manufactures
720390,"Spongy ferrous products, or iron having a minim",0402,Semi-finished manufactures
720410,"Waste and scrap, cast iron",0402,Semi-finished manufactures
720421,"Waste and scrap, stainless steel",0402,Semi-finished manufactures
720429,"Waste and scrap, of alloy steel, other than sta",0402,Semi-finished manufactures
720430,"Waste and scrap, of tinned iron or steel",0402,Semi-finished manufactures
720441,"Ferrous waste and scrap,i or s,from the mechani",0402,Semi-finished manufactures
720449,"Ferrous waste and scrap, iron or steel, nes",0402,Semi-finished manufactures
720450,"Remelting scrap ingots, of iron or steel",0402,Semi-finished manufactures
720510,Granules of pig iron or spiegeleisen,0402,Semi-finished manufactures
720521,"Powders, alloy steel",0402,Semi-finished manufactures
720529,"Powders, iron or steel, other than alloy",0402,Semi-finished manufactures
720610,"Ingots, iron or non-alloy steel, of a purity of",0402,Semi-finished manufactures
720690,"Primary forms, iron or non-alloy steel, nes, of",0402,Semi-finished manufactures
720711,"Semi-fin prod,i/nas,rect/sq cross-sect cntg by",0402,Semi-finished manufactures
720712,"Semi-fin prod,iron or n-al steel,rect/ sq cross",0402,Semi-finished manufactures
720719,"Semi-fin prod, iron or non-alloy steel, cntg by",0402,Semi-finished manufactures
720720,"Semi-fin prod, iron or non-alloy steel, w/ carb",0402,Semi-finished manufactures
720811,"Flat rlld prod, i/nas, in coil, hr,=>600mm w, >",0402,Semi-finished manufactures
720812,"Flat rlld prod, i/nas, in coil, hr,=>600mm w, 4",0402,Semi-finished manufactures
720813,"Flat rlld prod, i/nas, in coil, hr,=>600mm w, 3",0402,Semi-finished manufactures
720814,"Flat rolled prod, i/nas, in coil, hr, =>600mm w",0402,Semi-finished manufactures
720821,"Flat rolled prod, i/nas, in coil, hr, =>600mm w",0402,Semi-finished manufactures
720822,"Flat rlld prod, i/nas, in coil, hr,=>600mm w, 4",0402,Semi-finished manufactures
720823,"Flat rlld prod, i/nas, in coil, hr,=>600mm w, 3",0402,Semi-finished manufactures
720824,"Flat rlld prod, i/nas, in coil, hr,=>600mm w, l",0402,Semi-finished manufactures
720831,"Flat rolled prod, i/nas,nic,hr,=>600mm width, =",0402,Semi-finished manufactures
720832,"Flat rolled prod, i/nas, nic, hr =>600mm wide,",0402,Semi-finished manufactures
720833,"Flat rlld prod, i/nas, nic, hr=>600mm w, 4.75mm",0402,Semi-finished manufactures
720834,"Flat rolled prod, i/nas,nic,hr=>600mm wide, 3mm",0402,Semi-finished manufactures
720835,"Flat rolled prod, i/nas,nic,hr=>600mm wide, les",0402,Semi-finished manufactures
720841,"Flat rolled prod, i/nas, nic, hr 600mm =<width",0402,Semi-finished manufactures
720842,"Flat rolled prod, i/nas, not in coil, hr =>600m",0402,Semi-finished manufactures
720843,"Flat rlld prod, i/nas, not in coil, hr=>600mm w",0402,Semi-finished manufactures
720844,"Flat rolled prod, i/nas, not in coil, hr =>600m",0402,Semi-finished manufactures
720845,"Flat rolled prod, i/nas, not in coil, hr =>600m",0402,Semi-finished manufactures
720890,"Flat rolled prod, i/nas, not further worked tha",0402,Semi-finished manufactures
720911,"Flat rolled prod, i/nas, in coil, cr, =>600mm w",0402,Semi-finished manufactures
720912,"Flat rlld prod, i/nas, in coil, cr,=>600mm w, 1",0402,Semi-finished manufactures
720913,"Flat rlld prod,i/nas,in coil,cr,=>600mm w,0.5mm",0402,Semi-finished manufactures
720914,"Flat rlld prod, i/nas, in coil, cr,=>600mm w, <",0402,Semi-finished manufactures
720921,"Flat rolled prod, i/nas, in coil, cr, =>600mm w",0402,Semi-finished manufactures
720922,"Flat rolled prod, i/nas, in coil, cr, =>600mm w",0402,Semi-finished manufactures
720923,"Flat rlld prod, i/nas, in coil, cr,=>600mm w, 0",0402,Semi-finished manufactures
720924,"Flat rlld prod, i/nas, in coil, cr,=>600mm w, l",0402,Semi-finished manufactures
720931,"Flat rlld prod, i/nas, not in coil, cr=>600mm w",0402,Semi-finished manufactures
720932,"Flat rolled prod, i/nas, not in coil,cr=>600mm",0402,Semi-finished manufactures
720933,"Flat rlld prod,i/nas,not in coil,cr=>600mm w,0.",0402,Semi-finished manufactures
720934,"Flat rlld prod, i/nas, not in coil, cr=>600mm w",0402,Semi-finished manufactures
720941,"Flat rlld prod, i/nas, not in coil, cr=>600mm w",0402,Semi-finished manufactures
720942,"Flat rolled prod, i/nas, not in coil, cr =>600m",0402,Semi-finished manufactures
720943,"Flat rolled prod, i/nas, not in coil, cr =>600m",0402,Semi-finished manufactures
720944,"Flat rlld prod, i/nas, not in coil, cr=>600mm w",0402,Semi-finished manufactures
720990,"Flat rolled prod, i/nas, not in coil, cr =>600m",0402,Semi-finished manufactures
721011,"Flat rolled prod,i/nas, plated or coated with t",0402,Semi-finished manufactures
721012,"Flat rlld prod, i/nas, plated or coated with ti",0402,Semi-finished manufactures
721020,"Flat rlld prod,plated or coated with lead,=>600",0402,Semi-finished manufactures
721031,"Flat rolled prod,steel,electro pltd/w/ zinc,<3m",0402,Semi-finished manufactures
721039,"Flat rolled prod, i/nas, electro pltd or ctd w",0402,Semi-finished manufactures
721041,"Flat rolled prod, i/nas, pltd or ctd w zinc, co",0402,Semi-finished manufactures
721049,"Flat rolled prod, i/nas, plated or coated with",0402,Semi-finished manufactures
721050,"Flat rlld prod,i/nas,pltd or ctd w chrom oxides",0402,Semi-finished manufactures
721060,"Flat rolled prod, i/nas, plated or coated with",0402,Semi-finished manufactures
721070,"Flat rolled prod,i/nas,painted,varnish./coated",0402,Semi-finished manufactures
721090,"Flat rolled prod, i/nas, clad, plated or coated",0402,Semi-finished manufactures
721111,"Flat rlld prod,i/nas,hr,rlld on 4 face,150mm <w",0402,Semi-finished manufactures
721112,"Flat rolled prod, i/nas, hr, <600mm wide =>4.75",0402,Semi-finished manufactures
721119,"Flat rlld prod,i/nas,hr,<600mm wide <3mm thk my",0402,Semi-finished manufactures
721121,"Flat rlld prod,i/nas,hr,rlld on 4 faces,150mm <",0402,Semi-finished manufactures
721122,"Flat rolled prod, i/nas, hr, <600mm wide, =>4.7",0402,Semi-finished manufactures
721129,"Flat rolled prod, i/nas, hr, <600mm wide nes",0402,Semi-finished manufactures
721130,"Flat rlld prod,i/nas,cr,<600mm wide<3mm thk myp",0402,Semi-finished manufactures
721141,"Flat rlld prod,i/nas,cr,<600mm wide cntg by wt",0402,Semi-finished manufactures
721149,"Flat rolled prod, i/nas, cold rolled or cold re",0402,Semi-finished manufactures
721190,"Flat rolled prod, i/nas, <600mm wide, not clad,",0402,Semi-finished manufactures
721210,"Flat rolled prod, i/nas, <600mm wide, plated or",0402,Semi-finished manufactures
721221,"Flat rlld prod, steel, <600mm w, <3mm thk myp 2",0402,Semi-finished manufactures
721229,"Flat rolled prod, i/nas, <600mm wide, clad, pla",0402,Semi-finished manufactures
721230,"Flat rolled prod, i/nas, <600mm wide, o/w plate",0402,Semi-finished manufactures
721240,"Flat rolled prod,i/nas,<600mm wide,painted,varn",0402,Semi-finished manufactures
721250,"Flat rolled prod, i/nas, <600mm wide, plated or",0402,Semi-finished manufactures
721260,"Flat rolled prod, i/nas, <600mm wide, clad",0402,Semi-finished manufactures
721310,"Bars & rods, i/nas, hr,in irreg wound coils,cnt",0402,Semi-finished manufactures
721320,"Bars & rods, i/nas, hr, in irreg wound coils, o",0402,Semi-finished manufactures
721331,"Bars/rods,i/nas,hr,in irreg wnd coils of circ c",0402,Semi-finished manufactures
721339,"Bars & rods, i/nas, hr, containing by weight le",0402,Semi-finished manufactures
721341,"Bars&rods,i/nas,hr,of circ cross sect<14mm dia,",0402,Semi-finished manufactures
721349,"Bars & rods, i/nas, hr, containing by wght 0.25",0402,Semi-finished manufactures
721350,"Bars&rods,iron or non-alloy steel,hr containing",0402,Semi-finished manufactures
721410,"Bars & rods, iron or non-alloy steel forged",0402,Semi-finished manufactures
721420,"Bars&rods,i/nas,hr,hd or he,cntg indent,ribs,et",0402,Semi-finished manufactures
721430,"Bars&rods, i/nas, hot rlld drawn or extruded of",0402,Semi-finished manufactures
721440,"Bars&rods,i/nas,hot rlld,drawn/extruded,cntg by",0402,Semi-finished manufactures
721450,"Bars & rods, i/nas, hr, hd or he, cntg by wght",0402,Semi-finished manufactures
721460,"Bars & rods, i/nas, hr, hd or he, cntg by wght",0402,Semi-finished manufactures
721510,"Bars&rods,i/nas,nfw than cold formed or finishe",0402,Semi-finished manufactures
721520,"Bars & rods, i/nas, nfw than cold formed or fin",0402,Semi-finished manufactures
721530,"Bars&rods,i/nas,nfw than cold formed or finishe",0402,Semi-finished manufactures
721540,"Bars & rods, i/nas, nfw than cold formed or fin",0402,Semi-finished manufactures
721590,"Bars & rods, i/nas, nes",0402,Semi-finished manufactures
721610,"Sections, U,I or H,i/nas,nfw than hot rolled/dr",0402,Semi-finished manufactures
721621,"Sections,L,i/nas,nfw than hot rlld,drawn/extrud",0402,Semi-finished manufactures
721622,"Sections,T,i/nas,nfw than hot rlld,drawn/extrud",0402,Semi-finished manufactures
721631,"Sections,U,i/nas,nfw than hot rlld,drawn/extrud",0402,Semi-finished manufactures
721632,"Sections,I,i/nas,nfw than hot rlld,drawn/extrud",0402,Semi-finished manufactures
721633,"Sections,H,i/nas,nfw than hot rlld,drawn/extrud",0402,Semi-finished manufactures
721640,"Sections, L or T, i/nas, nfw than hot rlld, dra",0402,Semi-finished manufactures
721650,"Angles,shapes and sect,i/nas,nfw than hot rlld/",0402,Semi-finished manufactures
721660,"Angles, shapes and sections, i/nas, nfw than co",0402,Semi-finished manufactures
721690,"Angles, shapes and sections, iron or non-alloy",0402,Semi-finished manufactures
721711,"Wire,i/nas,polished or not,but not plated or co",0402,Semi-finished manufactures
721712,"Wire,i/nas,plated or coated with zinc,containin",0402,Semi-finished manufactures
721713,"Wire,i/nas,plated or coated with oth base mtls",0402,Semi-finished manufactures
721719,"Wire, i/nas, containing by weight less than 0.2",0402,Semi-finished manufactures
721721,"Wire, i/nas,polished or not,but not pltd or ctd",0402,Semi-finished manufactures
721722,"Wire, i/nas, plated or coated with zinc contnng",0402,Semi-finished manufactures
721723,"Wire,i/nas,pltd or ctd with oth base mtls nes,c",0402,Semi-finished manufactures
721729,"Wire, iron or non-alloy steel, nes containing b",0402,Semi-finished manufactures
721731,"Wire,i/nas,polished or not,but not pltd or ctd,",0402,Semi-finished manufactures
721732,"Wire,i/nas,plated or coated with zinc containin",0402,Semi-finished manufactures
721733,"Wire,i/nas,pltd or ctd with oth base mtls nes,c",0402,Semi-finished manufactures
721739,"Wire, iron or non-alloy steel, nes containing b",0402,Semi-finished manufactures
721810,"Ingots and other primary forms, stainless steel",0402,Semi-finished manufactures
721890,"Semi-finished products, stainless steel",0402,Semi-finished manufactures
721911,"Flat rlld prod,stainless steel,hr,in coil,=>600",0402,Semi-finished manufactures
721912,"Flat rlld prod, stainless steel, hr, in coil,=>",0402,Semi-finished manufactures
721913,"Flat rlld prod, stainless steel, hr in coil,=>6",0402,Semi-finished manufactures
721914,"Flat rlld prod, stainless steel, hr in coil,=>6",0402,Semi-finished manufactures
721921,"Flat rlld prod, stainless steel, hr, nic,=>600m",0402,Semi-finished manufactures
721922,"Flat rlld prod, stainless steel, hr, nic, >600m",0402,Semi-finished manufactures
721923,"Flat rlld prod, stainless steel, hr, nic, >600m",0402,Semi-finished manufactures
721924,"Flat rlld prod, stainless steel, hr, nic, >600m",0402,Semi-finished manufactures
721931,"Flat rolled prod, stainless steel, cr, >600mm w",0402,Semi-finished manufactures
721932,"Flat rolled prod, stainless steel, cr, >600mm w",0402,Semi-finished manufactures
721933,"Flat rolled prod, stainless steel, cr, 600mm wi",0402,Semi-finished manufactures
721934,"Flat rolled prod, stainless steel, cr, >600mm w",0402,Semi-finished manufactures
721935,"Flat rolled prod, stainless steel, cr, >600mm w",0402,Semi-finished manufactures
721990,"Flat rolled prod, stainless steel, 600mm or mor",0402,Semi-finished manufactures
722011,"Flat rolled prod, stainless steel, hr <600mm wi",0402,Semi-finished manufactures
722012,"Flat rolled prod, stainless steel, hr <600mm wi",0402,Semi-finished manufactures
722020,"Flat rolled prod, stainless steel, <600mm wide,",0402,Semi-finished manufactures
722090,"Flat rolled prod, stainless steel, cr <600mm wi",0402,Semi-finished manufactures
722100,"Bars & rods, stainless steel, hot rolled in irr",0402,Semi-finished manufactures
722210,"Bars & rods, stainless steel, nfw than hot roll",0402,Semi-finished manufactures
722220,"Bars & rods, stainless steel, nfw than cold for",0402,Semi-finished manufactures
722230,"Bars & rods, stainless steel, nes",0402,Semi-finished manufactures
722240,"Angles, shapes and sections, stainless steel",0402,Semi-finished manufactures
722300,Wire of stainless steel,0402,Semi-finished manufactures
722410,"Ingots & other primary forms of alloy steel, o/",0402,Semi-finished manufactures
722490,Semi-finished products of alloy steel o/t stain,0402,Semi-finished manufactures
722510,Flat rolled products of silicon-electrical stee,0402,Semi-finished manufactures
722520,Flat rolled products of high speed steel =>600m,0402,Semi-finished manufactures
722530,"Flat rlld prod, as, o/t stainless, in coils, nf",0402,Semi-finished manufactures
722540,"Flat rolled prod, as, o/t stainless, nic nfw th",0402,Semi-finished manufactures
722550,"Flat rlld prod, as, o/t stainless, nfw than col",0402,Semi-finished manufactures
722590,"Flat rolled prod, as, o/t stainless, =>600mm wi",0402,Semi-finished manufactures
722610,"Flat rolled prod, of silicon electrical steel,",0402,Semi-finished manufactures
722620,"Flat rolled prod, of high speed steel, <600mm w",0402,Semi-finished manufactures
722691,"Flat rlld prod, as, o/t stainless, nfw than hot",0402,Semi-finished manufactures
722692,"Flat rolled prod, as, o/t stainless, nfw than c",0402,Semi-finished manufactures
722699,"Flat rolled prod, as, o/t stainless, <600mm wid",0402,Semi-finished manufactures
722710,"Bars & rods, of high speed steel, hr, in irregu",0402,Semi-finished manufactures
722720,"Bars & rods, of silico-manganese steel, hr, in",0402,Semi-finished manufactures
722790,"Bars&rods,alloy steel,o/t stainless hr,in irreg",0402,Semi-finished manufactures
722810,"Bars and rods of high speed steel, nes",0402,Semi-finished manufactures
722820,Bars and rods of silico-manganese steel nes,0402,Semi-finished manufactures
722830,"Bars&rods,alloy steel,o/t stainless nfw than ho",0402,Semi-finished manufactures
722840,"Bars & rods, as, o/t stainless, not further wor",0402,Semi-finished manufactures
722850,"Bars&rods, as, o/t stainless, not further wkd t",0402,Semi-finished manufactures
722860,"Bars & rods, as, o/t stainless, nes",0402,Semi-finished manufactures
722870,"Angles, shapes and sections, as, o/t stainless,",0402,Semi-finished manufactures
722880,"Bars & rods, hollow drill, alloy or non-alloy s",0402,Semi-finished manufactures
722910,Wire of high speed steel,0402,Semi-finished manufactures
722920,Wire of silico-manganese steel,0402,Semi-finished manufactures
722990,"Wire of alloy steel, o/t stainless",0402,Semi-finished manufactures
730110,"Sheet piling,i or s whether or not drilled/punc",0402,Semi-finished manufactures
730120,"Angles, shapes and sections, welded, iron or st",0402,Semi-finished manufactures
730210,"Rails, iron or steel",0402,Semi-finished manufactures
730220,"Sleepers (cross-ties), iron or steel",0402,Semi-finished manufactures
730230,"Switch blades, crossing frogs, point rods & oth",0402,Semi-finished manufactures
730240,"Fish plates and sole plates, iron or steel",0402,Semi-finished manufactures
730290,Rail or tramway construction material of iron o,0402,Semi-finished manufactures
730300,"Tubes, pipes and hollow profiles of cast iron",0402,Semi-finished manufactures
730410,"Pipes, line, iron or steel, smls, of a kind use",0402,Semi-finished manufactures
730420,"Casings,tubing&drill pipe,i/st,smls,for use in",0402,Semi-finished manufactures
730431,"Tubes,pipe&hollow profiles,i or nas,smls,cd/cr,",0402,Semi-finished manufactures
730439,"Tubes, pipe & hollow profiles, i or nas, smls,",0402,Semi-finished manufactures
730441,"Tubes,pipe&hollow profiles,stain steel,smls,cd/",0402,Semi-finished manufactures
730449,"Tubes, pipe & hollow profiles, stainless steel,",0402,Semi-finished manufactures
730451,"Tubes,pipe&hollow profiles,as,(o/t stain) smls,",0402,Semi-finished manufactures
730459,"Tubes,pipe&hollow profiles,as,(o/t stainless) s",0402,Semi-finished manufactures
730490,"Tubes, pipe & hollow profiles, iron or steel, s",0402,Semi-finished manufactures
730511,"Pipe,line,i or s,longitudinally subm arc wld,in",0402,Semi-finished manufactures
730512,"Pipe,line,i or s,longitudinally wld w int/ext c",0402,Semi-finished manufactures
730519,"Pipe, line, i or s, int/ext circ cross sect, wl",0402,Semi-finished manufactures
730520,"Casings,i/s,int/ext circ c sect,wld ext dia >40",0402,Semi-finished manufactures
730531,"Tubes & pipe, i or s, longitudinally welded, ex",0402,Semi-finished manufactures
730539,"Tubes&pipe,i or s,welded,riveted or sim closed,",0402,Semi-finished manufactures
730590,"Tubes & pipe, i or s, riveted or sim closed, ex",0402,Semi-finished manufactures
730610,"Pipe,line,i or s,welded,riveted or sim closed,n",0402,Semi-finished manufactures
730620,"Casing/tubing,i or s,welded,riveted or sim clsd",0402,Semi-finished manufactures
730630,"Tubes,pipe&hollow profiles,iron or nas,welded,o",0402,Semi-finished manufactures
730640,"Tubes,pipe&hollow profiles,stainless steel,weld",0402,Semi-finished manufactures
730650,"Tubes, pipe & hollow profiles,al/s,(o/t stain)",0402,Semi-finished manufactures
730660,"Tubes, pipe & hollow profiles, i/s, welded, of",0402,Semi-finished manufactures
730690,"Tubes, pipe & hollow profiles, iron or steel, w",0402,Semi-finished manufactures
740110,Copper mattes,0402,Semi-finished manufactures
740120,Cement copper (precipitated copper),0402,Semi-finished manufactures
740200,"Copper unrefined, copper anodes for electrolyti",0402,Semi-finished manufactures
740311,Copper cathodes and sections of cathodes unwrou,0402,Semi-finished manufactures
740312,"Wire bars, copper, unwrought",0402,Semi-finished manufactures
740313,"Billets, copper, unwrought",0402,Semi-finished manufactures
740319,"Refined copper products, unwrought, nes",0402,Semi-finished manufactures
740321,"Copper-zinc base alloys, unwrought",0402,Semi-finished manufactures
740322,"Copper-tin base alloys, unwrought",0402,Semi-finished manufactures
740323,Copper-nickel base alloys or copper-nickel-zinc,0402,Semi-finished manufactures
740329,"Copper alloys, unwrought (other than master all",0402,Semi-finished manufactures
740400,"Waste and scrap, copper or copper alloy",0402,Semi-finished manufactures
740500,Master alloys of copper,0402,Semi-finished manufactures
740610,"Powders, copper, of non-lamellar structure",0402,Semi-finished manufactures
740620,"Powders, copper, of lamellar structure and flak",0402,Semi-finished manufactures
740710,"Bars, rods and profiles of refined copper",0402,Semi-finished manufactures
740721,"Bars, rods and profiles of copper-zinc base all",0402,Semi-finished manufactures
740722,"Bars,rods and profiles of copper-nickel or copp",0402,Semi-finished manufactures
740729,"Bars, rods and profiles, copper alloy nes",0402,Semi-finished manufactures
740811,Wire of refined copper of which the max cross s,0402,Semi-finished manufactures
740819,Wire of refined copper of which the max cross s,0402,Semi-finished manufactures
740821,"Wire, copper-zinc base alloy",0402,Semi-finished manufactures
740822,"Wire, copper-nickel base alloy or copper-nickel",0402,Semi-finished manufactures
740829,"Wire, copper alloy, nes",0402,Semi-finished manufactures
740911,"Plate, sheet & strip of refined copper, in coil",0402,Semi-finished manufactures
740919,"Plate,sheet&strip of refined copper,not in coil",0402,Semi-finished manufactures
740921,"Plate,sheet&strip of copper-zinc base alloys,in",0402,Semi-finished manufactures
740929,"Plate,sheet&strip of copper-zinc base alloys,no",0402,Semi-finished manufactures
740931,"Plate, sheet & strip of copper-tin base alloys,",0402,Semi-finished manufactures
740939,"Plate,sheet&strip of copper-tin base alloys,not",0402,Semi-finished manufactures
740940,"Plate,sheet&strip of copper-nickel or cop-nick-",0402,Semi-finished manufactures
740990,"Plate, sheet & strip of copper alloy, nes",0402,Semi-finished manufactures
741011,"Foil of refined copper, not backed",0402,Semi-finished manufactures
741012,"Foil, copper alloy, not backed",0402,Semi-finished manufactures
741021,"Foil of refined copper, backed",0402,Semi-finished manufactures
741022,"Foil, copper alloy, backed",0402,Semi-finished manufactures
741110,"Pipes and tubes, refined copper",0402,Semi-finished manufactures
741121,"Pipes and tubes, copper-zinc base alloy",0402,Semi-finished manufactures
741122,"Pipes and tubes,copper-nickel base alloy or cop",0402,Semi-finished manufactures
741129,"Pipes and tubes, copper alloy, nes",0402,Semi-finished manufactures
741210,"Fittings, pipe or tube, of refined copper",0402,Semi-finished manufactures
741220,"Fittings, pipe or tube, copper alloy",0402,Semi-finished manufactures
750110,Nickel mattes,0402,Semi-finished manufactures
750120,Nickel oxide sinters and other intermediate pro,0402,Semi-finished manufactures
750210,"Nickel unwrought, not alloyed",0402,Semi-finished manufactures
750220,"Nickel unwrought, alloyed",0402,Semi-finished manufactures
750300,"Waste and scrap, nickel",0402,Semi-finished manufactures
750400,"Powders and flakes, nickel",0402,Semi-finished manufactures
750511,"Bars, rods and profiles, nickel, not alloyed",0402,Semi-finished manufactures
750512,"Bars, rods and profiles, nickel alloy",0402,Semi-finished manufactures
750521,"Wire, nickel, not alloyed",0402,Semi-finished manufactures
750522,"Wire, nickel alloy",0402,Semi-finished manufactures
750610,"Plates, sheet, strip and foil, nickel, not allo",0402,Semi-finished manufactures
750620,"Plates, sheet, strip and foil, nickel alloy",0402,Semi-finished manufactures
750711,"Tubes and pipe, nickel, not alloyed",0402,Semi-finished manufactures
750712,"Tubes and pipe, nickel alloy",0402,Semi-finished manufactures
750720,"Fittings, pipe and tube, nickel",0402,Semi-finished manufactures
760110,"Aluminium unwrought, not alloyed",0402,Semi-finished manufactures
760120,"Aluminium unwrought, alloyed",0402,Semi-finished manufactures
760200,"Waste and scrap, aluminium",0402,Semi-finished manufactures
760310,"Powders, aluminium, of non-lamellar structure",0402,Semi-finished manufactures
760320,"Powders, aluminium, of lamellar structure, incl",0402,Semi-finished manufactures
760410,"Bars, rods and profiles, aluminium, not alloyed",0402,Semi-finished manufactures
760421,"Profiles, hollow, aluminium, alloyed",0402,Semi-finished manufactures
760429,"Bars, rods and other profiles, aluminium alloye",0402,Semi-finished manufactures
760511,"Wire,aluminium,not alloyed,with a max cross sec",0402,Semi-finished manufactures
760519,"Wire,aluminium,not alloyed,with a max cross sec",0402,Semi-finished manufactures
760521,"Wire, aluminium alloy, with a maximum cross sec",0402,Semi-finished manufactures
760529,"Wire, aluminium alloy, with a maximum cross sec",0402,Semi-finished manufactures
760611,"Plate,sheet or strip,aluminium,not alloyed,rect",0402,Semi-finished manufactures
760612,"Plate, sheet or strip, aluminium alloy, rect or",0402,Semi-finished manufactures
760691,"Plate, sheet or strip, aluminium, not alloyed,",0402,Semi-finished manufactures
760692,"Plate, sheet or strip, aluminium alloy, exceedi",0402,Semi-finished manufactures
760711,"Foil, aluminium, not backed, rolled but not fur",0402,Semi-finished manufactures
760719,"Foil, aluminium, not backed and not exceeding 0",0402,Semi-finished manufactures
760720,"Foil, aluminium, backed, not exceeding 0.2mm th",0402,Semi-finished manufactures
760810,"Tubes and pipe, aluminium, not alloyed",0402,Semi-finished manufactures
760820,"Tubes and pipe, aluminium alloy",0402,Semi-finished manufactures
760900,"Fittings,pipe or tube,aluminium,for example cou",0402,Semi-finished manufactures
780110,Lead refined unwrought,0402,Semi-finished manufactures
780191,Lead unwrought containing by wt. antimony as th,0402,Semi-finished manufactures
780199,Lead unwrought nes,0402,Semi-finished manufactures
780200,Lead waste and scrap,0402,Semi-finished manufactures
780300,"Lead bars, rods, profiles and wire",0402,Semi-finished manufactures
780411,"Lead sheets, strip and foil of a thickness (exc",0402,Semi-finished manufactures
780419,"Lead plates, sheet, strip and foil nes",0402,Semi-finished manufactures
780420,Lead powders and flakes,0402,Semi-finished manufactures
780500,"Lead pipes or tubes and fittings (for example,c",0402,Semi-finished manufactures
780600,Articles of lead nes,0402,Semi-finished manufactures
790111,Zinc not alloyed unwrought containing by weight,0402,Semi-finished manufactures
790112,Zinc not alloyed unwrought containing by weight,0402,Semi-finished manufactures
790120,Zinc alloys unwrought,0402,Semi-finished manufactures
790200,Zinc waste and scrap,0402,Semi-finished manufactures
790310,Zinc dust,0402,Semi-finished manufactures
790390,Zinc powders and flakes,0402,Semi-finished manufactures
790400,"Zinc bars, rods, profiles and wire",0402,Semi-finished manufactures
790500,"Zinc plates, sheets, strip and foil",0402,Semi-finished manufactures
790600,Zinc pipes or tubes and fittings (e.g. coupling,0402,Semi-finished manufactures
790710,"Zinc fabricated building components(ex gutters,",0402,Semi-finished manufactures
790790,Articles of zinc nes,0402,Semi-finished manufactures
800110,Tin not alloyed unwrought,0402,Semi-finished manufactures
800120,Tin alloys unwrought,0402,Semi-finished manufactures
800200,Tin waste and scrap,0402,Semi-finished manufactures
800300,"Tin bars, rods, profiles and wire",0402,Semi-finished manufactures
800400,"Tin plates, sheets and strip, of a thickness ex",0402,Semi-finished manufactures
800510,Tin foil (w/n printed or backed of a thickness,0402,Semi-finished manufactures
800520,Tin powders and flakes,0402,Semi-finished manufactures
800600,"Tin pipes or tubes and fittings (for example,co",0402,Semi-finished manufactures
800700,Tin articles nes,0402,Semi-finished manufactures
810110,"Powders, tungsten (wolfram)",0402,Semi-finished manufactures
810191,"Tungsten (wolfram) unwrought,including bars&rod",0402,Semi-finished manufactures
810192,"Tungsten profiles,plate,sheet,strip and foil,in",0402,Semi-finished manufactures
810193,"Wire, tungsten (wolfram)",0402,Semi-finished manufactures
810199,Tungsten (wolfram) and articles thereof nes,0402,Semi-finished manufactures
810210,"Powders, molybdenum",0402,Semi-finished manufactures
810291,"Molybdenum,unwrought,including bars or rods sim",0402,Semi-finished manufactures
810292,"Molybdenum profiles,plate,sheet,strip or foil,i",0402,Semi-finished manufactures
810293,"Wire, molybdenum",0402,Semi-finished manufactures
810299,Molybdenum and articles thereof nes,0402,Semi-finished manufactures
810310,Tantalum unwrought including bars&rods simply s,0402,Semi-finished manufactures
810390,Tantalum and articles thereof nes,0402,Semi-finished manufactures
810411,Magnesium unwrought containing by weight at lea,0402,Semi-finished manufactures
810419,Magnesium unwrought nes,0402,Semi-finished manufactures
810420,Magnesium waste and scrap,0402,Semi-finished manufactures
810430,"Magnesium raspings,turnings or granules graded",0402,Semi-finished manufactures
810490,Magnesium and articles thereof nes,0402,Semi-finished manufactures
810510,"Cobalt,unwrought,matte and oth intermediate pro",0402,Semi-finished manufactures
810590,"Cobalt and articles thereof, nes",0402,Semi-finished manufactures
810600,"Bismuth and articles thereof, including waste a",0402,Semi-finished manufactures
810710,"Cadmium, unwrought; waste and scrap; powders",0402,Semi-finished manufactures
810790,"Cadmium and articles thereof, nes",0402,Semi-finished manufactures
810810,Titanium unwrought; waste and scrap; powders,0402,Semi-finished manufactures
810890,"Titanium and articles thereof, nes",0402,Semi-finished manufactures
810910,Zirconium unwrought; waste and scrap; powders,0402,Semi-finished manufactures
810990,"Zirconium and articles thereof, nes",0402,Semi-finished manufactures
811000,"Antimony and articles thereof, including waste",0402,Semi-finished manufactures
811100,"Manganese and articles thereof, including waste",0402,Semi-finished manufactures
811211,Beryllium unwrought; waste and scrap; powders,0402,Semi-finished manufactures
811219,"Beryllium and articles thereof, nes",0402,Semi-finished manufactures
811220,"Chromium and articles thereof, including waste,",0402,Semi-finished manufactures
811230,"Germanium and articles thereof, including waste",0402,Semi-finished manufactures
811240,"Vanadium and articles thereof, including waste,",0402,Semi-finished manufactures
811291,"Gallium,hafnium,indium,niobium,rhenium or thall",0402,Semi-finished manufactures
811299,"Gallium,hafnium,indium,niobium,rhenium or thall",0402,Semi-finished manufactures
811300,"Cermets and articles thereof, including waste a",0402,Semi-finished manufactures
730711,"Fittings, pipe or tube, of non-malleable cast i",0403,Metal manufactures
730719,"Fittings, pipe or tube, cast, of iron or steel,",0403,Metal manufactures
730721,"Flanges, stainless steel",0403,Metal manufactures
730722,"Threaded elbows, bends and sleeves of stainless",0403,Metal manufactures
730723,"Fittings, butt welding, stainless steel",0403,Metal manufactures
730729,"Fittings pipe or tube of stainless steel, nes",0403,Metal manufactures
730791,"Flanges, iron or steel, nes",0403,Metal manufactures
730792,"Threaded elbows, bend and sleeves, iron or stee",0403,Metal manufactures
730793,"Fittings, but welding, iron or steel, nes",0403,Metal manufactures
730799,"Fittings, pipe or tube, iron or steel, nes",0403,Metal manufactures
730810,"Bridges and bridge sections, iron or steel",0403,Metal manufactures
730820,"Towers and lattice masts, iron or steel",0403,Metal manufactures
730830,"Doors, windows and their frames and thresholds",0403,Metal manufactures
730840,"Equipment for scaffolding, shuttering, propping",0403,Metal manufactures
730890,"Structures and parts of structures,i or s",0403,Metal manufactures
730900,"Reservoirs, tanks, vats & sim ctnr, cap >300L,",0403,Metal manufactures
731010,"Tanks, casks, drums, cans, boxes&sim contr, i o",0403,Metal manufactures
731021,"Cans,iron or steel,cap<50 litres,to be closed b",0403,Metal manufactures
731029,"Cans, iron or steel, capacity <50 litres nes",0403,Metal manufactures
731100,Containers for compressed or liquefied gas of i,0403,Metal manufactures
731210,"Stranded wire,ropes and cables of iron or steel",0403,Metal manufactures
731290,"Plaited bands, slings and the like of iron or s",0403,Metal manufactures
731300,"Wire,barbed,twisted hoop,single flat or twisted",0403,Metal manufactures
731411,"Woven products, stainless steel",0403,Metal manufactures
731419,"Woven products, iron or steel, other than stain",0403,Metal manufactures
731420,"Grill,netting,fencing,i or s,welded inter,cross",0403,Metal manufactures
731430,"Grill, netting, fencing, iron or steel, welded",0403,Metal manufactures
731441,"Grill, netting, fencing, iron or steel, plated",0403,Metal manufactures
731442,"Grill, netting, fencing, iron or steel, coated",0403,Metal manufactures
731449,"Grill, netting, fencing, iron or steel, nes",0403,Metal manufactures
731450,"Expanded metal, iron or steel",0403,Metal manufactures
731511,"Chain, roller, iron or steel",0403,Metal manufactures
731512,"Chain, articulated link, iron or steel, nes",0403,Metal manufactures
731519,"Chain parts, articulated link, iron or steel",0403,Metal manufactures
731520,"Chain, skid, iron or steel",0403,Metal manufactures
731581,"Chain, stud link, iron or steel",0403,Metal manufactures
731582,"Chain, welded link, iron or steel, nes",0403,Metal manufactures
731589,"Chain, iron or steel, nes",0403,Metal manufactures
731590,"Chain parts, iron or steel, nes",0403,Metal manufactures
731600,"Anchors, grapnels and parts thereof of iron or",0403,Metal manufactures
731700,"Nails, staples & sim art, i or s,excl art of he",0403,Metal manufactures
731811,"Screws, coach, iron or steel",0403,Metal manufactures
731812,"Screws, wood, iron or steel, nes",0403,Metal manufactures
731813,Screw hooks and screw rings of iron or steel,0403,Metal manufactures
731814,"Screws, self-tapping, iron or steel",0403,Metal manufactures
731815,"Bolts or screws nes, with or without their nuts",0403,Metal manufactures
731816,"Nuts, iron or steel, nes",0403,Metal manufactures
731819,"Threaded articles of iron or steel, nes",0403,Metal manufactures
731821,"Washers, spring or lock, iron or steel",0403,Metal manufactures
731822,"Washers, iron or steel, nes",0403,Metal manufactures
731823,"Rivets, iron or steel",0403,Metal manufactures
731824,"Cotters and cotter-pins, iron or steel",0403,Metal manufactures
731829,"Non-threaded articles of iron or steel, nes",0403,Metal manufactures
731910,"Needles, sewing, darning or embroidery, iron or",0403,Metal manufactures
731920,"Pins, safety, iron or steel",0403,Metal manufactures
731930,"Pins, iron or steel, nes",0403,Metal manufactures
731990,"Articles for use in the hand, i or s, similar t",0403,Metal manufactures
732010,"Springs, leaf and leaves therefor, iron or stee",0403,Metal manufactures
732020,"Springs, helical, iron or steel",0403,Metal manufactures
732090,"Springs, iron or steel, nes",0403,Metal manufactures
732310,"Iron or steel wool,incl pot scourers,polishing",0403,Metal manufactures
732391,"Table,kitchen or oth household art&parts thereo",0403,Metal manufactures
732392,"Table, kitchen or other household art & parts,",0403,Metal manufactures
732393,"Table, kitchen or oth household art&parts there",0403,Metal manufactures
732394,"Table, kitchen or other household art & parts t",0403,Metal manufactures
732399,"Table,kitchen or oth household art&parts thereo",0403,Metal manufactures
732410,"Sinks and wash basins, stainless steel",0403,Metal manufactures
732421,"Baths, cast iron, enamelled or not",0403,Metal manufactures
732429,"Baths, iron or steel, nes",0403,Metal manufactures
732490,"Sanitary ware&parts thereof,i or s,nes,for exam",0403,Metal manufactures
732510,Cast articles of non-malleable cast iron nes,0403,Metal manufactures
732591,"Balls, grinding and similar articles of iron or",0403,Metal manufactures
732599,"Articles of iron or steel, cast, nes",0403,Metal manufactures
732611,"Balls,grinding and similar art. of i or s,forge",0403,Metal manufactures
732619,"Articles of iron or steel, forged or stamped, b",0403,Metal manufactures
732620,"Articles of wire, iron or steel, nes",0403,Metal manufactures
732690,"Articles, iron or steel, nes",0403,Metal manufactures
741300,"Stranded wire,cable,plaited bands and like of c",0403,Metal manufactures
741410,Endless bands of copper wire for machinery,0403,Metal manufactures
741490,"Cloth, grill and netting of copper wire and exp",0403,Metal manufactures
741510,"Nails, tacks, drawing pins,staples & sim art of",0403,Metal manufactures
741521,"Washers, copper, including spring washers",0403,Metal manufactures
741529,"Art. of copper,not threaded,nes,similar to thos",0403,Metal manufactures
741531,"Screws, copper, for wood",0403,Metal manufactures
741532,"Screws, bolts and nuts of copper excluding wood",0403,Metal manufactures
741539,"Articles of copper threaded, nes similar to bol",0403,Metal manufactures
741600,"Springs, copper",0403,Metal manufactures
741700,"Cooking or heating apparatus, domestic, non-ele",0403,Metal manufactures
741810,"Table, kitchen or other household articles and",0403,Metal manufactures
741820,Sanitary ware and parts thereof of copper,0403,Metal manufactures
741910,Chain and parts thereof of copper,0403,Metal manufactures
741991,"Articles of copper, not further wkd than cast,",0403,Metal manufactures
741999,"Articles of copper, nes",0403,Metal manufactures
750800,"Articles of nickel, nes",0403,Metal manufactures
761010,"Doors, windows and their frames and thresholds",0403,Metal manufactures
761090,"Structures&parts,alum,eg plate,rods etc,for str",0403,Metal manufactures
761100,"Reservoirs,vats&similar cont of aluminium,cap >",0403,Metal manufactures
761210,"Containers, collapsible tubular, aluminium",0403,Metal manufactures
761290,"Containers, alum, cap <300L, lined or heated, n",0403,Metal manufactures
761300,"Containers, aluminium, for compressed or liquef",0403,Metal manufactures
761410,"Stranded wire,cables,plaited bands,etc,alum,ste",0403,Metal manufactures
761490,"Stranded wire,cables,plaited bands and like or",0403,Metal manufactures
761510,"Table,kitchen&household art,alum&parts,nes,eg p",0403,Metal manufactures
761520,"Sanitary ware&parts thereof,aluminium for the k",0403,Metal manufactures
761610,"Nails,tacks,staples,bolts,nuts&sim art,aluminiu",0403,Metal manufactures
761690,"Articles of aluminium, nes, for example casting",0403,Metal manufactures
820110,Spades and shovels,0403,Metal manufactures
820120,Forks,0403,Metal manufactures
820130,"Mattocks, picks, hoes and rakes",0403,Metal manufactures
820140,"Aces, bill hooks and similar hewing tools",0403,Metal manufactures
820150,Secateurs and similar one-handed pruners and sh,0403,Metal manufactures
820160,"Hedge shears, two-handed pruning shears and sim",0403,Metal manufactures
820190,"Scythes, sickles and oth hand tools used in agr",0403,Metal manufactures
820210,Hand saws,0403,Metal manufactures
820220,Band saw blades,0403,Metal manufactures
820231,Circular saw blades with working part of steel,0403,Metal manufactures
820232,Circular saw blades with working part of other,0403,Metal manufactures
820240,Chain saw blades,0403,Metal manufactures
820291,"Straight saw blades, for working metal",0403,Metal manufactures
820299,"Stone cutting saw blades, friction discs for cu",0403,Metal manufactures
820310,"Files, rasps and similar tools",0403,Metal manufactures
820320,"Pliers (including cutting pliers), pincers, twe",0403,Metal manufactures
820330,"Metal cutting shears, tinmen's snips and oth me",0403,Metal manufactures
820340,"Pipe-cutters, bolt croppers, perforating punche",0403,Metal manufactures
820411,"Wrenches, hand-operated, with non-adjustable ja",0403,Metal manufactures
820412,"Wrenches, hand-operated, with adjustable jaws",0403,Metal manufactures
820420,Wrench sockets including ratchet handles extens,0403,Metal manufactures
820510,"Drilling, threading or tapping tools",0403,Metal manufactures
820520,Hammers and sledge hammers,0403,Metal manufactures
820530,"Planes, chisels, gouges and similar cutting too",0403,Metal manufactures
820540,Screwdrivers,0403,Metal manufactures
820551,"Curling irons, cork screws, nut-crackers and ot",0403,Metal manufactures
820559,"Tools for masons, watchmakers, miners and hand",0403,Metal manufactures
820560,Blow torches,0403,Metal manufactures
820570,"Vices, clamps and the like",0403,Metal manufactures
820580,"Anvils, portable forges and hand or pedal-opera",0403,Metal manufactures
820590,Sets of articles of two or more of the foregoin,0403,Metal manufactures
820600,Tools of two or more of the heading Nos 82.02 t,0403,Metal manufactures
820711,Rock drilling or earth boring tools with workin,0403,Metal manufactures
820712,Rock drilling or earth boring tools with workin,0403,Metal manufactures
820720,Dies for drawing or extruding metal,0403,Metal manufactures
820730,"Tools for pressing, stamping or punching",0403,Metal manufactures
820740,Tools for taping or threading,0403,Metal manufactures
820750,"Tools for drilling, other than for rock drillin",0403,Metal manufactures
820760,Tools for boring or broaching,0403,Metal manufactures
820770,Tools for milling,0403,Metal manufactures
820780,Tools for turning,0403,Metal manufactures
820790,"Screwdriver bits, lapping tools and other inter",0403,Metal manufactures
820810,Knives and blades for machines or mechanical ap,0403,Metal manufactures
820820,Knives and blades for machines or mechanical ap,0403,Metal manufactures
820830,Knives and blades for kitchen appliances or foo,0403,Metal manufactures
820840,"Knives and blades for agricultural, horticultur",0403,Metal manufactures
820890,"Knives and blades for leather, paper, tobacco m",0403,Metal manufactures
820900,"Plates, tips and the like for tools of sintered",0403,Metal manufactures
821000,"Hand-operated mechanical appliances,weighing 10",0403,Metal manufactures
821110,Sets of different knives or sets of different a,0403,Metal manufactures
821191,Table knives having fixed blades,0403,Metal manufactures
821192,"Butcher's knives, hunting knives and other kniv",0403,Metal manufactures
821193,Pocket and pen knives and other knives with fol,0403,Metal manufactures
821194,Blades for knives of hd 8211.10 to 8211.94,0403,Metal manufactures
821210,Razors including safety razors and open blade t,0403,Metal manufactures
821220,"Safety razor blades, including razor blade blan",0403,Metal manufactures
821290,Parts of non-electric razors,0403,Metal manufactures
821300,"Scissors, tailors' shears and similar shears, a",0403,Metal manufactures
821410,"Paper knives,letter openers,erasing knives,penc",0403,Metal manufactures
821420,Manicure or pedicure sets and instruments (incl,0403,Metal manufactures
821490,"Kitchen chopper, cleavers and mincing knives an",0403,Metal manufactures
821510,Tableware sets containing at least one article,0403,Metal manufactures
821520,Tableware sets not containing articles plated w,0403,Metal manufactures
821591,Tableware articles not in sets plated with prec,0403,Metal manufactures
821599,Tableware articles not in sets and not plated w,0403,Metal manufactures
830110,Padlocks of base metal,0403,Metal manufactures
830120,Locks of a kind used for motor vehicles of base,0403,Metal manufactures
830130,Locks of a kind used for furniture of base meta,0403,Metal manufactures
830140,"Locks of base metal, nes",0403,Metal manufactures
830150,"Clasps and frames with clasps, incorporating lo",0403,Metal manufactures
830160,"Lock parts,including parts of clasps or frames",0403,Metal manufactures
830170,"Keys, including blanks for keys presented separ",0403,Metal manufactures
830210,Hinges of base metal,0403,Metal manufactures
830220,Castors of base metal,0403,Metal manufactures
830230,"Mountings,fittings and similar art. of base mtl",0403,Metal manufactures
830241,"Mountings, fittings and similar articles of bas",0403,Metal manufactures
830242,"Mountings, fittings and similar articles of bas",0403,Metal manufactures
830249,"Mountings, fittings and similar articles of bas",0403,Metal manufactures
830250,"Hat-racks, hat-pegs, brackets and similar fixtu",0403,Metal manufactures
830260,"Door closures, automatic, of base metal",0403,Metal manufactures
830300,"Safes,safe deposit lockers,cash,deep or strong",0403,Metal manufactures
830610,"Bells, gongs and the like, of base metal",0403,Metal manufactures
830621,Statuettes and other ornaments plated with prec,0403,Metal manufactures
830629,"Statuettes and other ornaments, nes",0403,Metal manufactures
830630,"Photograph, picture, or similar frames and mirr",0403,Metal manufactures
830710,"Tubing, flexible, with or without fittings of i",0403,Metal manufactures
830790,"Tubing, flexible, with or without fittings, of",0403,Metal manufactures
830810,"Hooks,eyes and eyelets of base mtl for clothing",0403,Metal manufactures
830820,"Rivets,tubular or bifurcated,of base mtl for cl",0403,Metal manufactures
830890,"Beads, spangles & other made up art nes,for clo",0403,Metal manufactures
830910,"Corks, crown, of base metal",0403,Metal manufactures
830990,"Stoppers,caps,lids,seals and oth packing access",0403,Metal manufactures
831000,"Letters,numbers,sign plates&sim art of base mtl",0403,Metal manufactures
831110,"Electrodes, coated, of base metal, for electric",0403,Metal manufactures
831120,"Wire, cored, of base metal, for electric arc we",0403,Metal manufactures
831130,Coated rods and cored wire of base mtl for sold,0403,Metal manufactures
831190,"Electrodes&sim prod of base mtl/mtl carbd,nes,f",0403,Metal manufactures
270500,"Coal gas, water gas, producer gas and similar g",0502,"Chemicals, semi-finished manufactures"
280110,Chlorine,0502,"Chemicals, semi-finished manufactures"
280120,Iodine,0502,"Chemicals, semi-finished manufactures"
280130,Fluorine; bromine,0502,"Chemicals, semi-finished manufactures"
280200,"Sulphur, sublimed or precipitated; colloidal su",0502,"Chemicals, semi-finished manufactures"
280300,Carbon (carbon blacks and other forms of carbon,0502,"Chemicals, semi-finished manufactures"
280410,Hydrogen,0502,"Chemicals, semi-finished manufactures"
280421,Argon,0502,"Chemicals, semi-finished manufactures"
280429,Rare gases (excl. argon),0502,"Chemicals, semi-finished manufactures"
280430,Nitrogen,0502,"Chemicals, semi-finished manufactures"
280440,Oxygen,0502,"Chemicals, semi-finished manufactures"
280450,Boron; tellurium,0502,"Chemicals, semi-finished manufactures"
280461,Silicon containing by weight >=99.99% silicon,0502,"Chemicals, semi-finished manufactures"
280469,Silicon containing by weight <99.99% silicon,0502,"Chemicals, semi-finished manufactures"
280470,Phosphorus,0502,"Chemicals, semi-finished manufactures"
280480,Arsenic,0502,"Chemicals, semi-finished manufactures"
280490,Selenium,0502,"Chemicals, semi-finished manufactures"
280511,Sodium,0502,"Chemicals, semi-finished manufactures"
280519,Alkali metals (excl. sodium),0502,"Chemicals, semi-finished manufactures"
280521,Calcium,0502,"Chemicals, semi-finished manufactures"
280522,Strontium and barium,0502,"Chemicals, semi-finished manufactures"
280530,"Rare-earth metals, scandium and yttrium",0502,"Chemicals, semi-finished manufactures"
280540,Mercury,0502,"Chemicals, semi-finished manufactures"
280610,Hydrogen chloride (hydrochloric acid),0502,"Chemicals, semi-finished manufactures"
280620,Chlorosulphuric acid,0502,"Chemicals, semi-finished manufactures"
280700,Sulphuric acid; oleum,0502,"Chemicals, semi-finished manufactures"
280800,Nitric acid; sulphonitric acids,0502,"Chemicals, semi-finished manufactures"
280910,Diphosphorus pentaoxide,0502,"Chemicals, semi-finished manufactures"
280920,Phosphoric acid and polyphosphoric acids,0502,"Chemicals, semi-finished manufactures"
281000,Oxides of boron; boric acids,0502,"Chemicals, semi-finished manufactures"
281111,Hydrogen fluoride (hydrofluoric acid),0502,"Chemicals, semi-finished manufactures"
281119,"Other inorganic acids, nes",0502,"Chemicals, semi-finished manufactures"
281121,Carbon dioxide,0502,"Chemicals, semi-finished manufactures"
281122,Silicon dioxide,0502,"Chemicals, semi-finished manufactures"
281123,Sulphur dioxide,0502,"Chemicals, semi-finished manufactures"
281129,"Other inorganic oxygen compounds of non-metals,",0502,"Chemicals, semi-finished manufactures"
281210,Chlorides and chlorides oxides of non-metals,0502,"Chemicals, semi-finished manufactures"
281290,"Halides and halide oxides of non-metals, nes",0502,"Chemicals, semi-finished manufactures"
281310,Carbon disulphide,0502,"Chemicals, semi-finished manufactures"
281390,Sulphides of non-metals (excl. carbon)commercia,0502,"Chemicals, semi-finished manufactures"
281410,Anhydrous ammonia,0502,"Chemicals, semi-finished manufactures"
281420,Ammonia in aqueous solution,0502,"Chemicals, semi-finished manufactures"
281511,"Sodium hydroxide (caustic soda), solid",0502,"Chemicals, semi-finished manufactures"
281512,Sodium hydroxide in aqueous solution (soda lye,0502,"Chemicals, semi-finished manufactures"
281520,Potassium hydroxide (caustic potash),0502,"Chemicals, semi-finished manufactures"
281530,Peroxides of sodium or potassium,0502,"Chemicals, semi-finished manufactures"
281610,Hydroxide and peroxide of magnesium,0502,"Chemicals, semi-finished manufactures"
281620,"Oxide, hydroxide and peroxide of strontium",0502,"Chemicals, semi-finished manufactures"
281630,"Oxide, hydroxide and peroxide of barium",0502,"Chemicals, semi-finished manufactures"
281700,Zinc oxide; zinc peroxide,0502,"Chemicals, semi-finished manufactures"
281810,"Artificial corundum, whether or not chemically",0502,"Chemicals, semi-finished manufactures"
281820,"Aluminium oxide, other than artificial corundum",0502,"Chemicals, semi-finished manufactures"
281830,Aluminium hydroxide,0502,"Chemicals, semi-finished manufactures"
281910,Chromium trioxide,0502,"Chemicals, semi-finished manufactures"
281990,Chromium oxides and hydroxides (excl. chromium,0502,"Chemicals, semi-finished manufactures"
282010,Manganese dioxide,0502,"Chemicals, semi-finished manufactures"
282090,Manganese oxides (excl. manganese dioxide),0502,"Chemicals, semi-finished manufactures"
282110,Iron oxides and hydroxides,0502,"Chemicals, semi-finished manufactures"
282120,Earth colours containing >=70% iron(III)oxide,0502,"Chemicals, semi-finished manufactures"
282200,Cobalt oxides and hydroxides; commercial cobalt,0502,"Chemicals, semi-finished manufactures"
282300,Titanium oxides,0502,"Chemicals, semi-finished manufactures"
282410,"Lead monoxide (litharge, massicot)",0502,"Chemicals, semi-finished manufactures"
282420,Red lead and orange lead,0502,"Chemicals, semi-finished manufactures"
282490,"Lead oxides, nes",0502,"Chemicals, semi-finished manufactures"
282510,Hydrazine and hydroxylamine and their inorganic,0502,"Chemicals, semi-finished manufactures"
282520,Lithium oxide and hydroxide,0502,"Chemicals, semi-finished manufactures"
282530,Vanadium oxides and hydroxides,0502,"Chemicals, semi-finished manufactures"
282540,Nickel oxides and hydroxides,0502,"Chemicals, semi-finished manufactures"
282550,Copper oxides and hydroxides,0502,"Chemicals, semi-finished manufactures"
282560,Germanium oxides and zirconium dioxides,0502,"Chemicals, semi-finished manufactures"
282570,Molybdenum oxides and hydroxides,0502,"Chemicals, semi-finished manufactures"
282580,Antimony oxides,0502,"Chemicals, semi-finished manufactures"
282590,"Other inorganic bases; other metal oxides, hydr",0502,"Chemicals, semi-finished manufactures"
282611,Fluorides of ammonium or of sodium,0502,"Chemicals, semi-finished manufactures"
282612,Fluorides of aluminium,0502,"Chemicals, semi-finished manufactures"
282619,"Fluorides, nes",0502,"Chemicals, semi-finished manufactures"
282620,Fluorosilicates of sodium or of potassium,0502,"Chemicals, semi-finished manufactures"
282630,Sodium hexafloroaluminate (synthetic cryolite),0502,"Chemicals, semi-finished manufactures"
282690,Fluoroaluminates and other complex fluorine sal,0502,"Chemicals, semi-finished manufactures"
282710,Ammonium chloride,0502,"Chemicals, semi-finished manufactures"
282720,Calcium chloride,0502,"Chemicals, semi-finished manufactures"
282731,Magnesium chloride,0502,"Chemicals, semi-finished manufactures"
282732,Aluminium chloride,0502,"Chemicals, semi-finished manufactures"
282733,Iron chloride,0502,"Chemicals, semi-finished manufactures"
282734,Cobalt chloride,0502,"Chemicals, semi-finished manufactures"
282735,Nickel chloride,0502,"Chemicals, semi-finished manufactures"
282736,Zinc chloride,0502,"Chemicals, semi-finished manufactures"
282737,Tin chloride,0502,"Chemicals, semi-finished manufactures"
282738,Barium chloride,0502,"Chemicals, semi-finished manufactures"
282739,"Chlorides, nes",0502,"Chemicals, semi-finished manufactures"
282741,Chloride oxides and chloride hydroxides of copp,0502,"Chemicals, semi-finished manufactures"
282749,Chloride oxides and chloride hydroxides (excl.,0502,"Chemicals, semi-finished manufactures"
282751,Bromides of sodium or of potassium,0502,"Chemicals, semi-finished manufactures"
282759,Bromides and bromide oxides (excl. of sodium an,0502,"Chemicals, semi-finished manufactures"
282760,Iodides and iodide oxides,0502,"Chemicals, semi-finished manufactures"
282810,Commercial calcium hypochlorite and other calci,0502,"Chemicals, semi-finished manufactures"
282890,Hypochlorites (excl. of calcium) and chlorites;,0502,"Chemicals, semi-finished manufactures"
282911,Chlorates of sodium,0502,"Chemicals, semi-finished manufactures"
282919,Chlorates (excl. of sodium),0502,"Chemicals, semi-finished manufactures"
282990,Perchlorates; bromates and perbromates; iodates,0502,"Chemicals, semi-finished manufactures"
283010,Sodium sulphides,0502,"Chemicals, semi-finished manufactures"
283020,Zinc sulphide,0502,"Chemicals, semi-finished manufactures"
283030,Cadmium sulphide,0502,"Chemicals, semi-finished manufactures"
283090,Other sulphides and polysulphides,0502,"Chemicals, semi-finished manufactures"
283110,Dithionites and sulphoxylates of sodium,0502,"Chemicals, semi-finished manufactures"
283190,Dithionites and sulphoxylates (excl. of sodium),0502,"Chemicals, semi-finished manufactures"
283210,Sodium sulphites,0502,"Chemicals, semi-finished manufactures"
283220,Sulphites (excl. sodium),0502,"Chemicals, semi-finished manufactures"
283230,Thiosulphates,0502,"Chemicals, semi-finished manufactures"
283311,Disodium sulphate,0502,"Chemicals, semi-finished manufactures"
283319,Sodium sulphates (excl. disodium sulphate),0502,"Chemicals, semi-finished manufactures"
283321,Sulphates of magnesium,0502,"Chemicals, semi-finished manufactures"
283322,Sulphates of aluminium,0502,"Chemicals, semi-finished manufactures"
283323,Sulphates of chromium,0502,"Chemicals, semi-finished manufactures"
283324,Sulphates of nickel,0502,"Chemicals, semi-finished manufactures"
283325,Sulphates of copper,0502,"Chemicals, semi-finished manufactures"
283326,Sulphates of zinc,0502,"Chemicals, semi-finished manufactures"
283327,Sulphates of barium,0502,"Chemicals, semi-finished manufactures"
283329,"Other sulphates, nes",0502,"Chemicals, semi-finished manufactures"
283330,Alums,0502,"Chemicals, semi-finished manufactures"
283340,Peroxosulphates (persulphates),0502,"Chemicals, semi-finished manufactures"
283410,Nitrites,0502,"Chemicals, semi-finished manufactures"
283421,Nitrates of potassium,0502,"Chemicals, semi-finished manufactures"
283422,Nitrates of bismuth,0502,"Chemicals, semi-finished manufactures"
283429,Nitrates of barium; of beryllium; of cadmium; o,0502,"Chemicals, semi-finished manufactures"
283510,Phosphinates and phosphonates,0502,"Chemicals, semi-finished manufactures"
283521,Phosphates of triammonium,0502,"Chemicals, semi-finished manufactures"
283522,Phosphates of mono or disodium,0502,"Chemicals, semi-finished manufactures"
283523,Phosphates of trisodium,0502,"Chemicals, semi-finished manufactures"
283524,Phosphates of potassium,0502,"Chemicals, semi-finished manufactures"
283525,Calcium hydrogenorthophosphate (dicalcium phosp,0502,"Chemicals, semi-finished manufactures"
283526,"Phosphates of calcium, nes",0502,"Chemicals, semi-finished manufactures"
283529,Phosphates (excl. polyphosphates),0502,"Chemicals, semi-finished manufactures"
283531,Sodium triphosphate (sodium tripolyphosphates),0502,"Chemicals, semi-finished manufactures"
283539,"Polyphosphates, nes",0502,"Chemicals, semi-finished manufactures"
283610,Commercial ammonium carbonate and other ammoniu,0502,"Chemicals, semi-finished manufactures"
283620,Disodium carbonate,0502,"Chemicals, semi-finished manufactures"
283630,Sodium hydrogencarbonate (sodium bicarbonate),0502,"Chemicals, semi-finished manufactures"
283640,Potassium carbonates,0502,"Chemicals, semi-finished manufactures"
283650,Calcium carbonate,0502,"Chemicals, semi-finished manufactures"
283660,Barium carbonate,0502,"Chemicals, semi-finished manufactures"
283670,Lead carbonate,0502,"Chemicals, semi-finished manufactures"
283691,Lithium carbonates,0502,"Chemicals, semi-finished manufactures"
283692,Strontium carbonate,0502,"Chemicals, semi-finished manufactures"
283693,Bismuth carbonate,0502,"Chemicals, semi-finished manufactures"
283699,Other carbonates; peroxocarbonates,0502,"Chemicals, semi-finished manufactures"
283711,Cyanides and cyanide oxides of sodium,0502,"Chemicals, semi-finished manufactures"
283719,"Cyanides, cyanide oxides (excl. sodium)",0502,"Chemicals, semi-finished manufactures"
283720,Complex cyanides,0502,"Chemicals, semi-finished manufactures"
283800,Fulminates; cyanates and thiocyanates,0502,"Chemicals, semi-finished manufactures"
283911,Sodium metasilicates,0502,"Chemicals, semi-finished manufactures"
283919,Silicates of sodium (excl. metasilicates),0502,"Chemicals, semi-finished manufactures"
283920,Silicates of potassium,0502,"Chemicals, semi-finished manufactures"
283990,Other silicates (excl. of sodium and potassium),0502,"Chemicals, semi-finished manufactures"
284011,Anhydrous disodium tetraborate (refined borax),0502,"Chemicals, semi-finished manufactures"
284019,"Disodium tetraborate, not anhydrous",0502,"Chemicals, semi-finished manufactures"
284020,"Other borates, nes",0502,"Chemicals, semi-finished manufactures"
284030,Peroxoborates,0502,"Chemicals, semi-finished manufactures"
284110,Aluminates,0502,"Chemicals, semi-finished manufactures"
284120,Chromates of zinc or of lead,0502,"Chemicals, semi-finished manufactures"
284130,Sodium dichromate,0502,"Chemicals, semi-finished manufactures"
284140,Potassium dichromate,0502,"Chemicals, semi-finished manufactures"
284150,"Other chromates and dichromates, nes; peroxochr",0502,"Chemicals, semi-finished manufactures"
284160,"Manganites, manganates and permanganates",0502,"Chemicals, semi-finished manufactures"
284170,Molybdates,0502,"Chemicals, semi-finished manufactures"
284180,Tungstates (wolframates),0502,"Chemicals, semi-finished manufactures"
284190,Other salts of oxometallic and peroxometallic a,0502,"Chemicals, semi-finished manufactures"
284210,Double or complex silicates,0502,"Chemicals, semi-finished manufactures"
284290,Other salts of inorganic acids or peroxoacids (,0502,"Chemicals, semi-finished manufactures"
284310,Colloidal precious metals,0502,"Chemicals, semi-finished manufactures"
284321,Silver nitrate,0502,"Chemicals, semi-finished manufactures"
284329,Silver compounds (excl. silver nitrate),0502,"Chemicals, semi-finished manufactures"
284330,Gold compounds,0502,"Chemicals, semi-finished manufactures"
284390,"Other compounds, nes, and amalgams of precious",0502,"Chemicals, semi-finished manufactures"
284410,"Natural uranium and its compounds, etc",0502,"Chemicals, semi-finished manufactures"
284420,Enriched uranium and plutonium and their compou,0502,"Chemicals, semi-finished manufactures"
284430,Depleted uranium and thorium and their compound,0502,"Chemicals, semi-finished manufactures"
284440,Radioactive elements/isotopes and their compoun,0502,"Chemicals, semi-finished manufactures"
284450,Spent (irradiated) fuel elements (cartridges) o,0502,"Chemicals, semi-finished manufactures"
284510,Heavy water (deuterium oxide),0502,"Chemicals, semi-finished manufactures"
284590,Other isotopes and their inorganic or organic c,0502,"Chemicals, semi-finished manufactures"
284610,Cerium compounds,0502,"Chemicals, semi-finished manufactures"
284690,"Compounds, inorganic or organic, of rare-earth",0502,"Chemicals, semi-finished manufactures"
284700,Hydrogen peroxide,0502,"Chemicals, semi-finished manufactures"
284810,"Phosphides of copper (phosphor copper), contain",0502,"Chemicals, semi-finished manufactures"
284890,"Phosphides of other metals, nes, or of non-meta",0502,"Chemicals, semi-finished manufactures"
284910,Carbides of calcium,0502,"Chemicals, semi-finished manufactures"
284920,Carbides of silicon,0502,"Chemicals, semi-finished manufactures"
284990,Other carbides (excl. of calcium and silicon),0502,"Chemicals, semi-finished manufactures"
285000,"Hydrides, nitrides, azides, silicides and borid",0502,"Chemicals, semi-finished manufactures"
285100,Other inorganic compounds; liquid air; compress,0502,"Chemicals, semi-finished manufactures"
290110,"Acyclic hydrocarbons, saturated",0502,"Chemicals, semi-finished manufactures"
290121,Ethylene,0502,"Chemicals, semi-finished manufactures"
290122,Propene (propylene),0502,"Chemicals, semi-finished manufactures"
290123,Butene (butylene) and isomers thereof,0502,"Chemicals, semi-finished manufactures"
290124,"Buta-1,3-diene and isoprene",0502,"Chemicals, semi-finished manufactures"
290129,"Unsaturated acyclic hydrocarbons, nes",0502,"Chemicals, semi-finished manufactures"
290211,Cyclohexane,0502,"Chemicals, semi-finished manufactures"
290219,"Cyclanes, cyclenes and cycloterpenes",0502,"Chemicals, semi-finished manufactures"
290220,Benzene,0502,"Chemicals, semi-finished manufactures"
290230,Toluene,0502,"Chemicals, semi-finished manufactures"
290241,o-Xylene,0502,"Chemicals, semi-finished manufactures"
290242,m-Xylene,0502,"Chemicals, semi-finished manufactures"
290243,p-Xylene,0502,"Chemicals, semi-finished manufactures"
290244,Mixed xylene isomers,0502,"Chemicals, semi-finished manufactures"
290250,Styrene,0502,"Chemicals, semi-finished manufactures"
290260,Ethylbenzene,0502,"Chemicals, semi-finished manufactures"
290270,Cumene,0502,"Chemicals, semi-finished manufactures"
290290,"Other cyclic hydrocarbons, nes",0502,"Chemicals, semi-finished manufactures"
290311,Chloromethane (methyl chloride) and chloroethan,0502,"Chemicals, semi-finished manufactures"
290312,Dichloromethane (methylene chloride),0502,"Chemicals, semi-finished manufactures"
290313,Chloroform (trichloromethane),0502,"Chemicals, semi-finished manufactures"
290314,Carbon tetrachloride,0502,"Chemicals, semi-finished manufactures"
290315,"1,2-Dichloroethane (ethylene dichloride)",0502,"Chemicals, semi-finished manufactures"
290316,"1,2-Dichloropropane (propylene dichloride) and",0502,"Chemicals, semi-finished manufactures"
290319,Saturated chlorinated derivatives of acyclic hy,0502,"Chemicals, semi-finished manufactures"
290321,Vinyl chloride (chloroethylene),0502,"Chemicals, semi-finished manufactures"
290322,Trichloroethylene,0502,"Chemicals, semi-finished manufactures"
290323,Tetrachloroethylene (perchloroethylene),0502,"Chemicals, semi-finished manufactures"
290329,Unsaturated chlorinated derivatives of acyclic,0502,"Chemicals, semi-finished manufactures"
290330,"Fluorinated, brominated or iodinated derivitive",0502,"Chemicals, semi-finished manufactures"
290340,Halogenated derivatives of acyclic hydrocarbons,0502,"Chemicals, semi-finished manufactures"
290351,"1,2,3,4,5,6-Hexachlorocyclohexane",0502,"Chemicals, semi-finished manufactures"
290359,Halogenated derivatives of cyclanic... cycloter,0502,"Chemicals, semi-finished manufactures"
290361,"Chlorobenzene, o-dichlorobenzene and p-dichloro",0502,"Chemicals, semi-finished manufactures"
290362,"Hexachlorobenzene and DDT(1,1,1-trichloro-2,2-b",0502,"Chemicals, semi-finished manufactures"
290369,Halogenated derivatives of aromatic hydrocarbon,0502,"Chemicals, semi-finished manufactures"
290410,Hydrocarbon derivatives containing only sulpho,0502,"Chemicals, semi-finished manufactures"
290420,Hydrocarbon derivatives containing only nitro/n,0502,"Chemicals, semi-finished manufactures"
290490,"Sulphonated, nitrated or nitrosated derivatives",0502,"Chemicals, semi-finished manufactures"
290511,Methanol (methyl alcohol),0502,"Chemicals, semi-finished manufactures"
290512,Propan-1-ol (propyl alcohol) and propan-2-ol (i,0502,"Chemicals, semi-finished manufactures"
290513,Butan-1-ol (n-butyl alcohol),0502,"Chemicals, semi-finished manufactures"
290514,"Other butanols, nes",0502,"Chemicals, semi-finished manufactures"
290515,Pentanol (amyl alcohol) and isomers thereof,0502,"Chemicals, semi-finished manufactures"
290516,Octanol (octyl alcohol) and isomers thereof,0502,"Chemicals, semi-finished manufactures"
290517,"Dodecan-1-ol, hexadecan-1-ol and octadecan-1-ol",0502,"Chemicals, semi-finished manufactures"
290519,"Saturated monohydric alcohols, nes",0502,"Chemicals, semi-finished manufactures"
290521,Allyl alcohol,0502,"Chemicals, semi-finished manufactures"
290522,Acyclic terpene alcohols,0502,"Chemicals, semi-finished manufactures"
290529,"Unsaturated monohydric alcohols, nes",0502,"Chemicals, semi-finished manufactures"
290531,Ethylene glycol (ethanediol),0502,"Chemicals, semi-finished manufactures"
290532,"Propylene glycol (propane-1,2-diol)",0502,"Chemicals, semi-finished manufactures"
290539,"Other diols, nes",0502,"Chemicals, semi-finished manufactures"
290541,"2-Ethyl-2-(hydroxymethyl)propane-1,3-diol (trim",0502,"Chemicals, semi-finished manufactures"
290542,Pentaerythritol,0502,"Chemicals, semi-finished manufactures"
290549,"Other polyhydric alcohols, nes",0502,"Chemicals, semi-finished manufactures"
290550,Halogenated... or nitrosated derivatives of acy,0502,"Chemicals, semi-finished manufactures"
290611,Menthol,0502,"Chemicals, semi-finished manufactures"
290612,"Cyclohexanol, methylcyclohexanols and dimethylc",0502,"Chemicals, semi-finished manufactures"
290613,Sterols and inositols,0502,"Chemicals, semi-finished manufactures"
290614,Terpineols,0502,"Chemicals, semi-finished manufactures"
290619,"Cyclanic, cyclenic or cycloterpenic alcohols an",0502,"Chemicals, semi-finished manufactures"
290621,Benzyl alcohol,0502,"Chemicals, semi-finished manufactures"
290629,"Aromatic alcohols and their derivatives, nes",0502,"Chemicals, semi-finished manufactures"
290711,Phenol (hydroxybenzene) and its salts,0502,"Chemicals, semi-finished manufactures"
290712,Cresols and their salts,0502,"Chemicals, semi-finished manufactures"
290713,"Octylphenol, nonylphenol and their isomers; sal",0502,"Chemicals, semi-finished manufactures"
290714,Xylenols and their salts,0502,"Chemicals, semi-finished manufactures"
290715,Naphthols and their salts,0502,"Chemicals, semi-finished manufactures"
290719,"Other monophenols, nes",0502,"Chemicals, semi-finished manufactures"
290721,Resorcinol and its salts,0502,"Chemicals, semi-finished manufactures"
290722,Hydroquinone (quinol) and its salts,0502,"Chemicals, semi-finished manufactures"
290723,"4,4-Isopropylidenediphenol (bisphenol A, diphen",0502,"Chemicals, semi-finished manufactures"
290729,"Other polyphenols, nes",0502,"Chemicals, semi-finished manufactures"
290730,Phenol-alcohols,0502,"Chemicals, semi-finished manufactures"
290810,Phenol or phenol-alcohol derivatives containing,0502,"Chemicals, semi-finished manufactures"
290820,Phenol or phenol-alcohol derivatives containing,0502,"Chemicals, semi-finished manufactures"
290890,Other halogenated... or nitrosated derivatives,0502,"Chemicals, semi-finished manufactures"
290911,Diethyl ether,0502,"Chemicals, semi-finished manufactures"
290919,Other acyclic ethers and their halogenated... d,0502,"Chemicals, semi-finished manufactures"
290920,"Cyclanic, cyclenic... ethers and their halogena",0502,"Chemicals, semi-finished manufactures"
290930,Aromatic ethers and their halogenated... deriva,0502,"Chemicals, semi-finished manufactures"
290941,"2,2-Oxydiethanol (diethylene glycol, digol)",0502,"Chemicals, semi-finished manufactures"
290942,Monomethyl ethers of ethylene glycol or of diet,0502,"Chemicals, semi-finished manufactures"
290943,Monobutyl ethers of ethylene glycol or of dieth,0502,"Chemicals, semi-finished manufactures"
290944,Other monoalkylethers of ethylene glycol or of,0502,"Chemicals, semi-finished manufactures"
290949,Other acyclic ether-alcohols and their halogena,0502,"Chemicals, semi-finished manufactures"
290950,"Ether-phenols, ether-alcohol-phenols and haloge",0502,"Chemicals, semi-finished manufactures"
290960,"Alcohol, ether and ketone peroxides and their..",0502,"Chemicals, semi-finished manufactures"
291010,Oxirane (ethylene oxide),0502,"Chemicals, semi-finished manufactures"
291020,Methyloxirane (propylene oxide),0502,"Chemicals, semi-finished manufactures"
291030,"1-Chloro-2,3-epoxypropane (epichlorohydrin)",0502,"Chemicals, semi-finished manufactures"
291090,Epoxides... with a three-membered ring and deri,0502,"Chemicals, semi-finished manufactures"
291100,Acetals and hemiacetals and their halogenated..,0502,"Chemicals, semi-finished manufactures"
291211,Methanal (formaldehyde),0502,"Chemicals, semi-finished manufactures"
291212,Ethanal (acetaldehyde),0502,"Chemicals, semi-finished manufactures"
291213,"Butanal (butyaldehyde, normal isomer)",0502,"Chemicals, semi-finished manufactures"
291219,"Other acyclic aldehydes, without oxygen functio",0502,"Chemicals, semi-finished manufactures"
291221,Benzaldehyde,0502,"Chemicals, semi-finished manufactures"
291229,"Other cyclic aldehydes, without oxygen function",0502,"Chemicals, semi-finished manufactures"
291230,Aldehyde-alcohols,0502,"Chemicals, semi-finished manufactures"
291241,Vanillin (4-hydroxy-3-methoxybenzaldehyde),0502,"Chemicals, semi-finished manufactures"
291242,Ethylvanillin (3-ethoxy-4-methoxybenzaldehyde),0502,"Chemicals, semi-finished manufactures"
291249,"Aldehyde-ethers, aldehyde-phenols, aldehydes, w",0502,"Chemicals, semi-finished manufactures"
291250,Cyclic polymers of aldehydes,0502,"Chemicals, semi-finished manufactures"
291260,Paraformaldehyde,0502,"Chemicals, semi-finished manufactures"
291300,"Halogenated, sulphonated, nitrated or nitrosate",0502,"Chemicals, semi-finished manufactures"
291411,Acetone,0502,"Chemicals, semi-finished manufactures"
291412,Butanone (methyl ethyl ketone),0502,"Chemicals, semi-finished manufactures"
291413,4-Methylpentan-2-one (methyl isobutyl ketone),0502,"Chemicals, semi-finished manufactures"
291419,"Other acyclic ketones, without oxygen function,",0502,"Chemicals, semi-finished manufactures"
291421,Camphor,0502,"Chemicals, semi-finished manufactures"
291422,Cyclohexanone and methylcyclohexanones,0502,"Chemicals, semi-finished manufactures"
291423,Ionones and methylionones,0502,"Chemicals, semi-finished manufactures"
291429,"Cyclanic, cyclenic or cycloterpenic ketones wit",0502,"Chemicals, semi-finished manufactures"
291430,Aromatic ketones without oxygen function,0502,"Chemicals, semi-finished manufactures"
291441,4-Hydroxy-4-methylpentan-2-one (diacetone alcoh,0502,"Chemicals, semi-finished manufactures"
291449,Ketone-alcohols and ketone-aldehydes (excl. dia,0502,"Chemicals, semi-finished manufactures"
291450,Ketone-phenols and ketones with oxygen function,0502,"Chemicals, semi-finished manufactures"
291461,Anthraquinone,0502,"Chemicals, semi-finished manufactures"
291469,Quinones (excl. anthraquinone),0502,"Chemicals, semi-finished manufactures"
291470,Halogenated... or nitrosated derivatives of ket,0502,"Chemicals, semi-finished manufactures"
291511,Formic acid,0502,"Chemicals, semi-finished manufactures"
291512,Salts of formic acid,0502,"Chemicals, semi-finished manufactures"
291513,Esters of formic acid,0502,"Chemicals, semi-finished manufactures"
291521,Acetic acid,0502,"Chemicals, semi-finished manufactures"
291522,Sodium acetate,0502,"Chemicals, semi-finished manufactures"
291523,Cobalt acetates,0502,"Chemicals, semi-finished manufactures"
291524,Acetic anhydride,0502,"Chemicals, semi-finished manufactures"
291529,Salts of acetic acid (excl. of sodium and cobal,0502,"Chemicals, semi-finished manufactures"
291531,Ethyl acetate,0502,"Chemicals, semi-finished manufactures"
291532,Vinyl acetate,0502,"Chemicals, semi-finished manufactures"
291533,n-Butyl acetate,0502,"Chemicals, semi-finished manufactures"
291534,Isobutyl acetate,0502,"Chemicals, semi-finished manufactures"
291535,2-Ethoxyethyl acetate,0502,"Chemicals, semi-finished manufactures"
291539,"Other esters of acetic acids, nes",0502,"Chemicals, semi-finished manufactures"
291540,"Mono-, di- or trichloroacetic acids, their salt",0502,"Chemicals, semi-finished manufactures"
291550,"Propionic acid, its salts and esters",0502,"Chemicals, semi-finished manufactures"
291560,"Butyric acids, valeric acids, their salts and e",0502,"Chemicals, semi-finished manufactures"
291570,"Palmitic acid, stearic acid, their salts and es",0502,"Chemicals, semi-finished manufactures"
291590,Saturated acyclic monocarboxylic acids and thei,0502,"Chemicals, semi-finished manufactures"
291611,Acrylic acid and its salts,0502,"Chemicals, semi-finished manufactures"
291612,Esters of acrylic acid,0502,"Chemicals, semi-finished manufactures"
291613,Methacrylic acid and its salts,0502,"Chemicals, semi-finished manufactures"
291614,Esters of methacrylic acid,0502,"Chemicals, semi-finished manufactures"
291615,"Oleic, linoleic or linolenic acids, their salts",0502,"Chemicals, semi-finished manufactures"
291619,Unsaturated acyclic monocarboxylic acids and th,0502,"Chemicals, semi-finished manufactures"
291620,"Cyclanic...cycloterpenic monocarboxylic acids,",0502,"Chemicals, semi-finished manufactures"
291631,"Benzoic acid, its salts and esters",0502,"Chemicals, semi-finished manufactures"
291632,Benzoyl peroxide and benzoyl chloride,0502,"Chemicals, semi-finished manufactures"
291633,"Phenylacetic acid, its salts and esters",0502,"Chemicals, semi-finished manufactures"
291639,"Aromatic monocarboxylic acids, etc, their... de",0502,"Chemicals, semi-finished manufactures"
291711,"Oxalic acid, its salts and esters",0502,"Chemicals, semi-finished manufactures"
291712,"Adipic acid, its salts and esters",0502,"Chemicals, semi-finished manufactures"
291713,"Azelaic acid, sebacic acid, their salts and est",0502,"Chemicals, semi-finished manufactures"
291714,Maleic anhydride,0502,"Chemicals, semi-finished manufactures"
291719,"Acyclic polycarboxylic acids, etc, their... der",0502,"Chemicals, semi-finished manufactures"
291720,"Cyclanic... cycloterpenic polycarboxylic acids,",0502,"Chemicals, semi-finished manufactures"
291731,Dibutyl orthophthalates,0502,"Chemicals, semi-finished manufactures"
291732,Dioctyl orthophthalates,0502,"Chemicals, semi-finished manufactures"
291733,Dinonyl or didecyl orthophthalates,0502,"Chemicals, semi-finished manufactures"
291734,"Other esters of orthophthalic acid, nes",0502,"Chemicals, semi-finished manufactures"
291735,Phthalic anhydride,0502,"Chemicals, semi-finished manufactures"
291736,Terephthalic acid and its salts,0502,"Chemicals, semi-finished manufactures"
291737,Dimethyl terephthalate,0502,"Chemicals, semi-finished manufactures"
291739,"Aromatic polycarboxylic acids, etc, their... de",0502,"Chemicals, semi-finished manufactures"
291811,"Lactic acid, its salts and esters",0502,"Chemicals, semi-finished manufactures"
291812,Tartaric acid,0502,"Chemicals, semi-finished manufactures"
291813,Salts and esters of tartaric acid,0502,"Chemicals, semi-finished manufactures"
291814,Citric acid,0502,"Chemicals, semi-finished manufactures"
291815,Salts and esters of citric acid,0502,"Chemicals, semi-finished manufactures"
291816,"Gluconic acid, its salts and esters",0502,"Chemicals, semi-finished manufactures"
291817,"Phenylglycolic acid (mandelic acid), its salts",0502,"Chemicals, semi-finished manufactures"
291819,"Carboxylic acids with alcohol function, without",0502,"Chemicals, semi-finished manufactures"
291821,Salicylic acid and its salts,0502,"Chemicals, semi-finished manufactures"
291822,"O-Acetylsalicylic acid, its salts and esters",0502,"Chemicals, semi-finished manufactures"
291823,Other esters of salicylic acid and their salts,0502,"Chemicals, semi-finished manufactures"
291829,"Carboxylic acids with phenol function, without",0502,"Chemicals, semi-finished manufactures"
291830,"Carboxylic acids with aldehyde, ketone but with",0502,"Chemicals, semi-finished manufactures"
291890,"Carboxylic acids with oxygen function, etc, the",0502,"Chemicals, semi-finished manufactures"
291900,"Phosphoric esters, etc (incl. lactophosphates);",0502,"Chemicals, semi-finished manufactures"
292010,Triophosphoric esters (phosphorothioates) their,0502,"Chemicals, semi-finished manufactures"
292090,Esters of other inorganic acids (excl. of hydro,0502,"Chemicals, semi-finished manufactures"
292111,"Methylamine, di- or trimethylamine and their sa",0502,"Chemicals, semi-finished manufactures"
292112,Diethylamine and its salts,0502,"Chemicals, semi-finished manufactures"
292119,"Acylic monoamines and their derivatives, nes; s",0502,"Chemicals, semi-finished manufactures"
292121,Ethylenediamine and its salts,0502,"Chemicals, semi-finished manufactures"
292122,Hexamethylenediamine and its salts,0502,"Chemicals, semi-finished manufactures"
292129,"Acyclic polyamines and their derivatives, nes;",0502,"Chemicals, semi-finished manufactures"
292130,Cyclanic...or cycloterpenic mono- or polyamines,0502,"Chemicals, semi-finished manufactures"
292141,Aniline and its salts,0502,"Chemicals, semi-finished manufactures"
292142,Aniline derivatives and their salts,0502,"Chemicals, semi-finished manufactures"
292143,Toluidines and derivatives; salts thereof,0502,"Chemicals, semi-finished manufactures"
292144,Diphenylamine and its derivatives; salts thereo,0502,"Chemicals, semi-finished manufactures"
292145,"1-Naphthylamine, 2-naphthylamine and their deri",0502,"Chemicals, semi-finished manufactures"
292149,"Aromatic monoamines and their derivatives, nes;",0502,"Chemicals, semi-finished manufactures"
292151,"o-, m-, p-Phenylenediamine, diaminotoluenes, et",0502,"Chemicals, semi-finished manufactures"
292159,"Aromatic polyamines and their derivatives, nes;",0502,"Chemicals, semi-finished manufactures"
292211,Monoethanolamine and its salts,0502,"Chemicals, semi-finished manufactures"
292212,Diethanolamine and its salts,0502,"Chemicals, semi-finished manufactures"
292213,Triethanolamine and its salts,0502,"Chemicals, semi-finished manufactures"
292219,"Amino-alcohols, their ethers and esters with on",0502,"Chemicals, semi-finished manufactures"
292221,Aminohydroxynaphthalenesulphonic acids and thei,0502,"Chemicals, semi-finished manufactures"
292222,"Anisidines, dianisidines, phenetidines, and the",0502,"Chemicals, semi-finished manufactures"
292229,"Amino-naphthols and -phenols, etc... one oxygen",0502,"Chemicals, semi-finished manufactures"
292230,"Amino-aldehydes, ketones quinones, not >1 oxyge",0502,"Chemicals, semi-finished manufactures"
292241,Lysine and its esters; salts thereof,0502,"Chemicals, semi-finished manufactures"
292242,Glutamic acid and its salts,0502,"Chemicals, semi-finished manufactures"
292249,"Amino-acids and their esters, not >1 oxygen fun",0502,"Chemicals, semi-finished manufactures"
292250,Amino-alcohol/acid-phenols; amino-compounds wit,0502,"Chemicals, semi-finished manufactures"
292310,Choline and its salts,0502,"Chemicals, semi-finished manufactures"
292320,Lecithins and other phosphoaminolipids,0502,"Chemicals, semi-finished manufactures"
292390,"Quaternary ammonium salts and hydroxides, nes",0502,"Chemicals, semi-finished manufactures"
292410,Acyclic amides (incl. acyclic carbamates) and d,0502,"Chemicals, semi-finished manufactures"
292421,Ureines and their derivatives; salts thereof,0502,"Chemicals, semi-finished manufactures"
292429,Cyclic amides (incl. carbamates) and derivative,0502,"Chemicals, semi-finished manufactures"
292511,Saccharin and its salts,0502,"Chemicals, semi-finished manufactures"
292519,Imides and their derivatives; salts thereof (ex,0502,"Chemicals, semi-finished manufactures"
292520,Imines and their derivatives; salts thereof,0502,"Chemicals, semi-finished manufactures"
292610,Acrylonitrile,0502,"Chemicals, semi-finished manufactures"
292620,1-Cyanoguanidine (dicyanidiamide),0502,"Chemicals, semi-finished manufactures"
292690,"Nitrile-function compounds, nes",0502,"Chemicals, semi-finished manufactures"
292700,"Diazo-, azo- or azoxy-compounds",0502,"Chemicals, semi-finished manufactures"
292800,Organic derivatives of hydrazine or of hydroxyi,0502,"Chemicals, semi-finished manufactures"
292910,Isocyanates,0502,"Chemicals, semi-finished manufactures"
292990,"Compounds with other nitrogen function, nes",0502,"Chemicals, semi-finished manufactures"
293010,Dithiocarbonates (xanthates),0502,"Chemicals, semi-finished manufactures"
293020,Thiocarbamates and dithiocarbamates,0502,"Chemicals, semi-finished manufactures"
293030,"Thiuram mono-, di- or tetrasulphides",0502,"Chemicals, semi-finished manufactures"
293040,Methionine,0502,"Chemicals, semi-finished manufactures"
293090,"Other organo-sulphur compounds, nes",0502,"Chemicals, semi-finished manufactures"
293100,Other organo-inorganic compounds,0502,"Chemicals, semi-finished manufactures"
293211,Tetrahydrofuran,0502,"Chemicals, semi-finished manufactures"
293212,2-Furaldehyde (furfuraldehyde),0502,"Chemicals, semi-finished manufactures"
293213,Furfuryl alcohol and tetrahydrofurfuryl alcohol,0502,"Chemicals, semi-finished manufactures"
293219,Compounds containing an unfused furan ring in t,0502,"Chemicals, semi-finished manufactures"
293221,"Coumarin, methylcoumarins and ethylcoumarins",0502,"Chemicals, semi-finished manufactures"
293229,"Lactones, nes",0502,"Chemicals, semi-finished manufactures"
293290,Heterocyclic compounds with oxygen hetero-atom(,0502,"Chemicals, semi-finished manufactures"
293311,Phenazone (antipyrin) and its derivatives,0502,"Chemicals, semi-finished manufactures"
293319,Compounds containing an unfused pyrazole ring i,0502,"Chemicals, semi-finished manufactures"
293321,Hydantoin and its derivatives,0502,"Chemicals, semi-finished manufactures"
293329,Compounds containing an unfused imidazole ring,0502,"Chemicals, semi-finished manufactures"
293331,Pyridine and its salts,0502,"Chemicals, semi-finished manufactures"
293339,Compounds containing an unfused pyridine ring i,0502,"Chemicals, semi-finished manufactures"
293340,Compounds with quinoline or isoquinoline ring-s,0502,"Chemicals, semi-finished manufactures"
293351,Malonylurea (barbituric acid) and its derivativ,0502,"Chemicals, semi-finished manufactures"
293359,Compounds with pyrimidine or piperazine ring; n,0502,"Chemicals, semi-finished manufactures"
293361,Melamine,0502,"Chemicals, semi-finished manufactures"
293369,Compounds containing an unfused triazine ring i,0502,"Chemicals, semi-finished manufactures"
293371,6-Hexanelactam (epsilon-caprolactam),0502,"Chemicals, semi-finished manufactures"
293379,Lactams (excl. epsilon-caprolactam),0502,"Chemicals, semi-finished manufactures"
293390,Heterocyclic compounds with nitrogen hetero-ato,0502,"Chemicals, semi-finished manufactures"
293410,Compounds containing an unfused thiazole ring i,0502,"Chemicals, semi-finished manufactures"
293420,Compounds containing a benzothiazole ring-syste,0502,"Chemicals, semi-finished manufactures"
293430,Compounds containing a phenothiazine ring-syste,0502,"Chemicals, semi-finished manufactures"
293490,"Other heterocyclic compounds, nes",0502,"Chemicals, semi-finished manufactures"
293500,Sulphonamides,0502,"Chemicals, semi-finished manufactures"
294000,"Sugars, pure (excl. glucose, etc); sugar ethers",0502,"Chemicals, semi-finished manufactures"
294200,"Other organic compounds, nes",0502,"Chemicals, semi-finished manufactures"
320110,Quebracho extract,0502,"Chemicals, semi-finished manufactures"
320120,Wattle extract,0502,"Chemicals, semi-finished manufactures"
320130,Oak or chestnut extract,0502,"Chemicals, semi-finished manufactures"
320190,Tanning extracts of vegetable origin; tannins a,0502,"Chemicals, semi-finished manufactures"
320210,Synthetic organic tanning substances,0502,"Chemicals, semi-finished manufactures"
320290,Inorganic tanning substances; tanning preparati,0502,"Chemicals, semi-finished manufactures"
320300,"Colouring matter of vegetable or animal origin,",0502,"Chemicals, semi-finished manufactures"
320411,Disperse dyes and preparations based thereon,0502,"Chemicals, semi-finished manufactures"
320412,Acid dyes and preparations; mordant dyes and pr,0502,"Chemicals, semi-finished manufactures"
320413,Basic dyes and preparations based thereon,0502,"Chemicals, semi-finished manufactures"
320414,Direct dyes and preparations based thereon,0502,"Chemicals, semi-finished manufactures"
320415,Vat dyes and preparations based thereon,0502,"Chemicals, semi-finished manufactures"
320416,Reactive dyes and preparations based thereon,0502,"Chemicals, semi-finished manufactures"
320417,Pigments and preparations based thereon,0502,"Chemicals, semi-finished manufactures"
320419,Synthetic organic colouring matter and preparat,0502,"Chemicals, semi-finished manufactures"
320420,Synthetic organic products used as fluorescent,0502,"Chemicals, semi-finished manufactures"
320490,Synthetic organic products used as luminophores,0502,"Chemicals, semi-finished manufactures"
320500,Colour lakes; preparations based on colour lake,0502,"Chemicals, semi-finished manufactures"
320610,Pigments and preparations based on titanium dio,0502,"Chemicals, semi-finished manufactures"
320620,Pigments and preparations based on chromium com,0502,"Chemicals, semi-finished manufactures"
320630,Pigments and preparations based on cadminum com,0502,"Chemicals, semi-finished manufactures"
320641,Ultramarine and preparations based thereon,0502,"Chemicals, semi-finished manufactures"
320642,Lithopone and other pigments and preparations b,0502,"Chemicals, semi-finished manufactures"
320643,Pigments and preparations based on hexacyanofer,0502,"Chemicals, semi-finished manufactures"
320649,Other colouring matter; preparations as specifi,0502,"Chemicals, semi-finished manufactures"
320650,Inorganic products of a kind used as luminophor,0502,"Chemicals, semi-finished manufactures"
330210,"Mixtures of odoriferous substances, for the foo",0502,"Chemicals, semi-finished manufactures"
330290,"Mixtures of odoriferous substances, as raw mate",0502,"Chemicals, semi-finished manufactures"
350710,Rennet and concentrates thereof,0502,"Chemicals, semi-finished manufactures"
350790,Enzymes; prepared enzymes (not elsewhere specif,0502,"Chemicals, semi-finished manufactures"
380110,Artificial graphite,0502,"Chemicals, semi-finished manufactures"
380120,Colloidal graphite or semi-colloidal graphite,0502,"Chemicals, semi-finished manufactures"
380130,Carbonaceous pastes for electrodes and pastes f,0502,"Chemicals, semi-finished manufactures"
380190,Preparations based on graphite or carbon in the,0502,"Chemicals, semi-finished manufactures"
380210,Activated carbon,0502,"Chemicals, semi-finished manufactures"
380290,Activated natural mineral products; animal blac,0502,"Chemicals, semi-finished manufactures"
380300,"Tall oil, whether or not refined",0502,"Chemicals, semi-finished manufactures"
380400,Residual lyes from the manufacture of wood pulp,0502,"Chemicals, semi-finished manufactures"
380510,"Gum, wood or sulphate turpentine oils",0502,"Chemicals, semi-finished manufactures"
380520,Pine oil containing alpha-terpined as the main,0502,"Chemicals, semi-finished manufactures"
380590,"Other turpenic oils, nes; crude dipentene, etc",0502,"Chemicals, semi-finished manufactures"
380610,Rosin and resin acids,0502,"Chemicals, semi-finished manufactures"
380620,Salts of rosin or of resin acids,0502,"Chemicals, semi-finished manufactures"
380630,Ester gums,0502,"Chemicals, semi-finished manufactures"
380690,"Derivatives of rosin and resin acids, nes; rosi",0502,"Chemicals, semi-finished manufactures"
380700,Wood tar; wood tar oils; wood creosote; wood na,0502,"Chemicals, semi-finished manufactures"
380991,"Finishing agents, etc, of a kind used in the te",0502,"Chemicals, semi-finished manufactures"
380992,"Finishing agents, etc, of a kind used in the pa",0502,"Chemicals, semi-finished manufactures"
380993,"Finishing agents, etc, of a kind used in the le",0502,"Chemicals, semi-finished manufactures"
380999,  UN Special Code,0502,"Chemicals, semi-finished manufactures"
381010,Pickling preparations for metal surfaces; solde,0502,"Chemicals, semi-finished manufactures"
381090,"Preparations such as fluxes for soldering..., e",0502,"Chemicals, semi-finished manufactures"
381111,Anti-knock preparations based on lead compounds,0502,"Chemicals, semi-finished manufactures"
381119,Anti-knock preparations (excl. based on lead),0502,"Chemicals, semi-finished manufactures"
381121,Additives for lubricating oils with petroleum o,0502,"Chemicals, semi-finished manufactures"
381129,Additives for lubricating oils (excl. with petr,0502,"Chemicals, semi-finished manufactures"
381190,Other additives other than for lubricating oils,0502,"Chemicals, semi-finished manufactures"
381210,Prepared rubber accelerators,0502,"Chemicals, semi-finished manufactures"
381220,"Compound plasticisers for rubber or plastics, n",0502,"Chemicals, semi-finished manufactures"
381230,Anti-oxidising preparations and stabilisers for,0502,"Chemicals, semi-finished manufactures"
381511,Supported catalysts with nickel or its compound,0502,"Chemicals, semi-finished manufactures"
381512,Supported catalysts with precious metal or its,0502,"Chemicals, semi-finished manufactures"
381519,"Supported catalysts, nes",0502,"Chemicals, semi-finished manufactures"
381590,"Reaction initiators, accelerators and catalytic",0502,"Chemicals, semi-finished manufactures"
381600,"Refractory cements, mortars, concretes and simi",0502,"Chemicals, semi-finished manufactures"
381710,"Mixed alkylbenzenes, nes",0502,"Chemicals, semi-finished manufactures"
381720,"Mixed alkylnaphthalenes, nes",0502,"Chemicals, semi-finished manufactures"
381800,"Chemical elements in disk form and compounds, d",0502,"Chemicals, semi-finished manufactures"
381900,Hydraulic brake fluids and similar liquids with,0502,"Chemicals, semi-finished manufactures"
382000,Anti-freezing preparations and prepared de-icin,0502,"Chemicals, semi-finished manufactures"
382200,"Composite diagnostic or laboratory reagents, ne",0502,"Chemicals, semi-finished manufactures"
382310,Prepared binders for foundry moulds or cores,0502,"Chemicals, semi-finished manufactures"
382320,"Naphthenic acids, their water-insoluble salts a",0502,"Chemicals, semi-finished manufactures"
382330,Non-agglomerated metal carbides mixed together,0502,"Chemicals, semi-finished manufactures"
382340,"Prepared additives for cements, mortars or conc",0502,"Chemicals, semi-finished manufactures"
382350,Non-refractory mortars and concretes,0502,"Chemicals, semi-finished manufactures"
382390,Chemical products and residual products of chem,0502,"Chemicals, semi-finished manufactures"
390110,"Polyethylene having a specific gravity <0.94, i",0502,"Chemicals, semi-finished manufactures"
390120,"Polyethylene having a specific gravity >=0.94,",0502,"Chemicals, semi-finished manufactures"
390130,"Ethylene-vinyl acetate copolymers, in primary f",0502,"Chemicals, semi-finished manufactures"
390190,"Other polymers of ethylene, in primary forms, n",0502,"Chemicals, semi-finished manufactures"
390210,"Polypropylene, in primary forms",0502,"Chemicals, semi-finished manufactures"
390220,"Polyisobutylene, in primary forms",0502,"Chemicals, semi-finished manufactures"
390230,"Propylene copolymers, in primary forms",0502,"Chemicals, semi-finished manufactures"
390290,"Other polymers of propylene or other olefins, i",0502,"Chemicals, semi-finished manufactures"
390311,"Expansible polystyrene, in primary forms",0502,"Chemicals, semi-finished manufactures"
390319,"Polystyrene (excl. expansible), in primary form",0502,"Chemicals, semi-finished manufactures"
390320,"Styrene-acrylonitrile (SAN) copolymers, in prim",0502,"Chemicals, semi-finished manufactures"
390330,Acrylonitrile-butadiene-styrene (ABS) copolymer,0502,"Chemicals, semi-finished manufactures"
390390,"Polymers of styrene, in primary forms, nes",0502,"Chemicals, semi-finished manufactures"
390410,"Polyvinyl chloride, not mixed with other substa",0502,"Chemicals, semi-finished manufactures"
390421,"Non-plasticised polyvinyl chloride mixed, in pr",0502,"Chemicals, semi-finished manufactures"
390422,"Plasticised polyvinyl chloride mixed, in primar",0502,"Chemicals, semi-finished manufactures"
390430,"Vinyl chloride-vinyl acetate copolymers, in pri",0502,"Chemicals, semi-finished manufactures"
390440,"Vinyl chloride copolymers (excl. acetate), in p",0502,"Chemicals, semi-finished manufactures"
390450,"Vinylidene chloride polymers, in primary forms",0502,"Chemicals, semi-finished manufactures"
390461,"Polytetrafluoroethylene, in primary forms",0502,"Chemicals, semi-finished manufactures"
390469,Fluoro-polymers (excl. polytetrafluoroethylene),0502,"Chemicals, semi-finished manufactures"
390490,"Polymers of halogenated olefins, in primary for",0502,"Chemicals, semi-finished manufactures"
390511,"Polymers of vinyl acetate, in aqueous dispersio",0502,"Chemicals, semi-finished manufactures"
390519,Polymers of vinyl acetate (excl. aqueous disper,0502,"Chemicals, semi-finished manufactures"
390520,"Polyvinyl alcohols, in primary forms",0502,"Chemicals, semi-finished manufactures"
390590,"Polymers of vinyl esters or vinyl polymers, nes",0502,"Chemicals, semi-finished manufactures"
390610,"Polymethyl methacrylate, in primary forms",0502,"Chemicals, semi-finished manufactures"
390690,"Acrylic polymers prepared,in primary forms, nes",0502,"Chemicals, semi-finished manufactures"
390710,"Polyacetals, in primary forms",0502,"Chemicals, semi-finished manufactures"
390720,"Other polyethers, in primary forms, nes",0502,"Chemicals, semi-finished manufactures"
390730,"Epoxide resins, in primary forms",0502,"Chemicals, semi-finished manufactures"
390740,"Polycarbonates, in primary forms",0502,"Chemicals, semi-finished manufactures"
390750,"Alkyd resins, in primary forms",0502,"Chemicals, semi-finished manufactures"
390760,"Polyethylene terephthalate, in primary forms",0502,"Chemicals, semi-finished manufactures"
390791,"Unsaturated polyesters, in primary forms, nes",0502,"Chemicals, semi-finished manufactures"
390799,"Polyesters, in primary forms, nes",0502,"Chemicals, semi-finished manufactures"
390810,"Polyamide -6, -11, -12, -6,6, -6,9, -6,10 or -6",0502,"Chemicals, semi-finished manufactures"
390890,"Other polymides, in primary forms, nes",0502,"Chemicals, semi-finished manufactures"
390910,"Urea resins; thiourea resins, in primary forms",0502,"Chemicals, semi-finished manufactures"
390920,"Melamine resins, in primary forms",0502,"Chemicals, semi-finished manufactures"
390930,"Other amino resins, in primary forms, nes",0502,"Chemicals, semi-finished manufactures"
390940,"Phenolic resins, in primary forms",0502,"Chemicals, semi-finished manufactures"
390950,"Polyurethanes, in primary forms",0502,"Chemicals, semi-finished manufactures"
391000,Silicones in primary forms,0502,"Chemicals, semi-finished manufactures"
391110,Petroleum resins... other resins and polyterpen,0502,"Chemicals, semi-finished manufactures"
391190,"Polysulphides, polysulphones and other products",0502,"Chemicals, semi-finished manufactures"
391211,"Non-plasticised cellulose acetates, in primary",0502,"Chemicals, semi-finished manufactures"
391212,"Plasticised cellulose acetates, in primary form",0502,"Chemicals, semi-finished manufactures"
391220,"Cellulose nitrates (incl. collodions), in prima",0502,"Chemicals, semi-finished manufactures"
391231,"Carboxymethylcellulose and its salts, in primar",0502,"Chemicals, semi-finished manufactures"
391239,"Other cellulose ethers, in primary forms, nes",0502,"Chemicals, semi-finished manufactures"
391290,"Cellulose and its chemical derivatives, in prim",0502,"Chemicals, semi-finished manufactures"
391310,"Alginic acid, its salts and esters, in primary",0502,"Chemicals, semi-finished manufactures"
391390,"Natural and modified natural polymers, in prima",0502,"Chemicals, semi-finished manufactures"
391400,Ion-exchangers based on polymers of 39.01 to 39,0502,"Chemicals, semi-finished manufactures"
391510,"Waste, parings and scrap, of polymers of ethyle",0502,"Chemicals, semi-finished manufactures"
391520,"Waste, parings and scrap, of polymers of styren",0502,"Chemicals, semi-finished manufactures"
391530,"Waste, parings and scrap, of polymers of vinyl",0502,"Chemicals, semi-finished manufactures"
391590,"Waste, parings and scrap, of other plastics, ne",0502,"Chemicals, semi-finished manufactures"
391610,"Monofilament >1mm, rods... and profile shapes,",0502,"Chemicals, semi-finished manufactures"
391620,"Monofilament >1mm, rods..., etc, of polymers of",0502,"Chemicals, semi-finished manufactures"
391690,"Monofilament >1mm, rods... and profile shapes,",0502,"Chemicals, semi-finished manufactures"
391710,Artificial guts of hardened proteins or cellulo,0502,"Chemicals, semi-finished manufactures"
391721,"Tubes, pipes and hoses, rigid, of polymers of e",0502,"Chemicals, semi-finished manufactures"
391722,"Tubes, pipes and hoses, rigid, of polymers of p",0502,"Chemicals, semi-finished manufactures"
391723,"Tubes, pipes and hoses, rigid, of polymers of v",0502,"Chemicals, semi-finished manufactures"
391729,"Tubes, pipes and hoses, rigid, of other plastic",0502,"Chemicals, semi-finished manufactures"
391731,"Flexible tubes, pipes and hoses, with a burst p",0502,"Chemicals, semi-finished manufactures"
391732,"Tubes, pipes and hoses, not reinforced, without",0502,"Chemicals, semi-finished manufactures"
391733,"Tubes, pipes and hoses, not reinforced, with fi",0502,"Chemicals, semi-finished manufactures"
391739,"Other tubes, pipes and hoses, nes",0502,"Chemicals, semi-finished manufactures"
391740,"Fittings, for tubes, pipes and hoses, of plasti",0502,"Chemicals, semi-finished manufactures"
391810,Floor... coverings of polymers of vinyl chlorid,0502,"Chemicals, semi-finished manufactures"
391890,"Floor, wall or ceiling coverings of plastics, n",0502,"Chemicals, semi-finished manufactures"
391910,"Self-adhesive tape, plates, strip..., in rolls,",0502,"Chemicals, semi-finished manufactures"
391990,"Other self-adhesive plates, tape, strip, foil..",0502,"Chemicals, semi-finished manufactures"
392010,"Plates..., of polymers of ethylene, not reinfor",0502,"Chemicals, semi-finished manufactures"
392020,"Plates..., of polymers of propylene, not reinfo",0502,"Chemicals, semi-finished manufactures"
392030,"Plates..., of polymers of styrene, not reinforc",0502,"Chemicals, semi-finished manufactures"
392041,"Plates..., of polymers of vinyl chloride, rigid",0502,"Chemicals, semi-finished manufactures"
392042,"Plates..., of polymers of vinyl chloride, flexi",0502,"Chemicals, semi-finished manufactures"
392051,"Plates..., of polymethyl methacrylate, not rein",0502,"Chemicals, semi-finished manufactures"
392059,"Plates..., of other acrylic polymers, not reinf",0502,"Chemicals, semi-finished manufactures"
392061,"Plates..., of polycarbonates, not reinforced, e",0502,"Chemicals, semi-finished manufactures"
392062,"Plates..., of polyethylene terephthalate, not r",0502,"Chemicals, semi-finished manufactures"
392063,"Plates..., of unsaturated polyesters, not reinf",0502,"Chemicals, semi-finished manufactures"
392069,"Plates..., of other polyesters, not reinforced,",0502,"Chemicals, semi-finished manufactures"
392071,"Plates..., of regenerated cellulose, not reinfo",0502,"Chemicals, semi-finished manufactures"
392072,"Plates..., of vulcanised fibre, not reinforced,",0502,"Chemicals, semi-finished manufactures"
392073,"Plates..., of cellulose acetate, not reinforced",0502,"Chemicals, semi-finished manufactures"
392079,"Plates..., of other cellulose derivatives, not",0502,"Chemicals, semi-finished manufactures"
392091,"Plates..., of polyvinyl butyral, not reinforced",0502,"Chemicals, semi-finished manufactures"
392092,"Plates..., of polyamides, not reinforced, etc",0502,"Chemicals, semi-finished manufactures"
392093,"Plates..., of amino-resins, not reinforced, etc",0502,"Chemicals, semi-finished manufactures"
392094,"Plates..., of phenolic resins, not reinforced,",0502,"Chemicals, semi-finished manufactures"
392099,"Plates..., of other plastics, not reinforced, e",0502,"Chemicals, semi-finished manufactures"
392111,"Cellular plates, strips... of polymers of styre",0502,"Chemicals, semi-finished manufactures"
392114,"Cellular plates, strips... of polymers of regen",0502,"Chemicals, semi-finished manufactures"
392119,"Cellular plates, strips... of other plastics, n",0502,"Chemicals, semi-finished manufactures"
293610,"Provitamins, unmixed",0503,"Chemicals, finished manufactures"
293621,"Vitamins A and their derivatives, unmixed",0503,"Chemicals, finished manufactures"
293622,"Vitamin B1 and its derivatives, unmixed",0503,"Chemicals, finished manufactures"
293623,"Vitamin B2 and its derivatives, unmixed",0503,"Chemicals, finished manufactures"
293624,D- or DL- Pantothenic acid (Vitamin B3 or B5) a,0503,"Chemicals, finished manufactures"
293625,"Vitamin B6 and its derivatives, unmixed",0503,"Chemicals, finished manufactures"
293626,"Vitamin B12 and its derivatives, unmixed",0503,"Chemicals, finished manufactures"
293627,"Vitamin C and its derivatives, unmixed",0503,"Chemicals, finished manufactures"
293628,"Vitamin E and its derivatives, unmixed",0503,"Chemicals, finished manufactures"
293629,"Other vitamins and their derivatives, unmixed,",0503,"Chemicals, finished manufactures"
293690,"Other vitamines (incl. natural concentrates), n",0503,"Chemicals, finished manufactures"
293710,"Pituitary (anterior) or similar hormones, and t",0503,"Chemicals, finished manufactures"
293721,"Cortisone, hydrocortisone... and predisolone (d",0503,"Chemicals, finished manufactures"
293722,Halogenated derivatives of adrenal cortical hor,0503,"Chemicals, finished manufactures"
293729,Adrenal cortical hormones and their derivatives,0503,"Chemicals, finished manufactures"
293791,Insulin and its salts,0503,"Chemicals, finished manufactures"
293792,Oestrogens and progestogens,0503,"Chemicals, finished manufactures"
293799,"Other hormones and derivatives, nes; other ster",0503,"Chemicals, finished manufactures"
293810,Rutoside (rutin) and its derivatives,0503,"Chemicals, finished manufactures"
293890,"Glycosides and their salts, ethers, esters and",0503,"Chemicals, finished manufactures"
293910,Alkaloids of opium and their derivatives; salts,0503,"Chemicals, finished manufactures"
293921,Quinine and its salts,0503,"Chemicals, finished manufactures"
293929,Other alkaloids of cinchona and their derivativ,0503,"Chemicals, finished manufactures"
293930,Caffeine and its salts,0503,"Chemicals, finished manufactures"
293940,Ephedrines and their salts,0503,"Chemicals, finished manufactures"
293950,Theophylline and aminophylline and derivatives,0503,"Chemicals, finished manufactures"
293960,Alkaloids of rye ergot and their derivatives; s,0503,"Chemicals, finished manufactures"
293970,Nicotine and its salts,0503,"Chemicals, finished manufactures"
293990,"Other vegetable alkaloids and their salts, etc;",0503,"Chemicals, finished manufactures"
294110,Penicillins and derivatives with a penicillanic,0503,"Chemicals, finished manufactures"
294120,Streptomycins and their derivatives; salts ther,0503,"Chemicals, finished manufactures"
294130,Tetracyclines and their derivatives; salts ther,0503,"Chemicals, finished manufactures"
294140,Chloramphenicol and its derivatives; salts ther,0503,"Chemicals, finished manufactures"
294150,Erythromycin and its derivatives; salts thereof,0503,"Chemicals, finished manufactures"
294190,"Other antibiotics, nes",0503,"Chemicals, finished manufactures"
300110,"Glands and other organs, dried",0503,"Chemicals, finished manufactures"
300120,Extracts of glands or other organs or of their,0503,"Chemicals, finished manufactures"
300190,"Substances of human or animal origin, for proph",0503,"Chemicals, finished manufactures"
300210,Antisera and other blood fractions,0503,"Chemicals, finished manufactures"
300220,Vaccines for human medicine,0503,"Chemicals, finished manufactures"
300231,Vaccines against foot-and-mouth disease,0503,"Chemicals, finished manufactures"
300239,Other vaccines for veterinary medicine (excl. f,0503,"Chemicals, finished manufactures"
300290,Human and animal blood; microbial cultures; tox,0503,"Chemicals, finished manufactures"
300310,Medicaments of penicillins... or streptomycins.,0503,"Chemicals, finished manufactures"
300320,"Medicaments of other antibiotics, not for retai",0503,"Chemicals, finished manufactures"
300331,"Medicaments of insulin, not for retail sale",0503,"Chemicals, finished manufactures"
300339,"Medicaments of other hormones, not for retail s",0503,"Chemicals, finished manufactures"
300340,Medicaments of alkaloids or derivatives thereof,0503,"Chemicals, finished manufactures"
300390,"Other medicaments with >=2 constituents, not fo",0503,"Chemicals, finished manufactures"
300410,Medicaments of penicillins... or streptomycins.,0503,"Chemicals, finished manufactures"
300420,"Medicaments of other antibiotics, for retail sa",0503,"Chemicals, finished manufactures"
300431,"Medicaments of insulin, for retail sale",0503,"Chemicals, finished manufactures"
300432,"Medicaments of adrenal cortical hormones, for r",0503,"Chemicals, finished manufactures"
300439,"Medicaments of other hormones, for retail sale,",0503,"Chemicals, finished manufactures"
300440,Medicaments of alkaloids or derivatives thereof,0503,"Chemicals, finished manufactures"
300450,Other medicaments of vitamins or other products,0503,"Chemicals, finished manufactures"
300490,"Other medicaments of mixed or unmixed products,",0503,"Chemicals, finished manufactures"
300510,"Adhesive dressings..., for medical... purposes",0503,"Chemicals, finished manufactures"
300610,Materials for surgical sutures; laminaria ; abs,0503,"Chemicals, finished manufactures"
300620,Blood-grouping reagents,0503,"Chemicals, finished manufactures"
300630,Opacifying preparations for X-ray examinations;,0503,"Chemicals, finished manufactures"
300640,Dental cements and other dental fillings; bone,0503,"Chemicals, finished manufactures"
300650,First-aid boxes and kits,0503,"Chemicals, finished manufactures"
300660,Chemical contraceptive preparations based on ho,0503,"Chemicals, finished manufactures"
320710,"Prepared pigments, opacifiers and colours... fo",0503,"Chemicals, finished manufactures"
320720,"Vitrifiable enamels and glazes, englobes and si",0503,"Chemicals, finished manufactures"
320730,Liquid lustres and similar preparations,0503,"Chemicals, finished manufactures"
320740,Glass frit and other glass in the form of powde,0503,"Chemicals, finished manufactures"
320810,"Paints... based on polyesters, in a non-aqueous",0503,"Chemicals, finished manufactures"
320820,"Paints... based on acrylic or vinyl polymers, i",0503,"Chemicals, finished manufactures"
320890,"Paints and varnishes, in a non-aqueous medium,",0503,"Chemicals, finished manufactures"
320910,"Paints... based on acrylic or vinyl polymers, i",0503,"Chemicals, finished manufactures"
320990,"Paints and varnishes, in an aqueous medium, nes",0503,"Chemicals, finished manufactures"
321000,Other paints and varnishes (incl. enamels...)..,0503,"Chemicals, finished manufactures"
321100,Prepared driers,0503,"Chemicals, finished manufactures"
321210,Stamping foils,0503,"Chemicals, finished manufactures"
321290,"Pigments in non-aqueous media, nes, for retail",0503,"Chemicals, finished manufactures"
321310,Colours in sets,0503,"Chemicals, finished manufactures"
321390,"Artists', students' or signboard painters' colo",0503,"Chemicals, finished manufactures"
321410,Mastics and painters fillings,0503,"Chemicals, finished manufactures"
321490,"Glaziers putty, etc, non-refractory surfacing p",0503,"Chemicals, finished manufactures"
321511,"Black printing ink, whether or not concentrated",0503,"Chemicals, finished manufactures"
321519,"Printing ink, whether or not concentrated or so",0503,"Chemicals, finished manufactures"
321590,"Other ink, whether or not concentrated or solid",0503,"Chemicals, finished manufactures"
330300,Perfumes and toilet waters,0503,"Chemicals, finished manufactures"
330410,Lip make-up preparations,0503,"Chemicals, finished manufactures"
330420,Eye make-up preparations,0503,"Chemicals, finished manufactures"
330430,Manicure or pedicure preparations,0503,"Chemicals, finished manufactures"
330491,"Powders, whether or not compressed, for cosmeti",0503,"Chemicals, finished manufactures"
330499,"Beauty, make-up, skin-care (incl. suntan), nes",0503,"Chemicals, finished manufactures"
330510,Shampoos,0503,"Chemicals, finished manufactures"
330520,Preparations for permanent waving or straighten,0503,"Chemicals, finished manufactures"
330530,Hair lacquers,0503,"Chemicals, finished manufactures"
330590,"Preparations for use on the hair, nes",0503,"Chemicals, finished manufactures"
330610,Dentifrices,0503,"Chemicals, finished manufactures"
330690,Preparations for oral or dental hygiene (incl.,0503,"Chemicals, finished manufactures"
330710,"Pre-shave, shaving or after-shave preparations",0503,"Chemicals, finished manufactures"
330720,Personal deodorants and antiperspirants,0503,"Chemicals, finished manufactures"
330730,Perfumed bath salts and other bath preparations,0503,"Chemicals, finished manufactures"
330741,Agarbatti and other odiferous preparations whic,0503,"Chemicals, finished manufactures"
330749,"Preparations for deodorizing rooms, nes",0503,"Chemicals, finished manufactures"
330790,"Other perfumery, cosmetic or toilet preparation",0503,"Chemicals, finished manufactures"
340111,Soap and organic surface-active products in bar,0503,"Chemicals, finished manufactures"
340119,Soap and organic surface-active products in bar,0503,"Chemicals, finished manufactures"
340120,"Soap in other forms, nes",0503,"Chemicals, finished manufactures"
340211,"Anionic surface-active agents, (excl. soap)",0503,"Chemicals, finished manufactures"
340212,"Cationic surface-active agents, (excl. soap)",0503,"Chemicals, finished manufactures"
340213,"Non-ionic surface-active agents, (excl. soap)",0503,"Chemicals, finished manufactures"
340219,"Organic surface-active agents, (excl. soap), ne",0503,"Chemicals, finished manufactures"
340220,"Washing and cleaning preparations, put up for r",0503,"Chemicals, finished manufactures"
340290,"Washing and cleaning preparations, not put up f",0503,"Chemicals, finished manufactures"
340410,Artificial waxes of chemically modified lignite,0503,"Chemicals, finished manufactures"
340420,Artificial waxes of polyethylene glycol,0503,"Chemicals, finished manufactures"
340490,"Artificial waxes and prepared waxes, nes",0503,"Chemicals, finished manufactures"
340510,"Polishes, creams and similar preparations for f",0503,"Chemicals, finished manufactures"
340520,"Polishes, creams and similar preparations for m",0503,"Chemicals, finished manufactures"
340530,Polishes and similar preparations for coachwork,0503,"Chemicals, finished manufactures"
340540,Scouring pastes and powders and other scouring,0503,"Chemicals, finished manufactures"
340590,"Other polishes, creams and similar preparations",0503,"Chemicals, finished manufactures"
340700,Modelling pastes; dental wax and impression com,0503,"Chemicals, finished manufactures"
350610,Products put up as glues or adhesives for retai,0503,"Chemicals, finished manufactures"
350691,Adhesives based on rubber or plastic (incl. art,0503,"Chemicals, finished manufactures"
350699,"Prepared glues and other prepared adhesives, ne",0503,"Chemicals, finished manufactures"
360100,Propellent powders,0503,"Chemicals, finished manufactures"
360200,"Prepared explosives, (excl. propellent powders)",0503,"Chemicals, finished manufactures"
360300,Safety fuses; detonating fuses; caps; igniters;,0503,"Chemicals, finished manufactures"
360410,Fireworks,0503,"Chemicals, finished manufactures"
360490,Signalling flares... and other pyrotechnic arti,0503,"Chemicals, finished manufactures"
370110,"Photographic plates... for X-ray, in the flat,",0503,"Chemicals, finished manufactures"
370120,"Instant print flat film, unexposed",0503,"Chemicals, finished manufactures"
370130,"Plates and film, in the flat with any side >255",0503,"Chemicals, finished manufactures"
370191,"Photographic plates..., in the flat for colour",0503,"Chemicals, finished manufactures"
370199,"Photographic plates and film, in the flat (excl",0503,"Chemicals, finished manufactures"
370210,"Photographic film in rolls, for X-ray, unexpose",0503,"Chemicals, finished manufactures"
370220,"Instant print film in rolls, unexposed",0503,"Chemicals, finished manufactures"
370231,"Polychrome film, in rolls, non-perforated, of w",0503,"Chemicals, finished manufactures"
370232,"Film, in rolls, non-perforated, with silver...",0503,"Chemicals, finished manufactures"
370239,"Film, in rolls, non-perforated, of width =<105m",0503,"Chemicals, finished manufactures"
370241,"Polychrome film, in rolls, non-perforated, widt",0503,"Chemicals, finished manufactures"
370242,"Film, in rolls, non-perforated, width >610mm le",0503,"Chemicals, finished manufactures"
370243,"Film, in rolls, non-perforated, width >610mm an",0503,"Chemicals, finished manufactures"
370244,"Film, in rolls, non-perforated, width >105mm bu",0503,"Chemicals, finished manufactures"
370251,"Polychrome film, in rolls, width =<16mm and len",0503,"Chemicals, finished manufactures"
370252,"Polychrome film, in rolls, width =<16mm and len",0503,"Chemicals, finished manufactures"
370253,"Polychrome slide film, in rolls, width >16mm bu",0503,"Chemicals, finished manufactures"
370254,"Polychrome film, in rolls, width >16mm but =<35",0503,"Chemicals, finished manufactures"
370255,"Polychrome film, in rolls, width >16mm but =<35",0503,"Chemicals, finished manufactures"
370256,"Polychrome film, in rolls, width >35mm",0503,"Chemicals, finished manufactures"
370291,"Film, in rolls, width =<16mm and length =<14m (",0503,"Chemicals, finished manufactures"
370292,"Film, in rolls, width =<16mm and length >14m (e",0503,"Chemicals, finished manufactures"
370293,"Film, in rolls, width >16mm but =<35mm and leng",0503,"Chemicals, finished manufactures"
370294,"Film, in rolls, width >16mm but =<35mm and leng",0503,"Chemicals, finished manufactures"
370295,"Film, in rolls, width >35mm (excl. colour)",0503,"Chemicals, finished manufactures"
370310,"Photographic paper, paperboard and textilles, i",0503,"Chemicals, finished manufactures"
370320,"Photographic paper, paperboard and textilles fo",0503,"Chemicals, finished manufactures"
370390,"Photographic paper, paperboard and textilles, n",0503,"Chemicals, finished manufactures"
370400,"Photographic plates, film, paper..., exposed bu",0503,"Chemicals, finished manufactures"
370510,"Photographic plates..., exposed and developed,",0503,"Chemicals, finished manufactures"
370520,"Microfilms, exposed and developed",0503,"Chemicals, finished manufactures"
370590,"Photographic plates..., exposed and developed,",0503,"Chemicals, finished manufactures"
370610,"Cinematographic film, exposed and developed, wi",0503,"Chemicals, finished manufactures"
370690,"Cinematographic film, exposed and developed, wi",0503,"Chemicals, finished manufactures"
370710,Sensitising emulsions for photographic uses,0503,"Chemicals, finished manufactures"
370790,"Chemical preparations for photograpic use, nes",0503,"Chemicals, finished manufactures"
380810,"Insecticides, put up for retail sale",0503,"Chemicals, finished manufactures"
380820,"Fungicides, put up for retail sale",0503,"Chemicals, finished manufactures"
380830,"Herbicides, anti-sprouting products and plant g",0503,"Chemicals, finished manufactures"
380840,"Disinfectants, put up for retail sale",0503,"Chemicals, finished manufactures"
380890,"Rodenticides and similar products, put up for r",0503,"Chemicals, finished manufactures"
381300,Preparations for fire-extinguishers; charged fi,0503,"Chemicals, finished manufactures"
381400,"Organic composite solvents and thinners, nes; p",0503,"Chemicals, finished manufactures"
382100,Prepared culture media for development of micro,0503,"Chemicals, finished manufactures"
392210,"Baths, shower-baths and wash-basins, of plastic",0503,"Chemicals, finished manufactures"
392220,Lavatory seats and covers of plastics,0503,"Chemicals, finished manufactures"
392290,"Bidets, lavatory pans... and other sanitary war",0503,"Chemicals, finished manufactures"
392310,"Boxes, cases, crates and similar articles of pl",0503,"Chemicals, finished manufactures"
392321,Sacks and bags (incl. cones) of polymers of eth,0503,"Chemicals, finished manufactures"
392329,Sacks and bags (incl. cones) of other plastics,0503,"Chemicals, finished manufactures"
392330,"Carboys, bottles, flasks and similar articles o",0503,"Chemicals, finished manufactures"
392340,"Spools, cops, bobbins and similar supports of p",0503,"Chemicals, finished manufactures"
392350,"Stoppers, lids, caps and other closures of plas",0503,"Chemicals, finished manufactures"
392390,"Articles for the packing of goods, of plastics,",0503,"Chemicals, finished manufactures"
392410,Tableware and kitchenware of plastics,0503,"Chemicals, finished manufactures"
392490,"Household and toilet articles of plastics, nes",0503,"Chemicals, finished manufactures"
392510,"Reservoirs... and similar containers, capacity",0503,"Chemicals, finished manufactures"
392520,"Doors, windows and their frames and thresholds",0503,"Chemicals, finished manufactures"
392530,"Shutters, blinds and similar articles and parts",0503,"Chemicals, finished manufactures"
392590,"Builders' ware of plastics, nes",0503,"Chemicals, finished manufactures"
392610,Office or school supplies of plastics,0503,"Chemicals, finished manufactures"
392620,Articles of apparel and clothing accessories of,0503,"Chemicals, finished manufactures"
392630,"Fittings for furniture, coachwork or the like o",0503,"Chemicals, finished manufactures"
392640,Statuettes and other ornamental articles of pla,0503,"Chemicals, finished manufactures"
392690,"Other articles of plastics, nes",0503,"Chemicals, finished manufactures"
860110,Rail locomotives powered from an external sourc,0603,Transport equipment
860120,Rail locomotives powered by electric batteries,0603,Transport equipment
860210,"Rail locomotives, diesel-electric",0603,Transport equipment
860290,Rail locomotives nes and locomotive tenders,0603,Transport equipment
860310,Self-propelled railway cars powered from an ext,0603,Transport equipment
860390,Self-propelled railway cars nes,0603,Transport equipment
860400,Railway maintenance-of-way service vehicles,0603,Transport equipment
860500,"Railway passenger and special purpose coaches,",0603,Transport equipment
860610,"Railway tank cars, not self-propelled",0603,Transport equipment
860620,"Railway cars, insulated or refrigerated, other",0603,Transport equipment
860630,"Railway cars, self-discharging, other than tank",0603,Transport equipment
860691,"Railway cars, closed and covered",0603,Transport equipment
860692,"Railway cars, open, with non-removable sides of",0603,Transport equipment
860699,Railway cars nes,0603,Transport equipment
860711,Driving bogies and bissel-bogies,0603,Transport equipment
860712,Bogies and bissel-bogies nes,0603,Transport equipment
860719,Axles and wheels and parts,0603,Transport equipment
860721,Air brakes and parts for railway rolling stock,0603,Transport equipment
860729,Brakes nes and parts thereof for railway rollin,0603,Transport equipment
860730,Coupling devices and parts for railway rolling,0603,Transport equipment
860791,Locomotive parts nes,0603,Transport equipment
860799,Railway rolling stock parts nes,0603,Transport equipment
860900,Cargo containers designed to be carried by one,0603,Transport equipment
870110,Pedestrian controlled tractors,0603,Transport equipment
870120,Road tractors for semi-trailers (truck tractors,0603,Transport equipment
870130,Track-laying tractors (crawlers),0603,Transport equipment
870190,Wheeled tractors nes,0603,Transport equipment
870210,Diesel powered buses with a seating capacity of,0603,Transport equipment
870290,Buses with a seating capacity of more than nine,0603,Transport equipment
870310,"Snowmobiles, golf cars and similar vehicles",0603,Transport equipment
870321,Automobiles with reciprocating piston engine di,0603,Transport equipment
870322,Automobiles with reciprocating piston engine di,0603,Transport equipment
870323,Automobiles with reciprocating piston engine di,0603,Transport equipment
870324,Automobiles with reciprocating piston engine di,0603,Transport equipment
870331,Automobiles with diesel engine displacing not m,0603,Transport equipment
870332,Automobiles with diesel engine displacing more,0603,Transport equipment
870333,Automobiles with diesel engine displacing more,0603,Transport equipment
870390,Automobiles nes including gas turbine powered,0603,Transport equipment
870410,Dump trucks designed for off-highway use,0603,Transport equipment
870421,Diesel powered trucks with a GVW not exceeding,0603,Transport equipment
870422,Diesel powered trucks with a GVW exc five tonne,0603,Transport equipment
870423,Diesel powered trucks with a GVW exceeding twen,0603,Transport equipment
870431,Gas powered trucks with a GVW not exceeding fiv,0603,Transport equipment
870432,Gas powered trucks with a GVW exceeding five to,0603,Transport equipment
870490,Trucks nes,0603,Transport equipment
870510,Mobile cranes,0603,Transport equipment
870520,Mobile drilling derricks,0603,Transport equipment
870530,Fire fighting vehicles,0603,Transport equipment
870540,Mobile concrete mixers,0603,Transport equipment
870590,Special purpose motor vehicles nes,0603,Transport equipment
870600,Chassis fitted with engines for the vehicles of,0603,Transport equipment
870710,Bodies for passenger carrying vehicles,0603,Transport equipment
870790,"Bodies for tractors, buses, trucks and special",0603,Transport equipment
870810,Bumpers and parts for motor vehicles,0603,Transport equipment
870829,Parts and accessories of bodies nes for motor v,0603,Transport equipment
870831,Mounted brake linings for motor vehicles,0603,Transport equipment
870839,Brake system parts nes for motor vehicles,0603,Transport equipment
870840,Tansmissions for motor vehicles,0603,Transport equipment
870850,Drive axles with differential for motor vehicle,0603,Transport equipment
870860,Non-driving axles and parts for motor vehicles,0603,Transport equipment
870870,Wheels including parts and accessories for moto,0603,Transport equipment
870880,Shock absorbers for motor vehicles,0603,Transport equipment
870891,Radiators for motor vehicles,0603,Transport equipment
870892,Mufflers and exhaust pipes for motor vehicles,0603,Transport equipment
870893,Clutches and parts for motor vehicles,0603,Transport equipment
870894,"Steering wheels, steering columns and steering",0603,Transport equipment
870899,Motor vehicle parts nes,0603,Transport equipment
871110,Motorcycles with reciprocating piston engine di,0603,Transport equipment
871120,Motorcycles with reciprocating piston engine di,0603,Transport equipment
871130,Motorcycles with reciprocating piston engine di,0603,Transport equipment
871140,Motorcycles with reciprocating piston engine di,0603,Transport equipment
871150,Motorcycles with reciprocating piston engine di,0603,Transport equipment
871190,Motorcycles with other than a reciprocating pis,0603,Transport equipment
871200,Bicycles and other cycles (including delivery t,0603,Transport equipment
871310,Wheelchairs not mechanically propelled,0603,Transport equipment
871390,"Wheelchairs, mechanically propelled",0603,Transport equipment
871411,Motorcycle saddles,0603,Transport equipment
871419,Motorcycle parts nes,0603,Transport equipment
871420,Wheelchair parts nes,0603,Transport equipment
871491,"Bicycle frames and forks, and parts thereof",0603,Transport equipment
871492,Bicycle wheel rims and spokes,0603,Transport equipment
871493,Bicycle hubs and free-wheel sprocket wheels,0603,Transport equipment
871494,"Bicycle brakes, including coaster braking hubs,",0603,Transport equipment
871495,Bicycle saddles,0603,Transport equipment
871496,Bicycle pedals and crank-gear and parts thereof,0603,Transport equipment
871499,Bicycle parts nes,0603,Transport equipment
871610,Trailers for housing or camping,0603,Transport equipment
871620,Trailers for agricultural purposes,0603,Transport equipment
871631,Tanker trailers and semi-trailers,0603,Transport equipment
871639,Trailers nes for the transport of goods,0603,Transport equipment
871640,Trailers and semi-trailers nes,0603,Transport equipment
871680,"Wheelbarrows, hand-carts, rickshaws and other h",0603,Transport equipment
871690,Trailer and other vehicle parts nes,0603,Transport equipment
880110,Gliders and hang gliders,0603,Transport equipment
880190,"Balloons, dirigibles and non-powered aircraft n",0603,Transport equipment
880211,Helicopters of an unladen weight not exceeding,0603,Transport equipment
880212,"Helicopters of an unladen weight exceeding 2,00",0603,Transport equipment
880220,Aircraft nes of an unladen weight not exceeding,0603,Transport equipment
880230,"Aircraft nes of an unladen weight > 2,000 kg bu",0603,Transport equipment
880240,"Aircraft nes of an unladen weight exceeding 15,",0603,Transport equipment
880250,Spacecraft (including satellites) and spacecraf,0603,Transport equipment
880310,Aircraft propellers and rotors and parts thereo,0603,Transport equipment
880320,Aircraft under-carriages and parts thereof,0603,Transport equipment
880330,Aircraft parts nes,0603,Transport equipment
880390,"Parts of balloons, dirigibles, and spacecraft n",0603,Transport equipment
890110,"Cruise ships, excursion boats etc principally d",0603,Transport equipment
890120,Tankers,0603,Transport equipment
890130,Refrigerated vessels other than tankers,0603,Transport equipment
890190,Cargo vessels nes and other vessels for the tra,0603,Transport equipment
890200,Fishing vessels and factory ships,0603,Transport equipment
890310,Inflatable pleasure craft,0603,Transport equipment
890391,"Sailboats, with or without auxiliary motor",0603,Transport equipment
890392,"Motorboats, other than outboard motorboats",0603,Transport equipment
890399,"Rowing boats, canoes, sculls and other pleasure",0603,Transport equipment
890400,Tugs and pusher craft,0603,Transport equipment
890510,Dredgers,0603,Transport equipment
890520,Floating or submersible drilling or production,0603,Transport equipment
890590,Floating docks and vessels which perform specia,0603,Transport equipment
890600,"Warships, lifeboats, hospital ships and vessels",0603,Transport equipment
890710,Inflatable rafts including those for carrying s,0603,Transport equipment
890790,"Buoys, beacons, coffer-dams, pontoons and other",0603,Transport equipment
890800,Vessels and other floating structures for break,0603,Transport equipment
732111,Cooking appliances&plate warmers for gas fuel o,0703,Non-electric machinery
732112,Cooking appliances & plate warmers for liquid f,0703,Non-electric machinery
732113,Cooking appliances & plate warmers for solid fu,0703,Non-electric machinery
732181,"Household or camping appliances,i/s,for htg or",0703,Non-electric machinery
732182,"Household or camping appliances,i/s,for htg or",0703,Non-electric machinery
732183,"Household or camping appliances,i/s,for htg or",0703,Non-electric machinery
732190,Appliance parts clearly identifiable as for hou,0703,Non-electric machinery
732211,"Radiators and parts thereof, cast iron",0703,Non-electric machinery
732219,"Radiators and parts thereof, iron or steel, oth",0703,Non-electric machinery
732290,"Air heaters,hot air distributors,iron or steel&",0703,Non-electric machinery
840110,Nuclear reactors,0703,Non-electric machinery
840120,Machinery and apparatus for isotopic separation,0703,Non-electric machinery
840130,"Fuel elements (cartridges), non-irradiated, for",0703,Non-electric machinery
840140,Parts of nuclear reactors,0703,Non-electric machinery
840211,Watertube boilers with a steam production excee,0703,Non-electric machinery
840212,Watertube boilers with a steam production not e,0703,Non-electric machinery
840219,"Vapour generating boilers nes, including hybrid",0703,Non-electric machinery
840220,Super-heated water boilers,0703,Non-electric machinery
840290,Parts of steam or vapour generating boilers nes,0703,Non-electric machinery
840310,Central heating boilers nes,0703,Non-electric machinery
840390,Parts of central heating boiler nes,0703,Non-electric machinery
840410,Auxiliary plant for use with steam or vapour ge,0703,Non-electric machinery
840420,Condensers for steam or vapour power units,0703,Non-electric machinery
840490,Parts for auxiliary plant & condenser for steam,0703,Non-electric machinery
840510,Producer gas or water gas generators acetylene,0703,Non-electric machinery
840590,"Parts of prod gas or wat gas gen,acetylene gas",0703,Non-electric machinery
840611,Steam and vapour turbines for marine propulsion,0703,Non-electric machinery
840619,Steam and vapour turbines nes,0703,Non-electric machinery
840690,Parts of steam and vapour turbines,0703,Non-electric machinery
840710,"Aircraft engines, spark-ignition reciprocating",0703,Non-electric machinery
840721,"Outboard motors, spark-ignition reciprocating o",0703,Non-electric machinery
840729,Marine engines nes of the spark-ignition recipr,0703,Non-electric machinery
840731,"Engines, spark-ignition reciprocating, displaci",0703,Non-electric machinery
840732,"Engines, spark-ignition reciprocating, displaci",0703,Non-electric machinery
840733,"Engines, spark-ignition reciprocating displacin",0703,Non-electric machinery
840734,"Engines, spark-ignition reciprocating displacin",0703,Non-electric machinery
840790,"Engines, spark-ignition type nes",0703,Non-electric machinery
840810,"Marine propulsion engines, diesel",0703,Non-electric machinery
840820,"Engines, diesel, for the vehicles of Chapter 87",0703,Non-electric machinery
840890,"Engines, diesel nes",0703,Non-electric machinery
840910,Parts for spark-ignition type aircraft engines,0703,Non-electric machinery
840991,Parts for spark-ignition type engines nes,0703,Non-electric machinery
840999,Parts for diesel and semi-diesel engines,0703,Non-electric machinery
841011,Hydraulic turbines & water wheels of a power no,0703,Non-electric machinery
841012,Hyd turbines & water wheels of a power exc 1000,0703,Non-electric machinery
841013,Hydraulic turbines and water wheels of a power,0703,Non-electric machinery
841090,Parts of hydraulic turbines & water wheels incl,0703,Non-electric machinery
841111,Turbo-jets of a thrust not exceeding 25 KN,0703,Non-electric machinery
841112,Turbo-jets of a thrust exceeding 25 KN,0703,Non-electric machinery
841121,Turbo-propellers of a power not exceeding 1100,0703,Non-electric machinery
841122,Turbo-propellers of a power exceeding 1100 KW,0703,Non-electric machinery
841181,Gas turbines nes of a power not exceeding 5000,0703,Non-electric machinery
841182,Gas turbines nes of a power exceeding 5000 KW,0703,Non-electric machinery
841191,Parts of turbo-jets or turbo-propellers,0703,Non-electric machinery
841199,Parts of gas turbines nes,0703,Non-electric machinery
841210,Reaction engines nes other than turbo jets,0703,Non-electric machinery
841221,Hydraulic power engines & motors linear acting,0703,Non-electric machinery
841229,Hydraulic power engines & motors nes,0703,Non-electric machinery
841231,Pneumatic power engines & motors linear acting,0703,Non-electric machinery
841239,Pneumatic power engines & motors nes,0703,Non-electric machinery
841280,Engines and motors nes,0703,Non-electric machinery
841290,Parts of hydraulic & pneumatic & other power en,0703,Non-electric machinery
841311,Pumps with or w/o a meas device for disp fuel/l,0703,Non-electric machinery
841319,Pumps fitted or designed to be fitted with a me,0703,Non-electric machinery
841320,"Hand pumps nes, o/t those of subheading No 8413",0703,Non-electric machinery
841330,"Fuel, lubricating or cooling medium pumps for i",0703,Non-electric machinery
841340,Concrete pumps,0703,Non-electric machinery
841350,Reciprocating positive displacement pumps nes,0703,Non-electric machinery
841360,Rotary positive displacement pumps nes,0703,Non-electric machinery
841370,Centrifugal pumps nes,0703,Non-electric machinery
841381,Pumps nes,0703,Non-electric machinery
841382,Liquid elevators,0703,Non-electric machinery
841391,Parts of pumps for liquid whether or not fitted,0703,Non-electric machinery
841392,Parts of liquid elevators,0703,Non-electric machinery
841410,Vacuum pumps,0703,Non-electric machinery
841420,Hand or foot-operated air pumps,0703,Non-electric machinery
841430,Compressors of a kind used in refrigerating equ,0703,Non-electric machinery
841440,Air compressors mounted on a wheeled chassis fo,0703,Non-electric machinery
841451,"Fans: table,roof etc with a self-cont elec mtr",0703,Non-electric machinery
841459,Fans nes,0703,Non-electric machinery
841460,Hoods having a maximum horizontal side not exce,0703,Non-electric machinery
841480,"Air or gas compressors, hoods",0703,Non-electric machinery
841490,"Parts of vacuum pumps, compressors, fans, blowe",0703,Non-electric machinery
841510,"Air conditioning machines window or wall types,",0703,Non-electric machinery
841581,Air cond mach nes inc a ref unit and a valve fo,0703,Non-electric machinery
841582,"Air cond mach nes, inc a refrigerating unit",0703,Non-electric machinery
841583,"Air cond mach nes, not incorporating refrigerat",0703,Non-electric machinery
841590,Parts of air conditioning machines,0703,Non-electric machinery
841610,Furnace burners for liquid fuel,0703,Non-electric machinery
841620,"Furnace burners nes, including combination burn",0703,Non-electric machinery
841630,"Mech.stokers, mech.grates, mech.ash dischargers",0703,Non-electric machinery
841690,"Parts of furnace burners,mech stokers grates,as",0703,Non-electric machinery
841710,"Furnaces&ovens n-elec for the roast,melt or h-t",0703,Non-electric machinery
841720,"Bakery ovens, including biscuit ovens, non-elec",0703,Non-electric machinery
841780,"Industrial or lab furnaces & ovens, inc inciner",0703,Non-electric machinery
841790,Parts of industrial or lab furnaces & ovens inc,0703,Non-electric machinery
841810,"Combined refrigerator-freezers, fitted with sep",0703,Non-electric machinery
841821,"Refrigerators, household type, compression-type",0703,Non-electric machinery
841822,"Refrigerators, household type, absorption-type,",0703,Non-electric machinery
841829,"Refrigerators, household type, nes",0703,Non-electric machinery
841830,"Freezers of the chest type, not exceeding 800 l",0703,Non-electric machinery
841840,"Freezers of the upright type, not exceeding 900",0703,Non-electric machinery
841850,"Other refrigerating or freezing chests,cabinets",0703,Non-electric machinery
841861,Compression type refrigrting or freez equip who,0703,Non-electric machinery
841869,Refrigerating or freezing equipment nes,0703,Non-electric machinery
841891,Furniture designed to receive refrigerating or,0703,Non-electric machinery
841899,"Parts of refrigerating or freezing equipment, n",0703,Non-electric machinery
841911,Instantaneous gas water heaters,0703,Non-electric machinery
841919,"Instantaneous or storage water heaters, non-ele",0703,Non-electric machinery
841920,"Medical, surgical or laboratory sterilizers",0703,Non-electric machinery
841931,Dryers for agricultural products,0703,Non-electric machinery
841932,"Dryers for wood, paper pulp, paper or paperboar",0703,Non-electric machinery
841939,"Non-domestic, non-electric dryers nes",0703,Non-electric machinery
841940,Distilling or rectifying plant,0703,Non-electric machinery
841950,"Heat exchange units, non-domestic, non-electric",0703,Non-electric machinery
841960,Machinery for liquefying air or other gases,0703,Non-electric machinery
841981,Machinery for making hot drinks or for cooking,0703,Non-electric machinery
841989,"Machinery, plant or laboratory equip for treat",0703,Non-electric machinery
841990,"Parts of machinery, plant and equipment of head",0703,Non-electric machinery
842010,"Calendering or rolling machines, excluding for",0703,Non-electric machinery
842091,"Cylinders for calendering or rolling mach, excl",0703,Non-electric machinery
842099,"Parts of calendering or rolling mach nes, exclu",0703,Non-electric machinery
842111,Cream separators,0703,Non-electric machinery
842112,"Clothes-dryers, centrifugal",0703,Non-electric machinery
842119,Centrifuges nes,0703,Non-electric machinery
842121,Filtering or purifying machinery and apparatus,0703,Non-electric machinery
842122,Filtering or purifying machinery and apparatus,0703,Non-electric machinery
842123,Oil or petrol-filters for internal combustion e,0703,Non-electric machinery
842129,Filtering or purifying machinery and apparatus,0703,Non-electric machinery
842131,Intake air filters for internal combustion engi,0703,Non-electric machinery
842139,Filtering or purifying machinery and apparatus,0703,Non-electric machinery
842191,"Parts of centrifuges, including centrifugal dry",0703,Non-electric machinery
842199,Parts for filtering or purifying mchy & apparat,0703,Non-electric machinery
842211,Dish washing machines of the HH type,0703,Non-electric machinery
842219,Dish washing machines nes,0703,Non-electric machinery
842220,Machinery for cleaning or drying bottles or con,0703,Non-electric machinery
842230,Mach for fil/clos/seal/etc.btle/can/box/bag/ctn,0703,Non-electric machinery
842240,Packing or wrapping machinery nes,0703,Non-electric machinery
842290,"Pts of dish washing,cleaning or drying containe",0703,Non-electric machinery
842310,"Personal weighing machines, including baby scal",0703,Non-electric machinery
842320,Scales for continuous weighing of goods on conv,0703,Non-electric machinery
842330,"Constant weight scales, including hopper scales",0703,Non-electric machinery
842381,Weighing machinery having a maximum weighing ca,0703,Non-electric machinery
842382,Weighing machinery having a maximum weighing ca,0703,Non-electric machinery
842389,"Weighing machinery, nes",0703,Non-electric machinery
842390,Weighing machine weights of all kinds; parts of,0703,Non-electric machinery
842410,"Fire extinguishers, whether or not charged",0703,Non-electric machinery
842420,Spray guns and similar appliances,0703,Non-electric machinery
842430,Steam or sand blasting machines and similar jet,0703,Non-electric machinery
842481,Mech appl for proj/disp or spraying liquids or,0703,Non-electric machinery
842489,Mech appl (whether or not hand-op) for proj/dis,0703,Non-electric machinery
842490,Pts of mech app (hand-op or not) for proj/disp,0703,Non-electric machinery
842511,Pulley tackle/hoists electric (exc skip hoists/,0703,Non-electric machinery
842519,Pulley tackle/hoists nes (exc skip hoists or ho,0703,Non-electric machinery
842520,Pit-head winding gear winches specially designe,0703,Non-electric machinery
842531,Winches or capstans nes powered by electric mot,0703,Non-electric machinery
842539,Winches or captsans nes,0703,Non-electric machinery
842541,Built-in jacking systems of a type used in gara,0703,Non-electric machinery
842542,Jacks & hoists nes hydraulic,0703,Non-electric machinery
842549,Jacks & hoists nes,0703,Non-electric machinery
842611,Gantry & overhead travelling cranes on fixed su,0703,Non-electric machinery
842612,Mobile lifting frames on tyres and straddle car,0703,Non-electric machinery
842619,Transporter or bridge cranes,0703,Non-electric machinery
842620,Tower cranes,0703,Non-electric machinery
842630,Portal or pedestal jib cranes,0703,Non-electric machinery
842641,Derricks/cranes or works trucks fitted with a c,0703,Non-electric machinery
842649,"Derricks, cranes or work trucks fitted with a c",0703,Non-electric machinery
842691,Cranes designed for mounting on road vehicles,0703,Non-electric machinery
842699,Cranes or derricks nes,0703,Non-electric machinery
842710,Self-propelled works trucks powered by an elect,0703,Non-electric machinery
842720,Self-propelled works trucks nes,0703,Non-electric machinery
842790,Trucks fitted with lifting or handling equipmen,0703,Non-electric machinery
842810,Lifts and skip hoists,0703,Non-electric machinery
842820,Pneumatic elevators and conveyors,0703,Non-electric machinery
842831,Cont-action elevators/conveyors for goods/mat s,0703,Non-electric machinery
842832,"Cont-action elevators/conveyors for goods/mat,",0703,Non-electric machinery
842833,"Cont-action elevators/conveyors for goods/mat,",0703,Non-electric machinery
842839,Cont-action elevators/conveyors for goods/mat n,0703,Non-electric machinery
842840,Escalators and moving walkways,0703,Non-electric machinery
842850,Wagon handling equipment,0703,Non-electric machinery
842860,"Teleferics,chair-lifts,ski-draglines; traction",0703,Non-electric machinery
842890,"Lifting, handling, loading or unloading machine",0703,Non-electric machinery
842911,"Bulldozers and angledozers, crawler type",0703,Non-electric machinery
842919,"Bulldozers and angledozers, wheeled",0703,Non-electric machinery
842920,"Graders and levellers, self-propelled",0703,Non-electric machinery
842930,"Scrapers, self-propelled",0703,Non-electric machinery
842940,"Tamping machines and road rollers, self-propell",0703,Non-electric machinery
842951,Front end shovel loaders,0703,Non-electric machinery
842952,Shovels and excavators with a 360 revolving sup,0703,Non-electric machinery
842959,Self-propelled excavating machinery nes,0703,Non-electric machinery
843010,Pile-drivers and pile-extractors,0703,Non-electric machinery
843020,"Snow-ploughs and snow-blowers, not self-propell",0703,Non-electric machinery
843031,"Coal or rock cutters, self-propelled",0703,Non-electric machinery
843039,"Coal or rock cutters, not self-propelled",0703,Non-electric machinery
843041,"Boring or sinking machinery nes, self-propelled",0703,Non-electric machinery
843049,"Boring or sinking machinery nes, not self-prope",0703,Non-electric machinery
843050,"Construction equipment, self-propelled nes",0703,Non-electric machinery
843061,"Tamping or compacting machinery, not self-prope",0703,Non-electric machinery
843062,"Scrapers, not self-propelled",0703,Non-electric machinery
843069,"Construction equipment, not self-propelled nes",0703,Non-electric machinery
843110,Parts of machinery of heading No 84.25,0703,Non-electric machinery
843120,Parts of fork-lift and other works trucks fitte,0703,Non-electric machinery
843131,"Parts of lifts, skip hoist or escalators",0703,Non-electric machinery
843139,"Parts of lifting, handling, loading or unloadin",0703,Non-electric machinery
843141,"Buckets, shovels, grabs and grips of excavating",0703,Non-electric machinery
843142,Bulldozer and angledozer blades,0703,Non-electric machinery
843143,"Parts of boring or sinking machinery, whether o",0703,Non-electric machinery
843149,"Parts of cranes, work-trucks, shovels, and othe",0703,Non-electric machinery
843210,Ploughs,0703,Non-electric machinery
843221,Disc harrows,0703,Non-electric machinery
843229,"Scarifiers, cultivators, weeders and hoes",0703,Non-electric machinery
843230,"Seeders, planters and transplanters",0703,Non-electric machinery
843240,Manure spreaders and fertiliser distributors,0703,Non-electric machinery
843280,"Rollers, stone-removers and oth soil preparatio",0703,Non-electric machinery
843290,Parts for rollers and other soil preparation or,0703,Non-electric machinery
843311,"Mowers, powered, lawn, with horizontal cutting",0703,Non-electric machinery
843319,"Mowers, powered, lawn, nes",0703,Non-electric machinery
843320,Mowers for hay etc including cutter bars for tr,0703,Non-electric machinery
843330,Hay tedders and rakes and other haymaking machi,0703,Non-electric machinery
843340,"Straw or fodder balers, including pick-up baler",0703,Non-electric machinery
843351,Combine harvester-threshers,0703,Non-electric machinery
843352,Threshing machinery nes,0703,Non-electric machinery
843353,Root or tuber harvesting machines,0703,Non-electric machinery
843359,Harvesting machinery nes,0703,Non-electric machinery
843360,"Machines for cleaning, sorting or grading eggs,",0703,Non-electric machinery
843390,"Parts of harvesting, threshing and oth agricult",0703,Non-electric machinery
843410,Milking machines,0703,Non-electric machinery
843420,Dairy machinery,0703,Non-electric machinery
843490,Parts of milking machines and dairy machinery,0703,Non-electric machinery
843510,"Presses, crushers &sim mach used in the mfg of",0703,Non-electric machinery
843590,"Parts of presses, crushers & sim mach used in t",0703,Non-electric machinery
843610,Machinery for preparing animal feeding stuffs,0703,Non-electric machinery
843621,Poultry incubators and brooders,0703,Non-electric machinery
843629,"Poultry-keeping machinery, nes",0703,Non-electric machinery
843680,Agri/hortic/forestry bee-keeping mach nes inc g,0703,Non-electric machinery
843691,Parts of poultry-keeping machinery,0703,Non-electric machinery
843699,Parts of agr/hort/forestry/bee-keeping mach nes,0703,Non-electric machinery
843710,"Machines for cleaning/sorting or grading seed,g",0703,Non-electric machinery
843780,Mach for milling/working of cereals/ dried legu,0703,Non-electric machinery
843790,"Pts of clean/sort mach etc for seed/grn, mill/w",0703,Non-electric machinery
843810,"Bakery mach and machy for the mfg of macaroni,",0703,Non-electric machinery
843820,"Machinery for the manufacture of confectionary,",0703,Non-electric machinery
843830,Machinery for sugar manufacture,0703,Non-electric machinery
843840,Brewery machinery,0703,Non-electric machinery
843850,Machinery for the preparation of meat or poultr,0703,Non-electric machinery
843860,"Machinery for the preparation of fruits, nuts o",0703,Non-electric machinery
843880,Mach for the ind prep/mfr of food/ drink exc fo,0703,Non-electric machinery
843890,Pts of mach for the ind prep/mfr of food etc ex,0703,Non-electric machinery
843910,Machinery for making pulp of fibrous cellulosic,0703,Non-electric machinery
843920,Machinery for making paper or paperboard,0703,Non-electric machinery
843930,Machinery for finishing paper or paperboard,0703,Non-electric machinery
843991,Parts of mach for making pulp of fibrous cellul,0703,Non-electric machinery
843999,Parts of mach for making or finishing paper or,0703,Non-electric machinery
844010,"Book-binding machinery, including book-sewing m",0703,Non-electric machinery
844090,Parts of book-binding machinery including book-,0703,Non-electric machinery
844110,"Cutting machines for paper pulp, paper or paper",0703,Non-electric machinery
844120,"Machines for making bags, sacks or envelopes of",0703,Non-electric machinery
844130,"Mach for making boxes or sim cont, of paper or",0703,Non-electric machinery
844140,"Machines for moulding articles in paper pulp, p",0703,Non-electric machinery
844180,"Machinery for making up paper pulp, paper or pa",0703,Non-electric machinery
844190,"Pts of mach for making up paper pulp,paper or p",0703,Non-electric machinery
844210,Phototype-setting and composing machines,0703,Non-electric machinery
844220,Mach app&equip for type-set or comp by oth proc,0703,Non-electric machinery
844230,Mach app & equip for preparing or making printi,0703,Non-electric machinery
844240,Pts of mach/app&equip for type-set or type-foun,0703,Non-electric machinery
844250,"Printing type,blocks,plates,cylinders&oth print",0703,Non-electric machinery
844311,Reel fed offset printing machinery,0703,Non-electric machinery
844312,"Sheet fed, office type (sheet size not exc-22x3",0703,Non-electric machinery
844319,Offset printing machinery nes,0703,Non-electric machinery
844321,Reel fed letterpress printing mach exc flexogra,0703,Non-electric machinery
844329,Letterpress printing machinery nes exc flexogra,0703,Non-electric machinery
844330,Flexographic printing machinery,0703,Non-electric machinery
844340,Gravure printing machinery,0703,Non-electric machinery
844350,Printing machinery nes,0703,Non-electric machinery
844360,Machines for uses ancillary to printing,0703,Non-electric machinery
844390,Parts of printing machinery & machines for uses,0703,Non-electric machinery
844400,"Machines for extruding, drawing, text or cuttin",0703,Non-electric machinery
844511,Textile carding machines,0703,Non-electric machinery
844512,Textile combing machines,0703,Non-electric machinery
844513,Textile drawing or roving machines,0703,Non-electric machinery
844519,Textile preparing machines nes,0703,Non-electric machinery
844520,Textile spinning machines,0703,Non-electric machinery
844530,Textile doubling or twisting machines,0703,Non-electric machinery
844540,Textile winding (including weft-winding) or ree,0703,Non-electric machinery
844590,Machinery for producing or preparing textile ya,0703,Non-electric machinery
844610,Machines for weaving fabrics of a width not exc,0703,Non-electric machinery
844621,Machines for weaving fabrics of a width exc 30,0703,Non-electric machinery
844629,Machines for weaving fabrics of a width exceedi,0703,Non-electric machinery
844630,Machines for weaving fabrics of a width exceedi,0703,Non-electric machinery
844711,Circular knitting machines with cylinder diamet,0703,Non-electric machinery
844712,Circular knitting machines with cylinder diamet,0703,Non-electric machinery
844720,Flat knitting machines; stitch-bonding machines,0703,Non-electric machinery
844790,Mach for making gimped yarn/tulle/lace/embroide,0703,Non-electric machinery
844811,"Dobbies,Jacquards,card reducing, for use with m",0703,Non-electric machinery
844819,Auxiliary machinery nes for machines of heading,0703,Non-electric machinery
844820,Pts & access of mach of hdg No 84.44 or of thei,0703,Non-electric machinery
844831,Card clothing for hdg No 84.45,0703,Non-electric machinery
844832,"Pts&access of mach for prep text fib,(exc card",0703,Non-electric machinery
844833,"Spindles,spindle flyers,spinning rings&ring tra",0703,Non-electric machinery
844839,Pts & access of mach of heading No 84.45 or of,0703,Non-electric machinery
844841,Shuttles for weaving machines (looms),0703,Non-electric machinery
844842,"Reeds for looms, healds & heald-frames for weav",0703,Non-electric machinery
844849,Parts and accessories of weaving mches or of th,0703,Non-electric machinery
844851,"Sinkers,needles&oth art. used in form stitches",0703,Non-electric machinery
844859,Parts&access of machines of hdg No 84.47 or of,0703,Non-electric machinery
844900,Mach for the mfr or fin of felt or n-wov in the,0703,Non-electric machinery
845011,"Automatic washing machines, of a dry linen capa",0703,Non-electric machinery
845012,Washing machines of a dry linen capacity =<10kg,0703,Non-electric machinery
845019,Household or laundry-type washing mach of a dry,0703,Non-electric machinery
845020,Household or laundry-type washing mach of a dry,0703,Non-electric machinery
845090,Parts of household or laundry-type washing mach,0703,Non-electric machinery
845110,Dry-cleaning machines o/t hdg No 84.50,0703,Non-electric machinery
845121,Drying machines (o/t hdg No 84.50) each of a dr,0703,Non-electric machinery
845129,Drying machines (o/t No 84.50) nes,0703,Non-electric machinery
845130,Ironing mach & presses (including fusing presse,0703,Non-electric machinery
845140,"Washing, bleaching or dyeing machines (o/t mach",0703,Non-electric machinery
845150,"Mach for reeling,unreeling,folding,cut or pink",0703,Non-electric machinery
845180,Mach for wring/dress/finishing/coating or impre,0703,Non-electric machinery
845190,Pts of washing/cleaning/drying/ironing/ dyeing,0703,Non-electric machinery
845210,Household type sewing machines,0703,Non-electric machinery
845221,"Automatic sewing machines, other than book-sewi",0703,Non-electric machinery
845229,"Sewing machines, other than book-sewing machine",0703,Non-electric machinery
845230,Sewing machine needles,0703,Non-electric machinery
845240,"Furniture, bases and covers for sewing machines",0703,Non-electric machinery
845290,"Parts of sewing machines, nes",0703,Non-electric machinery
845310,"Machinery for preparing,tanning or working hide",0703,Non-electric machinery
845320,Machinery for making or repairing footwear,0703,Non-electric machinery
845380,"Mach for making or repair art of hides,skins or",0703,Non-electric machinery
845390,Pts of mach for prep etc hides skin leather or,0703,Non-electric machinery
845410,Converters used in metallurgy or metal foundrie,0703,Non-electric machinery
845420,Ingot moulds & ladles used in metallurgy or met,0703,Non-electric machinery
845430,Casting machines used in metallurgy or metal fo,0703,Non-electric machinery
845490,Pts of converters/ladles/ingot moulds&casting m,0703,Non-electric machinery
845510,"Tube mills, metal rolling",0703,Non-electric machinery
845521,Hot or combination hot & cold metal rolling mil,0703,Non-electric machinery
845522,Cold metal rolling mills,0703,Non-electric machinery
845530,Rolls for metal rolling mills,0703,Non-electric machinery
845590,Parts of metal rolling mills & rolls,0703,Non-electric machinery
845610,Mach-tls for work any mat by rem of mat optd by,0703,Non-electric machinery
845620,Mach-tls for work any mat by rem of mat optd by,0703,Non-electric machinery
845630,Mach-tls for work any mat by rem of mat optd by,0703,Non-electric machinery
845690,Mach-tls for work any mat by rem of mat optd by,0703,Non-electric machinery
845710,"Machining centres, for working metal",0703,Non-electric machinery
845720,Unit construction machines (single sta) for wor,0703,Non-electric machinery
845730,Multi-station transfer machines for working met,0703,Non-electric machinery
845811,Horizontal lathes numerically controlled for re,0703,Non-electric machinery
845819,Horizontal lathes nes for removing metal,0703,Non-electric machinery
845891,Lathes nes numerically controlled for removing,0703,Non-electric machinery
845899,Lathes nes for removing metal,0703,Non-electric machinery
845910,Way-type unit head mches for removing metal,0703,Non-electric machinery
845921,Drilling mches nes; numerically controlled for,0703,Non-electric machinery
845929,"Drilling mches nes, for removing metal",0703,Non-electric machinery
845931,"Boring-milling mches nes, numerically controlle",0703,Non-electric machinery
845939,Boring-milling mches nes for removing metal,0703,Non-electric machinery
845940,Boring machines nes for removing metal,0703,Non-electric machinery
845951,"Milling mach, knee-type numerically controlled",0703,Non-electric machinery
845959,"Milling mach, knee-type nes for removing metal",0703,Non-electric machinery
845961,"Milling machines nes, numerically controlled fo",0703,Non-electric machinery
845969,"Milling machines nes, for removing metal",0703,Non-electric machinery
845970,Threading or tapping machines nes for removing,0703,Non-electric machinery
846011,Fl-surf grinding mach where the pos of one axis,0703,Non-electric machinery
846019,Fl-surf grinding mach where the pos of one axis,0703,Non-electric machinery
846021,Grinding mach where pos of one axis to an acc t,0703,Non-electric machinery
846029,Grinding mach where pos of one axis to an acc t,0703,Non-electric machinery
846031,Sharpening (tool or cutter grinding) mach n/c f,0703,Non-electric machinery
846039,Sharpening (tool or cutter grinding) mach nes f,0703,Non-electric machinery
846040,Honing or lapping machines for removing metal,0703,Non-electric machinery
846090,Mach-tools for deburring polishing etc for fin,0703,Non-electric machinery
846110,Planing machines by removing metal,0703,Non-electric machinery
846120,Shaping or slotting machines by removing metal,0703,Non-electric machinery
846130,Broaching machines by removing metal,0703,Non-electric machinery
846140,"Gear cutting, gear grinding or gear finishing m",0703,Non-electric machinery
846150,Sawing or cutting-off machines by removing meta,0703,Non-electric machinery
846190,Filing or engraving mach(o/t those of hdg 84.59,0703,Non-electric machinery
846210,Forging or die-stamping mach (inc presses) and,0703,Non-electric machinery
846221,Bending folding stgting or flattening mach (inc,0703,Non-electric machinery
846229,Bending/folding/stgting or flattening mach (inc,0703,Non-electric machinery
846231,Shearing mach (inc presses) o/t combined punch/,0703,Non-electric machinery
846239,Shearing mach (inc presses) o/t combined pnnch/,0703,Non-electric machinery
846241,Punching/notching mach including comb punch/she,0703,Non-electric machinery
846249,Punching/notching mach including comb punch/she,0703,Non-electric machinery
846291,Hydraulic presses for working metal,0703,Non-electric machinery
846299,Presses nes for working metal,0703,Non-electric machinery
846310,Draw-benches for bars/tubes/profiles wire or th,0703,Non-electric machinery
846320,Thread rolling machines for working metal,0703,Non-electric machinery
846330,Machines for working metal wire,0703,Non-electric machinery
846390,Mach-tls for wrkg mtl/sntrd mtl carbd or cermet,0703,Non-electric machinery
846410,Sawing mach for wrkg stone/ceram/concr/asb/ceme,0703,Non-electric machinery
846420,Grindg/polish mach for wrkg ston/ceram/concr/as,0703,Non-electric machinery
846490,Mach-tls for wrkg ston/ceram/concr/asb-cement e,0703,Non-electric machinery
846510,Mach which can c/o diff typ of mach op w/o tl c,0703,Non-electric machinery
846591,Sawing machines for working wood/cork/ bone/har,0703,Non-electric machinery
846592,Planing/milling or moulding (by cutting) mach f,0703,Non-electric machinery
846593,Grinding/sanding or polishing mach for working,0703,Non-electric machinery
846594,Bending or assy mach for wrkg wood/cork/ bone/h,0703,Non-electric machinery
846595,Drilling or morticing mach for wrkg wood /cork/,0703,Non-electric machinery
846596,Splitting/slicing or paring mach for wrkg wood/,0703,Non-electric machinery
846599,Mach-tls for working wod/crk/bne/hrd rubber/hrd,0703,Non-electric machinery
846610,Tool holders and self-opening dieheads for use,0703,Non-electric machinery
846620,Work holders for use with mach of hdg 84.56 to,0703,Non-electric machinery
846630,Dividg heads & other spec attach for mch for us,0703,Non-electric machinery
846691,Parts and accessories nes for use on machines o,0703,Non-electric machinery
846692,Parts and accessories nes for use on machines o,0703,Non-electric machinery
846693,Parts and accessories nes for use on machines o,0703,Non-electric machinery
846694,Parts and accessories nes for use on machines o,0703,Non-electric machinery
846711,"Tools for working in the hand, pneumatic rotary",0703,Non-electric machinery
846719,"Tools for working in the hand, pneumatic type n",0703,Non-electric machinery
846781,Chain saws,0703,Non-electric machinery
846789,Tools for working in the hand with self-contain,0703,Non-electric machinery
846791,Chain saw parts,0703,Non-electric machinery
846792,Pneumatic hand tool parts,0703,Non-electric machinery
846799,"Hand tools nes, parts of",0703,Non-electric machinery
846810,"Torches, hand-held, for soldering, brazing or w",0703,Non-electric machinery
846820,Gas-operated machinery for welding nes,0703,Non-electric machinery
846880,Welding machinery not gas-operated,0703,Non-electric machinery
846890,Welding machinery parts,0703,Non-electric machinery
846910,Automatic typewriters and word-processing machi,0703,Non-electric machinery
846921,"Typewriters, electric, weighing not more than 1",0703,Non-electric machinery
846929,"Typewriters, electric, nes",0703,Non-electric machinery
846931,"Typewriters, non-electric, weighing not more th",0703,Non-electric machinery
846939,"Typewriters, non-electric, nes",0703,Non-electric machinery
847010,Electronic calculators capable of oper without,0703,Non-electric machinery
847021,"Electronic calculating machines, incorporating",0703,Non-electric machinery
847029,"Electronic calculating machines, nes",0703,Non-electric machinery
847030,"Calculating machines, nes",0703,Non-electric machinery
847040,Accounting machines,0703,Non-electric machinery
847050,Cash registers,0703,Non-electric machinery
847090,Postage franking mchy ticket-issuing mchy etc i,0703,Non-electric machinery
847110,Analogue or hybrid automatic data processing ma,0703,Non-electric machinery
847120,Digital auto data process mach cntg in the same,0703,Non-electric machinery
847191,Digital process units whether or not presented,0703,Non-electric machinery
847192,"Input or output units, whether or not presented",0703,Non-electric machinery
847193,"Storage units, whether or not presented with th",0703,Non-electric machinery
847199,Automatic data processing machines and units th,0703,Non-electric machinery
847210,Office duplicating machines,0703,Non-electric machinery
847220,Addressing machines and address plate embossing,0703,Non-electric machinery
847230,Mchy for sorting or folding mail etc & mchy for,0703,Non-electric machinery
847290,"Office machines, nes",0703,Non-electric machinery
847310,Parts and accessories of typewriters and word-p,0703,Non-electric machinery
847321,Parts and accessories of electronic calculating,0703,Non-electric machinery
847329,Parts and accessories of calculating & accounti,0703,Non-electric machinery
847330,Parts and accessories of automatic data process,0703,Non-electric machinery
847340,"Parts and accessories of other office machines,",0703,Non-electric machinery
847410,Sorting/screening/separating or washing mach fo,0703,Non-electric machinery
847420,Crushing/grinding machines for earth/ stone/ore,0703,Non-electric machinery
847431,Concrete or mortar mixers,0703,Non-electric machinery
847432,Machines for mixing mineral substances with bit,0703,Non-electric machinery
847439,Mixing or kneading machines nes for earth or ot,0703,Non-electric machinery
847480,"Mach for agglomerating minerals fuels,mach for",0703,Non-electric machinery
847490,Pts of sorting/screening/mixing/crushing/grindi,0703,Non-electric machinery
847510,"Mach for assembling electric lamps, tubes, flas",0703,Non-electric machinery
847520,Machines for manufacturing or hot working glass,0703,Non-electric machinery
847590,Parts of glass working machines,0703,Non-electric machinery
847611,Automatic gds-vending mach incorporating heatin,0703,Non-electric machinery
847619,"Automatic goods-vending machines, nes",0703,Non-electric machinery
847690,Parts of automatic goods-vending machine,0703,Non-electric machinery
847710,Injection-moulding machines for working rubber,0703,Non-electric machinery
847720,Extruders for working rubber or plastics nes,0703,Non-electric machinery
847730,Blow moulding machines for working rubber or pl,0703,Non-electric machinery
847740,Vacuum mld mach & other thermoforming mach to w,0703,Non-electric machinery
847751,Mach for moulding/retreading pneu tires or to m,0703,Non-electric machinery
847759,Mach for moulding or otherwise forming rubber o,0703,Non-electric machinery
847780,Mach for working rubber or plastics or for the,0703,Non-electric machinery
847790,Pts of mach for wrkg rubber or plas or for the,0703,Non-electric machinery
847810,Machinery for preparing or making up tobacco ne,0703,Non-electric machinery
847890,Parts of machinery for preparing or making up t,0703,Non-electric machinery
847910,"Mach for public works,building or the like,nes",0703,Non-electric machinery
847920,Mach for the extraction/prep of animal/ fixed f,0703,Non-electric machinery
847930,Press for the mfr of part/fib board or for trea,0703,Non-electric machinery
847940,"Rope or cable-making machines, nes having indiv",0703,Non-electric machinery
847981,Mach for treating mtl inc electric wire coil-wi,0703,Non-electric machinery
847982,Mach for mixing/kneading/crushing/grinding etc,0703,Non-electric machinery
847989,Machines & mechanical appliances nes having ind,0703,Non-electric machinery
847990,Parts of machines & mechanical appliances nes h,0703,Non-electric machinery
848010,"Boxes, moulding, for metal foundry",0703,Non-electric machinery
848020,"Bases, mould",0703,Non-electric machinery
848030,"Patterns, moulding",0703,Non-electric machinery
848041,"Moulds, injection or compression types, for met",0703,Non-electric machinery
848049,"Moulds for metal or metal carbides, nes",0703,Non-electric machinery
848050,Moulds for glass,0703,Non-electric machinery
848060,Moulds for mineral materials,0703,Non-electric machinery
848071,"Moulds, injection or compression types, for rub",0703,Non-electric machinery
848079,"Moulds for rubber or plastics, nes",0703,Non-electric machinery
848110,"Valves, pressure reducing",0703,Non-electric machinery
848120,Valves for oleohydraulic or pneumatic transmiss,0703,Non-electric machinery
848130,"Valves, check",0703,Non-electric machinery
848140,"Valves, safety or relief",0703,Non-electric machinery
848180,"Taps, cocks, valves and similar appliances, nes",0703,Non-electric machinery
848190,"Parts of taps, cocks, valves or similar applian",0703,Non-electric machinery
848210,"Bearings, ball",0703,Non-electric machinery
848220,"Bearings, tapered roller, including cone and ta",0703,Non-electric machinery
848230,"Bearings, spherical roller",0703,Non-electric machinery
848240,"Bearings, needle roller",0703,Non-electric machinery
848250,"Bearings, cylindrical roller, nes",0703,Non-electric machinery
848280,"Bearings, ball or roller, nes, including combin",0703,Non-electric machinery
848291,"Balls, needles and rollers for bearings",0703,Non-electric machinery
848299,"Bearing parts, nes",0703,Non-electric machinery
848310,"Transmission shafts and cranks, including cam s",0703,Non-electric machinery
848320,"Bearing housings, incorporating ball or roller",0703,Non-electric machinery
848330,"Bearing housings,not incorporating ball/roller",0703,Non-electric machinery
848340,"Gears and gearing,ball screws,gear boxes,speed",0703,Non-electric machinery
848350,"Flywheels and pulleys, including pulley blocks",0703,Non-electric machinery
848360,Clutches and shaft couplings (including univers,0703,Non-electric machinery
848390,Parts of power transmission equipment or oth gd,0703,Non-electric machinery
848410,Gaskets of metal sheeting combined with other m,0703,Non-electric machinery
848490,Gasket sets consisting of gaskets of different,0703,Non-electric machinery
848510,Ships' or boats propellers and blades therefor,0703,Non-electric machinery
848590,"Machinery parts, non-electrical, nes",0703,Non-electric machinery
860800,"Signalling devices for railways, waterways and",0703,Non-electric machinery
870911,"Work trucks, electrically powered, for use in f",0703,Non-electric machinery
870919,Work trucks not electrically powered,0703,Non-electric machinery
870990,Work truck parts,0703,Non-electric machinery
850110,Electric motors of an output not exceeding 37.5,0803,Electric machinery - Processed
850120,Universal AC/DC motors of an output exceeding 3,0803,Electric machinery - Processed
850131,"DC motors, DC generators, of an output not exce",0803,Electric machinery - Processed
850132,"DC motors,DC generators,of an output exceeding",0803,Electric machinery - Processed
850133,"DC motors,DC generators,of an output exceeding",0803,Electric machinery - Processed
850134,"DC motors, DC generators, of an output exceedin",0803,Electric machinery - Processed
850140,"AC motors, single-phase, nes",0803,Electric machinery - Processed
850151,"AC motors, multi-phase, of an output not exceed",0803,Electric machinery - Processed
850152,"AC motors, multi-phase, of an output exceeding",0803,Electric machinery - Processed
850153,"AC motors, multi-phase, of an output exceeding",0803,Electric machinery - Processed
850161,"AC generators (alternators), of an output not e",0803,Electric machinery - Processed
850162,"AC generators, of an output exceeding 75 KVA bu",0803,Electric machinery - Processed
850163,"AC generators, of an output exceeding 375 KVA b",0803,Electric machinery - Processed
850164,"AC generators, of an output exceeding 750 KVA",0803,Electric machinery - Processed
850211,"Generating sets,diesel or semi-diesel engines,o",0803,Electric machinery - Processed
850212,"Generating sets,diesel or semi-diesel exceeding",0803,Electric machinery - Processed
850213,"Generating sets,diesel or semi-diesel engines,o",0803,Electric machinery - Processed
850220,Generating sets with spark-ignition internal co,0803,Electric machinery - Processed
850230,"Electric generating sets, nes",0803,Electric machinery - Processed
850240,Electric rotary converters,0803,Electric machinery - Processed
850300,"Parts of electric motors,generators,generating",0803,Electric machinery - Processed
850410,Ballasts for discharge lamps or tubes,0803,Electric machinery - Processed
850421,Liquid dielectric transformers having a power h,0803,Electric machinery - Processed
850422,Liq dielectric transf having a power handling c,0803,Electric machinery - Processed
850423,Liq dielectric transf having a power handling c,0803,Electric machinery - Processed
850431,Transformers electric power handling capacity n,0803,Electric machinery - Processed
850432,Transformers electric power handling capacity >,0803,Electric machinery - Processed
850433,Transformers electric power handling capacity >,0803,Electric machinery - Processed
850434,Transformers electric having a power handling c,0803,Electric machinery - Processed
850440,"Static converters, nes",0803,Electric machinery - Processed
850450,"Inductors, electric",0803,Electric machinery - Processed
850490,"Parts of electrical transformers, static conver",0803,Electric machinery - Processed
850511,Permanent magnets and art. intended to become p,0803,Electric machinery - Processed
850519,Permanent magnets and articles intended to beco,0803,Electric machinery - Processed
850520,"Electro-magnetic couplings, clutches and brakes",0803,Electric machinery - Processed
850530,Electro-magnetic lifting heads,0803,Electric machinery - Processed
850590,Electro-magnets nes and parts of heading No 85.,0803,Electric machinery - Processed
850611,Manganese dioxide primary cells&batt of an exte,0803,Electric machinery - Processed
850612,Mercuric oxide primary cells & batteries of an,0803,Electric machinery - Processed
850613,Silver oxide primary cells&batteries of an exte,0803,Electric machinery - Processed
850619,Primary cells and primary batteries of an exter,0803,Electric machinery - Processed
850620,Primary cells and primary batteries of an exter,0803,Electric machinery - Processed
850690,Parts of primary cells and primary batteries,0803,Electric machinery - Processed
850710,Lead-acid electric accumulators of a kind used,0803,Electric machinery - Processed
850720,Lead-acid electric accumulators nes,0803,Electric machinery - Processed
850730,Nickel-cadmium electric accumulators,0803,Electric machinery - Processed
850740,Nickel-iron electric accumultors,0803,Electric machinery - Processed
850780,"Electric accumulators, nes",0803,Electric machinery - Processed
850790,"Parts of electric accumulators, including separ",0803,Electric machinery - Processed
850810,"Drills, hand-held, with self-contained electric",0803,Electric machinery - Processed
850820,"Saws, hand-held, with self-contained electric m",0803,Electric machinery - Processed
850880,"Tools, nes, hand-held, with self-contained elec",0803,Electric machinery - Processed
850890,Parts of hand tools with self-contained electri,0803,Electric machinery - Processed
850910,Domestic vacuum cleaners,0803,Electric machinery - Processed
850920,Domestic floor polishers,0803,Electric machinery - Processed
850930,Domestic kitchen waste disposers,0803,Electric machinery - Processed
850940,Domestic food grinders and mixers; fruit or veg,0803,Electric machinery - Processed
850980,"Electro-mechanical domestic appliances,with sel",0803,Electric machinery - Processed
850990,Parts of electro-mech dom appliances with self-,0803,Electric machinery - Processed
851010,"Shavers, with self-contained electric motor",0803,Electric machinery - Processed
851020,"Hair clippers, with self-contained electric mot",0803,Electric machinery - Processed
851090,"Parts of shavers and hair clippers, with self-c",0803,Electric machinery - Processed
851110,Spark plugs,0803,Electric machinery - Processed
851120,"Ignition magnetos, magneto-generators and magne",0803,Electric machinery - Processed
851130,Distributors and ignition coils,0803,Electric machinery - Processed
851140,Starter motors,0803,Electric machinery - Processed
851150,Generators and alternators,0803,Electric machinery - Processed
851180,Glow plugs and other ignition or starting equip,0803,Electric machinery - Processed
851190,Parts of electrical ignition or starting equipm,0803,Electric machinery - Processed
851210,Lighting or signalling equipment of a kind used,0803,Electric machinery - Processed
851220,Lighting or visual signalling equipment nes,0803,Electric machinery - Processed
851230,Sound signalling equipment,0803,Electric machinery - Processed
851240,"Windscreen wipes, defrosters and demisters",0803,Electric machinery - Processed
851290,"Parts of electrical lighting, signalling and de",0803,Electric machinery - Processed
851310,Portable electric lamps designed to function by,0803,Electric machinery - Processed
851390,Parts of portable elect lamps designed to funct,0803,Electric machinery - Processed
851410,Industrial & laboratory electric resistance hea,0803,Electric machinery - Processed
851420,Industrial&laboratory electric induction or die,0803,Electric machinery - Processed
851430,Industrial & laboratory electric furnaces & ove,0803,Electric machinery - Processed
851440,Industrial&laboratory electric induction or die,0803,Electric machinery - Processed
851490,Parts of industrial or laboratory electric furn,0803,Electric machinery - Processed
851511,Electric soldering irons & guns,0803,Electric machinery - Processed
851519,Electric brazing or soldering machines and appa,0803,Electric machinery - Processed
851521,Electric mach/app for resistance welding of met,0803,Electric machinery - Processed
851529,Electric mach/app for resistance welding of met,0803,Electric machinery - Processed
851531,Elec mach&app for arc (inc plasma arc) welding,0803,Electric machinery - Processed
851539,Electric mach/app for arc (inc plasma arc) weld,0803,Electric machinery - Processed
851580,Electric/laser/ultrasonic mach for weld/cut nes,0803,Electric machinery - Processed
851590,Pts of electric/laser/ultrasonic mach for weld/,0803,Electric machinery - Processed
851610,Electric instantaneous or storage water heaters,0803,Electric machinery - Processed
851621,"Electric space heating apparatus, having storag",0803,Electric machinery - Processed
851629,Electric space heating apparatus and electric s,0803,Electric machinery - Processed
851631,Electro-thermic hair dryers,0803,Electric machinery - Processed
851632,"Electro-thermic hair-dressing apparatus, nes",0803,Electric machinery - Processed
851633,Electro-thermic hand-drying apparatus,0803,Electric machinery - Processed
851640,Electric smoothing irons,0803,Electric machinery - Processed
851650,Microwave ovens,0803,Electric machinery - Processed
851660,"Ovens; cookers,cooking plates,boiling rings,gri",0803,Electric machinery - Processed
851671,"Electro-thermic coffee or tea makers, domestic,",0803,Electric machinery - Processed
851672,"Electro-thermic toasters, domestic",0803,Electric machinery - Processed
851679,"Electro-thermic appliances, domestic, nes",0803,Electric machinery - Processed
851680,Electric heating resistors,0803,Electric machinery - Processed
851690,Parts of electro-thermic apparatus of heading N,0803,Electric machinery - Processed
851710,Telephone sets,0803,Electric machinery - Processed
851720,Teleprinters,0803,Electric machinery - Processed
851730,Telephonic or telegraphic switching apparatus,0803,Electric machinery - Processed
851740,"Apparatus, for carrier-current line systems, ne",0803,Electric machinery - Processed
851781,"Telephonic apparatus, nes",0803,Electric machinery - Processed
851782,"Telegraphic apparatus, nes",0803,Electric machinery - Processed
851790,Parts of electrical apparatus for line telephon,0803,Electric machinery - Processed
851810,Microphones and stands therefor,0803,Electric machinery - Processed
851821,"Single loudspeakers, mounted in the same enclos",0803,Electric machinery - Processed
851822,"Multiple loudspeakers, mounted in the same encl",0803,Electric machinery - Processed
851829,"Loudspeakers, nes",0803,Electric machinery - Processed
851830,"Headphones, earphones and combined microphone/s",0803,Electric machinery - Processed
851840,Audio-frequency electric amplifiers,0803,Electric machinery - Processed
851850,Electric sound amplifier sets,0803,Electric machinery - Processed
851890,"Parts of microphones,loudspeakers,headphones,ea",0803,Electric machinery - Processed
852510,Transmission apparatus for radio-teleph radio-b,0803,Electric machinery - Processed
852520,"Transmission apparatus, for radioteleph incorpo",0803,Electric machinery - Processed
852530,Television cameras,0803,Electric machinery - Processed
852610,Radar aparatus,0803,Electric machinery - Processed
852691,Radio navigational aid apparatus,0803,Electric machinery - Processed
852692,Radio remote control apparatus,0803,Electric machinery - Processed
852711,Radio broad rece capable of op w/o an external,0803,Electric machinery - Processed
852719,Radio broad rece capable of op w/o an external,0803,Electric machinery - Processed
852721,Radio rece not capable of op w/o ext source of,0803,Electric machinery - Processed
852729,Radio rece not capable of op w/o ext source of,0803,Electric machinery - Processed
852731,Radio broad rece combined with sound record/rep,0803,Electric machinery - Processed
852732,Radio broad rece not combi with sound recording,0803,Electric machinery - Processed
852739,Radio-broadcast receivers nes,0803,Electric machinery - Processed
852790,Radio reception apparatus nes,0803,Electric machinery - Processed
852810,Television receivers including video monitors a,0803,Electric machinery - Processed
852820,Television receivers an including video monitor,0803,Electric machinery - Processed
852910,Aerials and aerial reflectors of all kinds; par,0803,Electric machinery - Processed
852990,Parts suitable for use solely or princ with the,0803,Electric machinery - Processed
853010,"Electrical signalling,safety or traffic control",0803,Electric machinery - Processed
853080,"Electrical signalling, safety or traffic contro",0803,Electric machinery - Processed
853090,"Parts of electrical signalling, safety or traff",0803,Electric machinery - Processed
853110,Burglar or fire alarms and similar apparatus,0803,Electric machinery - Processed
853120,Indicator panels incorporating liquid crystal d,0803,Electric machinery - Processed
853180,"Electric sound or visual signalling apparatus,",0803,Electric machinery - Processed
853190,Parts of electric sound or visual signalling ap,0803,Electric machinery - Processed
853210,Fixed capacitors designed for use in 50/60 Hz c,0803,Electric machinery - Processed
853221,"Electrical capacitors, fixed, tantalum, nes",0803,Electric machinery - Processed
853222,"Electrical capacitors, fixed, aluminium electro",0803,Electric machinery - Processed
853223,"Electrical capacitors, fixed, ceramic dielectri",0803,Electric machinery - Processed
853224,"Electrical capacitors, fixed, ceramic dielectri",0803,Electric machinery - Processed
853225,"Electrical capacitors, fixed, dielectric of pap",0803,Electric machinery - Processed
853229,"Electrical capacitors, fixed, nes",0803,Electric machinery - Processed
853230,"Electrical capacitors, variable or adjustable (",0803,Electric machinery - Processed
853290,Parts of electrical capacitors,0803,Electric machinery - Processed
853310,"Electrical resistors, fixed carbon, composition",0803,Electric machinery - Processed
853321,Electrical resistors fixed for a power handling,0803,Electric machinery - Processed
853329,"Electrical resistors, fixed, other than heating",0803,Electric machinery - Processed
853331,"Wirewound variable resistors, including rheosta",0803,Electric machinery - Processed
853339,"Wirewound variable resistors, including rheosta",0803,Electric machinery - Processed
853340,"Variable resistors, including rheostats and pot",0803,Electric machinery - Processed
853390,"Parts of electrical resistors, rheostats and po",0803,Electric machinery - Processed
853400,Printed circuits,0803,Electric machinery - Processed
853510,"Electrical fuses, for a voltage exceeding 1,000",0803,Electric machinery - Processed
853521,Automatic circuit breakers for a voltage exceed,0803,Electric machinery - Processed
853529,"Automatic circuit breakers, for a voltage excee",0803,Electric machinery - Processed
853530,"Isolating switches and make-and-break switches,",0803,Electric machinery - Processed
853540,"Lightning arresters, voltage limiters and surge",0803,Electric machinery - Processed
853590,Electrical app for switching or protec elec cir,0803,Electric machinery - Processed
853610,"Electrical fuses, for a voltage not exceeding 1",0803,Electric machinery - Processed
853620,Automatic circuit breakers for a voltage not ex,0803,Electric machinery - Processed
853630,Electrical app for protecting electric circuits,0803,Electric machinery - Processed
853641,Electrical relays for a voltage not exceeding 6,0803,Electric machinery - Processed
853649,Electrical relays for a voltage exceed 60 V but,0803,Electric machinery - Processed
853650,Electrical switches for a voltage not exceeding,0803,Electric machinery - Processed
853661,"Electrical lamp-holders, for a voltage not exce",0803,Electric machinery - Processed
853669,"Electrical plugs and sockets, for a voltage not",0803,Electric machinery - Processed
853690,Electrical app for switching or protec elec cir,0803,Electric machinery - Processed
853710,"Boards, panels, including numerical control pan",0803,Electric machinery - Processed
853720,"Boards, panels, including numerical control pan",0803,Electric machinery - Processed
853810,"Boards,panels,etc for gds of heading 85.37, not",0803,Electric machinery - Processed
853890,Parts for use with the apparatus of heading no.,0803,Electric machinery - Processed
853910,Sealed beam lamp units,0803,Electric machinery - Processed
853921,"Filament lamps, tungsten halogen",0803,Electric machinery - Processed
853922,"Filament lamps,of a power not exceed 200 W and",0803,Electric machinery - Processed
853929,"Filament lamps, excluding ultraviolet or infra-",0803,Electric machinery - Processed
853931,"Fluorescent lamps, hot cathode",0803,Electric machinery - Processed
853939,"Discharge lamps, other than ultra-violet lamps,",0803,Electric machinery - Processed
853940,Ultra-violet or infra-red lamps; arc lamps,0803,Electric machinery - Processed
853990,"Parts of electric filament or discharge lamps,U",0803,Electric machinery - Processed
854011,"Cathode-ray television picture tubes,including",0803,Electric machinery - Processed
854012,Cathode-ray TV picture tubes incl video monitor,0803,Electric machinery - Processed
854020,"Television camera tubes, image converter and ot",0803,Electric machinery - Processed
854030,"Cathode-ray tubes, nes",0803,Electric machinery - Processed
854041,Magnetron tubes,0803,Electric machinery - Processed
854042,Klystron tubes,0803,Electric machinery - Processed
854049,"Microwave tubes, nes",0803,Electric machinery - Processed
854081,Receiver or amplifier valves and tubes,0803,Electric machinery - Processed
854089,"Valve and tubes, nes",0803,Electric machinery - Processed
854091,Parts of cathode-ray tubes,0803,Electric machinery - Processed
854099,"Parts of valve and tubes, nes",0803,Electric machinery - Processed
854110,"Diodes, other than photosensitive or light emit",0803,Electric machinery - Processed
854121,"Transistors,oth than photosensitive,with a diss",0803,Electric machinery - Processed
854129,"Transistors, other than photosensitive transist",0803,Electric machinery - Processed
854130,"Thyristors, diacs and triacs, other than photos",0803,Electric machinery - Processed
854140,"Photosensitive semiconductor devices,photovolta",0803,Electric machinery - Processed
854150,"Semiconductor devices, nes",0803,Electric machinery - Processed
854160,Mounted piezo-electric crystals,0803,Electric machinery - Processed
854190,Parts of mounted piezo-electric crystals and se,0803,Electric machinery - Processed
854211,"Monolithic integrated circuits, digital",0803,Electric machinery - Processed
854219,"Monolithic integrated circuits, nes",0803,Electric machinery - Processed
854220,Hybrid integrated circuits,0803,Electric machinery - Processed
854280,Electronic integrated circuits and microassembl,0803,Electric machinery - Processed
854290,Parts of electronic integrated circuits and mic,0803,Electric machinery - Processed
854310,Particle accelerators,0803,Electric machinery - Processed
854320,Signal generators,0803,Electric machinery - Processed
854330,"Machines & apparatus for electroplating, electr",0803,Electric machinery - Processed
854380,"Electrical machines and apparatus, having indiv",0803,Electric machinery - Processed
854390,Parts of electrical machines & apparatus having,0803,Electric machinery - Processed
854411,Insulated (including enamelled or anodised) win,0803,Electric machinery - Processed
854419,Insulated (including enamelled or anodised) win,0803,Electric machinery - Processed
854420,Co-axial cable and other co-axial electric cond,0803,Electric machinery - Processed
854430,Ignition wiring sets&oth wiring sets of a kind,0803,Electric machinery - Processed
854441,"Electric conductors,for a voltage not exceeding",0803,Electric machinery - Processed
854449,"Electric conductors, for a voltage not exceedin",0803,Electric machinery - Processed
854451,"Electric conductors,for a voltage >80V but=<1,0",0803,Electric machinery - Processed
854459,"Electric conductors, for a voltage >80V but not",0803,Electric machinery - Processed
854460,"Electric conductors, for a voltage exceeding 1,",0803,Electric machinery - Processed
854470,"Optical fibre cables, made up of individually s",0803,Electric machinery - Processed
854511,"Carbon or graphite electrodes, of a kind used f",0803,Electric machinery - Processed
854519,"Carbon or graphite electrodes,of a kind used fo",0803,Electric machinery - Processed
854520,Carbon or graphite brushes,0803,Electric machinery - Processed
854590,"Art. of carbon or graphite,of a kind used for e",0803,Electric machinery - Processed
854610,Electrical insulators of glass,0803,Electric machinery - Processed
854620,Electrical insulators of ceramics,0803,Electric machinery - Processed
854690,"Electrical insulators, nes",0803,Electric machinery - Processed
854710,Insulating fittings of ceramics for elec machin,0803,Electric machinery - Processed
854720,Insulating fittings of plastics for elec machin,0803,Electric machinery - Processed
854790,Insulating fittings for electrical mach applian,0803,Electric machinery - Processed
854800,"Electrical parts of machinery or apparatus, nes",0803,Electric machinery - Processed
250100,Salt and pure sodium chloride; sea water,0901,Raw materials
250200,Unroasted iron pyrites,0901,Raw materials
250310,Crude or unrefined sulphur,0901,Raw materials
250390,"Other sulphur (excl. crude, sublimed, precipita",0901,Raw materials
250410,Natural graphite in powder or in flakes,0901,Raw materials
250490,Other natural graphite (excl. in powder or in f,0901,Raw materials
250510,Silica sands and quartz sands,0901,Raw materials
250590,"Natural sands, (excl. metal-bearing sands of Ch",0901,Raw materials
250610,Quartz,0901,Raw materials
250621,Crude or roughly trimmed quartzite,0901,Raw materials
250629,Quartzite cut into rectangular blocks or slabs,0901,Raw materials
250700,"Kaolin and other kaolinic clays, whether or not",0901,Raw materials
250810,Bentonite,0901,Raw materials
250820,Decolourizing earths and fuller's earth,0901,Raw materials
250830,Fire-clay,0901,Raw materials
250840,"Other clays, nes",0901,Raw materials
250850,"Andalusite, kyanite and sillimanite",0901,Raw materials
250860,Mullite,0901,Raw materials
250870,Chamotte or dinas earths,0901,Raw materials
250900,Chalk,0901,Raw materials
251010,"Unground natural calcium phosphates, aluminium",0901,Raw materials
251020,"Ground natural calcium phosphates, aluminium ca",0901,Raw materials
251110,Natural barium sulphate (barytes),0901,Raw materials
251120,Natural barium carbonate (whitherite),0901,Raw materials
251200,"Siliceous fossil meals (kieselguhr, tripolite,",0901,Raw materials
251311,"Pumice stone, crude or in irregular pieces, (in",0901,Raw materials
251319,"Other pumice stone, nes",0901,Raw materials
251321,"Emery... and other natural abrasives, crude or",0901,Raw materials
251329,"Emery... and other natural abrasives, nes",0901,Raw materials
251400,"Slate, crude, roughly trimmed or merely cut",0901,Raw materials
251511,Marble and travertine crude or roughly trimmed,0901,Raw materials
251512,Marble and travertine merely cut into a square,0901,Raw materials
251520,Ecaussine and other calcarcous building stone;,0901,Raw materials
251611,"Granite, crude or roughly trimmed",0901,Raw materials
251612,"Granite, merely cut into a square or rectangula",0901,Raw materials
251621,"Sandstone, crude or roughly trimmed",0901,Raw materials
251622,"Sandstone, merely cut into a square or rectangu",0901,Raw materials
251690,"Porphyry, sylnite, etc, merely cut into a squar",0901,Raw materials
251710,"Pebbles, gravel, shingle and flint",0901,Raw materials
251720,"Macadam of slag, dross or similar industrial wa",0901,Raw materials
251730,Tarred macadam,0901,Raw materials
251741,"Marble granules, chippings and powder",0901,Raw materials
251749,"Granules, chippings and powder of stones (excl.",0901,Raw materials
251810,Dolomite not calcined,0901,Raw materials
251820,Calcined dolomite,0901,Raw materials
251830,Agglomerated dolomite (incl. tarred dolomite),0901,Raw materials
251910,Natural magnesium carbonate (magnesite),0901,Raw materials
251990,Magnesia and other magnesium oxide,0901,Raw materials
252010,Gypsum; anhydrite,0901,Raw materials
252020,Plasters,0901,Raw materials
252100,Limestone flux; limestone and other calcareous,0901,Raw materials
252400,Asbestos,0901,Raw materials
252510,Crude mica and mica rifted into sheets or split,0901,Raw materials
252520,Mica powder,0901,Raw materials
252530,Mica waste,0901,Raw materials
252610,"Natural steatite, talc, not crushed or powdered",0901,Raw materials
252620,"Natural steatite, talc, crushed or powdered",0901,Raw materials
252700,Natural cryolite; natural chiolite,0901,Raw materials
252810,Natural sodium borates and concentrates thereof,0901,Raw materials
252890,Natural borates (excl. sodium) and concentrates,0901,Raw materials
252910,Felspar,0901,Raw materials
252921,Fluorspar containing by weight <=97% of calcium,0901,Raw materials
252922,Fluorspar containing by weight >97% of calcium,0901,Raw materials
252930,Leucite nepheline and nepheline syenite,0901,Raw materials
253010,"Vermiculite, perlite and chlorites (unexpanded)",0901,Raw materials
253020,"Kieserite, epsomite (natural magnesium sulphate",0901,Raw materials
253030,Earth colours,0901,Raw materials
253040,Natural micaceous iron oxides,0901,Raw materials
253090,"Other mineral substances, nes",0901,Raw materials
261800,Granulated slag (slag sand) from the manufactur,0901,Raw materials
261900,"Slag, dross, etc, from the manufacture of iron",0901,Raw materials
262100,"Other slag and ash, including seaweed ash (kelp",0901,Raw materials
270111,"Anthracite, not agglomerated",0901,Raw materials
270112,"Bituminous coal, not agglomerated",0901,Raw materials
270119,"Other coal, not agglomerated, nes",0901,Raw materials
270120,"Briquettes, ovoids and similar solid fuels manu",0901,Raw materials
270210,"Lignite, not agglomerated",0901,Raw materials
270220,Agglomerated lignite,0901,Raw materials
270300,Peat (incl. peat litter),0901,Raw materials
270400,"Coke and semi-coke of coal, of lignite or of pe",0901,Raw materials
270710,Benzole,0901,Raw materials
270720,Toluole,0901,Raw materials
270730,Xylole,0901,Raw materials
270740,Naphthalene,0901,Raw materials
270750,Aromatic hydrocarbon mixtures which >=65% disti,0901,Raw materials
270760,Phenols,0901,Raw materials
270791,Creosote oils,0901,Raw materials
270799,"Other oils and oil products, nes",0901,Raw materials
271111,"Natural gas, liquefied",0901,Raw materials
271112,"Propane, liquefied",0901,Raw materials
271113,"Butanes, liquefied",0901,Raw materials
271114,"Ethylene, propylene, butylene and butadiene, li",0901,Raw materials
271119,"Petroleum gases and other gaseous hydrocarbons,",0901,Raw materials
271121,Natural gas in gaseous state,0901,Raw materials
271129,Petroleum gases and other gaseous hydrocarbons,0901,Raw materials
271410,Bituminous or oil shale and tar sands,0901,Raw materials
271490,Bitumen and asphalt; natural asphaltites and as,0901,Raw materials
310100,Animal or vegetable fertilizers,0901,Raw materials
710110,Pearls natural whether or not worked or graded,0901,Raw materials
710121,Pearls cultured unworked,0901,Raw materials
710122,Pearls cultured worked,0901,Raw materials
710210,Diamonds unsorted whether or not worked,0901,Raw materials
710221,"Diamonds industrial unworked or simply sawn, cl",0901,Raw materials
710229,Diamonds industrial nes excluding mounted or se,0901,Raw materials
710231,Diamonds non-industrial unworked or simply sawn,0901,Raw materials
710239,Diamonds non-industrial nes excluding mounted o,0901,Raw materials
710310,Prec or semi-prec stones (o/t diamonds) unwkd o,0901,Raw materials
710391,"Rubies, sapphires and emeralds further worked t",0901,Raw materials
710399,Precious or semi-precious stones nes further wk,0901,Raw materials
710410,Piezo-electric quartz whether or not worked or,0901,Raw materials
710420,Syn or reconstr prec/semi-prec stones unwkd (si,0901,Raw materials
710490,Syn or reconstr prec/semi-prec stones further w,0901,Raw materials
710510,Diamond dust or powder,0901,Raw materials
710590,Natural or synthetic precious or semi-precious,0901,Raw materials
252210,Quicklime,0902,Semi-finished manufactures
252220,Slaked lime,0902,Semi-finished manufactures
252230,Hydraulic lime,0902,Semi-finished manufactures
252310,Cement clinkers,0902,Semi-finished manufactures
252321,White portland cement,0902,Semi-finished manufactures
252329,Portland cement (excl. white),0902,Semi-finished manufactures
252330,Aluminous cement,0902,Semi-finished manufactures
252390,"Other hydraulic cements, etc",0902,Semi-finished manufactures
270600,"Tar distilled from coal, lignite or peat, and o",0902,Semi-finished manufactures
270810,Pitch obtained from coal tar or from other mine,0902,Semi-finished manufactures
270820,Pitch coke obtained from coal tar or from other,0902,Semi-finished manufactures
271311,"Petroleum coke, not calcined",0902,Semi-finished manufactures
271312,Calcined petroleum coke,0902,Semi-finished manufactures
271320,Petroleum bitumen,0902,Semi-finished manufactures
271390,"Other residues of petroleum oils , etc",0902,Semi-finished manufactures
271500,"Bituminous mixtures based on natural asphalt, b",0902,Semi-finished manufactures
310210,Urea,0902,Semi-finished manufactures
310221,Ammonium sulphate,0902,Semi-finished manufactures
310229,Double salts and mixtures of ammonium sulphate,0902,Semi-finished manufactures
310230,Ammonium nitrate,0902,Semi-finished manufactures
310240,Mixtures of ammonium nitrate with inorganic non,0902,Semi-finished manufactures
310250,Sodium nitrate,0902,Semi-finished manufactures
310260,Double salts and mixtures of calcium nitrate an,0902,Semi-finished manufactures
310270,Calcium cyanamide,0902,Semi-finished manufactures
310280,Mixtures of urea and ammonium nitrate in aqueou,0902,Semi-finished manufactures
310290,"Mineral or chemical fertilizers, nitrogenous ,",0902,Semi-finished manufactures
310310,Superphosphates,0902,Semi-finished manufactures
310320,Basic slag,0902,Semi-finished manufactures
310390,"Mineral or chemical fertilizers, phosphatic, ne",0902,Semi-finished manufactures
310410,"Carnallite, sylvite and other Crude natural pot",0902,Semi-finished manufactures
310420,Potassium chloride,0902,Semi-finished manufactures
310430,Potassium sulphate,0902,Semi-finished manufactures
310490,"Mineral or chemical fertilizers, potassic, nes",0902,Semi-finished manufactures
310510,Fertilizers... in packages of a gross weight =<,0902,Semi-finished manufactures
310520,"Mineral or chemical fertilizers with nitrogen,",0902,Semi-finished manufactures
310530,Diammonium hydrogenorthophosphate (diammonium p,0902,Semi-finished manufactures
310540,Ammonium dihydrogenorthophosphate (monoammonium,0902,Semi-finished manufactures
310551,Mineral or chemical fertilizers containing nitr,0902,Semi-finished manufactures
310559,Mineral or chemical fertilizers with nitrogen a,0902,Semi-finished manufactures
310560,Mineral or chemical fertilizers with phosphorus,0902,Semi-finished manufactures
310590,"Other fertilizers, nes",0902,Semi-finished manufactures
700100,Cullet and other waste and scrap of glass; glas,0902,Semi-finished manufactures
700210,"Balls, glass exc microspheres of No 70.18",0902,Semi-finished manufactures
700220,"Rods, glass",0902,Semi-finished manufactures
700231,Tubes of fused quartz or other fused silica,0902,Semi-finished manufactures
700232,Tubes of glass linear coef of exp =<5 X 10-6 pe,0902,Semi-finished manufactures
700239,Tubes of glass nes,0902,Semi-finished manufactures
700311,Cast gls sheets non-wired coloured etc having a,0902,Semi-finished manufactures
700319,Cast glass sheets non-wired nes,0902,Semi-finished manufactures
700320,Cast glass sheets wired,0902,Semi-finished manufactures
700330,Cast glass profiles,0902,Semi-finished manufactures
700410,"Drawn glass sheets, coloured etc having an abso",0902,Semi-finished manufactures
700490,Drawn glass in sheets nes,0902,Semi-finished manufactures
700510,"Float gls etc in sheets,non-wired having an abs",0902,Semi-finished manufactures
700521,"Float glass etc in sheets, non-wired coloured t",0902,Semi-finished manufactures
700529,"Float glass etc in sheets, non-wired nes",0902,Semi-finished manufactures
700530,"Float glass etc in sheets, wired",0902,Semi-finished manufactures
700600,"Glass of 70.03, 70.04, 70.05 bent, edge-worked",0902,Semi-finished manufactures
700800,Multiple-walled insulating units of glass,0902,Semi-finished manufactures
710610,Silver powder,0902,Semi-finished manufactures
710691,Silver in unwrought forms,0902,Semi-finished manufactures
710692,Silver in oth semi-manufactured forms (silver p,0902,Semi-finished manufactures
710700,"Base metals clad with silver, not further worke",0902,Semi-finished manufactures
710811,Gold powder non-monetary,0902,Semi-finished manufactures
710812,Gold in unwrought forms non-monetary,0902,Semi-finished manufactures
710813,"Gold in oth semi-manufactured forms,non-monetar",0902,Semi-finished manufactures
710820,Monetary gold,0902,Semi-finished manufactures
710900,"Base metals or silver, clad with gold, not furt",0902,Semi-finished manufactures
711011,Platinum unwrought or in powder form,0902,Semi-finished manufactures
711019,Platinum in other semi-manufactured forms,0902,Semi-finished manufactures
711021,Palladium unwrought or in powder form,0902,Semi-finished manufactures
711029,Palladium in other semi-manufactured forms,0902,Semi-finished manufactures
711031,Rhodium unwrought or in powder form,0902,Semi-finished manufactures
711039,Rhodium in other semi-manufactured forms,0902,Semi-finished manufactures
711041,"Iridium, osmium and ruthenium unwrought or in p",0902,Semi-finished manufactures
711049,"Iridium, osmium and ruthenium in other semi-man",0902,Semi-finished manufactures
711100,"Base metals, silver or gold clad with platinum",0902,Semi-finished manufactures
711210,"Waste&scrap of gold,incl mtl clad w gold,excl s",0902,Semi-finished manufactures
711220,"Waste&scrap of platinum,incl mtl clad w plat ex",0902,Semi-finished manufactures
711290,Waste&scrap of precious metal or of metal clad,0902,Semi-finished manufactures
271210,Petroleum jelly,0903,Finished manufactures
271220,"Paraffin wax, containing <0.75% oil",0903,Finished manufactures
271290,"Other paraffin wax... and similar products, nes",0903,Finished manufactures
340311,Lubricat.prep.for the treatment of textile mat.,0903,Finished manufactures
340319,"Other lubricating preparations, with <70% petro",0903,Finished manufactures
340391,Lubricating prep.for the treatment of textiles,0903,Finished manufactures
340399,"Other lubricating preparations, nes",0903,Finished manufactures
680100,"Setts, curbstones and flagstones of natural sto",0903,Finished manufactures
680210,Tiles etc rect or not >7 cm etc; arti coloured,0903,Finished manufactures
680221,"Monumental/building stone,cut/sawn flat/even,ma",0903,Finished manufactures
680222,"Monumental/building stone, cut/sawn flat or eve",0903,Finished manufactures
680223,"Monumental/building stone, cut/sawn flat or eve",0903,Finished manufactures
680229,"Monumental/building stone, cut/sawn flat or eve",0903,Finished manufactures
680291,"Worked monumental/building stone nes, marble, t",0903,Finished manufactures
680292,"Worked monumental/building stone nes, calcareou",0903,Finished manufactures
680293,"Worked monumental/building stone nes, granite",0903,Finished manufactures
680299,Worked monumental/building stone nes,0903,Finished manufactures
680300,Worked slate and articles of slate or of agglom,0903,Finished manufactures
680410,"Millstones and grindstones for milling, grindin",0903,Finished manufactures
680421,"Millstones,grindstones etc of agglomerated synt",0903,Finished manufactures
680422,"Millstones, grindstones etc of oth agglomerated",0903,Finished manufactures
680423,"Millstones, grindstones etc of natural stone",0903,Finished manufactures
680430,Hand sharpening or polishing stones,0903,Finished manufactures
680510,Natural or artificial abrasive powder or grain,0903,Finished manufactures
680520,Natural or artificial abrasive powder or grain,0903,Finished manufactures
680530,Natural or artificial abrasive powder or grain,0903,Finished manufactures
680610,"Slag wool, rock wool & similar mineral wools in",0903,Finished manufactures
680620,"Exfoliated vermiculite,expanded clays,foamed sl",0903,Finished manufactures
680690,"Art. of heat/sound insulating,etc,nes,mineral m",0903,Finished manufactures
680800,"Panels,boards etc of veg fbr,straw etc agglomer",0903,Finished manufactures
680911,Plaster boards etc not ornamental faced or rein,0903,Finished manufactures
680919,Plaster boards etc not ornamental faced or rein,0903,Finished manufactures
680990,Articles of plaster or compositions based on pl,0903,Finished manufactures
681011,"Building blocks and bricks of cement, concrete",0903,Finished manufactures
681019,"Tiles,flagstones and similar art. of cement/con",0903,Finished manufactures
681020,Pipes of cement or concrete,0903,Finished manufactures
681091,Prefabri structural components of buildings etc,0903,Finished manufactures
681099,"Articles of cement, of concrete or of artificia",0903,Finished manufactures
681110,"Corrugated sheets of asbestos-cement,of cellulo",0903,Finished manufactures
681120,"Sheets nes,panels/tiles etc of asbestos-cement,",0903,Finished manufactures
681130,"Tubes,pipes&tube or pipe fittings of asbestos-c",0903,Finished manufactures
681190,"Articles nes, of asbestos-cement of cellulose f",0903,Finished manufactures
681210,Asbestos fibres etc,0903,Finished manufactures
681220,Asbestos yarn and thread,0903,Finished manufactures
681230,"Asbestos cords and string, whether or not plait",0903,Finished manufactures
681240,Asbestos woven or knitted fabric,0903,Finished manufactures
681250,"Asbestos clothing, clothing accessories, footwe",0903,Finished manufactures
681260,"Asbestos paper, millboard and felt",0903,Finished manufactures
681270,"Compressed asbestos fibre jointing, in sheets o",0903,Finished manufactures
681290,Asbestos fabricated products nes,0903,Finished manufactures
681310,Asbestos brake linings and pads,0903,Finished manufactures
681390,Asbestos friction material and articles nes,0903,Finished manufactures
681410,"Mica plates,sheets and strips,agglomerated/reco",0903,Finished manufactures
681490,Worked mica and articles of mica nes,0903,Finished manufactures
681510,Non-electrical articles of graphite or other ca,0903,Finished manufactures
681520,Articles of peat,0903,Finished manufactures
681591,"Articles containing magnesite, dolomite or chro",0903,Finished manufactures
681599,Articles of stone or of other mineral substance,0903,Finished manufactures
690100,"Bricks, blocks etc&ceramic gds of siliceous fos",0903,Finished manufactures
690210,"Refractory bricks etc >50% Mg, Ca or Cr express",0903,Finished manufactures
690220,"Refractory bricks etc >50% alumina Al2O3, silic",0903,Finished manufactures
690290,Refractory bricks etc nes,0903,Finished manufactures
690310,"Refractory ceramic gds nes, >50% of graphite or",0903,Finished manufactures
690320,"Refractory ceramic gds nes,>50% of Al2O3 or mx/",0903,Finished manufactures
690390,Refractory ceramic goods nes,0903,Finished manufactures
690410,Building bricks,0903,Finished manufactures
690490,"Ceramic flooring blocks, support or filler tile",0903,Finished manufactures
690510,"Roofing tiles, ceramic",0903,Finished manufactures
690590,"Chimney-pots, cowls, chimney liners etc&oth cer",0903,Finished manufactures
690600,"Ceramic pipes, conduits, guttering and pipe fit",0903,Finished manufactures
690710,"Tiles, cubes and sim <7 cm rect or not etc, ung",0903,Finished manufactures
690790,"Tiles, cubes and sim nes, unglazed ceramics",0903,Finished manufactures
690810,"Tiles, cubes and sim <7 cm rect or not etc, gla",0903,Finished manufactures
690890,"Tiles, cubes and sim nes, glazed ceramics",0903,Finished manufactures
690911,"Ceramic wares laboratory,chemical/oth technical",0903,Finished manufactures
690919,"Ceramic wares laboratory, chemical/other techni",0903,Finished manufactures
690990,"Ceramic troughs, tubes etc used in agriculture,",0903,Finished manufactures
691010,"Ceramic sinks,wash basins etc&similar sanitary",0903,Finished manufactures
691090,"Ceramic sinks, wash basins etc & similar sanita",0903,Finished manufactures
691110,Tableware and kitchenware of porcelain or china,0903,Finished manufactures
691190,Household articles nes & toilet articles of por,0903,Finished manufactures
691200,"Ceramic tableware, kitchenware, other household",0903,Finished manufactures
691310,Statuettes and other ornamental articles of por,0903,Finished manufactures
691390,Statuettes and other ornamental articles of cer,0903,Finished manufactures
691410,Articles of porcelain or china nes,0903,Finished manufactures
691490,Articles of ceramics nes,0903,Finished manufactures
700711,"Safety gls toughened (tempered) for vehicles,ai",0903,Finished manufactures
700719,Safety glass toughened (tempered) nes,0903,Finished manufactures
700721,"Safety glass laminated for vehicles, aircraft,",0903,Finished manufactures
700729,Safety glass laminated nes,0903,Finished manufactures
700910,Rear-view mirrors for vehicles,0903,Finished manufactures
700991,"Glass mirrors, unframed",0903,Finished manufactures
700992,"Glass mirrors, framed",0903,Finished manufactures
701010,Ampoules of glass conveyance or packing,0903,Finished manufactures
701090,Carboys/bottles/flasks etc for conveyance of gd,0903,Finished manufactures
701110,Glass envelopes (including bulbs/tubes) for ele,0903,Finished manufactures
701120,Glass envelopes (including bulbs/tubes) for cat,0903,Finished manufactures
701190,Glass envelopes (including bulbs/tubes) nes,0903,Finished manufactures
701200,Glass inners for vacuum flasks or for other vac,0903,Finished manufactures
701310,"Glassware of a kind used for table kitchen, etc",0903,Finished manufactures
701321,"Drinking glasses other than glass-ceramics, of",0903,Finished manufactures
701329,Drinking glasses other than glass-ceramics nes,0903,Finished manufactures
701331,Table/kitchenware (exc drinking gls) o/t gls-ce,0903,Finished manufactures
701332,Table/kitchenware (exc drinking gls) o/t gls ce,0903,Finished manufactures
701339,Table/kitchenware (exc drinking glasses) other,0903,Finished manufactures
701391,Glassware nes of lead crystal (other than that,0903,Finished manufactures
701399,Glassware nes (other than that of 70.10 or 70.1,0903,Finished manufactures
701400,Signalling glsware&optical elements gls (o/t 70,0903,Finished manufactures
701510,"Glasses for corrective spectacles, not opticall",0903,Finished manufactures
701590,Clock or watch glasses etc curved/bent not opti,0903,Finished manufactures
701610,Gls cubes&oth gls smallwares backed or not for,0903,Finished manufactures
701690,"Paving blocks etc for building/const etc, leade",0903,Finished manufactures
701710,"Laboratory,hygienic or pharmaceutical glsware e",0903,Finished manufactures
701720,Laboratory glassware etc of other glass linear,0903,Finished manufactures
701790,"Laboratory, hygienic or pharmaceutical glasswar",0903,Finished manufactures
701810,"Glass beads, imitation pearls, imitation precio",0903,Finished manufactures
701820,Glass microspheres not exceeding 1 mm in diamet,0903,Finished manufactures
701890,"Articles of glass etc exc jewellery, glass eyes",0903,Finished manufactures
701931,Mats of glass fibres,0903,Finished manufactures
701932,Thin sheets (voiles) of glass fibres,0903,Finished manufactures
701939,"Webs, mattresses, boards and similar nonwoven p",0903,Finished manufactures
701990,Glass fibres (including glass wool) and article,0903,Finished manufactures
702000,Articles of glass nes,0903,Finished manufactures
711311,Art. of jewellery and pts thereof of silver w/n,0903,Finished manufactures
711319,Art. of jewellery and pts thereof of/o prec mtl,0903,Finished manufactures
711320,Art. of jewellery and pts thereof of base mtl c,0903,Finished manufactures
711411,Art. of gold or silversmiths&parts of silver w/,0903,Finished manufactures
711419,Art. of gold or silversmiths&parts of prec mtl,0903,Finished manufactures
711420,Articles of gold or silversmiths & parts of bas,0903,Finished manufactures
711510,"Catalysts in the form of wire cloth or grill, o",0903,Finished manufactures
711590,Articles of precious metal or of metal clad wit,0903,Finished manufactures
711610,Articles of natural or cultured pearls,0903,Finished manufactures
711620,"Art. of precious or semi-precious stones,natura",0903,Finished manufactures
711711,Imitation jewellery cuff-links &studs of base m,0903,Finished manufactures
711719,Imitation jewellery nes of base mtl whether or,0903,Finished manufactures
711790,Imitation jewellery nes,0903,Finished manufactures
711810,Coin (other than gold coin) not being legal ten,0903,Finished manufactures
711890,Coin nes,0903,Finished manufactures
911310,"Watch straps&pts thereof,of precious mtl or of",0903,Finished manufactures
911320,Watch straps&pts thereof of base mtl whether or,0903,Finished manufactures
271600,Electrical energy,1003,Manufactured articles n.e.s. - Processed
340600,"Candles, tapers and the like",1003,Manufactured articles n.e.s. - Processed
360500,Matches (excl. pyrotechnic articles of 36.04),1003,Manufactured articles n.e.s. - Processed
360610,"Liquid or liquefied-gas fuels in containers, fo",1003,Manufactured articles n.e.s. - Processed
360690,"Ferro-cerium, pyrophoric alloys; articles of co",1003,Manufactured articles n.e.s. - Processed
420610,Articles of catgut,1003,Manufactured articles n.e.s. - Processed
420690,"Articles of gut (excl. silk-worm or cat-gut), o",1003,Manufactured articles n.e.s. - Processed
460110,Plaits and similar products of plaiting materia,1003,Manufactured articles n.e.s. - Processed
460120,"Mats, matting and screens of vegetable material",1003,Manufactured articles n.e.s. - Processed
460191,Vegetable plaiting material... in sheet form,1003,Manufactured articles n.e.s. - Processed
460199,"Plaiting materials (excl. vegetable), in sheet",1003,Manufactured articles n.e.s. - Processed
460210,"Articles of vegetable plaiting materials, artic",1003,Manufactured articles n.e.s. - Processed
460290,Articles of plaiting materials (excl. of vegeta,1003,Manufactured articles n.e.s. - Processed
481500,Floor coverings on a base of paper or of paperb,1003,Manufactured articles n.e.s. - Processed
650610,Safety headgear,1003,Manufactured articles n.e.s. - Processed
650691,"Hats and other headgear, of rubber or plastics",1003,Manufactured articles n.e.s. - Processed
650692,"Hats and other headgear, of furskin",1003,Manufactured articles n.e.s. - Processed
650699,"Hats and other headgear, nes",1003,Manufactured articles n.e.s. - Processed
650700,"Head-bands, linings, covers, hat foundations, e",1003,Manufactured articles n.e.s. - Processed
660200,"Walking-sticks, seat-sticks, whips, riding-crop",1003,Manufactured articles n.e.s. - Processed
660310,Handles and knobs of articles of 66.01 or 66.02,1003,Manufactured articles n.e.s. - Processed
660320,"Umbrella frames, including frames mounted on sh",1003,Manufactured articles n.e.s. - Processed
660390,"Parts, trimmings and accessories of articles of",1003,Manufactured articles n.e.s. - Processed
670100,"Prepared skins of birds with feathers or down,",1003,Manufactured articles n.e.s. - Processed
670210,"Artificial flowers, foliage and fruit and artic",1003,Manufactured articles n.e.s. - Processed
670290,"Artificial flowers, foliage, etc and articles t",1003,Manufactured articles n.e.s. - Processed
670300,"Human hair, dressed, etc; animal hair and synth",1003,Manufactured articles n.e.s. - Processed
670411,Complete wigs of synthetic textile materials,1003,Manufactured articles n.e.s. - Processed
670419,"False beards, eyebrows and eyelashes, etc, of s",1003,Manufactured articles n.e.s. - Processed
670420,"Wigs, false beards, eyebrows, etc and articles,",1003,Manufactured articles n.e.s. - Processed
670490,"Wigs, false beards, eyebrows, etc, nes",1003,Manufactured articles n.e.s. - Processed
680710,"Asphalt or similar material articles, in rolls",1003,Manufactured articles n.e.s. - Processed
680790,Asphalt or similar material articles nes,1003,Manufactured articles n.e.s. - Processed
830400,"Office/desk equipment,base mtl eg filing cab,tr",1003,Manufactured articles n.e.s. - Processed
830510,Fitting for loose-leaf binders or files of base,1003,Manufactured articles n.e.s. - Processed
830520,"Staples in strips,base mtl,nes (eg for offices,",1003,Manufactured articles n.e.s. - Processed
830590,"Letter corners,letter or paper clips and simila",1003,Manufactured articles n.e.s. - Processed
851910,Coin or disc-operated record-players,1003,Manufactured articles n.e.s. - Processed
851921,"Record-players without loudspeaker, nes",1003,Manufactured articles n.e.s. - Processed
851929,"Record-players, nes",1003,Manufactured articles n.e.s. - Processed
851931,Turntables with automatic record changing mecha,1003,Manufactured articles n.e.s. - Processed
851939,"Turntables, nes",1003,Manufactured articles n.e.s. - Processed
851940,Transcribing machines,1003,Manufactured articles n.e.s. - Processed
851991,"Sound reproducing apparatus,cassette type,not i",1003,Manufactured articles n.e.s. - Processed
851999,"Sound reproducing apparatus, not incorporating",1003,Manufactured articles n.e.s. - Processed
852010,Dictating mach not capable of operating without,1003,Manufactured articles n.e.s. - Processed
852020,Telephone answering machines,1003,Manufactured articles n.e.s. - Processed
852031,Magnetic tape rec incorporating sound reproduci,1003,Manufactured articles n.e.s. - Processed
852039,Magnetic tape recorders incorporating sound rep,1003,Manufactured articles n.e.s. - Processed
852090,Magnetic tape recorders and other sound recordi,1003,Manufactured articles n.e.s. - Processed
852110,Video recording or reproducing apparatus magnet,1003,Manufactured articles n.e.s. - Processed
852190,Video recording or reproducing apparatus nes,1003,Manufactured articles n.e.s. - Processed
852210,Pick-up cartridges,1003,Manufactured articles n.e.s. - Processed
852290,Parts and accessories of apparatus of heading N,1003,Manufactured articles n.e.s. - Processed
852311,"Unrecorded magnetic tapes, of a width not excee",1003,Manufactured articles n.e.s. - Processed
852312,"Unrecorded magnetic tapes,of a width exceeding",1003,Manufactured articles n.e.s. - Processed
852313,"Unrecorded magnetic tapes, of a width exceeding",1003,Manufactured articles n.e.s. - Processed
852320,Unrecorded magnetic discs,1003,Manufactured articles n.e.s. - Processed
852390,Prepared unrecorded media for sound recording o,1003,Manufactured articles n.e.s. - Processed
852410,Recorded gramophone records,1003,Manufactured articles n.e.s. - Processed
852421,"Recorded magnetic tapes, of a width not exceedi",1003,Manufactured articles n.e.s. - Processed
852422,"Recorded magnetic tapes,of a width exceeding 4m",1003,Manufactured articles n.e.s. - Processed
852423,"Recorded magnetic tapes, of a width exceeding 6",1003,Manufactured articles n.e.s. - Processed
852490,Recorded media for sound or other similarly rec,1003,Manufactured articles n.e.s. - Processed
871000,"Tanks and other armoured fighting vehicles, mot",1003,Manufactured articles n.e.s. - Processed
871500,Baby carriages and parts thereof,1003,Manufactured articles n.e.s. - Processed
880510,Aircraft launching and deck-arrestor gear and p,1003,Manufactured articles n.e.s. - Processed
880520,Flight simulators and parts thereof,1003,Manufactured articles n.e.s. - Processed
900110,"Optical fbrs,optical fbr bundles&cables,oth tha",1003,Manufactured articles n.e.s. - Processed
900120,Sheets and plates of polarising material,1003,Manufactured articles n.e.s. - Processed
900130,Contact lenses,1003,Manufactured articles n.e.s. - Processed
900140,Spectacle lenses of glass,1003,Manufactured articles n.e.s. - Processed
900150,Spectacle lenses of other materials,1003,Manufactured articles n.e.s. - Processed
900190,"Prisms, mirrors & other optical elements of any",1003,Manufactured articles n.e.s. - Processed
900211,"Objective lenses for cameras,projectors or phot",1003,Manufactured articles n.e.s. - Processed
900219,"Objective lenses, nes",1003,Manufactured articles n.e.s. - Processed
900220,Optical filters,1003,Manufactured articles n.e.s. - Processed
900290,"Lenses, prisms, mirrors and other optical eleme",1003,Manufactured articles n.e.s. - Processed
900311,"Frames and mountings for spectacles, goggles or",1003,Manufactured articles n.e.s. - Processed
900319,"Frames and mountings for spectacles,goggles or",1003,Manufactured articles n.e.s. - Processed
900390,"Parts for frames and mountings for spectacles,",1003,Manufactured articles n.e.s. - Processed
900410,Sunglasses,1003,Manufactured articles n.e.s. - Processed
900490,"Spectacles, goggles and the like, corrective, p",1003,Manufactured articles n.e.s. - Processed
900510,Binoculars,1003,Manufactured articles n.e.s. - Processed
900580,"Monoculars, oth optical telescopes, astronomica",1003,Manufactured articles n.e.s. - Processed
900590,"Parts and accessories (including mountings), of",1003,Manufactured articles n.e.s. - Processed
900610,Cameras of a kind used for preparing printing p,1003,Manufactured articles n.e.s. - Processed
900620,Cameras of a kind used for recording doc on mic,1003,Manufactured articles n.e.s. - Processed
900630,"Cameras designed for special use, underwater, a",1003,Manufactured articles n.e.s. - Processed
900640,Instant print cameras,1003,Manufactured articles n.e.s. - Processed
900651,"Cameras, single lens reflex, for roll film of a",1003,Manufactured articles n.e.s. - Processed
900652,Cameras for roll film of a width less than 35 m,1003,Manufactured articles n.e.s. - Processed
900653,"Cameras for roll film of a width of 35 mm, nes",1003,Manufactured articles n.e.s. - Processed
900659,"Photographic, other than cinematographic camera",1003,Manufactured articles n.e.s. - Processed
900661,Photographic discharge lamp (electronic) flashl,1003,Manufactured articles n.e.s. - Processed
900662,"Flashbulbs, flashcubes and the like",1003,Manufactured articles n.e.s. - Processed
900669,"Photographic flashlight apparatus, nes",1003,Manufactured articles n.e.s. - Processed
900691,Parts and accessories for photographic cameras,1003,Manufactured articles n.e.s. - Processed
900699,Parts and accessories for photographic flashlig,1003,Manufactured articles n.e.s. - Processed
900711,Cinematographic cameras for film of < 16 mm wid,1003,Manufactured articles n.e.s. - Processed
900719,"Cinematographic cameras, nes",1003,Manufactured articles n.e.s. - Processed
900721,Cinematographic projectors for film of less tha,1003,Manufactured articles n.e.s. - Processed
900729,"Cinematographic projectors, nes",1003,Manufactured articles n.e.s. - Processed
900791,Parts and accessories for cinematographic camer,1003,Manufactured articles n.e.s. - Processed
900792,Parts and accessories for cinematographic proje,1003,Manufactured articles n.e.s. - Processed
900810,Slide projectors,1003,Manufactured articles n.e.s. - Processed
900820,"Microfilm, microfiche or other microform reader",1003,Manufactured articles n.e.s. - Processed
900830,"Image projectors, nes",1003,Manufactured articles n.e.s. - Processed
900840,"Photographic enlargers and reducers, other than",1003,Manufactured articles n.e.s. - Processed
900890,"Parts and access of image projectors,enlargers&",1003,Manufactured articles n.e.s. - Processed
900911,"Electrostatic photo-copying apparatus, direct p",1003,Manufactured articles n.e.s. - Processed
900912,"Electrostatic photo-copying apparatus, indirect",1003,Manufactured articles n.e.s. - Processed
900921,"Photo-copying apparatus, incorporating an optic",1003,Manufactured articles n.e.s. - Processed
900922,"Contact type photo-copying apparatus,nes",1003,Manufactured articles n.e.s. - Processed
900930,Thermo-copying apparatus,1003,Manufactured articles n.e.s. - Processed
900990,Parts and accessories for photo-copying apparat,1003,Manufactured articles n.e.s. - Processed
901010,Apparatus and equip for automatically developin,1003,Manufactured articles n.e.s. - Processed
901020,Apparatus and equipment for photographic (incl,1003,Manufactured articles n.e.s. - Processed
901030,Projection screens,1003,Manufactured articles n.e.s. - Processed
901090,Parts and accessories for apparatus and equipme,1003,Manufactured articles n.e.s. - Processed
901110,Stereoscopic microscopes,1003,Manufactured articles n.e.s. - Processed
901120,"Microscopes, for photomicrography, cinephotomic",1003,Manufactured articles n.e.s. - Processed
901180,"Microscopes, optical, nes",1003,Manufactured articles n.e.s. - Processed
901190,Parts and accessories for optical microscopes,1003,Manufactured articles n.e.s. - Processed
901210,Microscopes other than optical microscopes and,1003,Manufactured articles n.e.s. - Processed
901290,Parts and accessories for microscopes other tha,1003,Manufactured articles n.e.s. - Processed
901310,Telescopic sights for fitting to arms; periscop,1003,Manufactured articles n.e.s. - Processed
901320,"Lasers, other than laser diodes",1003,Manufactured articles n.e.s. - Processed
901380,"Optical devices, appliances and instruments, ne",1003,Manufactured articles n.e.s. - Processed
901390,Parts and accessories of optical appliances and,1003,Manufactured articles n.e.s. - Processed
901410,Direction finding compasses,1003,Manufactured articles n.e.s. - Processed
901420,Instruments&appl for aeronautical or space navi,1003,Manufactured articles n.e.s. - Processed
901480,Navigational instruments and appliances nes,1003,Manufactured articles n.e.s. - Processed
901490,Parts & access for direction finding compasses,1003,Manufactured articles n.e.s. - Processed
901510,Rangefinders,1003,Manufactured articles n.e.s. - Processed
901520,Theodolites and tacheometers,1003,Manufactured articles n.e.s. - Processed
901530,Surveying levels,1003,Manufactured articles n.e.s. - Processed
901540,Photogrammetrical surveying instruments and app,1003,Manufactured articles n.e.s. - Processed
901580,"Surveying,hydrographic,oceanographic,meteorolog",1003,Manufactured articles n.e.s. - Processed
901590,Parts and accessories for use with the apparatu,1003,Manufactured articles n.e.s. - Processed
901600,Balances of a sensitivity of 5 cg or better wit,1003,Manufactured articles n.e.s. - Processed
901710,"Drafting tables and machines, whether or not au",1003,Manufactured articles n.e.s. - Processed
901720,"Drawing, marking-out or mathematical calculatin",1003,Manufactured articles n.e.s. - Processed
901730,"Micrometers, callipers and gauges",1003,Manufactured articles n.e.s. - Processed
901780,"Instruments for measuring length, for use in th",1003,Manufactured articles n.e.s. - Processed
901790,Parts and accessories for use with the apparatu,1003,Manufactured articles n.e.s. - Processed
901811,Electro-cardiographs,1003,Manufactured articles n.e.s. - Processed
901819,"Electro-diagnostic apparatus, nes",1003,Manufactured articles n.e.s. - Processed
901820,Ultra-violet or infra-red ray apparatus,1003,Manufactured articles n.e.s. - Processed
901831,"Syringes, with or without needles",1003,Manufactured articles n.e.s. - Processed
901832,Tubular metal needles and needles for sutures,1003,Manufactured articles n.e.s. - Processed
901839,"Needles, catheters, cannulae and the like, nes",1003,Manufactured articles n.e.s. - Processed
901841,"Dental drill engines,whether or not combi on a",1003,Manufactured articles n.e.s. - Processed
901849,"Instruments and appliances, used in dental scie",1003,Manufactured articles n.e.s. - Processed
901850,"Ophthalmic instruments and appliances, nes",1003,Manufactured articles n.e.s. - Processed
901890,Instruments and appliances used in medical or v,1003,Manufactured articles n.e.s. - Processed
901910,Mechano-therapy appl; massage app; psychologica,1003,Manufactured articles n.e.s. - Processed
901920,"Oxygen therapy, artificial respiration or oth t",1003,Manufactured articles n.e.s. - Processed
902000,"Breathing appliances and gas masks,exc protecti",1003,Manufactured articles n.e.s. - Processed
902111,Artificial joints,1003,Manufactured articles n.e.s. - Processed
902119,"Orthopaedic or fracture appliances, nes",1003,Manufactured articles n.e.s. - Processed
902121,Artificial teeth,1003,Manufactured articles n.e.s. - Processed
902129,"Dental fittings, nes",1003,Manufactured articles n.e.s. - Processed
902130,"Artificial parts of the body, nes",1003,Manufactured articles n.e.s. - Processed
902140,"Hearing aids, excluding parts and accessories",1003,Manufactured articles n.e.s. - Processed
902150,"Pacemakers for stimulating heart muscles, exclu",1003,Manufactured articles n.e.s. - Processed
902190,"Orthopedic and oth appliances,worn,carried or i",1003,Manufactured articles n.e.s. - Processed
902211,Apparatus based on the use of X-rays for medica,1003,Manufactured articles n.e.s. - Processed
902219,Apparatus based on the use of X-rays for other,1003,Manufactured articles n.e.s. - Processed
902221,Apparatus based on the use of alpha beta or gam,1003,Manufactured articles n.e.s. - Processed
902229,Apparatus based on the use of alpha beta or gam,1003,Manufactured articles n.e.s. - Processed
902230,X-ray tubes,1003,Manufactured articles n.e.s. - Processed
902290,Parts and accessories for app based on the use,1003,Manufactured articles n.e.s. - Processed
902300,"Instruments, apparatus and models, designed for",1003,Manufactured articles n.e.s. - Processed
902410,Machines and appliances for testing the mechani,1003,Manufactured articles n.e.s. - Processed
902480,Machines and appliances for testing the mechani,1003,Manufactured articles n.e.s. - Processed
902490,Parts and accessories of mach.and appl for test,1003,Manufactured articles n.e.s. - Processed
902511,"Thermometers&pyrometers,not combined with other",1003,Manufactured articles n.e.s. - Processed
902519,"Thermometers&pyrometers,not combined with other",1003,Manufactured articles n.e.s. - Processed
902520,"Barometers, not combined with other instruments",1003,Manufactured articles n.e.s. - Processed
902580,"Hydrometers, pyrometers, hygrometers and psychr",1003,Manufactured articles n.e.s. - Processed
902590,Parts and accessories for use with the apparatu,1003,Manufactured articles n.e.s. - Processed
902610,Instruments and apparatus for measure/checking,1003,Manufactured articles n.e.s. - Processed
902620,Instruments and apparatus for measuring or chec,1003,Manufactured articles n.e.s. - Processed
902680,Instruments & apparatus for measure/checking va,1003,Manufactured articles n.e.s. - Processed
902690,Parts of inst and app for measure/checking vari,1003,Manufactured articles n.e.s. - Processed
902710,Gas or smoke analysis apparatus,1003,Manufactured articles n.e.s. - Processed
902720,Chromatographs and electrophoresis instruments,1003,Manufactured articles n.e.s. - Processed
902730,"Spectrometers,spectrophotometers and spectrogra",1003,Manufactured articles n.e.s. - Processed
902740,Exposure meters,1003,Manufactured articles n.e.s. - Processed
902750,Instruments and apparatus using optical radiati,1003,Manufactured articles n.e.s. - Processed
902780,Instruments and apparatus for physical or chemi,1003,Manufactured articles n.e.s. - Processed
902790,Microtomes; parts & access of inst and app for,1003,Manufactured articles n.e.s. - Processed
902810,"Gas supply, production and calibrating meters",1003,Manufactured articles n.e.s. - Processed
902820,"Liquid supply, production and calibrating meter",1003,Manufactured articles n.e.s. - Processed
902830,"Electricity supply, production and calibrating",1003,Manufactured articles n.e.s. - Processed
902890,"Parts and accessories for gas, liquid or electr",1003,Manufactured articles n.e.s. - Processed
902910,"Revolution counters,production counters taximet",1003,Manufactured articles n.e.s. - Processed
902920,Speed indicators and tachometers; stroboscopes,1003,Manufactured articles n.e.s. - Processed
902990,"Parts and access of revolution counters, produc",1003,Manufactured articles n.e.s. - Processed
903010,Instruments and apparatus for measuring or dete,1003,Manufactured articles n.e.s. - Processed
903020,Cathode-ray oscilloscopes and cathode-ray oscil,1003,Manufactured articles n.e.s. - Processed
903031,Multimeters,1003,Manufactured articles n.e.s. - Processed
903039,"Inst&app,for measuring or checking voltage,curr",1003,Manufactured articles n.e.s. - Processed
903040,"Instruments and apparatus, specially designed f",1003,Manufactured articles n.e.s. - Processed
903081,"Inst&app for measuring or checking elec qty,wit",1003,Manufactured articles n.e.s. - Processed
903089,Instruments and apparatus for measuring or chec,1003,Manufactured articles n.e.s. - Processed
903090,Parts & access for inst & app for meas or check,1003,Manufactured articles n.e.s. - Processed
903110,"Machines for balancing mechanical parts, nes",1003,Manufactured articles n.e.s. - Processed
903120,Test benches for measuring or checking instrume,1003,Manufactured articles n.e.s. - Processed
903130,"Profile projectors, nes",1003,Manufactured articles n.e.s. - Processed
903140,"Optical instruments and appliances, nes",1003,Manufactured articles n.e.s. - Processed
903180,"Measuring or checking instruments, appliances a",1003,Manufactured articles n.e.s. - Processed
903190,Parts and accessories for measuring or checking,1003,Manufactured articles n.e.s. - Processed
903210,Thermostats,1003,Manufactured articles n.e.s. - Processed
903220,Manostats,1003,Manufactured articles n.e.s. - Processed
903281,Hydraulic or pneumatic automatic regulating or,1003,Manufactured articles n.e.s. - Processed
903289,Automatic regulating or controlling instruments,1003,Manufactured articles n.e.s. - Processed
903290,Parts & access for automatic regulating or cont,1003,Manufactured articles n.e.s. - Processed
903300,"Parts & access nes for machines, appliances, in",1003,Manufactured articles n.e.s. - Processed
910111,"Wrist-watches with mech display,battery powered",1003,Manufactured articles n.e.s. - Processed
910112,Wrist-watches with opto-electronic disp batt po,1003,Manufactured articles n.e.s. - Processed
910119,"Wrist-watches, battery powered and with case of",1003,Manufactured articles n.e.s. - Processed
910121,"Wrist-watches,with automatic winding and with c",1003,Manufactured articles n.e.s. - Processed
910129,"Wrist-watches, with a case of precious metal, n",1003,Manufactured articles n.e.s. - Processed
910191,Pocket-watches&oth watches battery powered&with,1003,Manufactured articles n.e.s. - Processed
910199,Pocket-watches & other watches with case of pre,1003,Manufactured articles n.e.s. - Processed
910211,"Wrist-watches,battery or accumulator powered wi",1003,Manufactured articles n.e.s. - Processed
910212,"Wrist-watches,battery or accum powered with opt",1003,Manufactured articles n.e.s. - Processed
910219,"Wrist-watches, battery or accumulator powered,",1003,Manufactured articles n.e.s. - Processed
910221,Wrist-watches with automatic winding nes,1003,Manufactured articles n.e.s. - Processed
910229,"Wrist-watches, nes",1003,Manufactured articles n.e.s. - Processed
910291,Pocket-watches and other watches battery or acc,1003,Manufactured articles n.e.s. - Processed
910299,"Pocket-watches and other watches, nes",1003,Manufactured articles n.e.s. - Processed
910310,"Clocks with watch movements,battery or accumula",1003,Manufactured articles n.e.s. - Processed
910390,"Clocks with watch movements, nes excluding cloc",1003,Manufactured articles n.e.s. - Processed
910400,Instrument panel clocks and clocks of a similar,1003,Manufactured articles n.e.s. - Processed
910511,"Alarm clocks, battery, accumulator or mains pow",1003,Manufactured articles n.e.s. - Processed
910519,"Alarm clocks, nes",1003,Manufactured articles n.e.s. - Processed
910521,"Wall clocks, battery, accumulator or mains powe",1003,Manufactured articles n.e.s. - Processed
910529,"Wall clocks, nes",1003,Manufactured articles n.e.s. - Processed
910591,"Clocks, nes, battery, accumulator or mains powe",1003,Manufactured articles n.e.s. - Processed
910599,"Clocks, nes",1003,Manufactured articles n.e.s. - Processed
910610,Time-registers; time-recorders,1003,Manufactured articles n.e.s. - Processed
910620,Parking meters,1003,Manufactured articles n.e.s. - Processed
910690,"Time of day recording apparatus, nes",1003,Manufactured articles n.e.s. - Processed
910700,Time switches with clock or watch movement or w,1003,Manufactured articles n.e.s. - Processed
910811,"Watch movements, assembled, battery powered wit",1003,Manufactured articles n.e.s. - Processed
910812,"Watch movements, assembled, battery powered, wi",1003,Manufactured articles n.e.s. - Processed
910819,"Watch movements, assembled, battery powered, ne",1003,Manufactured articles n.e.s. - Processed
910820,"Watch movements, complete and assembled, with a",1003,Manufactured articles n.e.s. - Processed
910891,"Watch movements, complete and assembled, measur",1003,Manufactured articles n.e.s. - Processed
910899,"Watch movements, complete and assembled, nes",1003,Manufactured articles n.e.s. - Processed
910911,"Clock movements,complete and assembled,battery",1003,Manufactured articles n.e.s. - Processed
910919,"Clock movements, complete and assembled, batter",1003,Manufactured articles n.e.s. - Processed
910990,"Clock movements, complete and assembled, nes",1003,Manufactured articles n.e.s. - Processed
911011,"Complete movements of watches, unassembled or p",1003,Manufactured articles n.e.s. - Processed
911012,"Incomplete movements of watches, assembled",1003,Manufactured articles n.e.s. - Processed
911019,Rough movements of watches,1003,Manufactured articles n.e.s. - Processed
911090,"Clock movements, unassembled or partly assemble",1003,Manufactured articles n.e.s. - Processed
911110,Watch cases of precious metal or of metal clad,1003,Manufactured articles n.e.s. - Processed
911120,"Watch cases of base metal, whether or not gold-",1003,Manufactured articles n.e.s. - Processed
911180,"Watch cases, nes",1003,Manufactured articles n.e.s. - Processed
911190,Parts of watch cases,1003,Manufactured articles n.e.s. - Processed
911210,"Clock cases and cases of a similar type, of met",1003,Manufactured articles n.e.s. - Processed
911280,"Clock cases and cases of a similar type, for ot",1003,Manufactured articles n.e.s. - Processed
911290,Parts of clock cases and cases of a similar typ,1003,Manufactured articles n.e.s. - Processed
911410,"Clock or watch springs, including hair-springs",1003,Manufactured articles n.e.s. - Processed
911420,Clock or watch jewels,1003,Manufactured articles n.e.s. - Processed
911430,Clock or watch dials,1003,Manufactured articles n.e.s. - Processed
911440,Clock or watch plates and bridges,1003,Manufactured articles n.e.s. - Processed
911490,"Clock or watch parts, nes",1003,Manufactured articles n.e.s. - Processed
920110,"Upright pianos, including automatic",1003,Manufactured articles n.e.s. - Processed
920120,"Grand pianos, including automatic",1003,Manufactured articles n.e.s. - Processed
920190,Harpsichords and other keyboard stringed instru,1003,Manufactured articles n.e.s. - Processed
920210,String musical instruments played with a bow,1003,Manufactured articles n.e.s. - Processed
920290,String musical instruments nes,1003,Manufactured articles n.e.s. - Processed
920300,Harmoniums&sim keyboard inst with free mtl reed,1003,Manufactured articles n.e.s. - Processed
920410,Accordions and similar instruments,1003,Manufactured articles n.e.s. - Processed
920420,Mouth organs (harmonicas),1003,Manufactured articles n.e.s. - Processed
920510,Brass-wind instruments,1003,Manufactured articles n.e.s. - Processed
920590,Wind musical instruments nes,1003,Manufactured articles n.e.s. - Processed
920600,Percussion musical instruments,1003,Manufactured articles n.e.s. - Processed
920710,"Keyboard instruments,exc accordions,sound gener",1003,Manufactured articles n.e.s. - Processed
920790,"Musical instruments nes, sound generated or amp",1003,Manufactured articles n.e.s. - Processed
920810,Musical boxes nes,1003,Manufactured articles n.e.s. - Processed
920890,"Decoy calls,musical inst nes&mouth blown sound",1003,Manufactured articles n.e.s. - Processed
920910,"Metronomes, tuning forks and pitch pipes",1003,Manufactured articles n.e.s. - Processed
920920,Mechanisms for musical box,1003,Manufactured articles n.e.s. - Processed
920930,"Strings, musical instrument",1003,Manufactured articles n.e.s. - Processed
920991,Parts and accessories for pianos,1003,Manufactured articles n.e.s. - Processed
920992,Parts and accessories for the musical instrumen,1003,Manufactured articles n.e.s. - Processed
920993,Parts and accessories for the musical instrumen,1003,Manufactured articles n.e.s. - Processed
920994,Parts and accessories for the musical instrumen,1003,Manufactured articles n.e.s. - Processed
920999,Parts and accessories for the musical instrumen,1003,Manufactured articles n.e.s. - Processed
930100,"Military weapons,oth than revolvers,pistols and",1003,Manufactured articles n.e.s. - Processed
930200,"Revolvers and pistols, other than those of head",1003,Manufactured articles n.e.s. - Processed
930310,Muzzle-loading firearms,1003,Manufactured articles n.e.s. - Processed
930320,Shotguns incl combination shotgun-rifles sporti,1003,Manufactured articles n.e.s. - Processed
930330,"Rifles, sporting, hunting or target-shooting, n",1003,Manufactured articles n.e.s. - Processed
930390,Firearms&similar devices operated by the firing,1003,Manufactured articles n.e.s. - Processed
930400,"Arms nes, excluding those of heading No 93.07",1003,Manufactured articles n.e.s. - Processed
930510,Parts and accessories of revolvers or pistols o,1003,Manufactured articles n.e.s. - Processed
930521,Shotgun barrels of heading No 93.03,1003,Manufactured articles n.e.s. - Processed
930529,"Parts and accessories of shotguns or rifles, ne",1003,Manufactured articles n.e.s. - Processed
930590,Parts and accessories nes of heading Nos 93.01,1003,Manufactured articles n.e.s. - Processed
930610,Cartridges for riveting or sim tools or for cap,1003,Manufactured articles n.e.s. - Processed
930621,"Cartridges, shotgun",1003,Manufactured articles n.e.s. - Processed
930629,Air gun pellets and parts of shotgun cartridges,1003,Manufactured articles n.e.s. - Processed
930630,Cartridges nes and parts thereof,1003,Manufactured articles n.e.s. - Processed
930690,Munitions of war&pts thereof and oth ammunition,1003,Manufactured articles n.e.s. - Processed
930700,"Swords,cutlasses,bayonets,lances&sim arms&parts",1003,Manufactured articles n.e.s. - Processed
940510,Chandeliers & other electric ceiling or wall li,1003,Manufactured articles n.e.s. - Processed
940520,"Electric table, desk, bedside or floor-standing",1003,Manufactured articles n.e.s. - Processed
940530,Lighting sets of a kind used for Christmas tree,1003,Manufactured articles n.e.s. - Processed
940540,"Electric lamps and lighting fittings, nes",1003,Manufactured articles n.e.s. - Processed
940550,Non-electrical lamps and lighting fittings,1003,Manufactured articles n.e.s. - Processed
940560,"Illuminated signs, illuminated name-plates and",1003,Manufactured articles n.e.s. - Processed
940591,Lamps and lighting fittings parts of glass,1003,Manufactured articles n.e.s. - Processed
940592,Lamps and lighting fittings parts of plastics,1003,Manufactured articles n.e.s. - Processed
940599,"Lamps and lighting fittings, parts of nes",1003,Manufactured articles n.e.s. - Processed
940600,Prefabricated buildings,1003,Manufactured articles n.e.s. - Processed
950100,Wheeled toys designed to be ridden by children,1003,Manufactured articles n.e.s. - Processed
950210,"Dolls, whether or not dressed, representing onl",1003,Manufactured articles n.e.s. - Processed
950299,"Parts and accessories nes, for dolls representi",1003,Manufactured articles n.e.s. - Processed
950310,"Electric trains, incl tracks, signals and other",1003,Manufactured articles n.e.s. - Processed
950320,"Reduced-size (scale) model assembly kits, exclu",1003,Manufactured articles n.e.s. - Processed
950330,"Construction sets and constructional toys, nes",1003,Manufactured articles n.e.s. - Processed
950341,Stuffed toys representing animals or non-human,1003,Manufactured articles n.e.s. - Processed
950349,Toys nes representing animals or non-human crea,1003,Manufactured articles n.e.s. - Processed
950350,Toy musical instruments and apparatus,1003,Manufactured articles n.e.s. - Processed
950360,Puzzles,1003,Manufactured articles n.e.s. - Processed
950370,"Toys, put up in sets or outfits",1003,Manufactured articles n.e.s. - Processed
950380,"Toys and models, incorporating a motor",1003,Manufactured articles n.e.s. - Processed
950390,Toys nes,1003,Manufactured articles n.e.s. - Processed
950410,Video games of a kind used with a television re,1003,Manufactured articles n.e.s. - Processed
950420,Articles and accessories for billiards,1003,Manufactured articles n.e.s. - Processed
950430,"Games, coin or disc-operated, other than bowlin",1003,Manufactured articles n.e.s. - Processed
950440,Playing cards,1003,Manufactured articles n.e.s. - Processed
950490,"Art.funfair,games tab/parlour,pintab,sp tab cas",1003,Manufactured articles n.e.s. - Processed
950510,Articles for Christmas festivities,1003,Manufactured articles n.e.s. - Processed
950590,"Festive,carnival or oth entertainment art incl",1003,Manufactured articles n.e.s. - Processed
950611,Snow-skis,1003,Manufactured articles n.e.s. - Processed
950612,Snow-ski-fastenings (ski-bindings),1003,Manufactured articles n.e.s. - Processed
950619,Snow-ski equipment nes,1003,Manufactured articles n.e.s. - Processed
950621,Sailboards,1003,Manufactured articles n.e.s. - Processed
950629,"Water-skis, surf-boards and other water-sport e",1003,Manufactured articles n.e.s. - Processed
950631,"Golf clubs, complete",1003,Manufactured articles n.e.s. - Processed
950632,Golf balls,1003,Manufactured articles n.e.s. - Processed
950639,Golf equipment nes,1003,Manufactured articles n.e.s. - Processed
950640,Articles and equipment for table-tennis,1003,Manufactured articles n.e.s. - Processed
950651,"Lawn-tennis rackets, whether or not strung",1003,Manufactured articles n.e.s. - Processed
950659,"Badminton or similar rackets, whether or not st",1003,Manufactured articles n.e.s. - Processed
950661,Lawn-tennis balls,1003,Manufactured articles n.e.s. - Processed
950662,Inflatable balls,1003,Manufactured articles n.e.s. - Processed
950669,Balls nes,1003,Manufactured articles n.e.s. - Processed
950670,"Ice skates and roller skates,including skating",1003,Manufactured articles n.e.s. - Processed
950691,Articles and equipment for general physical exe,1003,Manufactured articles n.e.s. - Processed
950699,Art.&equip for sports&outdoor games nes&swimmin,1003,Manufactured articles n.e.s. - Processed
950710,Fishing rods,1003,Manufactured articles n.e.s. - Processed
950720,"Fish-hooks, whether or not snelled",1003,Manufactured articles n.e.s. - Processed
950730,Fishing reels,1003,Manufactured articles n.e.s. - Processed
950790,"Line fish tackle nes,f/landing,b/f&sim nets,dec",1003,Manufactured articles n.e.s. - Processed
950800,"Rndabts,swings,shoot galleries,fairgrnd amuseme",1003,Manufactured articles n.e.s. - Processed
960110,Worked ivory and articles of ivory,1003,Manufactured articles n.e.s. - Processed
960190,"Animal carving material (o/t ivory), and articl",1003,Manufactured articles n.e.s. - Processed
960200,"Wkd veg/mineral carving mat&art, carved art nes",1003,Manufactured articles n.e.s. - Processed
960310,Brooms/brushes of twigs or oth veg mat bound to,1003,Manufactured articles n.e.s. - Processed
960321,"Tooth brushes, including dental-plate brushes",1003,Manufactured articles n.e.s. - Processed
960329,"Shaving, hair, nail, eyelash and oth toilet bru",1003,Manufactured articles n.e.s. - Processed
960330,"Artists', writing and similar brushes for the a",1003,Manufactured articles n.e.s. - Processed
960340,"Paint, distemper, varnish or similar brushes ne",1003,Manufactured articles n.e.s. - Processed
960350,"Brushes nes, constituting parts of machines, ap",1003,Manufactured articles n.e.s. - Processed
960390,Hand-operated mechanical floor sweepers; prepar,1003,Manufactured articles n.e.s. - Processed
960400,Hand sieves and hand riddles,1003,Manufactured articles n.e.s. - Processed
960610,"Press-fasteners, snap-fasteners and press-studs",1003,Manufactured articles n.e.s. - Processed
960621,"Buttons of plastics, not covered with textile m",1003,Manufactured articles n.e.s. - Processed
960622,"Buttons of base metal, not covered with textile",1003,Manufactured articles n.e.s. - Processed
960629,"Buttons, nes",1003,Manufactured articles n.e.s. - Processed
960630,Button moulds and other parts of button; button,1003,Manufactured articles n.e.s. - Processed
960711,Slide fasteners fitted with chain scoops of bas,1003,Manufactured articles n.e.s. - Processed
960719,"Slide fasteners, nes",1003,Manufactured articles n.e.s. - Processed
960720,Parts of slide fasteners,1003,Manufactured articles n.e.s. - Processed
960810,Ball point pens,1003,Manufactured articles n.e.s. - Processed
960820,Felt tipped and other porous-tipped pens and ma,1003,Manufactured articles n.e.s. - Processed
960831,Indian ink drawing pens,1003,Manufactured articles n.e.s. - Processed
960839,"Fountain pens, stylograph pens and oth pens, o/",1003,Manufactured articles n.e.s. - Processed
960840,Propelling or sliding pencils,1003,Manufactured articles n.e.s. - Processed
960850,Sets of art. from 2 or >of foregoing subheading,1003,Manufactured articles n.e.s. - Processed
960860,"Refills for ball point pens, comprising the bal",1003,Manufactured articles n.e.s. - Processed
960891,Pen nibs and nib points,1003,Manufactured articles n.e.s. - Processed
960899,Duplicating stylos; pen/pencil holders; parts o,1003,Manufactured articles n.e.s. - Processed
960910,"Pencils and crayons, with leads encased in a ri",1003,Manufactured articles n.e.s. - Processed
960920,"Pencil leads, black or coloured",1003,Manufactured articles n.e.s. - Processed
960990,"Pastels, drawing charcoals, writing or drawing",1003,Manufactured articles n.e.s. - Processed
961000,"Slates and boards,with writing or drawing surfa",1003,Manufactured articles n.e.s. - Processed
961100,"Devices for printing or embossing labels, hand-",1003,Manufactured articles n.e.s. - Processed
961220,"Ink-pads, whether or not inked, with or without",1003,Manufactured articles n.e.s. - Processed
961310,"Pocket lighters, gas-fuelled, non-refillable",1003,Manufactured articles n.e.s. - Processed
961320,"Pocket lighters, gas-fuelled, refillable",1003,Manufactured articles n.e.s. - Processed
961330,Table lighters,1003,Manufactured articles n.e.s. - Processed
961380,"Lighters, nes",1003,Manufactured articles n.e.s. - Processed
961390,"Parts of lighters, other than flints and wicks",1003,Manufactured articles n.e.s. - Processed
961410,"Roughly shpd blocks of wood or root,for the man",1003,Manufactured articles n.e.s. - Processed
961420,Smoking pipes and pipe bowls,1003,Manufactured articles n.e.s. - Processed
961490,"Cigar or cigarette holders and parts thereof, a",1003,Manufactured articles n.e.s. - Processed
961511,"Combs, hair-slides and the like of hard rubber",1003,Manufactured articles n.e.s. - Processed
961519,"Combs, hair-slides and the like of other materi",1003,Manufactured articles n.e.s. - Processed
961590,"Hairpins, curling pins, hair-curlers and the li",1003,Manufactured articles n.e.s. - Processed
961610,"Scent sprays and similar toilet sprays, and mou",1003,Manufactured articles n.e.s. - Processed
961620,Powder-puffs and pads for the application of co,1003,Manufactured articles n.e.s. - Processed
961700,Vacuum flasks/vacuum vessels complete w/cases;,1003,Manufactured articles n.e.s. - Processed
961800,Tailors' dummies/lay figures; automata and oth,1003,Manufactured articles n.e.s. - Processed
970110,"Paintings,drawings and pastels executed by hand",1003,Manufactured articles n.e.s. - Processed
970190,Collages and similar decorative plaques,1003,Manufactured articles n.e.s. - Processed
970200,"Original engravings, prints and lithographs",1003,Manufactured articles n.e.s. - Processed
970300,"Original sculptures and statuary, in any materi",1003,Manufactured articles n.e.s. - Processed
970400,Used postage or revenue stamps and like or unus,1003,Manufactured articles n.e.s. - Processed
970500,"Coll & coll pce of zoo,bot,mineral,hist,anatom,",1003,Manufactured articles n.e.s. - Processed
970600,Antiques of an age exceeding one hundred years,1003,Manufactured articles n.e.s. - Processed
030110,Live ornamental fish,1101,Fish unprocessed
030191,Live trout,1101,Fish unprocessed
030192,Live eels,1101,Fish unprocessed
030193,Live carp,1101,Fish unprocessed
030199,Other live fish,1101,Fish unprocessed
030211,Fresh or chilled trout,1101,Fish unprocessed
030212,"Fresh or chilled Pacific, Atlantic and Danube s",1101,Fish unprocessed
030219,Fresh or chilled salmonidae (excl. 0302.11 and,1101,Fish unprocessed
030221,Fresh or chilled halibut,1101,Fish unprocessed
030222,Fresh or chilled plaice,1101,Fish unprocessed
030223,Fresh or chilled sole,1101,Fish unprocessed
030229,"Fresh or chilled flat fish (excl. halibut, plai",1101,Fish unprocessed
030231,Fresh or chilled albacore or longfinned tunas,1101,Fish unprocessed
030232,Fresh or chilled yellowfin tunas,1101,Fish unprocessed
030233,Fresh or chilled skipjack or stripe-bellied bon,1101,Fish unprocessed
030239,"Fresh or chilled tunas, nes",1101,Fish unprocessed
030240,Fresh or chilled herrings (excl. livers and roe,1101,Fish unprocessed
030250,Fresh or chilled cod (excl. livers and roes),1101,Fish unprocessed
030261,"Fresh or chilled sardines, brisling or sparts",1101,Fish unprocessed
030262,Fresh or chilled haddock,1101,Fish unprocessed
030263,Fresh or chilled coalfish,1101,Fish unprocessed
030264,Fresh or chilled mackerel,1101,Fish unprocessed
030265,Fresh or chilled dogfish and other sharks,1101,Fish unprocessed
030266,Fresh or chilled eels,1101,Fish unprocessed
030269,"Fresh or chilled fish, nes",1101,Fish unprocessed
030270,Fresh or chilled fish livers and roes,1101,Fish unprocessed
030310,Frozen Pacific salmon,1101,Fish unprocessed
030321,Frozen trout,1101,Fish unprocessed
030322,Frozen Atlantic and Danube salmon,1101,Fish unprocessed
030329,"Frozen salmonidae (excl. Pacific, Atlantic, Dan",1101,Fish unprocessed
030331,Frozen halibut,1101,Fish unprocessed
030332,Frozen plaice,1101,Fish unprocessed
030333,Frozen sole,1101,Fish unprocessed
030339,"Frozen flat fish (excl. halibut, plaice and sol",1101,Fish unprocessed
030341,Frozen albacore or longfinned tunas,1101,Fish unprocessed
030342,Frozen yellowfin tunas,1101,Fish unprocessed
030343,Frozen skipjack or stripe-bellied bonito,1101,Fish unprocessed
030349,"Frozen tunas, nes",1101,Fish unprocessed
030350,Frozen herrings (excl. livers and roes),1101,Fish unprocessed
030360,Frozen cod (excl. livers and roes),1101,Fish unprocessed
030371,"Frozen sardines, brisling or sprats",1101,Fish unprocessed
030372,Frozen haddock,1101,Fish unprocessed
030373,Frozen coalfish,1101,Fish unprocessed
030374,Frozen mackerel,1101,Fish unprocessed
030375,Frozen dogfish and sharks,1101,Fish unprocessed
030376,Frozen eels,1101,Fish unprocessed
030377,Frozen sea-bass,1101,Fish unprocessed
030378,Frozen hake,1101,Fish unprocessed
030379,"Frozen fish, nes",1101,Fish unprocessed
030380,Frozen fish livers and roes,1101,Fish unprocessed
030410,Fresh or chilled fish fillets,1101,Fish unprocessed
030420,Frozen fish fillets,1101,Fish unprocessed
030490,Frozen fish meat (excl. fillets),1101,Fish unprocessed
030611,Frozen rock lobster and other sea crawfish,1101,Fish unprocessed
030612,Frozen lobsters,1101,Fish unprocessed
030613,Frozen shrimps and prawns,1101,Fish unprocessed
030614,Frozen crabs,1101,Fish unprocessed
030619,"Frozen crustaceans,nes,including flours,meals &",1101,Fish unprocessed
030621,Rock lobster and other sea crawfish (excl. froz,1101,Fish unprocessed
030622,Lobsters (excl.frozen),1101,Fish unprocessed
030623,Shrimps and prawns (excl. frozen),1101,Fish unprocessed
030624,Crabs (excl.frozen),1101,Fish unprocessed
030629,"Crustaceans not frozen,nes,includ.flours,meals,",1101,Fish unprocessed
030710,Oysters,1101,Fish unprocessed
030721,"Scallops, live, fresh or chilled",1101,Fish unprocessed
030729,"Scallops (excl. live, fresh or chilled)",1101,Fish unprocessed
030731,"Mussels, live, fresh or chilled",1101,Fish unprocessed
030739,"Mussels (excl. live, fresh or chilled)",1101,Fish unprocessed
030741,"Cuttle fish and squid, live, fresh or chilled",1101,Fish unprocessed
030749,"Cuttle fish and squid (excl. live, fresh or chi",1101,Fish unprocessed
030751,"Octopus live, fresh or chilled",1101,Fish unprocessed
030759,"Octopus (excl. live, fresh or chilled)",1101,Fish unprocessed
030760,Snails other than sea snails,1101,Fish unprocessed
030791,"Aquatic invertebrates, nes, live, fresh or chil",1101,Fish unprocessed
030799,"Aquatic invertebrates,nes,includ.flours,meals,p",1101,Fish unprocessed
050900,Natural sponges of animal origin,1101,Fish unprocessed
150410,Fish-liver oils and their fractions,1101,Fish unprocessed
150420,"Fish fats, oils and fractions (excl. fish liver",1101,Fish unprocessed
150430,"Marine mammal fats, oils and their liquid fract",1101,Fish unprocessed
030510,"Flours, meals and pellets of fish, fit for huma",1102,Fish semi-processed
030520,"Livers and roes, dried, smoked, salted or in br",1102,Fish semi-processed
030530,"Fish fillets, dried, salted or in brine, but no",1102,Fish semi-processed
030541,"Smoked Pacific, Atlantic and Danube salmon (inc",1102,Fish semi-processed
030542,Smoked herrings (incl. fillets),1102,Fish semi-processed
030549,Smoked fish (excl. salmon and herrings),1102,Fish semi-processed
030551,"Dried cod, not smoked",1102,Fish semi-processed
030559,"Dried fish, not smoked (excl. cod)",1102,Fish semi-processed
030561,Herrings salted or in brine but not dried or sm,1102,Fish semi-processed
030562,Cod salted or in brine but not dried or smoked,1102,Fish semi-processed
030563,Anchovies salted or in brine but not dried or s,1102,Fish semi-processed
030569,Other fish salted or in brine but not dried or,1102,Fish semi-processed
160300,"Extracts and juices of meat, fish and aquatic i",1103,Fish processed
160411,Prepared or preserved salmon (excl. minced),1103,Fish processed
160412,Prepared or preserved herrings (excl. minced),1103,Fish processed
160413,"Prepared or preserved sardines, sardinella, bri",1103,Fish processed
160414,"Prepared or preserved tuna, skipjack and bonito",1103,Fish processed
160415,Prepared or preserved mackerel (excl. minced),1103,Fish processed
160416,Prepared or preserved anchovies (excl. minced),1103,Fish processed
160419,"Prepared or preserved fish (excl. minced), nes",1103,Fish processed
160420,"Other prepared or preserved fish, nes",1103,Fish processed
160430,Caviar and caviar substitutes,1103,Fish processed
160510,"Crab, prepared or preserved",1103,Fish processed
160520,"Shrimps and prawns, prepared or preserved",1103,Fish processed
160530,"Lobster, prepared or preserved",1103,Fish processed
160540,"Crustaceans, nes, prepared or preserved",1103,Fish processed
160590,"Molluscs and other aquatic invertebrates, prepa",1103,Fish processed
230120,"Flours, meals and pellets of fish, etc, unfit f",1103,Fish processed
070110,Seed potatoes,1201,Fruit & vegetables fresh or dried
070190,"Other potatoes, fresh or chilled",1201,Fruit & vegetables fresh or dried
070200,"Tomatoes, fresh or chilled",1201,Fruit & vegetables fresh or dried
070310,"Onions and shallots, fresh or chilled",1201,Fruit & vegetables fresh or dried
070320,"Garlic, fresh or chilled",1201,Fruit & vegetables fresh or dried
070390,"Leeks and other alliaceous vegetables, nes",1201,Fruit & vegetables fresh or dried
070410,"Cauliflowers and headed broccoli, fresh or chil",1201,Fruit & vegetables fresh or dried
070420,"Brussels sprouts, fresh or chilled",1201,Fruit & vegetables fresh or dried
070490,"White and red cabbages, kohlrabi, kale...etc, f",1201,Fruit & vegetables fresh or dried
070511,"Cabbage lettuce, fresh or chilled",1201,Fruit & vegetables fresh or dried
070519,"Lettuce, fresh or chilled, (excl. cabbage lettu",1201,Fruit & vegetables fresh or dried
070521,"Witloof chicory, fresh or chilled",1201,Fruit & vegetables fresh or dried
070529,"Chicory, fresh or chilled, (excl. witloof)",1201,Fruit & vegetables fresh or dried
070610,"Carrots and turnips, fresh or chilled",1201,Fruit & vegetables fresh or dried
070690,Beetroot...radishes and other similar edible ro,1201,Fruit & vegetables fresh or dried
070700,"Cucumbers and gherkins, fresh or chilled",1201,Fruit & vegetables fresh or dried
070810,"Peas, fresh or chilled",1201,Fruit & vegetables fresh or dried
070820,"Beans, fresh or chilled",1201,Fruit & vegetables fresh or dried
070890,"Leguminous vegetables, fresh or chilled, nes",1201,Fruit & vegetables fresh or dried
070910,"Globe artichokes, fresh or chilled",1201,Fruit & vegetables fresh or dried
070920,"Asparagus, fresh or chilled",1201,Fruit & vegetables fresh or dried
070930,"Aubergines, fresh or chilled",1201,Fruit & vegetables fresh or dried
070940,"Celery, fresh or chilled",1201,Fruit & vegetables fresh or dried
070951,"Mushrooms, fresh or chilled",1201,Fruit & vegetables fresh or dried
070952,"Truffles, fresh or chilled",1201,Fruit & vegetables fresh or dried
070960,"Fruits of genus Capiscum or Pimenta, fresh or c",1201,Fruit & vegetables fresh or dried
070970,"Spinach, fresh or chilled",1201,Fruit & vegetables fresh or dried
070990,"Other vegetables, fresh or chilled, nes",1201,Fruit & vegetables fresh or dried
071310,"Dried peas, shelled",1201,Fruit & vegetables fresh or dried
071320,"Dried chickpeas, shelled",1201,Fruit & vegetables fresh or dried
071331,"Dried beans, shelled",1201,Fruit & vegetables fresh or dried
071332,"Dried adzuki beans, shelled",1201,Fruit & vegetables fresh or dried
071333,"Dried kidney beans, incl. white pea beans, shel",1201,Fruit & vegetables fresh or dried
071339,"Dried beans, shelled, nes",1201,Fruit & vegetables fresh or dried
071340,"Dried lentils, shelled",1201,Fruit & vegetables fresh or dried
071350,"Dried broad beans and horse beans, shelled",1201,Fruit & vegetables fresh or dried
071390,"Dried leguminous vegetables, shelled, nes",1201,Fruit & vegetables fresh or dried
071410,"Manioc, fresh or dried",1201,Fruit & vegetables fresh or dried
071420,"Sweet potatoes, fresh or dried",1201,Fruit & vegetables fresh or dried
071490,"Roots and tubers with high starch content, fres",1201,Fruit & vegetables fresh or dried
080110,"Coconuts, fresh or dried",1201,Fruit & vegetables fresh or dried
080120,"Brazil nuts, fresh or dried",1201,Fruit & vegetables fresh or dried
080130,"Cashew nuts, fresh or dried",1201,Fruit & vegetables fresh or dried
080211,"Almonds in shell, fresh or dried",1201,Fruit & vegetables fresh or dried
080212,"Almonds without shells, fresh or dried",1201,Fruit & vegetables fresh or dried
080221,"Hazlenuts in shell, fresh or dried",1201,Fruit & vegetables fresh or dried
080222,"Hazlenuts without shells, fresh or dried",1201,Fruit & vegetables fresh or dried
080231,"Walnuts in shell, fresh or dried",1201,Fruit & vegetables fresh or dried
080232,"Walnuts without shells, fresh or dried",1201,Fruit & vegetables fresh or dried
080240,"Chestnuts, fresh or dried",1201,Fruit & vegetables fresh or dried
080250,"Pistachio, fresh or dried",1201,Fruit & vegetables fresh or dried
080290,"Other nuts, fresh or dried, nes",1201,Fruit & vegetables fresh or dried
080300,"Bananas, including plantains, fresh or dried",1201,Fruit & vegetables fresh or dried
080410,"Dates, fresh or dried",1201,Fruit & vegetables fresh or dried
080420,"Figs, fresh or dried",1201,Fruit & vegetables fresh or dried
080430,"Pineapples, fresh or dried",1201,Fruit & vegetables fresh or dried
080440,"Avocados, fresh or dried",1201,Fruit & vegetables fresh or dried
080450,"Guavas, mangoes and mangosteens, fresh or dried",1201,Fruit & vegetables fresh or dried
080510,"Oranges, fresh or dried",1201,Fruit & vegetables fresh or dried
080520,"Mandarins, clementines, wilkings...etc, fresh o",1201,Fruit & vegetables fresh or dried
080530,"Lemons and limes, fresh or dried",1201,Fruit & vegetables fresh or dried
080540,"Grapefruit, fresh or dried",1201,Fruit & vegetables fresh or dried
080590,"Citrus fruit, fresh or dried, nes",1201,Fruit & vegetables fresh or dried
080610,Fresh grapes,1201,Fruit & vegetables fresh or dried
080620,Dried grapes,1201,Fruit & vegetables fresh or dried
080710,"Melons and watermelons, fresh",1201,Fruit & vegetables fresh or dried
080720,"Papaws (papayas), fresh",1201,Fruit & vegetables fresh or dried
080810,"Apples, fresh",1201,Fruit & vegetables fresh or dried
080820,"Pears and quinces, fresh",1201,Fruit & vegetables fresh or dried
080910,"Apricots, fresh",1201,Fruit & vegetables fresh or dried
080920,"Cherries, fresh",1201,Fruit & vegetables fresh or dried
080930,"Peaches, including nectarines, fresh",1201,Fruit & vegetables fresh or dried
080940,"Plums and sloes, fresh",1201,Fruit & vegetables fresh or dried
081010,"Strawberries, fresh",1201,Fruit & vegetables fresh or dried
081020,"Raspberries, blackberries, mulberries and logan",1201,Fruit & vegetables fresh or dried
081030,"Black, white or red currants and gooseberries,",1201,Fruit & vegetables fresh or dried
081040,"Cranberries, milberries...etc, fresh",1201,Fruit & vegetables fresh or dried
081090,"Other fruit, fresh, nes",1201,Fruit & vegetables fresh or dried
081310,Dried apricots,1201,Fruit & vegetables fresh or dried
081320,Dried prunes,1201,Fruit & vegetables fresh or dried
081330,Dried apples,1201,Fruit & vegetables fresh or dried
081340,"Other dried fruit, nes",1201,Fruit & vegetables fresh or dried
081350,"Mixtures of dried fruit and nuts, nes",1201,Fruit & vegetables fresh or dried
071110,"Onions provisionally preserved, not for immedia",1202,Fruit & vegetables semiprocessed
071120,"Olives provisionally preserved, not for immedia",1202,Fruit & vegetables semiprocessed
071130,"Capers provisionally preserved, not for immedia",1202,Fruit & vegetables semiprocessed
071140,Cucumbers and gherkins provisionally preserved,1202,Fruit & vegetables semiprocessed
071190,Other vegetables and  mixture of vegetables pro,1202,Fruit & vegetables semiprocessed
081110,"Strawberries, frozen",1202,Fruit & vegetables semiprocessed
081120,"Raspberries, blackberries...etc, frozen",1202,Fruit & vegetables semiprocessed
081190,"Other fruit and nuts, frozen, nes",1202,Fruit & vegetables semiprocessed
081210,"Cherries, provisionally preserved, not for imme",1202,Fruit & vegetables semiprocessed
081220,"Strawberries, provisionally preserved, not for",1202,Fruit & vegetables semiprocessed
081290,"Fruit and nuts, provisionally preserved, not fo",1202,Fruit & vegetables semiprocessed
081400,"Peel of citrus fruit or melons, fresh, frozen,",1202,Fruit & vegetables semiprocessed
071010,"Potatoes, frozen",1203,Fruit & vegetables prepared or preserved
071021,"Shelled or unshelled peas, frozen",1203,Fruit & vegetables prepared or preserved
071022,"Shelled or unshelled beans, frozen",1203,Fruit & vegetables prepared or preserved
071029,"Leguminous vegetables, shelled or unshelled, fr",1203,Fruit & vegetables prepared or preserved
071030,"Spinach, frozen",1203,Fruit & vegetables prepared or preserved
071040,"Sweet corn, frozen",1203,Fruit & vegetables prepared or preserved
071080,"Vegetables, frozen, nes",1203,Fruit & vegetables prepared or preserved
071090,"Mixtures of vegetables, frozen",1203,Fruit & vegetables prepared or preserved
071210,Dried potatoes,1203,Fruit & vegetables prepared or preserved
071220,Dried onions,1203,Fruit & vegetables prepared or preserved
071230,Dried mushrooms and truffles,1203,Fruit & vegetables prepared or preserved
071290,"Dried vegetables, nes",1203,Fruit & vegetables prepared or preserved
110510,Potato flour and meal,1203,Fruit & vegetables prepared or preserved
110520,"Potato flakes, granules and pellets",1203,Fruit & vegetables prepared or preserved
110610,Flour and meal of the dried leguminous vegetabl,1203,Fruit & vegetables prepared or preserved
110620,"Flour and meal of sago, roots or tubers of 0714",1203,Fruit & vegetables prepared or preserved
110630,"Flour, meal and powder of products of Chapter 8",1203,Fruit & vegetables prepared or preserved
200110,"Cucumbers and gherkins, preserved by vinegar or",1203,Fruit & vegetables prepared or preserved
200120,"Onions, prepared or preserved by vinegar or ace",1203,Fruit & vegetables prepared or preserved
200190,"Other vegetables, fruits, etc, preserved by vin",1203,Fruit & vegetables prepared or preserved
200210,"Tomatoes, whole or in pieces, preserved other t",1203,Fruit & vegetables prepared or preserved
200290,"Tomatoes, preserved otherwise than by vinegar o",1203,Fruit & vegetables prepared or preserved
200310,"Mushrooms, preserved otherwise than by vinegar",1203,Fruit & vegetables prepared or preserved
200320,"Truffles, prepared or preserved otherwise than",1203,Fruit & vegetables prepared or preserved
200410,"Potatoes, preserved other than by vinegar or ac",1203,Fruit & vegetables prepared or preserved
200490,Other vegetables preserved other than by vinega,1203,Fruit & vegetables prepared or preserved
200510,"Homogenized vegetable, preserved other than by",1203,Fruit & vegetables prepared or preserved
200520,"Potatoes, preserved other than by vinegar or ac",1203,Fruit & vegetables prepared or preserved
200530,"Sauerkraut, preserved other than by vinegar or",1203,Fruit & vegetables prepared or preserved
200540,"Peas, preserved other than by vinegar or acetic",1203,Fruit & vegetables prepared or preserved
200551,"Shelled beans, preserved other than by vinegar,",1203,Fruit & vegetables prepared or preserved
200559,"Beans, unshelled, preserved other than by vineg",1203,Fruit & vegetables prepared or preserved
200560,"Asparagus, preserved other than by vinegar or a",1203,Fruit & vegetables prepared or preserved
200570,"Olives, preserved other than by vinegar or acet",1203,Fruit & vegetables prepared or preserved
200580,"Sweetcorn, preserved other than by vinegar or a",1203,Fruit & vegetables prepared or preserved
200590,"Vegetables preserved other than by vinegar, etc",1203,Fruit & vegetables prepared or preserved
200600,"Fruit, nuts, fruit-peel and other parts of plan",1203,Fruit & vegetables prepared or preserved
200710,"Jams, fruit jellies, marmalades, etc, homogeniz",1203,Fruit & vegetables prepared or preserved
200791,"Jams, fruit jellies, marmalades, etc, of citrus",1203,Fruit & vegetables prepared or preserved
200799,"Other jams, fruit jellies, marmalades, etc, bei",1203,Fruit & vegetables prepared or preserved
200811,"Ground-nuts, preserved",1203,Fruit & vegetables prepared or preserved
200819,"Nuts and seeds including mixtures, preserved",1203,Fruit & vegetables prepared or preserved
200820,"Pineapples, prepared or preserved (excl. those",1203,Fruit & vegetables prepared or preserved
200830,"Citrus fruit, prepared or preserved (excl. thos",1203,Fruit & vegetables prepared or preserved
200840,"Pears, prepared or preserved (excl. those of 20",1203,Fruit & vegetables prepared or preserved
200850,"Apricots, prepared or preserved (excl. those of",1203,Fruit & vegetables prepared or preserved
200860,"Cherries, prepared or preserved (excl. those of",1203,Fruit & vegetables prepared or preserved
200870,"Peaches, prepared or preserved (excl. those of",1203,Fruit & vegetables prepared or preserved
200880,"Strawberries, prepared or preserved (excl. thos",1203,Fruit & vegetables prepared or preserved
200891,"Palm hearts, prepared or preserved (excl. those",1203,Fruit & vegetables prepared or preserved
200892,"Mixtures of fruit, prepared or preserved (excl.",1203,Fruit & vegetables prepared or preserved
200899,"Other fruit, etc, prepared or preserved, nes",1203,Fruit & vegetables prepared or preserved
090111,"Coffee, not roasted or decaffeinated",1301,Unprocessed
090112,"Decaffeinated coffee, not roasted",1301,Unprocessed
090121,"Roasted coffee, not decaffeinated",1301,Unprocessed
090122,"Roasted, decaffeinated coffee",1301,Unprocessed
090130,Coffee husks and skins,1301,Unprocessed
090140,Coffee substitutes containing coffee,1301,Unprocessed
090210,Green tea in immediate packings,1301,Unprocessed
090220,"Green tea, nes",1301,Unprocessed
090230,Black tea (fermented) and partly fermented tea,1301,Unprocessed
090240,"Black tea (fermented) and partly fermented tea,",1301,Unprocessed
090300,Mate,1301,Unprocessed
180100,"Cocoa beans, whole or broken, raw or roasted",1301,Unprocessed
180310,"Cocoa paste, not defatted",1302,Semi-processed
180320,"Cocoa paste, wholly or partly defatted",1302,Semi-processed
180400,"Cocoa butter, fat and oil",1302,Semi-processed
180500,"Cocoa powder, not containing added sugar or oth",1302,Semi-processed
180610,"Cocoa powder, containing added sugar or other s",1303,Processed
180620,"Chocolate, etc, containing cocoa, in blocks, sl",1303,Processed
180631,"Chocolate, etc, containing cocoa, in blocks, sl",1303,Processed
180632,"Chocolate, etc, containing cocoa in blocks, sla",1303,Processed
180690,"Chocolate, etc, containing cocoa, not in blocks",1303,Processed
210110,"Extracts, essences, concentrates and preparatio",1303,Processed
210120,"Extracts, essences, concentrates and preparatio",1303,Processed
210130,"Roasted coffee substitutes (incl. chicory), etc",1303,Processed
170111,"Raw cane sugar, in solid form",1402,Semi-processed
170112,"Raw beet sugar, in solid form",1402,Semi-processed
170191,"Cane or beet sugar, containing added flavouring",1402,Semi-processed
170199,"Cane or beet sugar, in solid form, nes",1402,Semi-processed
170210,Lactose and lactose syrup,1402,Semi-processed
170220,Maple sugar and maple syrup,1402,Semi-processed
170230,"Glucose and glucose syrup, containing <20% fruc",1402,Semi-processed
170240,"Glucose and glucose syrup, containing >=20% but",1402,Semi-processed
170250,Chemically pure fructose,1402,Semi-processed
170260,"Other fructose and fructose syrup, containing >",1402,Semi-processed
170290,"Artificial honey, caramel and other sugars (inc",1402,Semi-processed
170310,Cane molasses resulting from the extraction or,1402,Semi-processed
170390,Molasses resulting from the extraction or refin,1402,Semi-processed
170410,Chewing gum,1403,Processed
170490,"Sugar confectionery (incl. white chocolate), no",1403,Processed
040700,"Birds' eggs, in shell, fresh, preserved or cook",1501,Unprocessed
040811,Dried egg yolks,1501,Unprocessed
040819,Egg yolks (excl. dried),1501,Unprocessed
040891,"Dried birds' eggs, not in shell",1501,Unprocessed
040899,"Birds' eggs, not in shell (excl. dried)",1501,Unprocessed
040900,Natural honey,1501,Unprocessed
090411,Dried pepper (excl. crushed or ground),1501,Unprocessed
090412,"Pepper, crushed or ground",1501,Unprocessed
090420,"Fruits of genus Capiscum or Pimenta, dried, cru",1501,Unprocessed
090500,Vanilla,1501,Unprocessed
090610,"Cinnamon and cinnamon-tree flowers, neither cru",1501,Unprocessed
090620,"Cinnamon and cinnamon-tree flowers, crushed or",1501,Unprocessed
090700,"Cloves (whole fruit, cloves and stems)",1501,Unprocessed
090810,Nutmeg,1501,Unprocessed
090820,Mace,1501,Unprocessed
090830,Cardamoms,1501,Unprocessed
090910,Seeds of anise or badian,1501,Unprocessed
090920,Seeds of coriander,1501,Unprocessed
090930,Seeds of cumin,1501,Unprocessed
090940,Seeds of caraway,1501,Unprocessed
090950,Seeds of fennel; juniper berries,1501,Unprocessed
091010,Ginger,1501,Unprocessed
091020,Saffron,1501,Unprocessed
091030,Turmeric (curcuma),1501,Unprocessed
091040,"Thyme, bay leaves",1501,Unprocessed
091050,Curry,1501,Unprocessed
091091,Spice mixtures,1501,Unprocessed
091099,"Other spices, nes",1501,Unprocessed
110100,Wheat or meslin flour,1502,Semi-processed
110210,Rye flour,1502,Semi-processed
110220,Maize (corn) flour,1502,Semi-processed
110230,Rice flour,1502,Semi-processed
110290,"Other cereal flour, nes",1502,Semi-processed
110311,Groats and meal of wheat,1502,Semi-processed
110312,Groats and meal of oats,1502,Semi-processed
110313,Groats and meal of maize (corn),1502,Semi-processed
110314,Groats and meal of rice,1502,Semi-processed
110319,"Groats and meal of other cereals, nes",1502,Semi-processed
110321,Wheat pellets,1502,Semi-processed
110329,Pellets of other cereals (excl. wheat),1502,Semi-processed
110411,Rolled or flaked barley grains,1502,Semi-processed
110412,Rolled or flaked oat grains,1502,Semi-processed
110419,"Rolled or flaked grains of other cereals, nes",1502,Semi-processed
110421,"Other worked grains of barley, nes",1502,Semi-processed
110422,"Other worked grains of oats, nes",1502,Semi-processed
110423,"Other worked grains of maize (corn), nes",1502,Semi-processed
110429,"Other worked grains of other cereals, nes",1502,Semi-processed
110430,"Cereal germ, whole, rolled, flaked or ground",1502,Semi-processed
041000,"Edible products of animal origin, nes",1503,Processed
110710,Malt not roasted,1503,Processed
110720,Roasted malt,1503,Processed
110811,Wheat starch,1503,Processed
110812,Maize (corn) starch,1503,Processed
110813,Potato starch,1503,Processed
110814,Manioc (cassava) starch,1503,Processed
110819,"Other starches, nes",1503,Processed
110820,Inulin,1503,Processed
110900,Wheat gluten,1503,Processed
190110,"Preparations for infant use, for retail sale, o",1503,Processed
190120,Mixes and doughs for preparation of bakers' war,1503,Processed
190190,"Other food preparations of flour, etc, nes",1503,Processed
190211,Uncooked pasta containing eggs not stuffed,1503,Processed
190219,"Uncooked pasta, not containing eggs, not stuffe",1503,Processed
190220,Stuffed pasta,1503,Processed
190230,"Other pasta, nes",1503,Processed
190240,Couscous,1503,Processed
190300,Tapioca and substitutes prepared from starch in,1503,Processed
190410,Prepared foods obtained by the swelling or roas,1503,Processed
190490,Prepared cereals in grain form (excl. maize),1503,Processed
190510,Crispbread,1503,Processed
190520,Gingerbread and the like,1503,Processed
190530,Sweet biscuits; waffles and wafers,1503,Processed
190540,"Rusks, toasted bread and similar toasted produc",1503,Processed
190590,"Other bread, etc, nes; communion wafers, rice p",1503,Processed
210210,Active yeasts,1503,Processed
210220,Inactive yeasts; other single-cell micro-organi,1503,Processed
210230,Prepared baking powders,1503,Processed
210310,Soya sauce,1503,Processed
210320,Tomato ketchup and other tomato sauces,1503,Processed
210330,"Mustard flour and meal, prepared mustard",1503,Processed
210390,Sauces and sauce preparations; mixed condiments,1503,Processed
210410,Soups and broths and preparations therefor,1503,Processed
210420,Homogenized composite food preparations,1503,Processed
210500,"Ice cream and other edible ice, whether or not",1503,Processed
210610,Protein concentrates and textured protein subst,1503,Processed
210690,"Other food preparations, nes",1503,Processed
220900,Vinegar and substitutes for vinegar obtained fr,1503,Processed
100110,Durum wheat,1601,Grains
100190,"Spelt, common wheat and meslin",1601,Grains
100200,Rye,1601,Grains
100300,Barley,1601,Grains
100400,Oats,1601,Grains
100510,Maize seed,1601,Grains
100590,Maize (excl. seed),1601,Grains
100610,Rice in the husk (paddy or rough),1601,Grains
100620,Husked (brown) rice,1601,Grains
100630,Semi-milled or wholly milled rice,1601,Grains
100640,Broken rice,1601,Grains
100700,Grain sorghum,1601,Grains
100810,Buckwheat,1601,Grains
100820,Millet,1601,Grains
100830,Canary seed,1601,Grains
100890,"Other cereal, nes",1601,Grains
010111,Live pure bred breeding horses,1701,Live animals
010119,"Live horses, other than for pure-bred breeding",1701,Live animals
010120,Live asses mules and hinnies,1701,Live animals
010210,Live pure-bred breeding bovine animals,1701,Live animals
010290,"Live bovine animals, other than pure-bred breed",1701,Live animals
010310,Live pure-bred breeding swine,1701,Live animals
010391,Live swine weighing <50kg (excl. pure-bred bree,1701,Live animals
010392,Live swine weighing >=50kg (excl. pure-bred bre,1701,Live animals
010410,Live sheep,1701,Live animals
010420,Live goats,1701,Live animals
010511,"Live fowls of species Gallus domesticus, weighi",1701,Live animals
010519,"Live ducks, geese, turkeys and guinea fowls, we",1701,Live animals
010591,Live fowls of species Gallus domesticus (chicke,1701,Live animals
010599,"Live ducks, geese, turkeys and guinea fowls, we",1701,Live animals
010600,"Other live animals, nes",1701,Live animals
020110,Fresh or chilled bovine carcasses and half carc,1703,"Meat, prepared or preserved & other meat products"
020120,Fresh or chilled unboned bovine meat (excl. car,1703,"Meat, prepared or preserved & other meat products"
020130,Fresh or chilled boneless bovine meat,1703,"Meat, prepared or preserved & other meat products"
020210,Frozen bovine carcasses and half carcasses,1703,"Meat, prepared or preserved & other meat products"
020220,Frozen unboned bovine meat (excl. carcasses),1703,"Meat, prepared or preserved & other meat products"
020230,Frozen boneless bovine meat,1703,"Meat, prepared or preserved & other meat products"
020311,Fresh or chilled swine carcasses and half carca,1703,"Meat, prepared or preserved & other meat products"
020312,"Fresh or chilled unboned hams, shoulders and cu",1703,"Meat, prepared or preserved & other meat products"
020319,"Fresh or chilled swine meat, nes (unboned)",1703,"Meat, prepared or preserved & other meat products"
020321,Frozen swine carcasses and half carcasses,1703,"Meat, prepared or preserved & other meat products"
020322,"Frozen unboned hams, shoulders and cuts thereof",1703,"Meat, prepared or preserved & other meat products"
020329,"Frozen swine meat, nes",1703,"Meat, prepared or preserved & other meat products"
020410,Fresh or chilled lamb carcasses and half carcas,1703,"Meat, prepared or preserved & other meat products"
020421,Fresh or chilled sheep carcasses and half carca,1703,"Meat, prepared or preserved & other meat products"
020422,Fresh or chilled unboned meat of sheep,1703,"Meat, prepared or preserved & other meat products"
020423,Fresh or chilled boneless meat of sheep,1703,"Meat, prepared or preserved & other meat products"
020430,Frozen lamb carcasses and half carcasses,1703,"Meat, prepared or preserved & other meat products"
020441,Frozen sheep carcasses and half carcasses (excl,1703,"Meat, prepared or preserved & other meat products"
020442,Frozen unboned meat of sheep,1703,"Meat, prepared or preserved & other meat products"
020443,Frozen boned meat of sheep,1703,"Meat, prepared or preserved & other meat products"
020450,"Fresh, chilled or frozen goat meat",1703,"Meat, prepared or preserved & other meat products"
020500,"Meat of horses, asses, mules or hinnies, fresh,",1703,"Meat, prepared or preserved & other meat products"
020610,Fresh or chilled edible bovine offal,1703,"Meat, prepared or preserved & other meat products"
020621,Frozen bovine tongues,1703,"Meat, prepared or preserved & other meat products"
020622,Frozen bovine livers,1703,"Meat, prepared or preserved & other meat products"
020629,Frozen edible bovine offal (excl. tongues and l,1703,"Meat, prepared or preserved & other meat products"
020630,Fresh or chilled edible swine offal,1703,"Meat, prepared or preserved & other meat products"
020641,Frozen swine livers,1703,"Meat, prepared or preserved & other meat products"
020649,Frozen edible swine offal (excl. livers),1703,"Meat, prepared or preserved & other meat products"
020680,"Fresh or chilled edible offal of sheep, goats,",1703,"Meat, prepared or preserved & other meat products"
020690,"Frozen edible offal of sheep, goats, horses...",1703,"Meat, prepared or preserved & other meat products"
020710,Fresh or chilled whole poultry,1703,"Meat, prepared or preserved & other meat products"
020721,Frozen whole chickens,1703,"Meat, prepared or preserved & other meat products"
020722,Frozen whole turkeys,1703,"Meat, prepared or preserved & other meat products"
020723,"Frozen whole ducks, geese and guinea fowls",1703,"Meat, prepared or preserved & other meat products"
020731,Fresh or chilled fatty livers of geese or ducks,1703,"Meat, prepared or preserved & other meat products"
020739,Fresh or chilled poultry cuts and offal (excl.,1703,"Meat, prepared or preserved & other meat products"
020741,Frozen cuts and offal of chicken (excl. livers),1703,"Meat, prepared or preserved & other meat products"
020742,Frozen cuts and offal of turkey (excl. livers),1703,"Meat, prepared or preserved & other meat products"
020743,"Frozen cuts and offal of geese, ducks and guine",1703,"Meat, prepared or preserved & other meat products"
020750,Frozen poultry livers,1703,"Meat, prepared or preserved & other meat products"
020810,"Fresh, chilled or frozen meat and edible offal",1703,"Meat, prepared or preserved & other meat products"
020820,"Fresh, chilled or frozen frogs' legs",1703,"Meat, prepared or preserved & other meat products"
020890,"Fresh, chilled or frozen meat and edible offal,",1703,"Meat, prepared or preserved & other meat products"
020900,"Pig and poultry fat, fresh, chilled, frozen, sa",1703,"Meat, prepared or preserved & other meat products"
021011,"Unboned swine hams, shoulders and cuts thereof,",1703,"Meat, prepared or preserved & other meat products"
021012,"Bellies and cuts thereof of swine, salted... or",1703,"Meat, prepared or preserved & other meat products"
021019,"Meat of swine, salted... or smoked, nes",1703,"Meat, prepared or preserved & other meat products"
021020,"Meat of bovine animals, salted... or smoked",1703,"Meat, prepared or preserved & other meat products"
021090,"Other meat, nes, salted... or smoked; flours an",1703,"Meat, prepared or preserved & other meat products"
160100,Sausages and similar products; food preparation,1703,"Meat, prepared or preserved & other meat products"
160210,"Homogenized preparations of meat, meat offal or",1703,"Meat, prepared or preserved & other meat products"
160220,Preparations of animal liver,1703,"Meat, prepared or preserved & other meat products"
160231,Preparations of turkey meat,1703,"Meat, prepared or preserved & other meat products"
160239,Preparations of poultry (excl. turkey),1703,"Meat, prepared or preserved & other meat products"
160241,"Preparations of swine, hams and cuts",1703,"Meat, prepared or preserved & other meat products"
160242,"Preparations of swine, shoulders and cuts",1703,"Meat, prepared or preserved & other meat products"
160249,"Preparations of swine meat, including mixtures,",1703,"Meat, prepared or preserved & other meat products"
160250,Preparations of meat of bovine animals,1703,"Meat, prepared or preserved & other meat products"
160290,Preparations of meat (incl.preparations of bloo,1703,"Meat, prepared or preserved & other meat products"
120100,Soya beans,1801,Unprocessed & semi-processed
120210,"Ground-nuts in shell, not roasted or otherwise",1801,Unprocessed & semi-processed
120220,"Shelled ground-nuts, not roasted or otherwise c",1801,Unprocessed & semi-processed
120300,Copra,1801,Unprocessed & semi-processed
120400,Linseed,1801,Unprocessed & semi-processed
120500,Rape or colza seeds,1801,Unprocessed & semi-processed
120600,Sunflower seeds,1801,Unprocessed & semi-processed
120710,Palm nuts and kernels,1801,Unprocessed & semi-processed
120720,Cotton seeds,1801,Unprocessed & semi-processed
120730,Castor oil seeds,1801,Unprocessed & semi-processed
120740,Sesamum seeds,1801,Unprocessed & semi-processed
120750,Mustard seeds,1801,Unprocessed & semi-processed
120760,Safflower seeds,1801,Unprocessed & semi-processed
120791,Poppy seeds,1801,Unprocessed & semi-processed
120792,Shea nuts (karite nuts),1801,Unprocessed & semi-processed
120799,"Other oil seeds and oleaginous fruits, nes",1801,Unprocessed & semi-processed
120810,Soya bean flour and meal,1801,Unprocessed & semi-processed
120890,Other flours and meal of oil seeds or oleaginou,1801,Unprocessed & semi-processed
150100,"Lard, other pig fat and poultry fat, rendered",1803,Processed
150200,"Fats of bovine animals, sheep or goats, raw or",1803,Processed
150300,"Lard stearin, lardoil, oleostearin, oleo-oil an",1803,Processed
150510,Crude wool grease,1803,Processed
150590,Fatty substances of crude wool grease (incl. la,1803,Processed
150600,Other animal fats and oils and their fractions,1803,Processed
150710,Crude soya-bean oil,1803,Processed
150790,Soya-bean oil (excl. crude) and fractions,1803,Processed
150810,Crude ground-nut oil,1803,Processed
150890,Ground-nut oil (excl. crude) and fractions,1803,Processed
150910,Virgin olive oil and fractions,1803,Processed
150990,Olive oil and fractions (excl. virgin),1803,Processed
151000,"Other oils and their fractions, obtained solely",1803,Processed
151110,Crude palm oil,1803,Processed
151190,Palm oil (excl. crude) and liquid fractions,1803,Processed
151211,Crude sunflower-seed and safflower oil and frac,1803,Processed
151219,Sunflower-seed and safflower oil (excl. crude),1803,Processed
151221,"Crude cotton-seed oil, whether or not gossypol",1803,Processed
151229,Cotton-seed oil (excl. crude) and fractions the,1803,Processed
151311,Crude coconut (copra) oil and fractions thereof,1803,Processed
151319,Coconut copra oil (excl. crude) and fractions t,1803,Processed
151321,Crude palm kernel or babassu oil and fractions,1803,Processed
151329,Palm kernel or babassu oil (excl. crude) and fr,1803,Processed
151410,"Crude rape, colza or mustard oil and fractions",1803,Processed
151490,"Rape, colza or mustard oil (excl. crude) and fr",1803,Processed
151511,Crude linseed oil,1803,Processed
151519,Linseed oil (excl. crude) and fractions,1803,Processed
151521,Crude maize (corn) oil,1803,Processed
151529,Maize (corn) oil (excl. crude) and fractions,1803,Processed
151530,Castor oil and its fractions,1803,Processed
151540,Tung oil and its fractions,1803,Processed
151550,Sesame oil and fractions,1803,Processed
151560,Jojoba oil and fractions,1803,Processed
151590,"Other fixed vegetable fats and fractions, nes",1803,Processed
151610,"Animal fats and oils and fractions, hydrogenate",1803,Processed
151620,"Vegetable fats and oils and their fractions, hy",1803,Processed
151710,Margarine (excl. liquid),1803,Processed
151790,"Edible preparations of fats and oils, nes",1803,Processed
151800,Animal or vegetable fats and oils... chemically,1803,Processed
151911,Indus.monocarboxylic fatty acids;acid oils from,1803,Processed
151912,Indus.monocarboxylic fatty acids;acid oils from,1803,Processed
151913,Indus.monocarbox.fatty acids;acid oils from ref,1803,Processed
151919,Industrial monocarboxylic fatty acids;acid oils,1803,Processed
151920,Industrial fatty alcohols,1803,Processed
151930,  UN Special Code,1803,Processed
152010,"Glycerol (glycerine), crude, glycerol waters an",1803,Processed
152090,"Glycerol (excl. crude), including synthetic",1803,Processed
152110,Vegetable waxes (excl. triglycerides),1803,Processed
152190,"Beeswax, other insect waxes and spermaceti",1803,Processed
152200,Degras; residues of fatty substances or animal,1803,Processed
230400,"Oil-cake and other solid residues, of soya-bean",1803,Processed
230500,"Oil-cake and other solid residues, of ground-nu",1803,Processed
230610,Oil-cake and other solid residues of cotton see,1803,Processed
230620,Oil-cake and other solid residues of linseed,1803,Processed
230630,Oil-cake and other solid residues of sunflower,1803,Processed
230640,Oil-cake and other solid residues of rape or co,1803,Processed
230650,Oil-cake and other solid residues of coconut or,1803,Processed
230660,Oil-cake and other solid residues of palm nuts,1803,Processed
230690,"Oil-cake and residues, of other vegetable fats",1803,Processed
060110,"Dormant bulbs, tubers... rhizomes",1901,"Flowers,plants,vegetable materials, etc."
060120,"Bulbs, tubers... rhizomes in growth or flower;",1901,"Flowers,plants,vegetable materials, etc."
060210,Unrooted cuttings and slips,1901,"Flowers,plants,vegetable materials, etc."
060220,"Trees,shrubs,bushes,grafted or not,of kinds whi",1901,"Flowers,plants,vegetable materials, etc."
060230,Rhododendrons and azaleas,1901,"Flowers,plants,vegetable materials, etc."
060240,Roses,1901,"Flowers,plants,vegetable materials, etc."
060291,Mushroom spawn,1901,"Flowers,plants,vegetable materials, etc."
060299,"Other live plants, nes",1901,"Flowers,plants,vegetable materials, etc."
060310,Fresh cut flowers and buds,1901,"Flowers,plants,vegetable materials, etc."
060390,"Dried, dyed, bleached or otherwise prepared cut",1901,"Flowers,plants,vegetable materials, etc."
121110,"Liquorice roots, of a kind used in perfumery, p",1901,"Flowers,plants,vegetable materials, etc."
121120,"Ginseng roots, of a kind used in perfumery, pha",1901,"Flowers,plants,vegetable materials, etc."
121190,"Other plants or parts, of a kind used in perfum",1901,"Flowers,plants,vegetable materials, etc."
130110,Lac,1901,"Flowers,plants,vegetable materials, etc."
130120,Natural Gum Arabic,1901,"Flowers,plants,vegetable materials, etc."
130190,"Natural gums, resins, gum-resins and balsams (e",1901,"Flowers,plants,vegetable materials, etc."
130211,Opium,1901,"Flowers,plants,vegetable materials, etc."
130212,Liquorice sap and extract,1901,"Flowers,plants,vegetable materials, etc."
130213,Hop extract,1901,"Flowers,plants,vegetable materials, etc."
130214,Sap and extract of pryrethrum and roots of plan,1901,"Flowers,plants,vegetable materials, etc."
130219,"Other vegetable saps and extracts, nes",1901,"Flowers,plants,vegetable materials, etc."
130220,"Pectic substances, pectinates and pectates",1901,"Flowers,plants,vegetable materials, etc."
130231,Agar-agar,1901,"Flowers,plants,vegetable materials, etc."
130232,"Mucilages and thickeners of locust beans, bean",1901,"Flowers,plants,vegetable materials, etc."
130239,"Mucilages and thickeners, derived from vegetabl",1901,"Flowers,plants,vegetable materials, etc."
140110,Bamboos,1901,"Flowers,plants,vegetable materials, etc."
140120,Rattans,1901,"Flowers,plants,vegetable materials, etc."
140190,"Vegetable materials for plaiting, (excl. bamboo",1901,"Flowers,plants,vegetable materials, etc."
140210,Kapok,1901,"Flowers,plants,vegetable materials, etc."
140291,Vegetable hair,1901,"Flowers,plants,vegetable materials, etc."
140299,"Vegetable materials for stuffing or padding, ne",1901,"Flowers,plants,vegetable materials, etc."
140310,Broomcorn,1901,"Flowers,plants,vegetable materials, etc."
140390,Vegetable materials primarily for brooms or bru,1901,"Flowers,plants,vegetable materials, etc."
140410,Raw vegetable materials primarily for dyeing or,1901,"Flowers,plants,vegetable materials, etc."
140420,Cotton linters,1901,"Flowers,plants,vegetable materials, etc."
140490,"Vegetable products, nes",1901,"Flowers,plants,vegetable materials, etc."
200911,"Frozen orange juice, unfermented, not containin",2003,Beverages & spirits
200919,"Unfrozen orange juice, unfermented, not contain",2003,Beverages & spirits
200920,"Grapefruit juice, unfermented, not containing a",2003,Beverages & spirits
200930,"Single citrus fruit juice, (excl. orange and gr",2003,Beverages & spirits
200940,"Pineapple juice, unfermented, not containing ad",2003,Beverages & spirits
200950,"Tomato juice, unfermented, not containing added",2003,Beverages & spirits
200960,"Grape juice, (incl. must), unfermented, not con",2003,Beverages & spirits
200970,"Apple juice, unfermented, not containing added",2003,Beverages & spirits
200980,"Juice of other single fruit, unfermented, not c",2003,Beverages & spirits
200990,"Mixtures of juices, unfermented, not containing",2003,Beverages & spirits
220110,"Mineral waters and aerated waters, unsweetened",2003,Beverages & spirits
220190,Other unsweetened waters; ice and snow,2003,Beverages & spirits
220210,"Waters (incl. mineral and aerated), with added",2003,Beverages & spirits
220290,"Other non-alcoholic beverages, nes",2003,Beverages & spirits
220300,Beer made from malt,2003,Beverages & spirits
220410,Champagne and sparkling wine,2003,Beverages & spirits
220421,Wine (not sparkling); grape must with by alcoho,2003,Beverages & spirits
220429,Wine (not sparkling); grape must with alcohol i,2003,Beverages & spirits
220430,"Other grape must, nes",2003,Beverages & spirits
220510,"Vermouth and other wine of fresh grapes, flavou",2003,Beverages & spirits
220590,"Vermouth and other wine of fresh grapes, flavou",2003,Beverages & spirits
220600,"Other fermented beverages (for example, cider,",2003,Beverages & spirits
220710,"Undenatured ethyl alcohol, of alcoholic strengt",2003,Beverages & spirits
220720,Ethyl alcohol and other denatured spirits of an,2003,Beverages & spirits
220810,Compound alcoholic preparations for manufacture,2003,Beverages & spirits
220820,Spirits from distilled grape wine or marc,2003,Beverages & spirits
220830,Whiskeys,2003,Beverages & spirits
220840,Rum and tafia,2003,Beverages & spirits
220850,Gin and Geneva,2003,Beverages & spirits
220890,"Other spirituous beverages, nes",2003,Beverages & spirits
040110,"Milk and cream of =<1% fat, not concentrated or",2101,Unprocessed & semi-processed
040120,"Milk and cream of >1% but =<6% fat, not concent",2101,Unprocessed & semi-processed
040130,"Milk and cream of >6% fat, not concentrated or",2101,Unprocessed & semi-processed
040210,Milk and cream in solid forms of =<1.5% fat,2103,Processed
040221,"Milk and cream in solid forms of >1.5% fat, uns",2103,Processed
040229,"Milk and cream in solid forms of >1.5% fat, swe",2103,Processed
040291,"Concentrated milk and cream, unsweetened (excl.",2103,Processed
040299,Sweetened milk and cream (excl. in solid form),2103,Processed
040310,Yogurt,2103,Processed
040390,"Buttermilk, curdled milk and cream, etc (excl.",2103,Processed
040410,"Whey & modified whey, concentrated or not, or c",2103,Processed
040490,Products consisting of natural milk constituent,2103,Processed
040500,Butter and other fats and oils derived from mil,2103,Processed
040610,"Fresh (unripened or uncured) cheese, including",2103,Processed
040620,Grated or powdered cheese,2103,Processed
040630,"Processed cheese, not grated or powdered",2103,Processed
040640,Blue-veined cheese,2103,Processed
040690,"Cheese, nes",2103,Processed
240110,"Tobacco, not stemmed/stripped",2201,Tobacco unmanufactured
240120,"Tobacco, partly or wholly stemmed/stripped",2201,Tobacco unmanufactured
240130,Tobacco refuse,2201,Tobacco unmanufactured
240210,"Cigars, cheroots and cigarillos containing toba",2203,Tobacco manufactured
240220,Cigarettes containing tobacco,2203,Tobacco manufactured
240290,"Cigars, cigarillos, cigarettes, etc, not contai",2203,Tobacco manufactured
240310,Smoking tobacco with or without tobacco substit,2203,Tobacco manufactured
240391,Homogenized or reconstituted tobacco,2203,Tobacco manufactured
240399,"Other manufactured tobacco, nes",2203,Tobacco manufactured
050100,"Human hair and waste, unworked",2301,"Other agricultural products, unprocessed"
050210,"Pigs', hogs', or boars' bristles or hair",2301,"Other agricultural products, unprocessed"
050290,Badger and other brush making hair,2301,"Other agricultural products, unprocessed"
050300,Horsehair and waste,2301,"Other agricultural products, unprocessed"
050400,"Guts, bladders and stomachs of animals (excl. f",2301,"Other agricultural products, unprocessed"
050510,Raw feathers for stuffing; down,2301,"Other agricultural products, unprocessed"
050590,Skins and parts of birds (excl. feathers for st,2301,"Other agricultural products, unprocessed"
050610,Ossein and bones treated with acid,2301,"Other agricultural products, unprocessed"
050690,Bones and horn-cores (excl. ossein...),2301,"Other agricultural products, unprocessed"
050710,"Ivory, its powder and waste, unworked",2301,"Other agricultural products, unprocessed"
050790,"Tortoise-shell, whalebone and whalebone-hair, e",2301,"Other agricultural products, unprocessed"
050800,"Coral; shells of molluscs, crustaceans, unworke",2301,"Other agricultural products, unprocessed"
051000,"Ambergris, castoreum, civet and musk; cantharid",2301,"Other agricultural products, unprocessed"
051110,Bovine semen,2301,"Other agricultural products, unprocessed"
051191,"Products of fish, etc; dead animals of Chapter",2301,"Other agricultural products, unprocessed"
051199,"Animal products, nes; dead animals of Chapter 1",2301,"Other agricultural products, unprocessed"
060410,"Moses and lichens for ornamental purposes, fres",2301,"Other agricultural products, unprocessed"
060491,"Fresh parts of plants, without flowers or buds,",2301,"Other agricultural products, unprocessed"
060499,"Parts of plants, without flowers or buds, for o",2301,"Other agricultural products, unprocessed"
120911,"Sugar beet seed, of a kind used for sowing",2301,"Other agricultural products, unprocessed"
120919,"Beet seed, of a kind used for sowing, (excl. su",2301,"Other agricultural products, unprocessed"
120921,"Lucerne (alfalfa) seed, of a kind used for sowi",2301,"Other agricultural products, unprocessed"
120922,"Clover seed, of a kind used for sowing",2301,"Other agricultural products, unprocessed"
120923,"Fescue seed, of a kind used for sowing",2301,"Other agricultural products, unprocessed"
120924,"Kentucky blue grass seed, of a kind used for so",2301,"Other agricultural products, unprocessed"
120925,"Rye grass seed, of a kind used for sowing",2301,"Other agricultural products, unprocessed"
120926,"Timothy grass seed, of a kind used for sowing",2301,"Other agricultural products, unprocessed"
120929,"Other seeds of forage plants, of a kind used fo",2301,"Other agricultural products, unprocessed"
120930,"Seeds of herbaceous plants, of a kind used for",2301,"Other agricultural products, unprocessed"
120991,"Vegetable seed, of a kind used for sowing",2301,"Other agricultural products, unprocessed"
120999,"Other seeds, fruit and spores, of a kind used f",2301,"Other agricultural products, unprocessed"
121010,"Hop cones (excl. ground, powdered or pellets),",2301,"Other agricultural products, unprocessed"
121020,"Hop cones, ground, powdered or in pellets; lupu",2301,"Other agricultural products, unprocessed"
121210,"Locust beans (incl. locust bean seeds), fresh o",2301,"Other agricultural products, unprocessed"
121220,Seaweeds and other algae used for human consump,2301,"Other agricultural products, unprocessed"
121230,"Apricot, peach or plum stones and kernels used",2301,"Other agricultural products, unprocessed"
121291,"Sugar beet, fresh or dried",2301,"Other agricultural products, unprocessed"
121292,"Sugar cane, fresh or dried",2301,"Other agricultural products, unprocessed"
121299,Vegetable products used primarily for human con,2301,"Other agricultural products, unprocessed"
121300,Cereal straw and husks,2301,"Other agricultural products, unprocessed"
121410,Lucerne (alfalfa) meal and pellets,2301,"Other agricultural products, unprocessed"
121490,"Other forage products, nes",2301,"Other agricultural products, unprocessed"
230810,"Acorns and horse-chestnuts, for animal feeding",2301,"Other agricultural products, unprocessed"
230890,"Other vegetable materials, waste, residues, etc",2301,"Other agricultural products, unprocessed"
410110,"Whole hides and skins of bovine animals, =<8kg",2301,"Other agricultural products, unprocessed"
410121,"Whole hides and skins of bovine animals, nes, f",2301,"Other agricultural products, unprocessed"
410122,"Butts and bends of bovine animal hide, fresh or",2301,"Other agricultural products, unprocessed"
410129,"Hides and skins of bovine animals, fresh or wet",2301,"Other agricultural products, unprocessed"
410130,Hides and skins of bovine animals preserved but,2301,"Other agricultural products, unprocessed"
410140,"Hides and skins of equine animal (fresh, or sal",2301,"Other agricultural products, unprocessed"
410210,"Raw skins of sheep or lambs, with wool on",2301,"Other agricultural products, unprocessed"
410221,"Pickled skins of sheep or lambs, without wool,",2301,"Other agricultural products, unprocessed"
410229,"Skins of sheep or lambs, without wool, not pick",2301,"Other agricultural products, unprocessed"
410310,"Hides and skins of goats or kids, fresh or pres",2301,"Other agricultural products, unprocessed"
410320,"Hides and skins of reptiles, fresh or preserved",2301,"Other agricultural products, unprocessed"
410390,"Other hides and skins, fresh or preserved, not",2301,"Other agricultural products, unprocessed"
430110,"Raw furskins of mink, whole",2301,"Other agricultural products, unprocessed"
430120,"Raw furskins of rabbit or hare, whole",2301,"Other agricultural products, unprocessed"
430130,"Raw furskins of specified types of lamb, whole",2301,"Other agricultural products, unprocessed"
430140,"Raw furskins of beaver, whole",2301,"Other agricultural products, unprocessed"
430150,"Raw furskins of muskrat, whole",2301,"Other agricultural products, unprocessed"
430160,"Raw furskins of fox, whole",2301,"Other agricultural products, unprocessed"
430170,"Raw furskins of seal, whole",2301,"Other agricultural products, unprocessed"
430180,"Raw furskins, nes",2301,"Other agricultural products, unprocessed"
430190,"Heads, tails, paws and other pieces of raw furs",2301,"Other agricultural products, unprocessed"
500100,Silk-worm cocoons suitable for reeling,2301,"Other agricultural products, unprocessed"
500200,Raw silk (not thrown),2301,"Other agricultural products, unprocessed"
500310,"Silk waste, not carded or combed",2301,"Other agricultural products, unprocessed"
500390,"Silk waste, carded or combed",2301,"Other agricultural products, unprocessed"
510111,"Greasy shorn wool, not carded or combed",2301,"Other agricultural products, unprocessed"
510119,"Greasy wool (excl. shorn), not carded or combed",2301,"Other agricultural products, unprocessed"
510121,"Degreased shorn wool, not carbonised, not carde",2301,"Other agricultural products, unprocessed"
510129,"Degreased wool (excl. shorn), not carbonised, n",2301,"Other agricultural products, unprocessed"
510130,"Carbonised wool, not carded or combed",2301,"Other agricultural products, unprocessed"
510210,"Fine animal hair, not carded or combed",2301,"Other agricultural products, unprocessed"
510220,"Coarse animal hair, not carded or combed",2301,"Other agricultural products, unprocessed"
510310,"Noils of wool or of fine animal hair, not garne",2301,"Other agricultural products, unprocessed"
510320,"Other waste of wool or of fine animal hair, not",2301,"Other agricultural products, unprocessed"
510330,Waste of coarse animal hair,2301,"Other agricultural products, unprocessed"
520100,"Cotton, not carded or combed",2301,"Other agricultural products, unprocessed"
520210,Yarn waste of cotton,2301,"Other agricultural products, unprocessed"
520291,Garnetted stock of cotton,2301,"Other agricultural products, unprocessed"
520299,"Cotton waste, nes",2301,"Other agricultural products, unprocessed"
520300,"Cotton, carded or combed",2301,"Other agricultural products, unprocessed"
530110,"Flax, raw or retted",2301,"Other agricultural products, unprocessed"
530121,"Flax, broken or scutched, but not spun",2301,"Other agricultural products, unprocessed"
530129,"Flax, hackled or otherwise processed, but not s",2301,"Other agricultural products, unprocessed"
530130,Flax tow and waste (incl. yarn waste and garnet,2301,"Other agricultural products, unprocessed"
530210,"True hemp, raw or retted",2301,"Other agricultural products, unprocessed"
530290,"True hemp (excl. raw), not spun; tow and waste",2301,"Other agricultural products, unprocessed"
180200,"Cocoa shells, husks, skins and other cocoa wast",2302,"Other agricultural products, semi-processed"
290543,Mannitol,2302,"Other agricultural products, semi-processed"
290544,D-glucitol (sorbitol),2302,"Other agricultural products, semi-processed"
330111,Essential oils of bergamot (incl. concretes and,2302,"Other agricultural products, semi-processed"
330112,Essential oils of orange (incl. concretes and a,2302,"Other agricultural products, semi-processed"
330113,Essential oils of lemon (incl. concretes and ab,2302,"Other agricultural products, semi-processed"
330114,Essential oils of lime (incl. concretes and abs,2302,"Other agricultural products, semi-processed"
330119,Essential oils of citrus fruit (incl. concretes,2302,"Other agricultural products, semi-processed"
330121,Essential oils of geranium (incl. concretes and,2302,"Other agricultural products, semi-processed"
330122,Essential oils of jasmin (incl. concretes and a,2302,"Other agricultural products, semi-processed"
330123,Essential oils of lavender or lavandin (incl. c,2302,"Other agricultural products, semi-processed"
330124,Essential oils of peppermint (incl. concretes a,2302,"Other agricultural products, semi-processed"
330125,Essential oils of mints (incl. concretes and ab,2302,"Other agricultural products, semi-processed"
330126,Essential oils of vetiver (incl. concretes and,2302,"Other agricultural products, semi-processed"
330129,"Essential oils (incl. concretes and absolutes),",2302,"Other agricultural products, semi-processed"
330130,Resinoids,2302,"Other agricultural products, semi-processed"
330190,Concentrates of essential oils in fats... aqueo,2302,"Other agricultural products, semi-processed"
350400,"Peptones/protein substances and derivatives, ne",2302,"Other agricultural products, semi-processed"
380910,"Finishing agents, etc, with amylaceous basis",2302,"Other agricultural products, semi-processed"
382360,Sorbitol (excl. that of 2905.44),2302,"Other agricultural products, semi-processed"
230110,"Flours, meats and pellets, of meat unfit for hu",2303,"Other agricultural products, processed"
230210,"Brans, sharps and other residues of maize",2303,"Other agricultural products, processed"
230220,"Brans, sharps and other residues of rice",2303,"Other agricultural products, processed"
230230,"Brans, sharps and other residues of wheat",2303,"Other agricultural products, processed"
230240,"Brans, sharps and other residues of other cerea",2303,"Other agricultural products, processed"
230250,"Brans, sharps and other residues of leguminous",2303,"Other agricultural products, processed"
230310,Residues from manufacture of starch and similar,2303,"Other agricultural products, processed"
230320,"Beet pulp, bagasse and other waste of sugar man",2303,"Other agricultural products, processed"
230330,Brewing or distilling dregs and waste,2303,"Other agricultural products, processed"
230700,Wine lees; argol,2303,"Other agricultural products, processed"
230910,"Dog or cat food, put up for retail sale",2303,"Other agricultural products, processed"
230990,Other preparations of a kind used in animal fee,2303,"Other agricultural products, processed"
350110,Casein,2303,"Other agricultural products, processed"
350190,Caseinates and other casein derivatives; casein,2303,"Other agricultural products, processed"
350210,Egg albumin,2303,"Other agricultural products, processed"
350290,"Albumins (excl. egg albumin), albuminates and o",2303,"Other agricultural products, processed"
350300,Gelatin and derivatives; isinglass; glues of an,2303,"Other agricultural products, processed"
350510,Dextrins and other modified starches,2303,"Other agricultural products, processed"
350520,"Glues based on starches, dextrins or other modi",2303,"Other agricultural products, processed"
270900,Petroleum oils and oils obtained from bituminou,9701,Crude petroleum
271000,"Petroleum oils, etc, (excl. crude); preparation",9703,Refined petroleum
